{"extra_info": {"version": "fallback_v1", "seed": 30}, "data": [{"config": {"code_name": "[CS CM CC][Len SSize MFit CAtom][GNone]", "population_size": 100, "evaluation_budget": 10000, "cluster_info_file_name": "C:\\Users\\gac8\\PycharmProjects\\PSSearch\\retail_forecasting_data_collection\\data\\cluster_info_250_random.pkl", "use_custom_sampling_operator": true, "use_custom_mutation_operator": true, "use_custom_crossover_operator": true, "use_custom_atomicity": true, "genome_threshold": null, "include_ps_len": true, "include_sample_quantity": true, "include_wasserstein_distance": false, "include_diff_median": false, "include_atomicity": true, "include_p_value": false, "include_mean_fitness": true, "include_variance": false}, "results": [{"pattern": [196, 181], "threshold": null}, {"pattern": [158], "threshold": null}, {"pattern": [74, 103], "threshold": null}, {"pattern": [120], "threshold": null}, {"pattern": [54], "threshold": null}, {"pattern": [86], "threshold": null}, {"pattern": [235, 68], "threshold": null}, {"pattern": [212], "threshold": null}, {"pattern": [132], "threshold": null}, {"pattern": [132, 86], "threshold": null}, {"pattern": [50, 212], "threshold": null}, {"pattern": [196, 180], "threshold": null}, {"pattern": [134, 103], "threshold": null}, {"pattern": [224, 244], "threshold": null}, {"pattern": [45], "threshold": null}, {"pattern": [86, 127], "threshold": null}, {"pattern": [245, 215], "threshold": null}, {"pattern": [13], "threshold": null}, {"pattern": [103], "threshold": null}, {"pattern": [217], "threshold": null}, {"pattern": [212, 63], "threshold": null}, {"pattern": [65, 212], "threshold": null}, {"pattern": [241, 158], "threshold": null}, {"pattern": [65], "threshold": null}, {"pattern": [188], "threshold": null}, {"pattern": [90, 116], "threshold": null}, {"pattern": [230], "threshold": null}, {"pattern": [88], "threshold": null}, {"pattern": [25, 116], "threshold": null}, {"pattern": [25], "threshold": null}, {"pattern": [237], "threshold": null}, {"pattern": [204, 183], "threshold": null}, {"pattern": [155, 134], "threshold": null}, {"pattern": [81, 165], "threshold": null}, {"pattern": [224, 26], "threshold": null}, {"pattern": [235, 63], "threshold": null}, {"pattern": [87, 63], "threshold": null}, {"pattern": [249, 239], "threshold": null}]}, {"config": {"code_name": "[CS CM CC][SSize MFit CAtom][GNone]", "population_size": 100, "evaluation_budget": 10000, "cluster_info_file_name": "C:\\Users\\gac8\\PycharmProjects\\PSSearch\\retail_forecasting_data_collection\\data\\cluster_info_250_random.pkl", "use_custom_sampling_operator": true, "use_custom_mutation_operator": true, "use_custom_crossover_operator": true, "use_custom_atomicity": true, "genome_threshold": null, "include_ps_len": false, "include_sample_quantity": true, "include_wasserstein_distance": false, "include_diff_median": false, "include_atomicity": true, "include_p_value": false, "include_mean_fitness": true, "include_variance": false}, "results": [{"pattern": [122, 11], "threshold": null}, {"pattern": [241, 132], "threshold": null}, {"pattern": [38, 87], "threshold": null}, {"pattern": [232, 25], "threshold": null}, {"pattern": [212, 164], "threshold": null}, {"pattern": [202, 91], "threshold": null}, {"pattern": [146, 86], "threshold": null}, {"pattern": [86, 215], "threshold": null}, {"pattern": [65], "threshold": null}, {"pattern": [86], "threshold": null}, {"pattern": [88, 158], "threshold": null}, {"pattern": [162, 221], "threshold": null}, {"pattern": [116, 158], "threshold": null}, {"pattern": [217], "threshold": null}, {"pattern": [137, 134], "threshold": null}, {"pattern": [132], "threshold": null}, {"pattern": [186, 221], "threshold": null}, {"pattern": [18, 38], "threshold": null}, {"pattern": [237], "threshold": null}, {"pattern": [202, 212], "threshold": null}, {"pattern": [212], "threshold": null}, {"pattern": [56, 155], "threshold": null}, {"pattern": [237, 13], "threshold": null}, {"pattern": [88, 215], "threshold": null}, {"pattern": [188], "threshold": null}, {"pattern": [50, 188], "threshold": null}, {"pattern": [221, 30], "threshold": null}, {"pattern": [88], "threshold": null}, {"pattern": [158], "threshold": null}, {"pattern": [196, 188, 158], "threshold": null}, {"pattern": [25, 134], "threshold": null}, {"pattern": [212, 37], "threshold": null}, {"pattern": [25, 158], "threshold": null}, {"pattern": [208, 212], "threshold": null}, {"pattern": [13], "threshold": null}, {"pattern": [202, 196], "threshold": null}, {"pattern": [245, 215], "threshold": null}, {"pattern": [237, 103], "threshold": null}, {"pattern": [221, 134], "threshold": null}, {"pattern": [103], "threshold": null}, {"pattern": [81, 26], "threshold": null}, {"pattern": [215, 63], "threshold": null}, {"pattern": [52, 215], "threshold": null}]}, {"config": {"code_name": "[CS CM CC][Len MFit CAtom][GNone]", "population_size": 100, "evaluation_budget": 10000, "cluster_info_file_name": "C:\\Users\\gac8\\PycharmProjects\\PSSearch\\retail_forecasting_data_collection\\data\\cluster_info_250_random.pkl", "use_custom_sampling_operator": true, "use_custom_mutation_operator": true, "use_custom_crossover_operator": true, "use_custom_atomicity": true, "genome_threshold": null, "include_ps_len": true, "include_sample_quantity": false, "include_wasserstein_distance": false, "include_diff_median": false, "include_atomicity": true, "include_p_value": false, "include_mean_fitness": true, "include_variance": false}, "results": [{"pattern": [134, 87], "threshold": null}, {"pattern": [25, 177], "threshold": null}, {"pattern": [120], "threshold": null}, {"pattern": [88, 248], "threshold": null}, {"pattern": [232, 109], "threshold": null}, {"pattern": [248, 158], "threshold": null}, {"pattern": [49, 74], "threshold": null}, {"pattern": [217, 63], "threshold": null}]}, {"config": {"code_name": "[CS CM CC][Len SSize CAtom][GNone]", "population_size": 100, "evaluation_budget": 10000, "cluster_info_file_name": "C:\\Users\\gac8\\PycharmProjects\\PSSearch\\retail_forecasting_data_collection\\data\\cluster_info_250_random.pkl", "use_custom_sampling_operator": true, "use_custom_mutation_operator": true, "use_custom_crossover_operator": true, "use_custom_atomicity": true, "genome_threshold": null, "include_ps_len": true, "include_sample_quantity": true, "include_wasserstein_distance": false, "include_diff_median": false, "include_atomicity": true, "include_p_value": false, "include_mean_fitness": false, "include_variance": false}, "results": [{"pattern": [80, 52], "threshold": null}, {"pattern": [188, 103], "threshold": null}, {"pattern": [33, 68], "threshold": null}, {"pattern": [188], "threshold": null}, {"pattern": [188, 13], "threshold": null}, {"pattern": [188, 71], "threshold": null}, {"pattern": [42, 245], "threshold": null}, {"pattern": [90, 146], "threshold": null}, {"pattern": [212, 215], "threshold": null}]}, {"config": {"code_name": "[CS CM CC][Len SSize MFit][GNone]", "population_size": 100, "evaluation_budget": 10000, "cluster_info_file_name": "C:\\Users\\gac8\\PycharmProjects\\PSSearch\\retail_forecasting_data_collection\\data\\cluster_info_250_random.pkl", "use_custom_sampling_operator": true, "use_custom_mutation_operator": true, "use_custom_crossover_operator": true, "use_custom_atomicity": true, "genome_threshold": null, "include_ps_len": true, "include_sample_quantity": true, "include_wasserstein_distance": false, "include_diff_median": false, "include_atomicity": false, "include_p_value": false, "include_mean_fitness": true, "include_variance": false}, "results": [{"pattern": [45], "threshold": null}, {"pattern": [212], "threshold": null}, {"pattern": [81, 212], "threshold": null}, {"pattern": [217], "threshold": null}, {"pattern": [103], "threshold": null}, {"pattern": [13], "threshold": null}, {"pattern": [25, 196], "threshold": null}, {"pattern": [50, 90], "threshold": null}, {"pattern": [196, 134], "threshold": null}, {"pattern": [188], "threshold": null}, {"pattern": [132], "threshold": null}, {"pattern": [120], "threshold": null}, {"pattern": [188, 167], "threshold": null}, {"pattern": [230], "threshold": null}, {"pattern": [65], "threshold": null}, {"pattern": [237], "threshold": null}, {"pattern": [25], "threshold": null}, {"pattern": [16, 158], "threshold": null}, {"pattern": [65, 86], "threshold": null}, {"pattern": [86], "threshold": null}, {"pattern": [158], "threshold": null}, {"pattern": [54], "threshold": null}, {"pattern": [88], "threshold": null}]}, {"config": {"code_name": "[OS CM CC][Len SSize MFit CAtom][GNone]", "population_size": 100, "evaluation_budget": 10000, "cluster_info_file_name": "C:\\Users\\gac8\\PycharmProjects\\PSSearch\\retail_forecasting_data_collection\\data\\cluster_info_250_random.pkl", "use_custom_sampling_operator": false, "use_custom_mutation_operator": true, "use_custom_crossover_operator": true, "use_custom_atomicity": true, "genome_threshold": null, "include_ps_len": true, "include_sample_quantity": true, "include_wasserstein_distance": false, "include_diff_median": false, "include_atomicity": true, "include_p_value": false, "include_mean_fitness": true, "include_variance": false}, "results": [{"pattern": [158], "threshold": null}, {"pattern": [37, 38], "threshold": null}, {"pattern": [120], "threshold": null}, {"pattern": [54], "threshold": null}, {"pattern": [86], "threshold": null}, {"pattern": [13, 157], "threshold": null}, {"pattern": [212], "threshold": null}, {"pattern": [217, 188], "threshold": null}, {"pattern": [49, 63], "threshold": null}, {"pattern": [132], "threshold": null}, {"pattern": [43, 212], "threshold": null}, {"pattern": [184, 87], "threshold": null}, {"pattern": [196, 180], "threshold": null}, {"pattern": [137, 63], "threshold": null}, {"pattern": [45], "threshold": null}, {"pattern": [134, 86], "threshold": null}, {"pattern": [16, 13], "threshold": null}, {"pattern": [137, 134], "threshold": null}, {"pattern": [13], "threshold": null}, {"pattern": [16, 86], "threshold": null}, {"pattern": [61, 63], "threshold": null}, {"pattern": [56, 86], "threshold": null}, {"pattern": [165, 47], "threshold": null}, {"pattern": [103], "threshold": null}, {"pattern": [81, 196], "threshold": null}, {"pattern": [177, 132], "threshold": null}, {"pattern": [132, 93], "threshold": null}, {"pattern": [65], "threshold": null}, {"pattern": [188], "threshold": null}, {"pattern": [38, 87], "threshold": null}, {"pattern": [230], "threshold": null}, {"pattern": [88], "threshold": null}, {"pattern": [212, 244], "threshold": null}, {"pattern": [212, 204], "threshold": null}, {"pattern": [25], "threshold": null}, {"pattern": [237], "threshold": null}, {"pattern": [116, 109], "threshold": null}, {"pattern": [248, 103], "threshold": null}, {"pattern": [232, 13], "threshold": null}, {"pattern": [164, 86], "threshold": null}, {"pattern": [132, 237], "threshold": null}, {"pattern": [25, 63], "threshold": null}, {"pattern": [184, 27], "threshold": null}, {"pattern": [56, 246], "threshold": null}, {"pattern": [180, 158, 215], "threshold": null}, {"pattern": [27, 181], "threshold": null}, {"pattern": [217], "threshold": null}, {"pattern": [188, 134], "threshold": null}]}, {"config": {"code_name": "[CS OM CC][Len SSize MFit CAtom][GNone]", "population_size": 100, "evaluation_budget": 10000, "cluster_info_file_name": "C:\\Users\\gac8\\PycharmProjects\\PSSearch\\retail_forecasting_data_collection\\data\\cluster_info_250_random.pkl", "use_custom_sampling_operator": true, "use_custom_mutation_operator": false, "use_custom_crossover_operator": true, "use_custom_atomicity": true, "genome_threshold": null, "include_ps_len": true, "include_sample_quantity": true, "include_wasserstein_distance": false, "include_diff_median": false, "include_atomicity": true, "include_p_value": false, "include_mean_fitness": true, "include_variance": false}, "results": [{"pattern": [132, 196, 244], "threshold": null}, {"pattern": [158], "threshold": null}, {"pattern": [202, 86], "threshold": null}, {"pattern": [65, 180, 158], "threshold": null}, {"pattern": [202, 212, 158], "threshold": null}, {"pattern": [90, 196, 103], "threshold": null}, {"pattern": [196, 103], "threshold": null}, {"pattern": [157, 86], "threshold": null}, {"pattern": [86], "threshold": null}, {"pattern": [212], "threshold": null}, {"pattern": [132], "threshold": null}, {"pattern": [202, 158], "threshold": null}, {"pattern": [180, 196, 86], "threshold": null}, {"pattern": [212, 158], "threshold": null}, {"pattern": [74, 116], "threshold": null}, {"pattern": [27, 196], "threshold": null}, {"pattern": [202, 196], "threshold": null}, {"pattern": [235, 132], "threshold": null}, {"pattern": [155], "threshold": null}, {"pattern": [212, 196, 103], "threshold": null}, {"pattern": [155, 63], "threshold": null}, {"pattern": [132, 212, 188], "threshold": null}, {"pattern": [217, 188, 212], "threshold": null}, {"pattern": [212, 188, 86], "threshold": null}, {"pattern": [162, 158], "threshold": null}, {"pattern": [190, 87], "threshold": null}, {"pattern": [241, 132], "threshold": null}, {"pattern": [188, 158], "threshold": null}, {"pattern": [86, 212, 158], "threshold": null}, {"pattern": [27, 188, 158], "threshold": null}, {"pattern": [88, 132], "threshold": null}, {"pattern": [202, 188, 158], "threshold": null}, {"pattern": [134, 212, 188, 86], "threshold": null}, {"pattern": [91, 212, 215], "threshold": null}, {"pattern": [90, 212], "threshold": null}, {"pattern": [86, 196, 212, 158], "threshold": null}, {"pattern": [202, 86, 215], "threshold": null}, {"pattern": [25, 86], "threshold": null}, {"pattern": [86, 167], "threshold": null}, {"pattern": [50, 212, 158], "threshold": null}, {"pattern": [217, 212], "threshold": null}, {"pattern": [224, 202, 86], "threshold": null}, {"pattern": [230], "threshold": null}, {"pattern": [202, 27, 86], "threshold": null}, {"pattern": [27, 158], "threshold": null}, {"pattern": [65, 158], "threshold": null}, {"pattern": [212, 188, 171, 158], "threshold": null}, {"pattern": [196, 86], "threshold": null}, {"pattern": [132, 202, 196], "threshold": null}, {"pattern": [91, 215], "threshold": null}, {"pattern": [132, 196], "threshold": null}, {"pattern": [61, 86], "threshold": null}, {"pattern": [13, 158, 215], "threshold": null}, {"pattern": [158, 215], "threshold": null}, {"pattern": [155, 134], "threshold": null}, {"pattern": [224, 202], "threshold": null}, {"pattern": [202, 188], "threshold": null}, {"pattern": [88, 196, 86], "threshold": null}, {"pattern": [171, 212, 158], "threshold": null}, {"pattern": [217, 158], "threshold": null}, {"pattern": [132, 90, 196], "threshold": null}, {"pattern": [196, 212, 158], "threshold": null}, {"pattern": [158, 47], "threshold": null}, {"pattern": [217, 86], "threshold": null}, {"pattern": [217], "threshold": null}, {"pattern": [244, 158], "threshold": null}, {"pattern": [132, 212], "threshold": null}, {"pattern": [212, 188], "threshold": null}]}, {"config": {"code_name": "[CS CM OC][Len SSize MFit CAtom][GNone]", "population_size": 100, "evaluation_budget": 10000, "cluster_info_file_name": "C:\\Users\\gac8\\PycharmProjects\\PSSearch\\retail_forecasting_data_collection\\data\\cluster_info_250_random.pkl", "use_custom_sampling_operator": true, "use_custom_mutation_operator": true, "use_custom_crossover_operator": false, "use_custom_atomicity": true, "genome_threshold": null, "include_ps_len": true, "include_sample_quantity": true, "include_wasserstein_distance": false, "include_diff_median": false, "include_atomicity": true, "include_p_value": false, "include_mean_fitness": true, "include_variance": false}, "results": [{"pattern": [158], "threshold": null}, {"pattern": [205, 207], "threshold": null}, {"pattern": [86, 47], "threshold": null}, {"pattern": [120], "threshold": null}, {"pattern": [54], "threshold": null}, {"pattern": [86], "threshold": null}, {"pattern": [212], "threshold": null}, {"pattern": [116, 92], "threshold": null}, {"pattern": [188, 215], "threshold": null}, {"pattern": [42, 188], "threshold": null}, {"pattern": [132], "threshold": null}, {"pattern": [241, 196], "threshold": null}, {"pattern": [212, 221], "threshold": null}, {"pattern": [147, 38], "threshold": null}, {"pattern": [155, 63], "threshold": null}, {"pattern": [196, 116], "threshold": null}, {"pattern": [45], "threshold": null}, {"pattern": [16, 158], "threshold": null}, {"pattern": [91, 180], "threshold": null}, {"pattern": [202, 162], "threshold": null}, {"pattern": [132, 221], "threshold": null}, {"pattern": [235, 158], "threshold": null}, {"pattern": [92, 183], "threshold": null}, {"pattern": [217, 134], "threshold": null}, {"pattern": [13], "threshold": null}, {"pattern": [177, 196], "threshold": null}, {"pattern": [103], "threshold": null}, {"pattern": [116, 13], "threshold": null}, {"pattern": [217], "threshold": null}, {"pattern": [217, 90], "threshold": null}, {"pattern": [59, 151], "threshold": null}, {"pattern": [65], "threshold": null}, {"pattern": [188], "threshold": null}, {"pattern": [230], "threshold": null}, {"pattern": [88], "threshold": null}, {"pattern": [88, 158], "threshold": null}, {"pattern": [25, 116], "threshold": null}, {"pattern": [196, 221], "threshold": null}, {"pattern": [25], "threshold": null}, {"pattern": [91, 212], "threshold": null}, {"pattern": [237], "threshold": null}, {"pattern": [25, 215], "threshold": null}, {"pattern": [19, 103], "threshold": null}, {"pattern": [65, 90], "threshold": null}, {"pattern": [82, 77], "threshold": null}, {"pattern": [235, 215], "threshold": null}, {"pattern": [116, 86], "threshold": null}, {"pattern": [114, 182], "threshold": null}, {"pattern": [226, 212], "threshold": null}, {"pattern": [235, 205], "threshold": null}]}]}