{"extra_info": {"version": "fallback_v1", "seed": 17}, "data": [{"config": {"code_name": "[CS CM CC][Len SSize MFit CAtom][GNone]", "population_size": 100, "evaluation_budget": 10000, "cluster_info_file_name": "C:\\Users\\gac8\\PycharmProjects\\PSSearch\\retail_forecasting_data_collection\\data\\cluster_info_250_random.pkl", "use_custom_sampling_operator": true, "use_custom_mutation_operator": true, "use_custom_crossover_operator": true, "use_custom_atomicity": true, "genome_threshold": null, "include_ps_len": true, "include_sample_quantity": true, "include_wasserstein_distance": false, "include_diff_median": false, "include_atomicity": true, "include_p_value": false, "include_mean_fitness": true, "include_variance": false}, "results": [{"pattern": [17, 134], "threshold": null}, {"pattern": [195, 39], "threshold": null}, {"pattern": [18, 205], "threshold": null}, {"pattern": [237], "threshold": null}, {"pattern": [158], "threshold": null}, {"pattern": [45], "threshold": null}, {"pattern": [120], "threshold": null}, {"pattern": [59, 151], "threshold": null}, {"pattern": [13, 181], "threshold": null}, {"pattern": [17, 30], "threshold": null}, {"pattern": [65, 158], "threshold": null}, {"pattern": [16, 204], "threshold": null}, {"pattern": [188], "threshold": null}, {"pattern": [76, 190], "threshold": null}, {"pattern": [25], "threshold": null}, {"pattern": [132, 61], "threshold": null}, {"pattern": [88, 13], "threshold": null}, {"pattern": [217], "threshold": null}, {"pattern": [230], "threshold": null}, {"pattern": [177, 215], "threshold": null}, {"pattern": [212], "threshold": null}, {"pattern": [91, 43], "threshold": null}, {"pattern": [116, 237], "threshold": null}, {"pattern": [212, 215], "threshold": null}, {"pattern": [35, 103], "threshold": null}, {"pattern": [188, 205], "threshold": null}, {"pattern": [103], "threshold": null}, {"pattern": [122, 109], "threshold": null}, {"pattern": [86], "threshold": null}, {"pattern": [241, 167], "threshold": null}, {"pattern": [88], "threshold": null}, {"pattern": [134, 55], "threshold": null}, {"pattern": [232, 52], "threshold": null}, {"pattern": [221, 102], "threshold": null}, {"pattern": [224, 188], "threshold": null}, {"pattern": [100, 86], "threshold": null}, {"pattern": [139, 103], "threshold": null}, {"pattern": [88, 86], "threshold": null}, {"pattern": [132, 182], "threshold": null}, {"pattern": [188, 181, 103], "threshold": null}, {"pattern": [184, 87], "threshold": null}, {"pattern": [132], "threshold": null}, {"pattern": [27, 134], "threshold": null}, {"pattern": [235, 63], "threshold": null}, {"pattern": [186, 221], "threshold": null}, {"pattern": [13], "threshold": null}, {"pattern": [65, 13], "threshold": null}, {"pattern": [65], "threshold": null}, {"pattern": [188, 13], "threshold": null}, {"pattern": [54], "threshold": null}, {"pattern": [18, 63], "threshold": null}, {"pattern": [173, 63], "threshold": null}, {"pattern": [88, 63], "threshold": null}, {"pattern": [196], "threshold": null}, {"pattern": [132, 157], "threshold": null}, {"pattern": [93, 215], "threshold": null}, {"pattern": [69, 158], "threshold": null}]}, {"config": {"code_name": "[CS CM CC][SSize MFit CAtom][GNone]", "population_size": 100, "evaluation_budget": 10000, "cluster_info_file_name": "C:\\Users\\gac8\\PycharmProjects\\PSSearch\\retail_forecasting_data_collection\\data\\cluster_info_250_random.pkl", "use_custom_sampling_operator": true, "use_custom_mutation_operator": true, "use_custom_crossover_operator": true, "use_custom_atomicity": true, "genome_threshold": null, "include_ps_len": false, "include_sample_quantity": true, "include_wasserstein_distance": false, "include_diff_median": false, "include_atomicity": true, "include_p_value": false, "include_mean_fitness": true, "include_variance": false}, "results": [{"pattern": [16, 188], "threshold": null}, {"pattern": [35, 109], "threshold": null}, {"pattern": [212, 190], "threshold": null}, {"pattern": [65], "threshold": null}, {"pattern": [212], "threshold": null}, {"pattern": [27, 180], "threshold": null}, {"pattern": [91, 47], "threshold": null}, {"pattern": [76, 190], "threshold": null}, {"pattern": [171, 103], "threshold": null}, {"pattern": [122, 11], "threshold": null}, {"pattern": [237], "threshold": null}, {"pattern": [134, 63], "threshold": null}, {"pattern": [92, 165], "threshold": null}, {"pattern": [196, 188], "threshold": null}, {"pattern": [158], "threshold": null}, {"pattern": [184, 221], "threshold": null}, {"pattern": [25, 188], "threshold": null}, {"pattern": [38, 87], "threshold": null}, {"pattern": [88, 158], "threshold": null}, {"pattern": [16, 74], "threshold": null}, {"pattern": [122, 205], "threshold": null}, {"pattern": [27, 13], "threshold": null}, {"pattern": [88, 202], "threshold": null}, {"pattern": [188], "threshold": null}, {"pattern": [245, 215], "threshold": null}, {"pattern": [190, 134], "threshold": null}, {"pattern": [13], "threshold": null}, {"pattern": [42, 212], "threshold": null}, {"pattern": [217], "threshold": null}, {"pattern": [195, 135], "threshold": null}, {"pattern": [61, 158], "threshold": null}, {"pattern": [56, 86], "threshold": null}, {"pattern": [196], "threshold": null}, {"pattern": [217, 90], "threshold": null}, {"pattern": [88], "threshold": null}, {"pattern": [86], "threshold": null}, {"pattern": [237, 103], "threshold": null}, {"pattern": [212, 69], "threshold": null}, {"pattern": [246, 63], "threshold": null}, {"pattern": [25], "threshold": null}, {"pattern": [132], "threshold": null}, {"pattern": [232, 34], "threshold": null}, {"pattern": [202, 43], "threshold": null}]}, {"config": {"code_name": "[CS CM CC][Len MFit CAtom][GNone]", "population_size": 100, "evaluation_budget": 10000, "cluster_info_file_name": "C:\\Users\\gac8\\PycharmProjects\\PSSearch\\retail_forecasting_data_collection\\data\\cluster_info_250_random.pkl", "use_custom_sampling_operator": true, "use_custom_mutation_operator": true, "use_custom_crossover_operator": true, "use_custom_atomicity": true, "genome_threshold": null, "include_ps_len": true, "include_sample_quantity": false, "include_wasserstein_distance": false, "include_diff_median": false, "include_atomicity": true, "include_p_value": false, "include_mean_fitness": true, "include_variance": false}, "results": [{"pattern": [76, 61], "threshold": null}, {"pattern": [120], "threshold": null}, {"pattern": [249, 146], "threshold": null}, {"pattern": [25, 158], "threshold": null}, {"pattern": [180, 237], "threshold": null}, {"pattern": [155, 38], "threshold": null}, {"pattern": [232, 52], "threshold": null}]}, {"config": {"code_name": "[CS CM CC][Len SSize CAtom][GNone]", "population_size": 100, "evaluation_budget": 10000, "cluster_info_file_name": "C:\\Users\\gac8\\PycharmProjects\\PSSearch\\retail_forecasting_data_collection\\data\\cluster_info_250_random.pkl", "use_custom_sampling_operator": true, "use_custom_mutation_operator": true, "use_custom_crossover_operator": true, "use_custom_atomicity": true, "genome_threshold": null, "include_ps_len": true, "include_sample_quantity": true, "include_wasserstein_distance": false, "include_diff_median": false, "include_atomicity": true, "include_p_value": false, "include_mean_fitness": false, "include_variance": false}, "results": [{"pattern": [146, 43], "threshold": null}, {"pattern": [65, 212], "threshold": null}, {"pattern": [188, 13], "threshold": null}, {"pattern": [249, 195], "threshold": null}, {"pattern": [188], "threshold": null}, {"pattern": [43, 212], "threshold": null}]}, {"config": {"code_name": "[CS CM CC][Len SSize MFit][GNone]", "population_size": 100, "evaluation_budget": 10000, "cluster_info_file_name": "C:\\Users\\gac8\\PycharmProjects\\PSSearch\\retail_forecasting_data_collection\\data\\cluster_info_250_random.pkl", "use_custom_sampling_operator": true, "use_custom_mutation_operator": true, "use_custom_crossover_operator": true, "use_custom_atomicity": true, "genome_threshold": null, "include_ps_len": true, "include_sample_quantity": true, "include_wasserstein_distance": false, "include_diff_median": false, "include_atomicity": false, "include_p_value": false, "include_mean_fitness": true, "include_variance": false}, "results": [{"pattern": [241, 63], "threshold": null}, {"pattern": [103], "threshold": null}, {"pattern": [230], "threshold": null}, {"pattern": [25], "threshold": null}, {"pattern": [196, 13], "threshold": null}, {"pattern": [120], "threshold": null}, {"pattern": [196], "threshold": null}, {"pattern": [212], "threshold": null}, {"pattern": [86], "threshold": null}, {"pattern": [237, 158], "threshold": null}, {"pattern": [158], "threshold": null}, {"pattern": [88], "threshold": null}, {"pattern": [65], "threshold": null}, {"pattern": [188], "threshold": null}, {"pattern": [13], "threshold": null}, {"pattern": [132, 215], "threshold": null}, {"pattern": [212, 19, 188, 13], "threshold": null}, {"pattern": [217, 134], "threshold": null}, {"pattern": [241, 90], "threshold": null}, {"pattern": [139, 196], "threshold": null}, {"pattern": [237], "threshold": null}, {"pattern": [65, 188], "threshold": null}, {"pattern": [217], "threshold": null}, {"pattern": [54], "threshold": null}, {"pattern": [81, 103], "threshold": null}, {"pattern": [45], "threshold": null}, {"pattern": [132], "threshold": null}]}, {"config": {"code_name": "[OS CM CC][Len SSize MFit CAtom][GNone]", "population_size": 100, "evaluation_budget": 10000, "cluster_info_file_name": "C:\\Users\\gac8\\PycharmProjects\\PSSearch\\retail_forecasting_data_collection\\data\\cluster_info_250_random.pkl", "use_custom_sampling_operator": false, "use_custom_mutation_operator": true, "use_custom_crossover_operator": true, "use_custom_atomicity": true, "genome_threshold": null, "include_ps_len": true, "include_sample_quantity": true, "include_wasserstein_distance": false, "include_diff_median": false, "include_atomicity": true, "include_p_value": false, "include_mean_fitness": true, "include_variance": false}, "results": [{"pattern": [50, 86], "threshold": null}, {"pattern": [237, 63], "threshold": null}, {"pattern": [237], "threshold": null}, {"pattern": [25, 13], "threshold": null}, {"pattern": [82, 77], "threshold": null}, {"pattern": [180, 158], "threshold": null}, {"pattern": [25, 177], "threshold": null}, {"pattern": [158], "threshold": null}, {"pattern": [45], "threshold": null}, {"pattern": [37, 38], "threshold": null}, {"pattern": [120], "threshold": null}, {"pattern": [16, 204], "threshold": null}, {"pattern": [188], "threshold": null}, {"pattern": [209, 34], "threshold": null}, {"pattern": [25], "threshold": null}, {"pattern": [217, 180], "threshold": null}, {"pattern": [217], "threshold": null}, {"pattern": [86, 63], "threshold": null}, {"pattern": [230], "threshold": null}, {"pattern": [212], "threshold": null}, {"pattern": [34, 38], "threshold": null}, {"pattern": [103], "threshold": null}, {"pattern": [90, 221], "threshold": null}, {"pattern": [86], "threshold": null}, {"pattern": [16, 134], "threshold": null}, {"pattern": [180, 134], "threshold": null}, {"pattern": [88], "threshold": null}, {"pattern": [196, 116], "threshold": null}, {"pattern": [34, 158], "threshold": null}, {"pattern": [248, 25], "threshold": null}, {"pattern": [184, 87], "threshold": null}, {"pattern": [132], "threshold": null}, {"pattern": [188, 181], "threshold": null}, {"pattern": [212, 63], "threshold": null}, {"pattern": [212, 237], "threshold": null}, {"pattern": [34, 245], "threshold": null}, {"pattern": [13], "threshold": null}, {"pattern": [88, 134], "threshold": null}, {"pattern": [65], "threshold": null}, {"pattern": [54], "threshold": null}, {"pattern": [188, 165], "threshold": null}, {"pattern": [196], "threshold": null}, {"pattern": [77, 37], "threshold": null}, {"pattern": [43, 101], "threshold": null}, {"pattern": [38, 87], "threshold": null}]}, {"config": {"code_name": "[CS OM CC][Len SSize MFit CAtom][GNone]", "population_size": 100, "evaluation_budget": 10000, "cluster_info_file_name": "C:\\Users\\gac8\\PycharmProjects\\PSSearch\\retail_forecasting_data_collection\\data\\cluster_info_250_random.pkl", "use_custom_sampling_operator": true, "use_custom_mutation_operator": false, "use_custom_crossover_operator": true, "use_custom_atomicity": true, "genome_threshold": null, "include_ps_len": true, "include_sample_quantity": true, "include_wasserstein_distance": false, "include_diff_median": false, "include_atomicity": true, "include_p_value": false, "include_mean_fitness": true, "include_variance": false}, "results": [{"pattern": [90, 196], "threshold": null}, {"pattern": [136, 132], "threshold": null}, {"pattern": [212, 157], "threshold": null}, {"pattern": [180, 212, 244], "threshold": null}, {"pattern": [88, 134], "threshold": null}, {"pattern": [134], "threshold": null}, {"pattern": [27, 212], "threshold": null}, {"pattern": [212, 27, 188, 103], "threshold": null}, {"pattern": [132, 188, 212], "threshold": null}, {"pattern": [204, 92], "threshold": null}, {"pattern": [212, 188, 63], "threshold": null}, {"pattern": [204, 86], "threshold": null}, {"pattern": [27, 204], "threshold": null}, {"pattern": [188, 134], "threshold": null}, {"pattern": [196, 212, 188], "threshold": null}, {"pattern": [90, 212, 188], "threshold": null}, {"pattern": [184, 212], "threshold": null}, {"pattern": [188], "threshold": null}, {"pattern": [90, 212, 182], "threshold": null}, {"pattern": [88, 132, 188], "threshold": null}, {"pattern": [188, 132], "threshold": null}, {"pattern": [177, 180, 212], "threshold": null}, {"pattern": [88, 13], "threshold": null}, {"pattern": [88, 132], "threshold": null}, {"pattern": [212], "threshold": null}, {"pattern": [170], "threshold": null}, {"pattern": [88, 212, 188], "threshold": null}, {"pattern": [61, 134], "threshold": null}, {"pattern": [132, 188, 217], "threshold": null}, {"pattern": [215, 212, 188, 103], "threshold": null}, {"pattern": [212, 158], "threshold": null}, {"pattern": [188, 212, 215], "threshold": null}, {"pattern": [90, 188], "threshold": null}, {"pattern": [188, 132, 244], "threshold": null}, {"pattern": [173, 134], "threshold": null}, {"pattern": [88], "threshold": null}, {"pattern": [232, 132], "threshold": null}, {"pattern": [88, 215], "threshold": null}, {"pattern": [116, 132], "threshold": null}, {"pattern": [88, 188, 212, 103], "threshold": null}, {"pattern": [50, 158], "threshold": null}, {"pattern": [50, 212, 158], "threshold": null}, {"pattern": [65, 212, 158], "threshold": null}, {"pattern": [132], "threshold": null}, {"pattern": [217, 132], "threshold": null}, {"pattern": [88, 177], "threshold": null}, {"pattern": [88, 188, 86], "threshold": null}, {"pattern": [90, 188, 86], "threshold": null}, {"pattern": [90, 196, 188], "threshold": null}, {"pattern": [88, 188], "threshold": null}, {"pattern": [235, 132], "threshold": null}, {"pattern": [25, 188, 134], "threshold": null}, {"pattern": [177, 158], "threshold": null}, {"pattern": [212, 188, 237], "threshold": null}, {"pattern": [184, 132], "threshold": null}, {"pattern": [212, 188, 103], "threshold": null}, {"pattern": [180, 212, 215], "threshold": null}, {"pattern": [197], "threshold": null}, {"pattern": [90, 212, 221], "threshold": null}, {"pattern": [180, 212], "threshold": null}, {"pattern": [212, 188], "threshold": null}, {"pattern": [180, 171, 212], "threshold": null}, {"pattern": [180, 212, 188], "threshold": null}, {"pattern": [202, 90, 212, 188], "threshold": null}, {"pattern": [241, 188, 132], "threshold": null}, {"pattern": [169, 132], "threshold": null}, {"pattern": [212, 181, 86], "threshold": null}, {"pattern": [180, 132], "threshold": null}, {"pattern": [66], "threshold": null}, {"pattern": [90, 212], "threshold": null}]}, {"config": {"code_name": "[CS CM OC][Len SSize MFit CAtom][GNone]", "population_size": 100, "evaluation_budget": 10000, "cluster_info_file_name": "C:\\Users\\gac8\\PycharmProjects\\PSSearch\\retail_forecasting_data_collection\\data\\cluster_info_250_random.pkl", "use_custom_sampling_operator": true, "use_custom_mutation_operator": true, "use_custom_crossover_operator": false, "use_custom_atomicity": true, "genome_threshold": null, "include_ps_len": true, "include_sample_quantity": true, "include_wasserstein_distance": false, "include_diff_median": false, "include_atomicity": true, "include_p_value": false, "include_mean_fitness": true, "include_variance": false}, "results": [{"pattern": [221, 30], "threshold": null}, {"pattern": [196, 38], "threshold": null}, {"pattern": [237], "threshold": null}, {"pattern": [13, 103], "threshold": null}, {"pattern": [155, 38], "threshold": null}, {"pattern": [158], "threshold": null}, {"pattern": [88, 103], "threshold": null}, {"pattern": [217, 90], "threshold": null}, {"pattern": [27, 215], "threshold": null}, {"pattern": [45], "threshold": null}, {"pattern": [16, 116], "threshold": null}, {"pattern": [204, 61], "threshold": null}, {"pattern": [120], "threshold": null}, {"pattern": [119, 87], "threshold": null}, {"pattern": [162, 158], "threshold": null}, {"pattern": [65, 158], "threshold": null}, {"pattern": [217, 212], "threshold": null}, {"pattern": [188], "threshold": null}, {"pattern": [65, 90], "threshold": null}, {"pattern": [212, 116], "threshold": null}, {"pattern": [25], "threshold": null}, {"pattern": [132, 61], "threshold": null}, {"pattern": [217], "threshold": null}, {"pattern": [230], "threshold": null}, {"pattern": [212], "threshold": null}, {"pattern": [202, 215], "threshold": null}, {"pattern": [109, 87], "threshold": null}, {"pattern": [16, 248], "threshold": null}, {"pattern": [103], "threshold": null}, {"pattern": [86], "threshold": null}, {"pattern": [88], "threshold": null}, {"pattern": [25, 90], "threshold": null}, {"pattern": [155, 134], "threshold": null}, {"pattern": [180, 86], "threshold": null}, {"pattern": [34, 63], "threshold": null}, {"pattern": [201, 195], "threshold": null}, {"pattern": [50, 158], "threshold": null}, {"pattern": [232, 105], "threshold": null}, {"pattern": [248, 25], "threshold": null}, {"pattern": [132], "threshold": null}, {"pattern": [18, 38], "threshold": null}, {"pattern": [43, 188], "threshold": null}, {"pattern": [233, 37], "threshold": null}, {"pattern": [180, 167], "threshold": null}, {"pattern": [61, 30], "threshold": null}, {"pattern": [13], "threshold": null}, {"pattern": [204, 237], "threshold": null}, {"pattern": [65], "threshold": null}, {"pattern": [54], "threshold": null}, {"pattern": [173, 63], "threshold": null}, {"pattern": [33, 68], "threshold": null}, {"pattern": [202, 149], "threshold": null}, {"pattern": [249, 43], "threshold": null}, {"pattern": [196], "threshold": null}, {"pattern": [65, 196], "threshold": null}, {"pattern": [241, 132], "threshold": null}]}]}