{"extra_info": {"version": "fallback_v1", "seed": 77}, "data": [{"config": {"code_name": "[CS CM CC][Len SSize MFit CAtom][GNone]", "population_size": 100, "evaluation_budget": 10000, "cluster_info_file_name": "C:\\Users\\gac8\\PycharmProjects\\PSSearch\\retail_forecasting_data_collection\\data\\cluster_info_250_random.pkl", "use_custom_sampling_operator": true, "use_custom_mutation_operator": true, "use_custom_crossover_operator": true, "use_custom_atomicity": true, "genome_threshold": null, "include_ps_len": true, "include_sample_quantity": true, "include_wasserstein_distance": false, "include_diff_median": false, "include_atomicity": true, "include_p_value": false, "include_mean_fitness": true, "include_variance": false}, "results": [{"pattern": [88], "threshold": null}, {"pattern": [165, 63], "threshold": null}, {"pattern": [188], "threshold": null}, {"pattern": [230], "threshold": null}, {"pattern": [244, 86], "threshold": null}, {"pattern": [65], "threshold": null}, {"pattern": [248, 134], "threshold": null}, {"pattern": [188, 77], "threshold": null}, {"pattern": [120], "threshold": null}, {"pattern": [165, 47], "threshold": null}, {"pattern": [171, 151], "threshold": null}, {"pattern": [202, 47], "threshold": null}, {"pattern": [86], "threshold": null}, {"pattern": [232, 103], "threshold": null}, {"pattern": [25], "threshold": null}, {"pattern": [217], "threshold": null}, {"pattern": [196, 135], "threshold": null}, {"pattern": [54], "threshold": null}, {"pattern": [237], "threshold": null}, {"pattern": [103], "threshold": null}, {"pattern": [13], "threshold": null}, {"pattern": [196], "threshold": null}, {"pattern": [158, 38], "threshold": null}, {"pattern": [226, 221], "threshold": null}, {"pattern": [56, 155], "threshold": null}, {"pattern": [158], "threshold": null}, {"pattern": [56, 18], "threshold": null}, {"pattern": [188, 86], "threshold": null}, {"pattern": [217, 158], "threshold": null}, {"pattern": [215, 63], "threshold": null}, {"pattern": [235, 212], "threshold": null}, {"pattern": [241, 13], "threshold": null}, {"pattern": [90, 180], "threshold": null}, {"pattern": [8, 26], "threshold": null}, {"pattern": [221, 206], "threshold": null}, {"pattern": [45], "threshold": null}, {"pattern": [34, 158], "threshold": null}, {"pattern": [65, 132], "threshold": null}, {"pattern": [171, 158], "threshold": null}, {"pattern": [88, 103], "threshold": null}, {"pattern": [74, 132], "threshold": null}, {"pattern": [132], "threshold": null}, {"pattern": [61, 134], "threshold": null}, {"pattern": [195, 13], "threshold": null}, {"pattern": [181, 158], "threshold": null}, {"pattern": [162, 13], "threshold": null}, {"pattern": [88, 188], "threshold": null}, {"pattern": [192, 135], "threshold": null}, {"pattern": [212], "threshold": null}, {"pattern": [235, 55], "threshold": null}, {"pattern": [24, 101], "threshold": null}, {"pattern": [24, 212], "threshold": null}, {"pattern": [204, 61], "threshold": null}, {"pattern": [160, 34], "threshold": null}]}, {"config": {"code_name": "[CS CM CC][SSize MFit CAtom][GNone]", "population_size": 100, "evaluation_budget": 10000, "cluster_info_file_name": "C:\\Users\\gac8\\PycharmProjects\\PSSearch\\retail_forecasting_data_collection\\data\\cluster_info_250_random.pkl", "use_custom_sampling_operator": true, "use_custom_mutation_operator": true, "use_custom_crossover_operator": true, "use_custom_atomicity": true, "genome_threshold": null, "include_ps_len": false, "include_sample_quantity": true, "include_wasserstein_distance": false, "include_diff_median": false, "include_atomicity": true, "include_p_value": false, "include_mean_fitness": true, "include_variance": false}, "results": [{"pattern": [217, 103], "threshold": null}, {"pattern": [184, 63], "threshold": null}, {"pattern": [132], "threshold": null}, {"pattern": [65, 196], "threshold": null}, {"pattern": [86], "threshold": null}, {"pattern": [88], "threshold": null}, {"pattern": [134, 30], "threshold": null}, {"pattern": [211, 63], "threshold": null}, {"pattern": [56, 18], "threshold": null}, {"pattern": [212], "threshold": null}, {"pattern": [212, 87], "threshold": null}, {"pattern": [171, 212], "threshold": null}, {"pattern": [25, 235], "threshold": null}, {"pattern": [249, 195], "threshold": null}, {"pattern": [25, 13], "threshold": null}, {"pattern": [188, 47], "threshold": null}, {"pattern": [212, 61], "threshold": null}, {"pattern": [122, 205], "threshold": null}, {"pattern": [43, 149], "threshold": null}, {"pattern": [212, 188, 215], "threshold": null}, {"pattern": [65], "threshold": null}, {"pattern": [158, 86], "threshold": null}, {"pattern": [65, 13], "threshold": null}, {"pattern": [158], "threshold": null}, {"pattern": [18, 63], "threshold": null}, {"pattern": [103], "threshold": null}, {"pattern": [196], "threshold": null}, {"pattern": [90, 69], "threshold": null}, {"pattern": [184, 221], "threshold": null}, {"pattern": [184, 30], "threshold": null}, {"pattern": [134, 63], "threshold": null}, {"pattern": [16, 86], "threshold": null}, {"pattern": [188], "threshold": null}, {"pattern": [93, 103], "threshold": null}, {"pattern": [13], "threshold": null}, {"pattern": [88, 90], "threshold": null}, {"pattern": [88, 86], "threshold": null}]}, {"config": {"code_name": "[CS CM CC][Len MFit CAtom][GNone]", "population_size": 100, "evaluation_budget": 10000, "cluster_info_file_name": "C:\\Users\\gac8\\PycharmProjects\\PSSearch\\retail_forecasting_data_collection\\data\\cluster_info_250_random.pkl", "use_custom_sampling_operator": true, "use_custom_mutation_operator": true, "use_custom_crossover_operator": true, "use_custom_atomicity": true, "genome_threshold": null, "include_ps_len": true, "include_sample_quantity": false, "include_wasserstein_distance": false, "include_diff_median": false, "include_atomicity": true, "include_p_value": false, "include_mean_fitness": true, "include_variance": false}, "results": [{"pattern": [25, 134], "threshold": null}, {"pattern": [61, 190], "threshold": null}, {"pattern": [237, 134], "threshold": null}, {"pattern": [120], "threshold": null}, {"pattern": [218, 51], "threshold": null}, {"pattern": [18, 37], "threshold": null}, {"pattern": [88, 237], "threshold": null}]}, {"config": {"code_name": "[CS CM CC][Len SSize CAtom][GNone]", "population_size": 100, "evaluation_budget": 10000, "cluster_info_file_name": "C:\\Users\\gac8\\PycharmProjects\\PSSearch\\retail_forecasting_data_collection\\data\\cluster_info_250_random.pkl", "use_custom_sampling_operator": true, "use_custom_mutation_operator": true, "use_custom_crossover_operator": true, "use_custom_atomicity": true, "genome_threshold": null, "include_ps_len": true, "include_sample_quantity": true, "include_wasserstein_distance": false, "include_diff_median": false, "include_atomicity": true, "include_p_value": false, "include_mean_fitness": false, "include_variance": false}, "results": [{"pattern": [212, 215], "threshold": null}, {"pattern": [132, 103], "threshold": null}, {"pattern": [65, 86], "threshold": null}, {"pattern": [249, 195], "threshold": null}, {"pattern": [188], "threshold": null}, {"pattern": [171, 188], "threshold": null}, {"pattern": [132, 244], "threshold": null}, {"pattern": [122, 11], "threshold": null}]}, {"config": {"code_name": "[CS CM CC][Len SSize MFit][GNone]", "population_size": 100, "evaluation_budget": 10000, "cluster_info_file_name": "C:\\Users\\gac8\\PycharmProjects\\PSSearch\\retail_forecasting_data_collection\\data\\cluster_info_250_random.pkl", "use_custom_sampling_operator": true, "use_custom_mutation_operator": true, "use_custom_crossover_operator": true, "use_custom_atomicity": true, "genome_threshold": null, "include_ps_len": true, "include_sample_quantity": true, "include_wasserstein_distance": false, "include_diff_median": false, "include_atomicity": false, "include_p_value": false, "include_mean_fitness": true, "include_variance": false}, "results": [{"pattern": [230], "threshold": null}, {"pattern": [188], "threshold": null}, {"pattern": [65], "threshold": null}, {"pattern": [103], "threshold": null}, {"pattern": [237], "threshold": null}, {"pattern": [120], "threshold": null}, {"pattern": [45], "threshold": null}, {"pattern": [13], "threshold": null}, {"pattern": [196, 134, 63], "threshold": null}, {"pattern": [27, 63], "threshold": null}, {"pattern": [181, 215], "threshold": null}, {"pattern": [65, 86], "threshold": null}, {"pattern": [88, 215], "threshold": null}, {"pattern": [88], "threshold": null}, {"pattern": [93, 13], "threshold": null}, {"pattern": [132], "threshold": null}, {"pattern": [248, 158], "threshold": null}, {"pattern": [158], "threshold": null}, {"pattern": [217], "threshold": null}, {"pattern": [25], "threshold": null}, {"pattern": [54], "threshold": null}, {"pattern": [245, 134], "threshold": null}, {"pattern": [90, 158], "threshold": null}, {"pattern": [196], "threshold": null}, {"pattern": [86], "threshold": null}, {"pattern": [164, 13], "threshold": null}, {"pattern": [212], "threshold": null}]}, {"config": {"code_name": "[OS CM CC][Len SSize MFit CAtom][GNone]", "population_size": 100, "evaluation_budget": 10000, "cluster_info_file_name": "C:\\Users\\gac8\\PycharmProjects\\PSSearch\\retail_forecasting_data_collection\\data\\cluster_info_250_random.pkl", "use_custom_sampling_operator": false, "use_custom_mutation_operator": true, "use_custom_crossover_operator": true, "use_custom_atomicity": true, "genome_threshold": null, "include_ps_len": true, "include_sample_quantity": true, "include_wasserstein_distance": false, "include_diff_median": false, "include_atomicity": true, "include_p_value": false, "include_mean_fitness": true, "include_variance": false}, "results": [{"pattern": [88], "threshold": null}, {"pattern": [188], "threshold": null}, {"pattern": [230], "threshold": null}, {"pattern": [139, 188], "threshold": null}, {"pattern": [237, 86], "threshold": null}, {"pattern": [217, 212], "threshold": null}, {"pattern": [65], "threshold": null}, {"pattern": [120], "threshold": null}, {"pattern": [217, 196], "threshold": null}, {"pattern": [88, 90], "threshold": null}, {"pattern": [25, 86], "threshold": null}, {"pattern": [179, 71], "threshold": null}, {"pattern": [27, 103], "threshold": null}, {"pattern": [211, 212], "threshold": null}, {"pattern": [86], "threshold": null}, {"pattern": [25], "threshold": null}, {"pattern": [217], "threshold": null}, {"pattern": [54], "threshold": null}, {"pattern": [237], "threshold": null}, {"pattern": [226, 63], "threshold": null}, {"pattern": [103], "threshold": null}, {"pattern": [13], "threshold": null}, {"pattern": [16, 87], "threshold": null}, {"pattern": [196], "threshold": null}, {"pattern": [134, 103], "threshold": null}, {"pattern": [56, 155], "threshold": null}, {"pattern": [158], "threshold": null}, {"pattern": [65, 211], "threshold": null}, {"pattern": [196, 132], "threshold": null}, {"pattern": [235, 119], "threshold": null}, {"pattern": [81, 165], "threshold": null}, {"pattern": [45], "threshold": null}, {"pattern": [49, 116], "threshold": null}, {"pattern": [18, 158], "threshold": null}, {"pattern": [155, 63], "threshold": null}, {"pattern": [188, 47], "threshold": null}, {"pattern": [75, 68], "threshold": null}, {"pattern": [132], "threshold": null}, {"pattern": [212], "threshold": null}, {"pattern": [212, 63], "threshold": null}, {"pattern": [232, 188], "threshold": null}]}, {"config": {"code_name": "[CS OM CC][Len SSize MFit CAtom][GNone]", "population_size": 100, "evaluation_budget": 10000, "cluster_info_file_name": "C:\\Users\\gac8\\PycharmProjects\\PSSearch\\retail_forecasting_data_collection\\data\\cluster_info_250_random.pkl", "use_custom_sampling_operator": true, "use_custom_mutation_operator": false, "use_custom_crossover_operator": true, "use_custom_atomicity": true, "genome_threshold": null, "include_ps_len": true, "include_sample_quantity": true, "include_wasserstein_distance": false, "include_diff_median": false, "include_atomicity": true, "include_p_value": false, "include_mean_fitness": true, "include_variance": false}, "results": [{"pattern": [16, 139, 188], "threshold": null}, {"pattern": [65, 86], "threshold": null}, {"pattern": [65, 158], "threshold": null}, {"pattern": [212, 188, 13, 158], "threshold": null}, {"pattern": [90], "threshold": null}, {"pattern": [25, 90, 188], "threshold": null}, {"pattern": [65, 212, 13, 158], "threshold": null}, {"pattern": [65, 90, 86], "threshold": null}, {"pattern": [90, 212, 134], "threshold": null}, {"pattern": [65], "threshold": null}, {"pattern": [132, 103], "threshold": null}, {"pattern": [132, 158], "threshold": null}, {"pattern": [90, 132], "threshold": null}, {"pattern": [56, 63], "threshold": null}, {"pattern": [211, 134], "threshold": null}, {"pattern": [56, 86], "threshold": null}, {"pattern": [86, 63], "threshold": null}, {"pattern": [87, 103], "threshold": null}, {"pattern": [188, 132], "threshold": null}, {"pattern": [13, 103], "threshold": null}, {"pattern": [212, 132, 158], "threshold": null}, {"pattern": [34, 86, 63], "threshold": null}, {"pattern": [237], "threshold": null}, {"pattern": [90, 188], "threshold": null}, {"pattern": [188, 237, 158], "threshold": null}, {"pattern": [103], "threshold": null}, {"pattern": [56, 188, 86], "threshold": null}, {"pattern": [237, 158], "threshold": null}, {"pattern": [188, 132, 237], "threshold": null}, {"pattern": [90, 134], "threshold": null}, {"pattern": [65, 86, 215], "threshold": null}, {"pattern": [56, 188, 63], "threshold": null}, {"pattern": [235, 134], "threshold": null}, {"pattern": [65, 196, 103], "threshold": null}, {"pattern": [65, 196], "threshold": null}, {"pattern": [221, 61], "threshold": null}, {"pattern": [188, 158], "threshold": null}, {"pattern": [65, 188, 212], "threshold": null}, {"pattern": [65, 90, 221], "threshold": null}, {"pattern": [158, 134], "threshold": null}, {"pattern": [92, 63], "threshold": null}, {"pattern": [65, 212, 158], "threshold": null}, {"pattern": [232, 132, 188], "threshold": null}, {"pattern": [25, 188, 63], "threshold": null}, {"pattern": [76, 61], "threshold": null}, {"pattern": [65, 212], "threshold": null}, {"pattern": [116, 212, 188, 158], "threshold": null}, {"pattern": [212, 188, 158], "threshold": null}, {"pattern": [134], "threshold": null}, {"pattern": [139, 92], "threshold": null}, {"pattern": [171, 188, 158], "threshold": null}, {"pattern": [132], "threshold": null}, {"pattern": [61, 134], "threshold": null}, {"pattern": [162, 13], "threshold": null}, {"pattern": [65, 171, 86], "threshold": null}, {"pattern": [90, 158], "threshold": null}, {"pattern": [212, 61], "threshold": null}, {"pattern": [18, 63], "threshold": null}, {"pattern": [16, 139], "threshold": null}, {"pattern": [139, 165], "threshold": null}, {"pattern": [86, 188, 158], "threshold": null}, {"pattern": [204, 61], "threshold": null}, {"pattern": [162, 103], "threshold": null}]}, {"config": {"code_name": "[CS CM OC][Len SSize MFit CAtom][GNone]", "population_size": 100, "evaluation_budget": 10000, "cluster_info_file_name": "C:\\Users\\gac8\\PycharmProjects\\PSSearch\\retail_forecasting_data_collection\\data\\cluster_info_250_random.pkl", "use_custom_sampling_operator": true, "use_custom_mutation_operator": true, "use_custom_crossover_operator": false, "use_custom_atomicity": true, "genome_threshold": null, "include_ps_len": true, "include_sample_quantity": true, "include_wasserstein_distance": false, "include_diff_median": false, "include_atomicity": true, "include_p_value": false, "include_mean_fitness": true, "include_variance": false}, "results": [{"pattern": [88], "threshold": null}, {"pattern": [196, 181], "threshold": null}, {"pattern": [17, 134], "threshold": null}, {"pattern": [232, 35], "threshold": null}, {"pattern": [188], "threshold": null}, {"pattern": [241, 103], "threshold": null}, {"pattern": [230], "threshold": null}, {"pattern": [132, 61], "threshold": null}, {"pattern": [65], "threshold": null}, {"pattern": [120], "threshold": null}, {"pattern": [56, 114], "threshold": null}, {"pattern": [171, 13], "threshold": null}, {"pattern": [202, 215], "threshold": null}, {"pattern": [212, 215], "threshold": null}, {"pattern": [86], "threshold": null}, {"pattern": [34, 4], "threshold": null}, {"pattern": [56, 63], "threshold": null}, {"pattern": [25], "threshold": null}, {"pattern": [34, 215], "threshold": null}, {"pattern": [208, 86], "threshold": null}, {"pattern": [217], "threshold": null}, {"pattern": [83, 151], "threshold": null}, {"pattern": [54], "threshold": null}, {"pattern": [237], "threshold": null}, {"pattern": [103], "threshold": null}, {"pattern": [13], "threshold": null}, {"pattern": [248, 221], "threshold": null}, {"pattern": [196], "threshold": null}, {"pattern": [114, 182], "threshold": null}, {"pattern": [65, 196], "threshold": null}, {"pattern": [158], "threshold": null}, {"pattern": [171, 180], "threshold": null}, {"pattern": [184, 87], "threshold": null}, {"pattern": [226, 131], "threshold": null}, {"pattern": [217, 158], "threshold": null}, {"pattern": [184, 132], "threshold": null}, {"pattern": [25, 188, 103], "threshold": null}, {"pattern": [45], "threshold": null}, {"pattern": [65, 237], "threshold": null}, {"pattern": [38, 119], "threshold": null}, {"pattern": [180, 158], "threshold": null}, {"pattern": [212, 132], "threshold": null}, {"pattern": [190, 158], "threshold": null}, {"pattern": [89, 244], "threshold": null}, {"pattern": [132], "threshold": null}, {"pattern": [212, 134], "threshold": null}, {"pattern": [81, 158], "threshold": null}, {"pattern": [16, 25], "threshold": null}, {"pattern": [212], "threshold": null}, {"pattern": [24, 101], "threshold": null}, {"pattern": [116, 190], "threshold": null}]}]}