{"extra_info": {"version": "fallback_v1", "seed": 46}, "data": [{"config": {"code_name": "[CS CM CC][Len SSize MFit CAtom][GNone]", "population_size": 100, "evaluation_budget": 10000, "cluster_info_file_name": "C:\\Users\\gac8\\PycharmProjects\\PSSearch\\retail_forecasting_data_collection\\data\\cluster_info_250_random.pkl", "use_custom_sampling_operator": true, "use_custom_mutation_operator": true, "use_custom_crossover_operator": true, "use_custom_atomicity": true, "genome_threshold": null, "include_ps_len": true, "include_sample_quantity": true, "include_wasserstein_distance": false, "include_diff_median": false, "include_atomicity": true, "include_p_value": false, "include_mean_fitness": true, "include_variance": false}, "results": [{"pattern": [188], "threshold": null}, {"pattern": [120], "threshold": null}, {"pattern": [196], "threshold": null}, {"pattern": [158], "threshold": null}, {"pattern": [17, 134], "threshold": null}, {"pattern": [88], "threshold": null}, {"pattern": [18, 37], "threshold": null}, {"pattern": [232, 119], "threshold": null}, {"pattern": [241, 34], "threshold": null}, {"pattern": [232, 158], "threshold": null}, {"pattern": [245, 87], "threshold": null}, {"pattern": [61, 63], "threshold": null}, {"pattern": [13], "threshold": null}, {"pattern": [81, 63], "threshold": null}, {"pattern": [16, 139], "threshold": null}, {"pattern": [103], "threshold": null}, {"pattern": [195, 135], "threshold": null}, {"pattern": [212], "threshold": null}, {"pattern": [54], "threshold": null}, {"pattern": [75, 68], "threshold": null}, {"pattern": [30, 103], "threshold": null}, {"pattern": [86], "threshold": null}, {"pattern": [212, 63], "threshold": null}, {"pattern": [235, 158], "threshold": null}, {"pattern": [132], "threshold": null}, {"pattern": [237], "threshold": null}, {"pattern": [65, 190], "threshold": null}, {"pattern": [88, 27], "threshold": null}, {"pattern": [74, 116], "threshold": null}, {"pattern": [230], "threshold": null}, {"pattern": [65], "threshold": null}, {"pattern": [196, 164, 215], "threshold": null}, {"pattern": [217], "threshold": null}, {"pattern": [158, 63], "threshold": null}, {"pattern": [45], "threshold": null}, {"pattern": [92, 215], "threshold": null}, {"pattern": [116, 134], "threshold": null}, {"pattern": [90, 13], "threshold": null}, {"pattern": [90, 245], "threshold": null}, {"pattern": [38, 87], "threshold": null}, {"pattern": [59, 245], "threshold": null}, {"pattern": [180, 127], "threshold": null}, {"pattern": [132, 103], "threshold": null}, {"pattern": [25], "threshold": null}, {"pattern": [196, 245], "threshold": null}, {"pattern": [90, 212], "threshold": null}]}, {"config": {"code_name": "[CS CM CC][SSize MFit CAtom][GNone]", "population_size": 100, "evaluation_budget": 10000, "cluster_info_file_name": "C:\\Users\\gac8\\PycharmProjects\\PSSearch\\retail_forecasting_data_collection\\data\\cluster_info_250_random.pkl", "use_custom_sampling_operator": true, "use_custom_mutation_operator": true, "use_custom_crossover_operator": true, "use_custom_atomicity": true, "genome_threshold": null, "include_ps_len": false, "include_sample_quantity": true, "include_wasserstein_distance": false, "include_diff_median": false, "include_atomicity": true, "include_p_value": false, "include_mean_fitness": true, "include_variance": false}, "results": [{"pattern": [88, 134], "threshold": null}, {"pattern": [109, 134], "threshold": null}, {"pattern": [76, 173], "threshold": null}, {"pattern": [212, 244], "threshold": null}, {"pattern": [202, 245], "threshold": null}, {"pattern": [16, 37], "threshold": null}, {"pattern": [248, 25], "threshold": null}, {"pattern": [65], "threshold": null}, {"pattern": [233, 37], "threshold": null}, {"pattern": [16, 34], "threshold": null}, {"pattern": [66, 116], "threshold": null}, {"pattern": [4, 63], "threshold": null}, {"pattern": [132, 244], "threshold": null}, {"pattern": [188, 134], "threshold": null}, {"pattern": [158, 127], "threshold": null}, {"pattern": [13], "threshold": null}, {"pattern": [88, 202], "threshold": null}, {"pattern": [132], "threshold": null}, {"pattern": [116, 87], "threshold": null}, {"pattern": [158], "threshold": null}, {"pattern": [137, 158], "threshold": null}, {"pattern": [177, 27], "threshold": null}, {"pattern": [27, 244], "threshold": null}, {"pattern": [27, 134], "threshold": null}, {"pattern": [158, 103], "threshold": null}, {"pattern": [81, 235], "threshold": null}, {"pattern": [103], "threshold": null}, {"pattern": [49, 63], "threshold": null}, {"pattern": [37, 38], "threshold": null}, {"pattern": [212], "threshold": null}, {"pattern": [180, 215], "threshold": null}, {"pattern": [212, 164], "threshold": null}, {"pattern": [86, 63], "threshold": null}, {"pattern": [196], "threshold": null}, {"pattern": [25], "threshold": null}, {"pattern": [86], "threshold": null}, {"pattern": [188], "threshold": null}, {"pattern": [171, 212], "threshold": null}, {"pattern": [13, 127], "threshold": null}, {"pattern": [91, 215], "threshold": null}, {"pattern": [177, 196], "threshold": null}, {"pattern": [188, 158], "threshold": null}]}, {"config": {"code_name": "[CS CM CC][Len MFit CAtom][GNone]", "population_size": 100, "evaluation_budget": 10000, "cluster_info_file_name": "C:\\Users\\gac8\\PycharmProjects\\PSSearch\\retail_forecasting_data_collection\\data\\cluster_info_250_random.pkl", "use_custom_sampling_operator": true, "use_custom_mutation_operator": true, "use_custom_crossover_operator": true, "use_custom_atomicity": true, "genome_threshold": null, "include_ps_len": true, "include_sample_quantity": false, "include_wasserstein_distance": false, "include_diff_median": false, "include_atomicity": true, "include_p_value": false, "include_mean_fitness": true, "include_variance": false}, "results": [{"pattern": [34, 87], "threshold": null}, {"pattern": [120], "threshold": null}, {"pattern": [119, 87], "threshold": null}, {"pattern": [132, 190], "threshold": null}, {"pattern": [132, 237], "threshold": null}, {"pattern": [232, 35], "threshold": null}, {"pattern": [211, 196], "threshold": null}, {"pattern": [33, 68], "threshold": null}, {"pattern": [235, 158], "threshold": null}, {"pattern": [16, 87], "threshold": null}]}, {"config": {"code_name": "[CS CM CC][Len SSize CAtom][GNone]", "population_size": 100, "evaluation_budget": 10000, "cluster_info_file_name": "C:\\Users\\gac8\\PycharmProjects\\PSSearch\\retail_forecasting_data_collection\\data\\cluster_info_250_random.pkl", "use_custom_sampling_operator": true, "use_custom_mutation_operator": true, "use_custom_crossover_operator": true, "use_custom_atomicity": true, "genome_threshold": null, "include_ps_len": true, "include_sample_quantity": true, "include_wasserstein_distance": false, "include_diff_median": false, "include_atomicity": true, "include_p_value": false, "include_mean_fitness": false, "include_variance": false}, "results": [{"pattern": [13, 239], "threshold": null}, {"pattern": [162, 221], "threshold": null}, {"pattern": [188, 221], "threshold": null}, {"pattern": [188], "threshold": null}, {"pattern": [188, 134], "threshold": null}, {"pattern": [65, 158], "threshold": null}, {"pattern": [139, 151], "threshold": null}, {"pattern": [43, 215], "threshold": null}, {"pattern": [74, 188], "threshold": null}, {"pattern": [188, 127], "threshold": null}, {"pattern": [139, 92], "threshold": null}, {"pattern": [232, 188], "threshold": null}, {"pattern": [153, 100], "threshold": null}, {"pattern": [50, 245], "threshold": null}]}, {"config": {"code_name": "[CS CM CC][Len SSize MFit][GNone]", "population_size": 100, "evaluation_budget": 10000, "cluster_info_file_name": "C:\\Users\\gac8\\PycharmProjects\\PSSearch\\retail_forecasting_data_collection\\data\\cluster_info_250_random.pkl", "use_custom_sampling_operator": true, "use_custom_mutation_operator": true, "use_custom_crossover_operator": true, "use_custom_atomicity": true, "genome_threshold": null, "include_ps_len": true, "include_sample_quantity": true, "include_wasserstein_distance": false, "include_diff_median": false, "include_atomicity": false, "include_p_value": false, "include_mean_fitness": true, "include_variance": false}, "results": [{"pattern": [202, 196], "threshold": null}, {"pattern": [196], "threshold": null}, {"pattern": [103], "threshold": null}, {"pattern": [230], "threshold": null}, {"pattern": [88, 90], "threshold": null}, {"pattern": [158, 127], "threshold": null}, {"pattern": [196, 13], "threshold": null}, {"pattern": [188], "threshold": null}, {"pattern": [13, 86], "threshold": null}, {"pattern": [16, 13], "threshold": null}, {"pattern": [13], "threshold": null}, {"pattern": [65, 212], "threshold": null}, {"pattern": [196, 237], "threshold": null}, {"pattern": [25], "threshold": null}, {"pattern": [217], "threshold": null}, {"pattern": [54], "threshold": null}, {"pattern": [212], "threshold": null}, {"pattern": [120], "threshold": null}, {"pattern": [27, 158], "threshold": null}, {"pattern": [45], "threshold": null}, {"pattern": [132, 245], "threshold": null}, {"pattern": [86], "threshold": null}, {"pattern": [88], "threshold": null}, {"pattern": [158], "threshold": null}, {"pattern": [188, 86], "threshold": null}, {"pattern": [65], "threshold": null}, {"pattern": [132], "threshold": null}, {"pattern": [237], "threshold": null}]}, {"config": {"code_name": "[OS CM CC][Len SSize MFit CAtom][GNone]", "population_size": 100, "evaluation_budget": 10000, "cluster_info_file_name": "C:\\Users\\gac8\\PycharmProjects\\PSSearch\\retail_forecasting_data_collection\\data\\cluster_info_250_random.pkl", "use_custom_sampling_operator": false, "use_custom_mutation_operator": true, "use_custom_crossover_operator": true, "use_custom_atomicity": true, "genome_threshold": null, "include_ps_len": true, "include_sample_quantity": true, "include_wasserstein_distance": false, "include_diff_median": false, "include_atomicity": true, "include_p_value": false, "include_mean_fitness": true, "include_variance": false}, "results": [{"pattern": [16, 92], "threshold": null}, {"pattern": [120], "threshold": null}, {"pattern": [196], "threshold": null}, {"pattern": [188], "threshold": null}, {"pattern": [177, 212], "threshold": null}, {"pattern": [158], "threshold": null}, {"pattern": [88], "threshold": null}, {"pattern": [237, 158], "threshold": null}, {"pattern": [208, 86], "threshold": null}, {"pattern": [211, 212], "threshold": null}, {"pattern": [151, 47], "threshold": null}, {"pattern": [162, 13], "threshold": null}, {"pattern": [88, 237], "threshold": null}, {"pattern": [13], "threshold": null}, {"pattern": [76, 29], "threshold": null}, {"pattern": [103], "threshold": null}, {"pattern": [80, 229], "threshold": null}, {"pattern": [212], "threshold": null}, {"pattern": [54], "threshold": null}, {"pattern": [4, 63], "threshold": null}, {"pattern": [86], "threshold": null}, {"pattern": [235, 158], "threshold": null}, {"pattern": [132], "threshold": null}, {"pattern": [237], "threshold": null}, {"pattern": [34, 87], "threshold": null}, {"pattern": [16, 196], "threshold": null}, {"pattern": [88, 134], "threshold": null}, {"pattern": [230], "threshold": null}, {"pattern": [27, 215], "threshold": null}, {"pattern": [65], "threshold": null}, {"pattern": [193, 13], "threshold": null}, {"pattern": [217], "threshold": null}, {"pattern": [45], "threshold": null}, {"pattern": [61, 190], "threshold": null}, {"pattern": [241, 212], "threshold": null}, {"pattern": [146, 101], "threshold": null}, {"pattern": [75, 132], "threshold": null}, {"pattern": [49, 212], "threshold": null}, {"pattern": [116, 167], "threshold": null}, {"pattern": [50, 47], "threshold": null}, {"pattern": [25], "threshold": null}, {"pattern": [245, 190], "threshold": null}, {"pattern": [196, 173], "threshold": null}]}, {"config": {"code_name": "[CS OM CC][Len SSize MFit CAtom][GNone]", "population_size": 100, "evaluation_budget": 10000, "cluster_info_file_name": "C:\\Users\\gac8\\PycharmProjects\\PSSearch\\retail_forecasting_data_collection\\data\\cluster_info_250_random.pkl", "use_custom_sampling_operator": true, "use_custom_mutation_operator": false, "use_custom_crossover_operator": true, "use_custom_atomicity": true, "genome_threshold": null, "include_ps_len": true, "include_sample_quantity": true, "include_wasserstein_distance": false, "include_diff_median": false, "include_atomicity": true, "include_p_value": false, "include_mean_fitness": true, "include_variance": false}, "results": [{"pattern": [25, 188, 132], "threshold": null}, {"pattern": [188], "threshold": null}, {"pattern": [196], "threshold": null}, {"pattern": [196, 103], "threshold": null}, {"pattern": [91, 215], "threshold": null}, {"pattern": [92, 63], "threshold": null}, {"pattern": [25, 188, 134], "threshold": null}, {"pattern": [130], "threshold": null}, {"pattern": [97, 101], "threshold": null}, {"pattern": [188, 180, 13, 86], "threshold": null}, {"pattern": [196, 188], "threshold": null}, {"pattern": [180, 196], "threshold": null}, {"pattern": [91, 47], "threshold": null}, {"pattern": [25, 132], "threshold": null}, {"pattern": [27, 13, 215], "threshold": null}, {"pattern": [65, 196], "threshold": null}, {"pattern": [74, 215], "threshold": null}, {"pattern": [27, 132, 13], "threshold": null}, {"pattern": [171, 86, 215], "threshold": null}, {"pattern": [16, 74], "threshold": null}, {"pattern": [188, 196, 103], "threshold": null}, {"pattern": [27], "threshold": null}, {"pattern": [27, 61], "threshold": null}, {"pattern": [50, 188], "threshold": null}, {"pattern": [188, 158], "threshold": null}, {"pattern": [88, 212, 188], "threshold": null}, {"pattern": [188, 134, 103], "threshold": null}, {"pattern": [188, 180, 158], "threshold": null}, {"pattern": [27, 132], "threshold": null}, {"pattern": [27, 13], "threshold": null}, {"pattern": [90, 132, 215], "threshold": null}, {"pattern": [27, 103], "threshold": null}, {"pattern": [171, 86], "threshold": null}, {"pattern": [188, 101], "threshold": null}, {"pattern": [65, 171], "threshold": null}, {"pattern": [132], "threshold": null}, {"pattern": [136, 132], "threshold": null}, {"pattern": [27, 132, 86], "threshold": null}, {"pattern": [171, 212, 215], "threshold": null}, {"pattern": [188, 27, 180], "threshold": null}, {"pattern": [88, 188], "threshold": null}, {"pattern": [188, 180, 86], "threshold": null}, {"pattern": [65], "threshold": null}, {"pattern": [134, 188, 158], "threshold": null}, {"pattern": [27, 196], "threshold": null}, {"pattern": [82, 188], "threshold": null}, {"pattern": [188, 180], "threshold": null}, {"pattern": [88, 132], "threshold": null}, {"pattern": [88, 212, 188, 86], "threshold": null}, {"pattern": [56, 155], "threshold": null}, {"pattern": [90, 134], "threshold": null}, {"pattern": [27, 204], "threshold": null}, {"pattern": [27, 181], "threshold": null}, {"pattern": [33, 202], "threshold": null}, {"pattern": [184, 132], "threshold": null}, {"pattern": [65, 171, 86], "threshold": null}, {"pattern": [27, 222], "threshold": null}, {"pattern": [188, 103], "threshold": null}, {"pattern": [225, 132], "threshold": null}, {"pattern": [49], "threshold": null}, {"pattern": [74], "threshold": null}, {"pattern": [88, 196], "threshold": null}, {"pattern": [188, 212, 180, 158], "threshold": null}, {"pattern": [65, 171, 188, 86], "threshold": null}, {"pattern": [188, 134], "threshold": null}, {"pattern": [132, 61], "threshold": null}, {"pattern": [184], "threshold": null}]}, {"config": {"code_name": "[CS CM OC][Len SSize MFit CAtom][GNone]", "population_size": 100, "evaluation_budget": 10000, "cluster_info_file_name": "C:\\Users\\gac8\\PycharmProjects\\PSSearch\\retail_forecasting_data_collection\\data\\cluster_info_250_random.pkl", "use_custom_sampling_operator": true, "use_custom_mutation_operator": true, "use_custom_crossover_operator": false, "use_custom_atomicity": true, "genome_threshold": null, "include_ps_len": true, "include_sample_quantity": true, "include_wasserstein_distance": false, "include_diff_median": false, "include_atomicity": true, "include_p_value": false, "include_mean_fitness": true, "include_variance": false}, "results": [{"pattern": [188], "threshold": null}, {"pattern": [120], "threshold": null}, {"pattern": [196], "threshold": null}, {"pattern": [158], "threshold": null}, {"pattern": [241, 158], "threshold": null}, {"pattern": [88], "threshold": null}, {"pattern": [34, 190], "threshold": null}, {"pattern": [91, 47], "threshold": null}, {"pattern": [116, 197], "threshold": null}, {"pattern": [13], "threshold": null}, {"pattern": [86, 95], "threshold": null}, {"pattern": [202, 212, 181], "threshold": null}, {"pattern": [101, 135], "threshold": null}, {"pattern": [103], "threshold": null}, {"pattern": [16, 25], "threshold": null}, {"pattern": [212], "threshold": null}, {"pattern": [54], "threshold": null}, {"pattern": [134, 95], "threshold": null}, {"pattern": [241, 50], "threshold": null}, {"pattern": [86], "threshold": null}, {"pattern": [132], "threshold": null}, {"pattern": [237], "threshold": null}, {"pattern": [10, 82], "threshold": null}, {"pattern": [13, 181], "threshold": null}, {"pattern": [230], "threshold": null}, {"pattern": [65], "threshold": null}, {"pattern": [186, 221], "threshold": null}, {"pattern": [202, 103], "threshold": null}, {"pattern": [217], "threshold": null}, {"pattern": [188, 180], "threshold": null}, {"pattern": [212, 237], "threshold": null}, {"pattern": [45], "threshold": null}, {"pattern": [27, 181], "threshold": null}, {"pattern": [212, 132], "threshold": null}, {"pattern": [16, 34], "threshold": null}, {"pattern": [212, 134], "threshold": null}, {"pattern": [212, 180], "threshold": null}, {"pattern": [241, 212], "threshold": null}, {"pattern": [132, 30], "threshold": null}, {"pattern": [81, 103], "threshold": null}, {"pattern": [25], "threshold": null}, {"pattern": [153, 196], "threshold": null}, {"pattern": [188, 134], "threshold": null}, {"pattern": [196, 158], "threshold": null}, {"pattern": [190, 87], "threshold": null}, {"pattern": [171, 212], "threshold": null}, {"pattern": [232, 30], "threshold": null}]}]}