{"extra_info": {"version": "fallback_v1", "seed": 81}, "data": [{"config": {"code_name": "[CS CM CC][Len SSize MFit CAtom][GNone]", "population_size": 100, "evaluation_budget": 10000, "cluster_info_file_name": "C:\\Users\\gac8\\PycharmProjects\\PSSearch\\retail_forecasting_data_collection\\data\\cluster_info_250_random.pkl", "use_custom_sampling_operator": true, "use_custom_mutation_operator": true, "use_custom_crossover_operator": true, "use_custom_atomicity": true, "genome_threshold": null, "include_ps_len": true, "include_sample_quantity": true, "include_wasserstein_distance": false, "include_diff_median": false, "include_atomicity": true, "include_p_value": false, "include_mean_fitness": true, "include_variance": false}, "results": [{"pattern": [16, 204], "threshold": null}, {"pattern": [180, 158], "threshold": null}, {"pattern": [38, 87], "threshold": null}, {"pattern": [103], "threshold": null}, {"pattern": [241, 103], "threshold": null}, {"pattern": [86], "threshold": null}, {"pattern": [230], "threshold": null}, {"pattern": [155, 134], "threshold": null}, {"pattern": [171, 47], "threshold": null}, {"pattern": [248, 158], "threshold": null}, {"pattern": [196, 188, 13], "threshold": null}, {"pattern": [59, 245], "threshold": null}, {"pattern": [45], "threshold": null}, {"pattern": [202, 53], "threshold": null}, {"pattern": [13], "threshold": null}, {"pattern": [188], "threshold": null}, {"pattern": [212, 134], "threshold": null}, {"pattern": [196, 103], "threshold": null}, {"pattern": [92, 158], "threshold": null}, {"pattern": [120], "threshold": null}, {"pattern": [132, 134], "threshold": null}, {"pattern": [232, 158], "threshold": null}, {"pattern": [25], "threshold": null}, {"pattern": [212], "threshold": null}, {"pattern": [16, 164], "threshold": null}, {"pattern": [88], "threshold": null}, {"pattern": [158], "threshold": null}, {"pattern": [42, 151], "threshold": null}, {"pattern": [38, 119], "threshold": null}, {"pattern": [65, 237], "threshold": null}, {"pattern": [237], "threshold": null}, {"pattern": [158, 119], "threshold": null}, {"pattern": [212, 158], "threshold": null}, {"pattern": [196, 53], "threshold": null}, {"pattern": [56, 155], "threshold": null}, {"pattern": [132], "threshold": null}, {"pattern": [196], "threshold": null}, {"pattern": [122, 11], "threshold": null}, {"pattern": [204, 237], "threshold": null}, {"pattern": [90, 212], "threshold": null}, {"pattern": [93, 215], "threshold": null}, {"pattern": [56, 204], "threshold": null}, {"pattern": [24, 101], "threshold": null}]}, {"config": {"code_name": "[CS CM CC][SSize MFit CAtom][GNone]", "population_size": 100, "evaluation_budget": 10000, "cluster_info_file_name": "C:\\Users\\gac8\\PycharmProjects\\PSSearch\\retail_forecasting_data_collection\\data\\cluster_info_250_random.pkl", "use_custom_sampling_operator": true, "use_custom_mutation_operator": true, "use_custom_crossover_operator": true, "use_custom_atomicity": true, "genome_threshold": null, "include_ps_len": false, "include_sample_quantity": true, "include_wasserstein_distance": false, "include_diff_median": false, "include_atomicity": true, "include_p_value": false, "include_mean_fitness": true, "include_variance": false}, "results": [{"pattern": [241, 164], "threshold": null}, {"pattern": [86, 103], "threshold": null}, {"pattern": [196], "threshold": null}, {"pattern": [16, 212], "threshold": null}, {"pattern": [217, 196], "threshold": null}, {"pattern": [232, 35], "threshold": null}, {"pattern": [27, 86], "threshold": null}, {"pattern": [122, 205], "threshold": null}, {"pattern": [56, 241], "threshold": null}, {"pattern": [27, 181], "threshold": null}, {"pattern": [95, 63], "threshold": null}, {"pattern": [27, 212], "threshold": null}, {"pattern": [16, 52], "threshold": null}, {"pattern": [202, 188], "threshold": null}, {"pattern": [103], "threshold": null}, {"pattern": [211, 212], "threshold": null}, {"pattern": [188], "threshold": null}, {"pattern": [13, 239], "threshold": null}, {"pattern": [188, 158], "threshold": null}, {"pattern": [18, 37], "threshold": null}, {"pattern": [13, 215], "threshold": null}, {"pattern": [212], "threshold": null}, {"pattern": [196, 93], "threshold": null}, {"pattern": [139, 134], "threshold": null}, {"pattern": [91, 158], "threshold": null}, {"pattern": [217, 90], "threshold": null}, {"pattern": [132], "threshold": null}, {"pattern": [88, 132], "threshold": null}, {"pattern": [241, 245], "threshold": null}, {"pattern": [18, 38], "threshold": null}, {"pattern": [16, 167], "threshold": null}, {"pattern": [196, 116], "threshold": null}, {"pattern": [190, 158], "threshold": null}, {"pattern": [132, 244], "threshold": null}, {"pattern": [16, 65], "threshold": null}, {"pattern": [13], "threshold": null}, {"pattern": [232, 34], "threshold": null}, {"pattern": [88], "threshold": null}, {"pattern": [158], "threshold": null}, {"pattern": [90, 87], "threshold": null}, {"pattern": [86], "threshold": null}, {"pattern": [105, 205], "threshold": null}, {"pattern": [137, 212], "threshold": null}, {"pattern": [212, 132], "threshold": null}]}, {"config": {"code_name": "[CS CM CC][Len MFit CAtom][GNone]", "population_size": 100, "evaluation_budget": 10000, "cluster_info_file_name": "C:\\Users\\gac8\\PycharmProjects\\PSSearch\\retail_forecasting_data_collection\\data\\cluster_info_250_random.pkl", "use_custom_sampling_operator": true, "use_custom_mutation_operator": true, "use_custom_crossover_operator": true, "use_custom_atomicity": true, "genome_threshold": null, "include_ps_len": true, "include_sample_quantity": false, "include_wasserstein_distance": false, "include_diff_median": false, "include_atomicity": true, "include_p_value": false, "include_mean_fitness": true, "include_variance": false}, "results": [{"pattern": [65, 25], "threshold": null}, {"pattern": [34, 4], "threshold": null}, {"pattern": [18, 34], "threshold": null}, {"pattern": [80, 52], "threshold": null}, {"pattern": [93, 215], "threshold": null}, {"pattern": [249, 239], "threshold": null}, {"pattern": [49, 116], "threshold": null}, {"pattern": [241, 167], "threshold": null}, {"pattern": [120], "threshold": null}, {"pattern": [74, 103], "threshold": null}, {"pattern": [25, 177], "threshold": null}]}, {"config": {"code_name": "[CS CM CC][Len SSize CAtom][GNone]", "population_size": 100, "evaluation_budget": 10000, "cluster_info_file_name": "C:\\Users\\gac8\\PycharmProjects\\PSSearch\\retail_forecasting_data_collection\\data\\cluster_info_250_random.pkl", "use_custom_sampling_operator": true, "use_custom_mutation_operator": true, "use_custom_crossover_operator": true, "use_custom_atomicity": true, "genome_threshold": null, "include_ps_len": true, "include_sample_quantity": true, "include_wasserstein_distance": false, "include_diff_median": false, "include_atomicity": true, "include_p_value": false, "include_mean_fitness": false, "include_variance": false}, "results": [{"pattern": [105, 119], "threshold": null}, {"pattern": [212, 188], "threshold": null}, {"pattern": [188], "threshold": null}, {"pattern": [34, 188], "threshold": null}, {"pattern": [195, 239], "threshold": null}, {"pattern": [88, 13], "threshold": null}, {"pattern": [212, 180], "threshold": null}]}, {"config": {"code_name": "[CS CM CC][Len SSize MFit][GNone]", "population_size": 100, "evaluation_budget": 10000, "cluster_info_file_name": "C:\\Users\\gac8\\PycharmProjects\\PSSearch\\retail_forecasting_data_collection\\data\\cluster_info_250_random.pkl", "use_custom_sampling_operator": true, "use_custom_mutation_operator": true, "use_custom_crossover_operator": true, "use_custom_atomicity": true, "genome_threshold": null, "include_ps_len": true, "include_sample_quantity": true, "include_wasserstein_distance": false, "include_diff_median": false, "include_atomicity": false, "include_p_value": false, "include_mean_fitness": true, "include_variance": false}, "results": [{"pattern": [202, 215], "threshold": null}, {"pattern": [116, 215], "threshold": null}, {"pattern": [90, 27], "threshold": null}, {"pattern": [65, 217], "threshold": null}, {"pattern": [132], "threshold": null}, {"pattern": [230], "threshold": null}, {"pattern": [103], "threshold": null}, {"pattern": [196], "threshold": null}, {"pattern": [237], "threshold": null}, {"pattern": [196, 127], "threshold": null}, {"pattern": [13], "threshold": null}, {"pattern": [212], "threshold": null}, {"pattern": [25], "threshold": null}, {"pattern": [88], "threshold": null}, {"pattern": [180, 86], "threshold": null}, {"pattern": [25, 215], "threshold": null}, {"pattern": [188], "threshold": null}, {"pattern": [158], "threshold": null}, {"pattern": [93, 215], "threshold": null}, {"pattern": [45], "threshold": null}, {"pattern": [34, 215], "threshold": null}, {"pattern": [116, 13], "threshold": null}, {"pattern": [120], "threshold": null}, {"pattern": [132, 103], "threshold": null}, {"pattern": [86], "threshold": null}]}, {"config": {"code_name": "[OS CM CC][Len SSize MFit CAtom][GNone]", "population_size": 100, "evaluation_budget": 10000, "cluster_info_file_name": "C:\\Users\\gac8\\PycharmProjects\\PSSearch\\retail_forecasting_data_collection\\data\\cluster_info_250_random.pkl", "use_custom_sampling_operator": false, "use_custom_mutation_operator": true, "use_custom_crossover_operator": true, "use_custom_atomicity": true, "genome_threshold": null, "include_ps_len": true, "include_sample_quantity": true, "include_wasserstein_distance": false, "include_diff_median": false, "include_atomicity": true, "include_p_value": false, "include_mean_fitness": true, "include_variance": false}, "results": [{"pattern": [90, 171], "threshold": null}, {"pattern": [248, 226], "threshold": null}, {"pattern": [27, 61], "threshold": null}, {"pattern": [16, 151], "threshold": null}, {"pattern": [103], "threshold": null}, {"pattern": [241, 34], "threshold": null}, {"pattern": [132, 30], "threshold": null}, {"pattern": [249, 43], "threshold": null}, {"pattern": [86], "threshold": null}, {"pattern": [230], "threshold": null}, {"pattern": [97, 101], "threshold": null}, {"pattern": [188, 101], "threshold": null}, {"pattern": [237, 63], "threshold": null}, {"pattern": [45], "threshold": null}, {"pattern": [65, 131], "threshold": null}, {"pattern": [241, 134], "threshold": null}, {"pattern": [177, 171], "threshold": null}, {"pattern": [13], "threshold": null}, {"pattern": [188], "threshold": null}, {"pattern": [212, 116], "threshold": null}, {"pattern": [92, 158], "threshold": null}, {"pattern": [120], "threshold": null}, {"pattern": [193, 212, 86], "threshold": null}, {"pattern": [25], "threshold": null}, {"pattern": [212], "threshold": null}, {"pattern": [202, 134], "threshold": null}, {"pattern": [25, 212], "threshold": null}, {"pattern": [208, 188], "threshold": null}, {"pattern": [224, 86], "threshold": null}, {"pattern": [88], "threshold": null}, {"pattern": [50, 188], "threshold": null}, {"pattern": [164, 158], "threshold": null}, {"pattern": [74, 132], "threshold": null}, {"pattern": [158], "threshold": null}, {"pattern": [25, 177], "threshold": null}, {"pattern": [76, 190], "threshold": null}, {"pattern": [237], "threshold": null}, {"pattern": [209, 151], "threshold": null}, {"pattern": [97, 146], "threshold": null}, {"pattern": [35, 68], "threshold": null}, {"pattern": [204, 92], "threshold": null}, {"pattern": [196, 134], "threshold": null}, {"pattern": [132], "threshold": null}, {"pattern": [196], "threshold": null}, {"pattern": [188, 93], "threshold": null}, {"pattern": [90, 77], "threshold": null}, {"pattern": [188, 167], "threshold": null}, {"pattern": [209, 202], "threshold": null}, {"pattern": [56, 38], "threshold": null}, {"pattern": [56, 204], "threshold": null}]}, {"config": {"code_name": "[CS OM CC][Len SSize MFit CAtom][GNone]", "population_size": 100, "evaluation_budget": 10000, "cluster_info_file_name": "C:\\Users\\gac8\\PycharmProjects\\PSSearch\\retail_forecasting_data_collection\\data\\cluster_info_250_random.pkl", "use_custom_sampling_operator": true, "use_custom_mutation_operator": false, "use_custom_crossover_operator": true, "use_custom_atomicity": true, "genome_threshold": null, "include_ps_len": true, "include_sample_quantity": true, "include_wasserstein_distance": false, "include_diff_median": false, "include_atomicity": true, "include_p_value": false, "include_mean_fitness": true, "include_variance": false}, "results": [{"pattern": [196, 237], "threshold": null}, {"pattern": [241, 196], "threshold": null}, {"pattern": [188, 13], "threshold": null}, {"pattern": [132, 158], "threshold": null}, {"pattern": [188, 196], "threshold": null}, {"pattern": [27, 132], "threshold": null}, {"pattern": [132, 196, 103], "threshold": null}, {"pattern": [29, 173], "threshold": null}, {"pattern": [212, 215], "threshold": null}, {"pattern": [132, 196, 13], "threshold": null}, {"pattern": [241, 212, 13], "threshold": null}, {"pattern": [132, 212, 215, 188, 13], "threshold": null}, {"pattern": [212, 188], "threshold": null}, {"pattern": [212, 188, 13], "threshold": null}, {"pattern": [132, 212, 188], "threshold": null}, {"pattern": [88, 196], "threshold": null}, {"pattern": [188, 132, 158], "threshold": null}, {"pattern": [235, 158], "threshold": null}, {"pattern": [170, 132], "threshold": null}, {"pattern": [245, 158], "threshold": null}, {"pattern": [188, 196, 86], "threshold": null}, {"pattern": [132, 188, 212, 13], "threshold": null}, {"pattern": [188, 180], "threshold": null}, {"pattern": [212, 188, 93], "threshold": null}, {"pattern": [202, 13, 215], "threshold": null}, {"pattern": [241, 103], "threshold": null}, {"pattern": [90, 196], "threshold": null}, {"pattern": [196, 102], "threshold": null}, {"pattern": [16, 158], "threshold": null}, {"pattern": [221, 13, 215], "threshold": null}, {"pattern": [180, 212, 188, 90], "threshold": null}, {"pattern": [188, 158, 196, 86], "threshold": null}, {"pattern": [132, 134], "threshold": null}, {"pattern": [34, 158], "threshold": null}, {"pattern": [132, 196, 188, 13], "threshold": null}, {"pattern": [65, 180, 212], "threshold": null}, {"pattern": [130, 13], "threshold": null}, {"pattern": [196], "threshold": null}, {"pattern": [211, 196], "threshold": null}, {"pattern": [241, 196, 188], "threshold": null}, {"pattern": [13, 215], "threshold": null}, {"pattern": [212, 38], "threshold": null}, {"pattern": [132, 212, 63], "threshold": null}, {"pattern": [241, 212], "threshold": null}, {"pattern": [86, 158], "threshold": null}, {"pattern": [188, 132], "threshold": null}, {"pattern": [86, 132, 158], "threshold": null}, {"pattern": [196, 188, 13], "threshold": null}, {"pattern": [65, 188, 212], "threshold": null}, {"pattern": [86, 158, 215], "threshold": null}, {"pattern": [212, 180, 215], "threshold": null}, {"pattern": [188], "threshold": null}, {"pattern": [132, 196], "threshold": null}, {"pattern": [188, 13, 158], "threshold": null}, {"pattern": [13, 29], "threshold": null}, {"pattern": [180, 212, 188], "threshold": null}, {"pattern": [180, 215], "threshold": null}, {"pattern": [241, 180, 188], "threshold": null}, {"pattern": [212, 86, 215, 188, 158], "threshold": null}, {"pattern": [241], "threshold": null}, {"pattern": [180, 13, 215], "threshold": null}, {"pattern": [157, 134], "threshold": null}, {"pattern": [65, 90, 212, 188], "threshold": null}, {"pattern": [196, 158], "threshold": null}, {"pattern": [132], "threshold": null}, {"pattern": [90, 212, 188], "threshold": null}, {"pattern": [86, 13, 158], "threshold": null}, {"pattern": [212, 93], "threshold": null}, {"pattern": [202, 26], "threshold": null}, {"pattern": [81, 196], "threshold": null}, {"pattern": [196, 215], "threshold": null}, {"pattern": [208, 151], "threshold": null}, {"pattern": [61, 215], "threshold": null}, {"pattern": [88, 196, 13], "threshold": null}, {"pattern": [241, 180], "threshold": null}, {"pattern": [13], "threshold": null}, {"pattern": [90, 212, 188, 86], "threshold": null}, {"pattern": [212, 180], "threshold": null}, {"pattern": [181, 158], "threshold": null}, {"pattern": [212], "threshold": null}, {"pattern": [196, 86], "threshold": null}, {"pattern": [158], "threshold": null}, {"pattern": [158, 215], "threshold": null}, {"pattern": [65, 212], "threshold": null}, {"pattern": [27, 196, 13], "threshold": null}]}, {"config": {"code_name": "[CS CM OC][Len SSize MFit CAtom][GNone]", "population_size": 100, "evaluation_budget": 10000, "cluster_info_file_name": "C:\\Users\\gac8\\PycharmProjects\\PSSearch\\retail_forecasting_data_collection\\data\\cluster_info_250_random.pkl", "use_custom_sampling_operator": true, "use_custom_mutation_operator": true, "use_custom_crossover_operator": false, "use_custom_atomicity": true, "genome_threshold": null, "include_ps_len": true, "include_sample_quantity": true, "include_wasserstein_distance": false, "include_diff_median": false, "include_atomicity": true, "include_p_value": false, "include_mean_fitness": true, "include_variance": false}, "results": [{"pattern": [49, 162], "threshold": null}, {"pattern": [217, 63], "threshold": null}, {"pattern": [204, 13], "threshold": null}, {"pattern": [103], "threshold": null}, {"pattern": [204, 63], "threshold": null}, {"pattern": [132, 157], "threshold": null}, {"pattern": [86], "threshold": null}, {"pattern": [230], "threshold": null}, {"pattern": [248, 158], "threshold": null}, {"pattern": [50, 158], "threshold": null}, {"pattern": [49, 77], "threshold": null}, {"pattern": [91, 158], "threshold": null}, {"pattern": [116, 237], "threshold": null}, {"pattern": [18, 38], "threshold": null}, {"pattern": [45], "threshold": null}, {"pattern": [16, 158], "threshold": null}, {"pattern": [92, 63], "threshold": null}, {"pattern": [212, 196], "threshold": null}, {"pattern": [27, 244], "threshold": null}, {"pattern": [13], "threshold": null}, {"pattern": [188], "threshold": null}, {"pattern": [196, 103], "threshold": null}, {"pattern": [93, 103], "threshold": null}, {"pattern": [202, 103], "threshold": null}, {"pattern": [120], "threshold": null}, {"pattern": [217, 180], "threshold": null}, {"pattern": [25], "threshold": null}, {"pattern": [212], "threshold": null}, {"pattern": [245, 47], "threshold": null}, {"pattern": [88], "threshold": null}, {"pattern": [116, 215], "threshold": null}, {"pattern": [158], "threshold": null}, {"pattern": [237], "threshold": null}, {"pattern": [34, 180], "threshold": null}, {"pattern": [202, 188], "threshold": null}, {"pattern": [235, 215], "threshold": null}, {"pattern": [56, 155], "threshold": null}, {"pattern": [132], "threshold": null}, {"pattern": [196], "threshold": null}, {"pattern": [88, 217], "threshold": null}, {"pattern": [17, 134], "threshold": null}, {"pattern": [180, 167], "threshold": null}, {"pattern": [232, 87], "threshold": null}, {"pattern": [245, 134], "threshold": null}, {"pattern": [196, 221], "threshold": null}]}]}