{"extra_info": {"version": "fallback_v1", "seed": 90}, "data": [{"config": {"code_name": "[CS CM CC][Len SSize MFit CAtom][GNone]", "population_size": 100, "evaluation_budget": 10000, "cluster_info_file_name": "C:\\Users\\gac8\\PycharmProjects\\PSSearch\\retail_forecasting_data_collection\\data\\cluster_info_250_random.pkl", "use_custom_sampling_operator": true, "use_custom_mutation_operator": true, "use_custom_crossover_operator": true, "use_custom_atomicity": true, "genome_threshold": null, "include_ps_len": true, "include_sample_quantity": true, "include_wasserstein_distance": false, "include_diff_median": false, "include_atomicity": true, "include_p_value": false, "include_mean_fitness": true, "include_variance": false}, "results": [{"pattern": [65, 226], "threshold": null}, {"pattern": [237], "threshold": null}, {"pattern": [132, 245], "threshold": null}, {"pattern": [25, 139], "threshold": null}, {"pattern": [86], "threshold": null}, {"pattern": [188], "threshold": null}, {"pattern": [65, 27], "threshold": null}, {"pattern": [221, 61], "threshold": null}, {"pattern": [232, 87], "threshold": null}, {"pattern": [132], "threshold": null}, {"pattern": [217, 158], "threshold": null}, {"pattern": [65, 241], "threshold": null}, {"pattern": [90, 188], "threshold": null}, {"pattern": [16, 74], "threshold": null}, {"pattern": [49, 212], "threshold": null}, {"pattern": [188, 164], "threshold": null}, {"pattern": [45], "threshold": null}, {"pattern": [221, 55], "threshold": null}, {"pattern": [16, 63], "threshold": null}, {"pattern": [171, 47], "threshold": null}, {"pattern": [158], "threshold": null}, {"pattern": [232, 35], "threshold": null}, {"pattern": [201, 13], "threshold": null}, {"pattern": [54], "threshold": null}, {"pattern": [120], "threshold": null}, {"pattern": [65, 164], "threshold": null}, {"pattern": [180, 63], "threshold": null}, {"pattern": [249, 239], "threshold": null}, {"pattern": [212, 93], "threshold": null}, {"pattern": [103], "threshold": null}, {"pattern": [93, 13], "threshold": null}, {"pattern": [188, 158, 103], "threshold": null}, {"pattern": [158, 127], "threshold": null}, {"pattern": [27, 212], "threshold": null}, {"pattern": [25, 235], "threshold": null}, {"pattern": [177, 151], "threshold": null}, {"pattern": [230], "threshold": null}, {"pattern": [212], "threshold": null}, {"pattern": [90, 146], "threshold": null}, {"pattern": [88], "threshold": null}, {"pattern": [184, 63], "threshold": null}, {"pattern": [235, 103], "threshold": null}, {"pattern": [241, 212], "threshold": null}, {"pattern": [25], "threshold": null}, {"pattern": [13], "threshold": null}, {"pattern": [25, 215], "threshold": null}, {"pattern": [81, 13], "threshold": null}, {"pattern": [184, 221], "threshold": null}, {"pattern": [90, 134], "threshold": null}, {"pattern": [65], "threshold": null}, {"pattern": [26, 188], "threshold": null}, {"pattern": [244, 239], "threshold": null}, {"pattern": [177, 188], "threshold": null}, {"pattern": [29, 13], "threshold": null}, {"pattern": [188, 182], "threshold": null}, {"pattern": [34, 190], "threshold": null}]}, {"config": {"code_name": "[CS CM CC][SSize MFit CAtom][GNone]", "population_size": 100, "evaluation_budget": 10000, "cluster_info_file_name": "C:\\Users\\gac8\\PycharmProjects\\PSSearch\\retail_forecasting_data_collection\\data\\cluster_info_250_random.pkl", "use_custom_sampling_operator": true, "use_custom_mutation_operator": true, "use_custom_crossover_operator": true, "use_custom_atomicity": true, "genome_threshold": null, "include_ps_len": false, "include_sample_quantity": true, "include_wasserstein_distance": false, "include_diff_median": false, "include_atomicity": true, "include_p_value": false, "include_mean_fitness": true, "include_variance": false}, "results": [{"pattern": [212], "threshold": null}, {"pattern": [90, 164], "threshold": null}, {"pattern": [88], "threshold": null}, {"pattern": [13], "threshold": null}, {"pattern": [188, 63], "threshold": null}, {"pattern": [90, 180], "threshold": null}, {"pattern": [181, 158], "threshold": null}, {"pattern": [225, 103], "threshold": null}, {"pattern": [196, 13], "threshold": null}, {"pattern": [232, 132], "threshold": null}, {"pattern": [65, 103], "threshold": null}, {"pattern": [103, 55], "threshold": null}, {"pattern": [86], "threshold": null}, {"pattern": [237], "threshold": null}, {"pattern": [88, 134], "threshold": null}, {"pattern": [90, 55], "threshold": null}, {"pattern": [37, 38], "threshold": null}, {"pattern": [51, 215], "threshold": null}, {"pattern": [241, 180], "threshold": null}, {"pattern": [34, 188], "threshold": null}, {"pattern": [134, 215], "threshold": null}, {"pattern": [75, 13], "threshold": null}, {"pattern": [224, 193], "threshold": null}, {"pattern": [91, 188], "threshold": null}, {"pattern": [158], "threshold": null}, {"pattern": [224, 244], "threshold": null}, {"pattern": [65, 180], "threshold": null}, {"pattern": [65], "threshold": null}, {"pattern": [11, 77], "threshold": null}, {"pattern": [103], "threshold": null}, {"pattern": [132], "threshold": null}, {"pattern": [244, 247], "threshold": null}, {"pattern": [139, 92], "threshold": null}, {"pattern": [208, 139], "threshold": null}, {"pattern": [75, 132], "threshold": null}, {"pattern": [202, 47], "threshold": null}, {"pattern": [188], "threshold": null}, {"pattern": [204, 158], "threshold": null}, {"pattern": [132, 116], "threshold": null}, {"pattern": [212, 61], "threshold": null}, {"pattern": [92, 165], "threshold": null}, {"pattern": [188, 205], "threshold": null}, {"pattern": [74, 158], "threshold": null}, {"pattern": [81, 165], "threshold": null}, {"pattern": [49, 13], "threshold": null}, {"pattern": [27, 212, 86], "threshold": null}, {"pattern": [90, 158], "threshold": null}, {"pattern": [132, 13], "threshold": null}, {"pattern": [11, 205], "threshold": null}]}, {"config": {"code_name": "[CS CM CC][Len MFit CAtom][GNone]", "population_size": 100, "evaluation_budget": 10000, "cluster_info_file_name": "C:\\Users\\gac8\\PycharmProjects\\PSSearch\\retail_forecasting_data_collection\\data\\cluster_info_250_random.pkl", "use_custom_sampling_operator": true, "use_custom_mutation_operator": true, "use_custom_crossover_operator": true, "use_custom_atomicity": true, "genome_threshold": null, "include_ps_len": true, "include_sample_quantity": false, "include_wasserstein_distance": false, "include_diff_median": false, "include_atomicity": true, "include_p_value": false, "include_mean_fitness": true, "include_variance": false}, "results": [{"pattern": [120], "threshold": null}, {"pattern": [248, 190], "threshold": null}, {"pattern": [17, 134], "threshold": null}, {"pattern": [25, 63], "threshold": null}, {"pattern": [76, 190], "threshold": null}, {"pattern": [249, 146], "threshold": null}, {"pattern": [16, 237], "threshold": null}]}, {"config": {"code_name": "[CS CM CC][Len SSize CAtom][GNone]", "population_size": 100, "evaluation_budget": 10000, "cluster_info_file_name": "C:\\Users\\gac8\\PycharmProjects\\PSSearch\\retail_forecasting_data_collection\\data\\cluster_info_250_random.pkl", "use_custom_sampling_operator": true, "use_custom_mutation_operator": true, "use_custom_crossover_operator": true, "use_custom_atomicity": true, "genome_threshold": null, "include_ps_len": true, "include_sample_quantity": true, "include_wasserstein_distance": false, "include_diff_median": false, "include_atomicity": true, "include_p_value": false, "include_mean_fitness": false, "include_variance": false}, "results": [{"pattern": [179, 71], "threshold": null}, {"pattern": [188, 103], "threshold": null}, {"pattern": [188], "threshold": null}, {"pattern": [34, 188], "threshold": null}, {"pattern": [146, 101], "threshold": null}, {"pattern": [16, 116], "threshold": null}]}, {"config": {"code_name": "[CS CM CC][Len SSize MFit][GNone]", "population_size": 100, "evaluation_budget": 10000, "cluster_info_file_name": "C:\\Users\\gac8\\PycharmProjects\\PSSearch\\retail_forecasting_data_collection\\data\\cluster_info_250_random.pkl", "use_custom_sampling_operator": true, "use_custom_mutation_operator": true, "use_custom_crossover_operator": true, "use_custom_atomicity": true, "genome_threshold": null, "include_ps_len": true, "include_sample_quantity": true, "include_wasserstein_distance": false, "include_diff_median": false, "include_atomicity": false, "include_p_value": false, "include_mean_fitness": true, "include_variance": false}, "results": [{"pattern": [188, 132], "threshold": null}, {"pattern": [90, 86], "threshold": null}, {"pattern": [212], "threshold": null}, {"pattern": [88], "threshold": null}, {"pattern": [25], "threshold": null}, {"pattern": [230], "threshold": null}, {"pattern": [180, 215], "threshold": null}, {"pattern": [132], "threshold": null}, {"pattern": [188], "threshold": null}, {"pattern": [120], "threshold": null}, {"pattern": [86], "threshold": null}, {"pattern": [212, 116], "threshold": null}, {"pattern": [180, 103], "threshold": null}, {"pattern": [25, 215], "threshold": null}, {"pattern": [180, 158], "threshold": null}, {"pattern": [212, 221], "threshold": null}, {"pattern": [54], "threshold": null}, {"pattern": [65, 132], "threshold": null}, {"pattern": [45], "threshold": null}, {"pattern": [237], "threshold": null}, {"pattern": [65, 237], "threshold": null}, {"pattern": [65], "threshold": null}, {"pattern": [65, 215], "threshold": null}, {"pattern": [13], "threshold": null}, {"pattern": [132, 116], "threshold": null}, {"pattern": [103], "threshold": null}, {"pattern": [16, 158], "threshold": null}, {"pattern": [158], "threshold": null}, {"pattern": [16, 86], "threshold": null}]}, {"config": {"code_name": "[OS CM CC][Len SSize MFit CAtom][GNone]", "population_size": 100, "evaluation_budget": 10000, "cluster_info_file_name": "C:\\Users\\gac8\\PycharmProjects\\PSSearch\\retail_forecasting_data_collection\\data\\cluster_info_250_random.pkl", "use_custom_sampling_operator": false, "use_custom_mutation_operator": true, "use_custom_crossover_operator": true, "use_custom_atomicity": true, "genome_threshold": null, "include_ps_len": true, "include_sample_quantity": true, "include_wasserstein_distance": false, "include_diff_median": false, "include_atomicity": true, "include_p_value": false, "include_mean_fitness": true, "include_variance": false}, "results": [{"pattern": [237], "threshold": null}, {"pattern": [65, 180], "threshold": null}, {"pattern": [212, 87], "threshold": null}, {"pattern": [132, 61], "threshold": null}, {"pattern": [86], "threshold": null}, {"pattern": [188], "threshold": null}, {"pattern": [86, 103], "threshold": null}, {"pattern": [132], "threshold": null}, {"pattern": [49, 74], "threshold": null}, {"pattern": [16, 116], "threshold": null}, {"pattern": [241, 34], "threshold": null}, {"pattern": [45], "threshold": null}, {"pattern": [35, 30], "threshold": null}, {"pattern": [158], "threshold": null}, {"pattern": [34, 87], "threshold": null}, {"pattern": [202, 158], "threshold": null}, {"pattern": [54], "threshold": null}, {"pattern": [120], "threshold": null}, {"pattern": [202, 196], "threshold": null}, {"pattern": [162, 196], "threshold": null}, {"pattern": [61, 63], "threshold": null}, {"pattern": [103], "threshold": null}, {"pattern": [86, 215], "threshold": null}, {"pattern": [93, 13], "threshold": null}, {"pattern": [235, 158], "threshold": null}, {"pattern": [217, 215], "threshold": null}, {"pattern": [132, 134], "threshold": null}, {"pattern": [16, 90], "threshold": null}, {"pattern": [162, 221], "threshold": null}, {"pattern": [88, 103], "threshold": null}, {"pattern": [230], "threshold": null}, {"pattern": [212], "threshold": null}, {"pattern": [183, 63], "threshold": null}, {"pattern": [196, 158], "threshold": null}, {"pattern": [88], "threshold": null}, {"pattern": [25], "threshold": null}, {"pattern": [13], "threshold": null}, {"pattern": [217, 116], "threshold": null}, {"pattern": [76, 29], "threshold": null}, {"pattern": [146, 101], "threshold": null}, {"pattern": [35, 68], "threshold": null}, {"pattern": [192, 101], "threshold": null}, {"pattern": [65], "threshold": null}, {"pattern": [65, 237], "threshold": null}, {"pattern": [177, 188], "threshold": null}, {"pattern": [209, 188], "threshold": null}, {"pattern": [66, 63], "threshold": null}, {"pattern": [65, 13, 215], "threshold": null}]}, {"config": {"code_name": "[CS OM CC][Len SSize MFit CAtom][GNone]", "population_size": 100, "evaluation_budget": 10000, "cluster_info_file_name": "C:\\Users\\gac8\\PycharmProjects\\PSSearch\\retail_forecasting_data_collection\\data\\cluster_info_250_random.pkl", "use_custom_sampling_operator": true, "use_custom_mutation_operator": false, "use_custom_crossover_operator": true, "use_custom_atomicity": true, "genome_threshold": null, "include_ps_len": true, "include_sample_quantity": true, "include_wasserstein_distance": false, "include_diff_median": false, "include_atomicity": true, "include_p_value": false, "include_mean_fitness": true, "include_variance": false}, "results": [{"pattern": [180, 27, 212], "threshold": null}, {"pattern": [212, 13, 103], "threshold": null}, {"pattern": [50, 188], "threshold": null}, {"pattern": [248, 212], "threshold": null}, {"pattern": [196, 103], "threshold": null}, {"pattern": [188, 212, 86, 103], "threshold": null}, {"pattern": [137, 212], "threshold": null}, {"pattern": [212, 188, 134], "threshold": null}, {"pattern": [153, 196], "threshold": null}, {"pattern": [188], "threshold": null}, {"pattern": [180, 212, 245], "threshold": null}, {"pattern": [221, 61], "threshold": null}, {"pattern": [180, 212, 215], "threshold": null}, {"pattern": [221, 215], "threshold": null}, {"pattern": [196, 212, 103], "threshold": null}, {"pattern": [212, 134, 103], "threshold": null}, {"pattern": [235, 212], "threshold": null}, {"pattern": [212, 221, 215], "threshold": null}, {"pattern": [202, 212, 188], "threshold": null}, {"pattern": [212, 188], "threshold": null}, {"pattern": [16, 196], "threshold": null}, {"pattern": [86, 95], "threshold": null}, {"pattern": [196, 173], "threshold": null}, {"pattern": [196, 86, 103], "threshold": null}, {"pattern": [116, 188, 197], "threshold": null}, {"pattern": [212, 63], "threshold": null}, {"pattern": [90, 221, 215], "threshold": null}, {"pattern": [180, 212, 158], "threshold": null}, {"pattern": [212, 188, 134, 103], "threshold": null}, {"pattern": [188, 196], "threshold": null}, {"pattern": [8, 19], "threshold": null}, {"pattern": [196, 53], "threshold": null}, {"pattern": [190, 103], "threshold": null}, {"pattern": [212, 61], "threshold": null}, {"pattern": [76, 61], "threshold": null}, {"pattern": [212, 188, 134, 215], "threshold": null}, {"pattern": [61, 30], "threshold": null}, {"pattern": [180, 212, 86], "threshold": null}, {"pattern": [180, 215], "threshold": null}, {"pattern": [132, 212], "threshold": null}, {"pattern": [116, 61], "threshold": null}, {"pattern": [103], "threshold": null}, {"pattern": [204, 61], "threshold": null}, {"pattern": [95], "threshold": null}, {"pattern": [116, 188], "threshold": null}, {"pattern": [61, 103], "threshold": null}, {"pattern": [16, 212], "threshold": null}, {"pattern": [212, 103], "threshold": null}, {"pattern": [196, 102], "threshold": null}, {"pattern": [88, 212, 103], "threshold": null}, {"pattern": [196, 61], "threshold": null}, {"pattern": [212, 54], "threshold": null}, {"pattern": [188, 212, 180, 86], "threshold": null}, {"pattern": [63, 215], "threshold": null}, {"pattern": [212], "threshold": null}, {"pattern": [196], "threshold": null}, {"pattern": [235, 196], "threshold": null}, {"pattern": [180, 212], "threshold": null}, {"pattern": [196, 215], "threshold": null}, {"pattern": [61], "threshold": null}, {"pattern": [180, 86], "threshold": null}, {"pattern": [212, 188, 103], "threshold": null}, {"pattern": [13, 181], "threshold": null}, {"pattern": [212, 63, 215], "threshold": null}, {"pattern": [215, 167], "threshold": null}, {"pattern": [212, 86], "threshold": null}, {"pattern": [212, 188, 63], "threshold": null}, {"pattern": [241, 196], "threshold": null}, {"pattern": [158, 215], "threshold": null}, {"pattern": [202, 188, 103], "threshold": null}, {"pattern": [61, 215], "threshold": null}, {"pattern": [212, 38], "threshold": null}, {"pattern": [196, 190], "threshold": null}]}, {"config": {"code_name": "[CS CM OC][Len SSize MFit CAtom][GNone]", "population_size": 100, "evaluation_budget": 10000, "cluster_info_file_name": "C:\\Users\\gac8\\PycharmProjects\\PSSearch\\retail_forecasting_data_collection\\data\\cluster_info_250_random.pkl", "use_custom_sampling_operator": true, "use_custom_mutation_operator": true, "use_custom_crossover_operator": false, "use_custom_atomicity": true, "genome_threshold": null, "include_ps_len": true, "include_sample_quantity": true, "include_wasserstein_distance": false, "include_diff_median": false, "include_atomicity": true, "include_p_value": false, "include_mean_fitness": true, "include_variance": false}, "results": [{"pattern": [195, 188], "threshold": null}, {"pattern": [237], "threshold": null}, {"pattern": [16, 151], "threshold": null}, {"pattern": [86], "threshold": null}, {"pattern": [177, 212], "threshold": null}, {"pattern": [188], "threshold": null}, {"pattern": [132], "threshold": null}, {"pattern": [82, 109], "threshold": null}, {"pattern": [188, 71], "threshold": null}, {"pattern": [27, 204], "threshold": null}, {"pattern": [162, 212], "threshold": null}, {"pattern": [116, 237], "threshold": null}, {"pattern": [16, 245], "threshold": null}, {"pattern": [180, 237], "threshold": null}, {"pattern": [180, 37], "threshold": null}, {"pattern": [16, 196], "threshold": null}, {"pattern": [122, 205], "threshold": null}, {"pattern": [208, 139], "threshold": null}, {"pattern": [1, 241], "threshold": null}, {"pattern": [45], "threshold": null}, {"pattern": [204, 158], "threshold": null}, {"pattern": [248, 63], "threshold": null}, {"pattern": [158], "threshold": null}, {"pattern": [232, 35], "threshold": null}, {"pattern": [82, 122], "threshold": null}, {"pattern": [241, 134], "threshold": null}, {"pattern": [132, 103], "threshold": null}, {"pattern": [54], "threshold": null}, {"pattern": [120], "threshold": null}, {"pattern": [134, 30], "threshold": null}, {"pattern": [103], "threshold": null}, {"pattern": [212, 119], "threshold": null}, {"pattern": [26, 19], "threshold": null}, {"pattern": [132, 93], "threshold": null}, {"pattern": [74, 212], "threshold": null}, {"pattern": [248, 190], "threshold": null}, {"pattern": [212, 103], "threshold": null}, {"pattern": [230], "threshold": null}, {"pattern": [212], "threshold": null}, {"pattern": [235, 134], "threshold": null}, {"pattern": [88], "threshold": null}, {"pattern": [13, 127], "threshold": null}, {"pattern": [25], "threshold": null}, {"pattern": [196, 30], "threshold": null}, {"pattern": [13], "threshold": null}, {"pattern": [195, 135], "threshold": null}, {"pattern": [241, 171], "threshold": null}, {"pattern": [146, 149], "threshold": null}, {"pattern": [91, 13], "threshold": null}, {"pattern": [65], "threshold": null}]}]}