{"extra_info": {"version": "fallback_v1", "seed": 15}, "data": [{"config": {"code_name": "[CS CM CC][Len SSize MFit CAtom][GNone]", "population_size": 100, "evaluation_budget": 10000, "cluster_info_file_name": "C:\\Users\\gac8\\PycharmProjects\\PSSearch\\retail_forecasting_data_collection\\data\\cluster_info_250_random.pkl", "use_custom_sampling_operator": true, "use_custom_mutation_operator": true, "use_custom_crossover_operator": true, "use_custom_atomicity": true, "genome_threshold": null, "include_ps_len": true, "include_sample_quantity": true, "include_wasserstein_distance": false, "include_diff_median": false, "include_atomicity": true, "include_p_value": false, "include_mean_fitness": true, "include_variance": false}, "results": [{"pattern": [180, 215], "threshold": null}, {"pattern": [235, 196], "threshold": null}, {"pattern": [158], "threshold": null}, {"pattern": [25, 63], "threshold": null}, {"pattern": [18, 63], "threshold": null}, {"pattern": [13, 30], "threshold": null}, {"pattern": [195, 239], "threshold": null}, {"pattern": [88], "threshold": null}, {"pattern": [188, 215], "threshold": null}, {"pattern": [132, 13], "threshold": null}, {"pattern": [241, 215], "threshold": null}, {"pattern": [45], "threshold": null}, {"pattern": [49, 109], "threshold": null}, {"pattern": [86], "threshold": null}, {"pattern": [132], "threshold": null}, {"pattern": [90, 158], "threshold": null}, {"pattern": [90, 27], "threshold": null}, {"pattern": [241, 188], "threshold": null}, {"pattern": [212, 38], "threshold": null}, {"pattern": [232, 109], "threshold": null}, {"pattern": [211, 13], "threshold": null}, {"pattern": [180, 37], "threshold": null}, {"pattern": [224, 196], "threshold": null}, {"pattern": [193, 215], "threshold": null}, {"pattern": [16, 90], "threshold": null}, {"pattern": [202, 221], "threshold": null}, {"pattern": [13], "threshold": null}, {"pattern": [27, 212], "threshold": null}, {"pattern": [196], "threshold": null}, {"pattern": [90, 86], "threshold": null}, {"pattern": [25], "threshold": null}, {"pattern": [65], "threshold": null}, {"pattern": [188], "threshold": null}, {"pattern": [217, 134], "threshold": null}, {"pattern": [230], "threshold": null}, {"pattern": [188, 71], "threshold": null}, {"pattern": [212], "threshold": null}, {"pattern": [43, 149], "threshold": null}, {"pattern": [86, 127], "threshold": null}, {"pattern": [29, 13], "threshold": null}, {"pattern": [103], "threshold": null}, {"pattern": [37, 63], "threshold": null}, {"pattern": [25, 134], "threshold": null}, {"pattern": [217, 237], "threshold": null}, {"pattern": [215, 127], "threshold": null}, {"pattern": [4, 63], "threshold": null}, {"pattern": [237, 158], "threshold": null}, {"pattern": [81, 103], "threshold": null}, {"pattern": [93], "threshold": null}, {"pattern": [232, 52], "threshold": null}, {"pattern": [86, 167], "threshold": null}, {"pattern": [237], "threshold": null}, {"pattern": [120], "threshold": null}]}, {"config": {"code_name": "[CS CM CC][SSize MFit CAtom][GNone]", "population_size": 100, "evaluation_budget": 10000, "cluster_info_file_name": "C:\\Users\\gac8\\PycharmProjects\\PSSearch\\retail_forecasting_data_collection\\data\\cluster_info_250_random.pkl", "use_custom_sampling_operator": true, "use_custom_mutation_operator": true, "use_custom_crossover_operator": true, "use_custom_atomicity": true, "genome_threshold": null, "include_ps_len": false, "include_sample_quantity": true, "include_wasserstein_distance": false, "include_diff_median": false, "include_atomicity": true, "include_p_value": false, "include_mean_fitness": true, "include_variance": false}, "results": [{"pattern": [249, 43], "threshold": null}, {"pattern": [158], "threshold": null}, {"pattern": [212, 127], "threshold": null}, {"pattern": [162, 103], "threshold": null}, {"pattern": [50, 245], "threshold": null}, {"pattern": [18, 37], "threshold": null}, {"pattern": [132, 63], "threshold": null}, {"pattern": [169, 132], "threshold": null}, {"pattern": [74, 116], "threshold": null}, {"pattern": [65, 27], "threshold": null}, {"pattern": [171, 151], "threshold": null}, {"pattern": [90, 13], "threshold": null}, {"pattern": [212, 86], "threshold": null}, {"pattern": [132], "threshold": null}, {"pattern": [27, 158], "threshold": null}, {"pattern": [16, 204], "threshold": null}, {"pattern": [134, 86], "threshold": null}, {"pattern": [61, 63], "threshold": null}, {"pattern": [212], "threshold": null}, {"pattern": [211, 134], "threshold": null}, {"pattern": [202, 74], "threshold": null}, {"pattern": [196], "threshold": null}, {"pattern": [16, 241], "threshold": null}, {"pattern": [27, 204], "threshold": null}, {"pattern": [237, 158], "threshold": null}, {"pattern": [181, 158], "threshold": null}, {"pattern": [202, 43], "threshold": null}, {"pattern": [180, 13], "threshold": null}, {"pattern": [103], "threshold": null}, {"pattern": [90, 27], "threshold": null}, {"pattern": [158, 63], "threshold": null}, {"pattern": [158, 167], "threshold": null}, {"pattern": [24, 27], "threshold": null}, {"pattern": [196, 237], "threshold": null}, {"pattern": [224, 86], "threshold": null}, {"pattern": [237], "threshold": null}, {"pattern": [188], "threshold": null}, {"pattern": [13], "threshold": null}, {"pattern": [205, 109], "threshold": null}, {"pattern": [65, 244], "threshold": null}, {"pattern": [181, 127], "threshold": null}, {"pattern": [226, 76], "threshold": null}, {"pattern": [65], "threshold": null}, {"pattern": [37, 38], "threshold": null}, {"pattern": [215, 86, 103], "threshold": null}, {"pattern": [86], "threshold": null}]}, {"config": {"code_name": "[CS CM CC][Len MFit CAtom][GNone]", "population_size": 100, "evaluation_budget": 10000, "cluster_info_file_name": "C:\\Users\\gac8\\PycharmProjects\\PSSearch\\retail_forecasting_data_collection\\data\\cluster_info_250_random.pkl", "use_custom_sampling_operator": true, "use_custom_mutation_operator": true, "use_custom_crossover_operator": true, "use_custom_atomicity": true, "genome_threshold": null, "include_ps_len": true, "include_sample_quantity": false, "include_wasserstein_distance": false, "include_diff_median": false, "include_atomicity": true, "include_p_value": false, "include_mean_fitness": true, "include_variance": false}, "results": [{"pattern": [74, 35], "threshold": null}, {"pattern": [184, 30], "threshold": null}, {"pattern": [88, 134], "threshold": null}, {"pattern": [120], "threshold": null}, {"pattern": [235, 134], "threshold": null}, {"pattern": [237, 103], "threshold": null}, {"pattern": [16, 197], "threshold": null}]}, {"config": {"code_name": "[CS CM CC][Len SSize CAtom][GNone]", "population_size": 100, "evaluation_budget": 10000, "cluster_info_file_name": "C:\\Users\\gac8\\PycharmProjects\\PSSearch\\retail_forecasting_data_collection\\data\\cluster_info_250_random.pkl", "use_custom_sampling_operator": true, "use_custom_mutation_operator": true, "use_custom_crossover_operator": true, "use_custom_atomicity": true, "genome_threshold": null, "include_ps_len": true, "include_sample_quantity": true, "include_wasserstein_distance": false, "include_diff_median": false, "include_atomicity": true, "include_p_value": false, "include_mean_fitness": false, "include_variance": false}, "results": [{"pattern": [24, 212], "threshold": null}, {"pattern": [188, 63], "threshold": null}, {"pattern": [65, 221], "threshold": null}, {"pattern": [196, 180], "threshold": null}, {"pattern": [50, 188], "threshold": null}, {"pattern": [212, 244], "threshold": null}, {"pattern": [82, 188], "threshold": null}, {"pattern": [25, 212], "threshold": null}, {"pattern": [188], "threshold": null}, {"pattern": [232, 119], "threshold": null}, {"pattern": [38, 63], "threshold": null}, {"pattern": [235, 212], "threshold": null}]}, {"config": {"code_name": "[CS CM CC][Len SSize MFit][GNone]", "population_size": 100, "evaluation_budget": 10000, "cluster_info_file_name": "C:\\Users\\gac8\\PycharmProjects\\PSSearch\\retail_forecasting_data_collection\\data\\cluster_info_250_random.pkl", "use_custom_sampling_operator": true, "use_custom_mutation_operator": true, "use_custom_crossover_operator": true, "use_custom_atomicity": true, "genome_threshold": null, "include_ps_len": true, "include_sample_quantity": true, "include_wasserstein_distance": false, "include_diff_median": false, "include_atomicity": false, "include_p_value": false, "include_mean_fitness": true, "include_variance": false}, "results": [{"pattern": [241, 132], "threshold": null}, {"pattern": [88], "threshold": null}, {"pattern": [90, 237], "threshold": null}, {"pattern": [120], "threshold": null}, {"pattern": [16, 103], "threshold": null}, {"pattern": [132, 63], "threshold": null}, {"pattern": [25], "threshold": null}, {"pattern": [88, 63], "threshold": null}, {"pattern": [103], "threshold": null}, {"pattern": [13], "threshold": null}, {"pattern": [45], "threshold": null}, {"pattern": [212, 13], "threshold": null}, {"pattern": [212], "threshold": null}, {"pattern": [132], "threshold": null}, {"pattern": [65], "threshold": null}, {"pattern": [132, 215], "threshold": null}, {"pattern": [132, 86], "threshold": null}, {"pattern": [230], "threshold": null}, {"pattern": [16, 86], "threshold": null}, {"pattern": [237], "threshold": null}, {"pattern": [212, 93], "threshold": null}, {"pattern": [158], "threshold": null}, {"pattern": [196], "threshold": null}, {"pattern": [86, 95], "threshold": null}, {"pattern": [93], "threshold": null}, {"pattern": [188], "threshold": null}, {"pattern": [86], "threshold": null}, {"pattern": [13, 215], "threshold": null}, {"pattern": [65, 196], "threshold": null}]}, {"config": {"code_name": "[OS CM CC][Len SSize MFit CAtom][GNone]", "population_size": 100, "evaluation_budget": 10000, "cluster_info_file_name": "C:\\Users\\gac8\\PycharmProjects\\PSSearch\\retail_forecasting_data_collection\\data\\cluster_info_250_random.pkl", "use_custom_sampling_operator": false, "use_custom_mutation_operator": true, "use_custom_crossover_operator": true, "use_custom_atomicity": true, "genome_threshold": null, "include_ps_len": true, "include_sample_quantity": true, "include_wasserstein_distance": false, "include_diff_median": false, "include_atomicity": true, "include_p_value": false, "include_mean_fitness": true, "include_variance": false}, "results": [{"pattern": [77, 63], "threshold": null}, {"pattern": [65, 182], "threshold": null}, {"pattern": [188, 167], "threshold": null}, {"pattern": [132, 30], "threshold": null}, {"pattern": [221, 55], "threshold": null}, {"pattern": [27, 132], "threshold": null}, {"pattern": [158], "threshold": null}, {"pattern": [88], "threshold": null}, {"pattern": [45], "threshold": null}, {"pattern": [86], "threshold": null}, {"pattern": [132], "threshold": null}, {"pattern": [158, 86], "threshold": null}, {"pattern": [232, 103], "threshold": null}, {"pattern": [43, 215], "threshold": null}, {"pattern": [30, 103], "threshold": null}, {"pattern": [139, 92], "threshold": null}, {"pattern": [245, 134], "threshold": null}, {"pattern": [233, 82], "threshold": null}, {"pattern": [212, 13], "threshold": null}, {"pattern": [16, 197], "threshold": null}, {"pattern": [8, 188], "threshold": null}, {"pattern": [13], "threshold": null}, {"pattern": [25, 215], "threshold": null}, {"pattern": [196], "threshold": null}, {"pattern": [97, 146], "threshold": null}, {"pattern": [25], "threshold": null}, {"pattern": [225, 151], "threshold": null}, {"pattern": [65], "threshold": null}, {"pattern": [33, 202], "threshold": null}, {"pattern": [188], "threshold": null}, {"pattern": [230], "threshold": null}, {"pattern": [244, 247], "threshold": null}, {"pattern": [233, 37], "threshold": null}, {"pattern": [212], "threshold": null}, {"pattern": [119, 103], "threshold": null}, {"pattern": [103], "threshold": null}, {"pattern": [80, 229], "threshold": null}, {"pattern": [188, 158], "threshold": null}, {"pattern": [61, 173], "threshold": null}, {"pattern": [120], "threshold": null}, {"pattern": [196, 13], "threshold": null}, {"pattern": [65, 226], "threshold": null}, {"pattern": [93], "threshold": null}, {"pattern": [237], "threshold": null}, {"pattern": [235, 55], "threshold": null}, {"pattern": [19, 180], "threshold": null}, {"pattern": [65, 221], "threshold": null}]}, {"config": {"code_name": "[CS OM CC][Len SSize MFit CAtom][GNone]", "population_size": 100, "evaluation_budget": 10000, "cluster_info_file_name": "C:\\Users\\gac8\\PycharmProjects\\PSSearch\\retail_forecasting_data_collection\\data\\cluster_info_250_random.pkl", "use_custom_sampling_operator": true, "use_custom_mutation_operator": false, "use_custom_crossover_operator": true, "use_custom_atomicity": true, "genome_threshold": null, "include_ps_len": true, "include_sample_quantity": true, "include_wasserstein_distance": false, "include_diff_median": false, "include_atomicity": true, "include_p_value": false, "include_mean_fitness": true, "include_variance": false}, "results": [{"pattern": [65, 158, 86], "threshold": null}, {"pattern": [65, 196], "threshold": null}, {"pattern": [74, 212], "threshold": null}, {"pattern": [196, 158, 215], "threshold": null}, {"pattern": [132, 196, 103], "threshold": null}, {"pattern": [158], "threshold": null}, {"pattern": [188, 196, 90, 215], "threshold": null}, {"pattern": [188, 215], "threshold": null}, {"pattern": [241, 188, 196], "threshold": null}, {"pattern": [212, 87], "threshold": null}, {"pattern": [196, 158], "threshold": null}, {"pattern": [196, 237], "threshold": null}, {"pattern": [249, 146, 195, 212], "threshold": null}, {"pattern": [196, 212, 215, 202, 188], "threshold": null}, {"pattern": [25, 188, 215], "threshold": null}, {"pattern": [188, 196, 158], "threshold": null}, {"pattern": [181], "threshold": null}, {"pattern": [212, 38], "threshold": null}, {"pattern": [212, 196, 188], "threshold": null}, {"pattern": [65, 90, 196], "threshold": null}, {"pattern": [196, 103], "threshold": null}, {"pattern": [25, 158], "threshold": null}, {"pattern": [235, 212, 215], "threshold": null}, {"pattern": [212, 167], "threshold": null}, {"pattern": [196, 180, 215], "threshold": null}, {"pattern": [212, 77], "threshold": null}, {"pattern": [27, 196], "threshold": null}, {"pattern": [235, 212], "threshold": null}, {"pattern": [132, 188, 196], "threshold": null}, {"pattern": [212, 93], "threshold": null}, {"pattern": [196], "threshold": null}, {"pattern": [162, 158], "threshold": null}, {"pattern": [180, 188, 196, 212], "threshold": null}, {"pattern": [196, 215], "threshold": null}, {"pattern": [25], "threshold": null}, {"pattern": [188, 196], "threshold": null}, {"pattern": [65, 196, 188], "threshold": null}, {"pattern": [196, 212, 180, 215, 188], "threshold": null}, {"pattern": [164, 212, 215], "threshold": null}, {"pattern": [177, 158], "threshold": null}, {"pattern": [65, 158, 212, 86], "threshold": null}, {"pattern": [188, 196, 215], "threshold": null}, {"pattern": [196, 212, 215], "threshold": null}, {"pattern": [212, 134, 215], "threshold": null}, {"pattern": [196, 181], "threshold": null}, {"pattern": [188, 212], "threshold": null}, {"pattern": [212], "threshold": null}, {"pattern": [212, 196, 188, 215], "threshold": null}, {"pattern": [241, 196], "threshold": null}, {"pattern": [188, 212, 215], "threshold": null}, {"pattern": [56, 63], "threshold": null}, {"pattern": [65, 90, 212, 196], "threshold": null}, {"pattern": [212, 181], "threshold": null}, {"pattern": [65, 212, 86], "threshold": null}, {"pattern": [82, 77], "threshold": null}, {"pattern": [212, 215], "threshold": null}, {"pattern": [132, 196, 188, 215], "threshold": null}, {"pattern": [202, 196], "threshold": null}, {"pattern": [237, 158], "threshold": null}, {"pattern": [180, 188, 212, 215], "threshold": null}, {"pattern": [188, 196, 86, 215], "threshold": null}, {"pattern": [180, 196, 188, 215], "threshold": null}, {"pattern": [146, 195, 212], "threshold": null}, {"pattern": [212, 221], "threshold": null}, {"pattern": [158, 167], "threshold": null}, {"pattern": [212, 221, 215], "threshold": null}, {"pattern": [177, 212], "threshold": null}]}, {"config": {"code_name": "[CS CM OC][Len SSize MFit CAtom][GNone]", "population_size": 100, "evaluation_budget": 10000, "cluster_info_file_name": "C:\\Users\\gac8\\PycharmProjects\\PSSearch\\retail_forecasting_data_collection\\data\\cluster_info_250_random.pkl", "use_custom_sampling_operator": true, "use_custom_mutation_operator": true, "use_custom_crossover_operator": false, "use_custom_atomicity": true, "genome_threshold": null, "include_ps_len": true, "include_sample_quantity": true, "include_wasserstein_distance": false, "include_diff_median": false, "include_atomicity": true, "include_p_value": false, "include_mean_fitness": true, "include_variance": false}, "results": [{"pattern": [134, 87], "threshold": null}, {"pattern": [209, 59], "threshold": null}, {"pattern": [249, 239], "threshold": null}, {"pattern": [158], "threshold": null}, {"pattern": [208, 50], "threshold": null}, {"pattern": [88], "threshold": null}, {"pattern": [45], "threshold": null}, {"pattern": [86], "threshold": null}, {"pattern": [50, 158], "threshold": null}, {"pattern": [132], "threshold": null}, {"pattern": [212, 196], "threshold": null}, {"pattern": [90, 27], "threshold": null}, {"pattern": [158, 86], "threshold": null}, {"pattern": [225, 132], "threshold": null}, {"pattern": [233, 82], "threshold": null}, {"pattern": [248, 76], "threshold": null}, {"pattern": [25, 13], "threshold": null}, {"pattern": [134, 30], "threshold": null}, {"pattern": [13], "threshold": null}, {"pattern": [92, 86], "threshold": null}, {"pattern": [196], "threshold": null}, {"pattern": [212, 93], "threshold": null}, {"pattern": [100, 222], "threshold": null}, {"pattern": [25], "threshold": null}, {"pattern": [65], "threshold": null}, {"pattern": [137, 212], "threshold": null}, {"pattern": [132, 158], "threshold": null}, {"pattern": [188], "threshold": null}, {"pattern": [56, 205], "threshold": null}, {"pattern": [196, 61], "threshold": null}, {"pattern": [230], "threshold": null}, {"pattern": [139, 116], "threshold": null}, {"pattern": [212], "threshold": null}, {"pattern": [132, 244], "threshold": null}, {"pattern": [65, 25], "threshold": null}, {"pattern": [103], "threshold": null}, {"pattern": [65, 202], "threshold": null}, {"pattern": [134, 38], "threshold": null}, {"pattern": [212, 245], "threshold": null}, {"pattern": [43, 212], "threshold": null}, {"pattern": [16, 151], "threshold": null}, {"pattern": [93], "threshold": null}, {"pattern": [241, 180], "threshold": null}, {"pattern": [237], "threshold": null}, {"pattern": [235, 158], "threshold": null}, {"pattern": [120], "threshold": null}]}]}