{"extra_info": {"version": "fallback_v1", "seed": 36}, "data": [{"config": {"code_name": "[CS CM CC][Len SSize MFit CAtom][GNone]", "population_size": 100, "evaluation_budget": 10000, "cluster_info_file_name": "C:\\Users\\gac8\\PycharmProjects\\PSSearch\\retail_forecasting_data_collection\\data\\cluster_info_250_random.pkl", "use_custom_sampling_operator": true, "use_custom_mutation_operator": true, "use_custom_crossover_operator": true, "use_custom_atomicity": true, "genome_threshold": null, "include_ps_len": true, "include_sample_quantity": true, "include_wasserstein_distance": false, "include_diff_median": false, "include_atomicity": true, "include_p_value": false, "include_mean_fitness": true, "include_variance": false}, "results": [{"pattern": [90, 188], "threshold": null}, {"pattern": [13], "threshold": null}, {"pattern": [25], "threshold": null}, {"pattern": [196, 167], "threshold": null}, {"pattern": [134, 103], "threshold": null}, {"pattern": [56, 155], "threshold": null}, {"pattern": [212], "threshold": null}, {"pattern": [195, 13], "threshold": null}, {"pattern": [248, 212, 188], "threshold": null}, {"pattern": [188, 134], "threshold": null}, {"pattern": [158], "threshold": null}, {"pattern": [103], "threshold": null}, {"pattern": [134, 87], "threshold": null}, {"pattern": [132], "threshold": null}, {"pattern": [90, 196], "threshold": null}, {"pattern": [184, 81], "threshold": null}, {"pattern": [146, 39], "threshold": null}, {"pattern": [237, 134], "threshold": null}, {"pattern": [162, 221], "threshold": null}, {"pattern": [11, 205], "threshold": null}, {"pattern": [196, 215], "threshold": null}, {"pattern": [212, 157], "threshold": null}, {"pattern": [54], "threshold": null}, {"pattern": [86, 38], "threshold": null}, {"pattern": [16, 87], "threshold": null}, {"pattern": [86], "threshold": null}, {"pattern": [233, 18], "threshold": null}, {"pattern": [25, 139], "threshold": null}, {"pattern": [34, 158], "threshold": null}, {"pattern": [74, 103], "threshold": null}, {"pattern": [196], "threshold": null}, {"pattern": [188, 205], "threshold": null}, {"pattern": [120], "threshold": null}, {"pattern": [65, 13], "threshold": null}, {"pattern": [91, 215], "threshold": null}, {"pattern": [217], "threshold": null}, {"pattern": [93], "threshold": null}, {"pattern": [188], "threshold": null}, {"pattern": [237], "threshold": null}, {"pattern": [217, 116], "threshold": null}, {"pattern": [88], "threshold": null}, {"pattern": [184, 221], "threshold": null}, {"pattern": [165, 47], "threshold": null}, {"pattern": [81, 103], "threshold": null}, {"pattern": [45], "threshold": null}, {"pattern": [230], "threshold": null}, {"pattern": [218, 51], "threshold": null}, {"pattern": [24, 158], "threshold": null}]}, {"config": {"code_name": "[CS CM CC][SSize MFit CAtom][GNone]", "population_size": 100, "evaluation_budget": 10000, "cluster_info_file_name": "C:\\Users\\gac8\\PycharmProjects\\PSSearch\\retail_forecasting_data_collection\\data\\cluster_info_250_random.pkl", "use_custom_sampling_operator": true, "use_custom_mutation_operator": true, "use_custom_crossover_operator": true, "use_custom_atomicity": true, "genome_threshold": null, "include_ps_len": false, "include_sample_quantity": true, "include_wasserstein_distance": false, "include_diff_median": false, "include_atomicity": true, "include_p_value": false, "include_mean_fitness": true, "include_variance": false}, "results": [{"pattern": [237, 215], "threshold": null}, {"pattern": [217], "threshold": null}, {"pattern": [25, 132], "threshold": null}, {"pattern": [88, 237], "threshold": null}, {"pattern": [224, 215], "threshold": null}, {"pattern": [25], "threshold": null}, {"pattern": [88], "threshold": null}, {"pattern": [237, 63], "threshold": null}, {"pattern": [217, 188], "threshold": null}, {"pattern": [212], "threshold": null}, {"pattern": [188, 215], "threshold": null}, {"pattern": [13], "threshold": null}, {"pattern": [38, 87], "threshold": null}, {"pattern": [76, 190], "threshold": null}, {"pattern": [81, 215], "threshold": null}, {"pattern": [158], "threshold": null}, {"pattern": [146, 43], "threshold": null}, {"pattern": [26, 212], "threshold": null}, {"pattern": [202, 212], "threshold": null}, {"pattern": [202, 182], "threshold": null}, {"pattern": [16, 88], "threshold": null}, {"pattern": [24, 13], "threshold": null}, {"pattern": [132], "threshold": null}, {"pattern": [50, 212], "threshold": null}, {"pattern": [90, 237], "threshold": null}, {"pattern": [244, 215], "threshold": null}, {"pattern": [42, 63], "threshold": null}, {"pattern": [13, 127], "threshold": null}, {"pattern": [235, 63], "threshold": null}, {"pattern": [160, 245], "threshold": null}, {"pattern": [132, 30], "threshold": null}, {"pattern": [158, 103], "threshold": null}, {"pattern": [188, 151], "threshold": null}, {"pattern": [90, 182], "threshold": null}, {"pattern": [235, 134], "threshold": null}, {"pattern": [53, 158], "threshold": null}, {"pattern": [86], "threshold": null}, {"pattern": [202, 43], "threshold": null}, {"pattern": [196], "threshold": null}, {"pattern": [232, 87], "threshold": null}, {"pattern": [38, 63], "threshold": null}, {"pattern": [188], "threshold": null}, {"pattern": [237], "threshold": null}, {"pattern": [16, 13], "threshold": null}, {"pattern": [171, 132, 13], "threshold": null}, {"pattern": [26, 196], "threshold": null}]}, {"config": {"code_name": "[CS CM CC][Len MFit CAtom][GNone]", "population_size": 100, "evaluation_budget": 10000, "cluster_info_file_name": "C:\\Users\\gac8\\PycharmProjects\\PSSearch\\retail_forecasting_data_collection\\data\\cluster_info_250_random.pkl", "use_custom_sampling_operator": true, "use_custom_mutation_operator": true, "use_custom_crossover_operator": true, "use_custom_atomicity": true, "genome_threshold": null, "include_ps_len": true, "include_sample_quantity": false, "include_wasserstein_distance": false, "include_diff_median": false, "include_atomicity": true, "include_p_value": false, "include_mean_fitness": true, "include_variance": false}, "results": [{"pattern": [16, 87], "threshold": null}, {"pattern": [16, 88], "threshold": null}, {"pattern": [95, 63], "threshold": null}, {"pattern": [25, 86], "threshold": null}, {"pattern": [169, 63], "threshold": null}, {"pattern": [35, 52], "threshold": null}, {"pattern": [16, 241], "threshold": null}, {"pattern": [103, 87], "threshold": null}, {"pattern": [248, 202, 212, 188], "threshold": null}, {"pattern": [120], "threshold": null}, {"pattern": [24, 181], "threshold": null}, {"pattern": [35, 68], "threshold": null}, {"pattern": [169, 221], "threshold": null}]}, {"config": {"code_name": "[CS CM CC][Len SSize CAtom][GNone]", "population_size": 100, "evaluation_budget": 10000, "cluster_info_file_name": "C:\\Users\\gac8\\PycharmProjects\\PSSearch\\retail_forecasting_data_collection\\data\\cluster_info_250_random.pkl", "use_custom_sampling_operator": true, "use_custom_mutation_operator": true, "use_custom_crossover_operator": true, "use_custom_atomicity": true, "genome_threshold": null, "include_ps_len": true, "include_sample_quantity": true, "include_wasserstein_distance": false, "include_diff_median": false, "include_atomicity": true, "include_p_value": false, "include_mean_fitness": false, "include_variance": false}, "results": [{"pattern": [232, 119], "threshold": null}, {"pattern": [27, 212], "threshold": null}, {"pattern": [146, 195], "threshold": null}, {"pattern": [188], "threshold": null}, {"pattern": [35, 68], "threshold": null}, {"pattern": [177, 212], "threshold": null}, {"pattern": [13, 215], "threshold": null}]}, {"config": {"code_name": "[CS CM CC][Len SSize MFit][GNone]", "population_size": 100, "evaluation_budget": 10000, "cluster_info_file_name": "C:\\Users\\gac8\\PycharmProjects\\PSSearch\\retail_forecasting_data_collection\\data\\cluster_info_250_random.pkl", "use_custom_sampling_operator": true, "use_custom_mutation_operator": true, "use_custom_crossover_operator": true, "use_custom_atomicity": true, "genome_threshold": null, "include_ps_len": true, "include_sample_quantity": true, "include_wasserstein_distance": false, "include_diff_median": false, "include_atomicity": false, "include_p_value": false, "include_mean_fitness": true, "include_variance": false}, "results": [{"pattern": [13], "threshold": null}, {"pattern": [237], "threshold": null}, {"pattern": [196, 158], "threshold": null}, {"pattern": [103], "threshold": null}, {"pattern": [88, 171], "threshold": null}, {"pattern": [54], "threshold": null}, {"pattern": [93], "threshold": null}, {"pattern": [188], "threshold": null}, {"pattern": [120], "threshold": null}, {"pattern": [196, 87], "threshold": null}, {"pattern": [65, 25], "threshold": null}, {"pattern": [25], "threshold": null}, {"pattern": [45], "threshold": null}, {"pattern": [158], "threshold": null}, {"pattern": [65, 180], "threshold": null}, {"pattern": [27, 182], "threshold": null}, {"pattern": [196, 132], "threshold": null}, {"pattern": [13, 86], "threshold": null}, {"pattern": [196], "threshold": null}, {"pattern": [230], "threshold": null}, {"pattern": [217], "threshold": null}, {"pattern": [88, 103], "threshold": null}, {"pattern": [88], "threshold": null}, {"pattern": [86], "threshold": null}, {"pattern": [212], "threshold": null}, {"pattern": [132, 103], "threshold": null}, {"pattern": [132], "threshold": null}, {"pattern": [69, 215], "threshold": null}]}, {"config": {"code_name": "[OS CM CC][Len SSize MFit CAtom][GNone]", "population_size": 100, "evaluation_budget": 10000, "cluster_info_file_name": "C:\\Users\\gac8\\PycharmProjects\\PSSearch\\retail_forecasting_data_collection\\data\\cluster_info_250_random.pkl", "use_custom_sampling_operator": false, "use_custom_mutation_operator": true, "use_custom_crossover_operator": true, "use_custom_atomicity": true, "genome_threshold": null, "include_ps_len": true, "include_sample_quantity": true, "include_wasserstein_distance": false, "include_diff_median": false, "include_atomicity": true, "include_p_value": false, "include_mean_fitness": true, "include_variance": false}, "results": [{"pattern": [196, 237], "threshold": null}, {"pattern": [13], "threshold": null}, {"pattern": [25], "threshold": null}, {"pattern": [132, 93], "threshold": null}, {"pattern": [158, 38], "threshold": null}, {"pattern": [212], "threshold": null}, {"pattern": [245, 134], "threshold": null}, {"pattern": [235, 212], "threshold": null}, {"pattern": [90, 215], "threshold": null}, {"pattern": [184, 63], "threshold": null}, {"pattern": [235, 63], "threshold": null}, {"pattern": [158], "threshold": null}, {"pattern": [103], "threshold": null}, {"pattern": [66, 63], "threshold": null}, {"pattern": [67, 77], "threshold": null}, {"pattern": [88, 180], "threshold": null}, {"pattern": [132], "threshold": null}, {"pattern": [241, 202], "threshold": null}, {"pattern": [146, 13], "threshold": null}, {"pattern": [244, 247], "threshold": null}, {"pattern": [54], "threshold": null}, {"pattern": [146, 149], "threshold": null}, {"pattern": [86], "threshold": null}, {"pattern": [35, 103], "threshold": null}, {"pattern": [208, 86], "threshold": null}, {"pattern": [196], "threshold": null}, {"pattern": [16, 132], "threshold": null}, {"pattern": [212, 221], "threshold": null}, {"pattern": [193, 212], "threshold": null}, {"pattern": [116, 63], "threshold": null}, {"pattern": [16, 241], "threshold": null}, {"pattern": [27, 55], "threshold": null}, {"pattern": [18, 38], "threshold": null}, {"pattern": [137, 158], "threshold": null}, {"pattern": [49, 74], "threshold": null}, {"pattern": [120], "threshold": null}, {"pattern": [217], "threshold": null}, {"pattern": [93], "threshold": null}, {"pattern": [188], "threshold": null}, {"pattern": [83, 151], "threshold": null}, {"pattern": [132, 237], "threshold": null}, {"pattern": [237], "threshold": null}, {"pattern": [88], "threshold": null}, {"pattern": [212, 55], "threshold": null}, {"pattern": [45], "threshold": null}, {"pattern": [91, 158], "threshold": null}, {"pattern": [16, 151], "threshold": null}, {"pattern": [230], "threshold": null}, {"pattern": [241, 188], "threshold": null}]}, {"config": {"code_name": "[CS OM CC][Len SSize MFit CAtom][GNone]", "population_size": 100, "evaluation_budget": 10000, "cluster_info_file_name": "C:\\Users\\gac8\\PycharmProjects\\PSSearch\\retail_forecasting_data_collection\\data\\cluster_info_250_random.pkl", "use_custom_sampling_operator": true, "use_custom_mutation_operator": false, "use_custom_crossover_operator": true, "use_custom_atomicity": true, "genome_threshold": null, "include_ps_len": true, "include_sample_quantity": true, "include_wasserstein_distance": false, "include_diff_median": false, "include_atomicity": true, "include_p_value": false, "include_mean_fitness": true, "include_variance": false}, "results": [{"pattern": [90, 196, 103], "threshold": null}, {"pattern": [27, 103], "threshold": null}, {"pattern": [81, 132], "threshold": null}, {"pattern": [214], "threshold": null}, {"pattern": [65, 27, 212], "threshold": null}, {"pattern": [16, 27], "threshold": null}, {"pattern": [27, 196, 86], "threshold": null}, {"pattern": [241, 103], "threshold": null}, {"pattern": [170], "threshold": null}, {"pattern": [59, 245], "threshold": null}, {"pattern": [27, 204], "threshold": null}, {"pattern": [188, 237, 103], "threshold": null}, {"pattern": [171, 188, 158], "threshold": null}, {"pattern": [180, 27, 212], "threshold": null}, {"pattern": [196, 181], "threshold": null}, {"pattern": [90, 180, 215], "threshold": null}, {"pattern": [103], "threshold": null}, {"pattern": [65, 90, 132], "threshold": null}, {"pattern": [180, 27, 188], "threshold": null}, {"pattern": [180, 215], "threshold": null}, {"pattern": [171, 158], "threshold": null}, {"pattern": [132], "threshold": null}, {"pattern": [119, 103], "threshold": null}, {"pattern": [188, 103], "threshold": null}, {"pattern": [34, 27], "threshold": null}, {"pattern": [181], "threshold": null}, {"pattern": [177, 158], "threshold": null}, {"pattern": [188, 27, 212, 13], "threshold": null}, {"pattern": [27, 13], "threshold": null}, {"pattern": [188, 181], "threshold": null}, {"pattern": [196, 27, 188, 13], "threshold": null}, {"pattern": [86], "threshold": null}, {"pattern": [171, 180, 215], "threshold": null}, {"pattern": [27], "threshold": null}, {"pattern": [65, 171, 180], "threshold": null}, {"pattern": [196, 180, 215], "threshold": null}, {"pattern": [65, 27], "threshold": null}, {"pattern": [132, 188], "threshold": null}, {"pattern": [27, 61], "threshold": null}, {"pattern": [171, 180], "threshold": null}, {"pattern": [196, 27, 188], "threshold": null}, {"pattern": [65, 90, 103], "threshold": null}, {"pattern": [212, 90, 27, 188], "threshold": null}, {"pattern": [188, 245], "threshold": null}, {"pattern": [27, 188], "threshold": null}, {"pattern": [27, 212], "threshold": null}, {"pattern": [88, 27], "threshold": null}, {"pattern": [188], "threshold": null}, {"pattern": [209, 59, 245], "threshold": null}, {"pattern": [65, 90], "threshold": null}, {"pattern": [196, 180], "threshold": null}, {"pattern": [27, 127], "threshold": null}, {"pattern": [87, 103], "threshold": null}, {"pattern": [90, 27, 212], "threshold": null}, {"pattern": [59, 245, 151], "threshold": null}, {"pattern": [90, 27, 188], "threshold": null}, {"pattern": [90, 188, 180, 215], "threshold": null}, {"pattern": [90, 188, 103], "threshold": null}, {"pattern": [45], "threshold": null}, {"pattern": [208, 188], "threshold": null}, {"pattern": [27, 212, 86], "threshold": null}, {"pattern": [27, 180], "threshold": null}, {"pattern": [195, 188, 239], "threshold": null}, {"pattern": [27, 86], "threshold": null}]}, {"config": {"code_name": "[CS CM OC][Len SSize MFit CAtom][GNone]", "population_size": 100, "evaluation_budget": 10000, "cluster_info_file_name": "C:\\Users\\gac8\\PycharmProjects\\PSSearch\\retail_forecasting_data_collection\\data\\cluster_info_250_random.pkl", "use_custom_sampling_operator": true, "use_custom_mutation_operator": true, "use_custom_crossover_operator": false, "use_custom_atomicity": true, "genome_threshold": null, "include_ps_len": true, "include_sample_quantity": true, "include_wasserstein_distance": false, "include_diff_median": false, "include_atomicity": true, "include_p_value": false, "include_mean_fitness": true, "include_variance": false}, "results": [{"pattern": [205, 63], "threshold": null}, {"pattern": [134, 55], "threshold": null}, {"pattern": [116, 197], "threshold": null}, {"pattern": [13], "threshold": null}, {"pattern": [50, 27], "threshold": null}, {"pattern": [34, 212, 188, 86], "threshold": null}, {"pattern": [13, 135], "threshold": null}, {"pattern": [101, 62], "threshold": null}, {"pattern": [212, 135], "threshold": null}, {"pattern": [27, 103], "threshold": null}, {"pattern": [188, 71], "threshold": null}, {"pattern": [50, 47], "threshold": null}, {"pattern": [88, 91], "threshold": null}, {"pattern": [25], "threshold": null}, {"pattern": [232, 105], "threshold": null}, {"pattern": [212], "threshold": null}, {"pattern": [193, 90], "threshold": null}, {"pattern": [211, 212], "threshold": null}, {"pattern": [158], "threshold": null}, {"pattern": [103], "threshold": null}, {"pattern": [171, 158], "threshold": null}, {"pattern": [204, 196], "threshold": null}, {"pattern": [204, 132], "threshold": null}, {"pattern": [171, 132], "threshold": null}, {"pattern": [132], "threshold": null}, {"pattern": [163, 173], "threshold": null}, {"pattern": [35, 109], "threshold": null}, {"pattern": [237, 134], "threshold": null}, {"pattern": [224, 81], "threshold": null}, {"pattern": [90, 134], "threshold": null}, {"pattern": [82, 188], "threshold": null}, {"pattern": [221, 102], "threshold": null}, {"pattern": [232, 158], "threshold": null}, {"pattern": [188, 53], "threshold": null}, {"pattern": [24, 101], "threshold": null}, {"pattern": [54], "threshold": null}, {"pattern": [196, 134], "threshold": null}, {"pattern": [86], "threshold": null}, {"pattern": [244, 86], "threshold": null}, {"pattern": [196], "threshold": null}, {"pattern": [50, 134], "threshold": null}, {"pattern": [64, 146], "threshold": null}, {"pattern": [181, 103], "threshold": null}, {"pattern": [139, 212], "threshold": null}, {"pattern": [120], "threshold": null}, {"pattern": [217], "threshold": null}, {"pattern": [93], "threshold": null}, {"pattern": [212, 87], "threshold": null}, {"pattern": [188], "threshold": null}, {"pattern": [237], "threshold": null}, {"pattern": [235, 52], "threshold": null}, {"pattern": [215, 55], "threshold": null}, {"pattern": [88], "threshold": null}, {"pattern": [116, 86], "threshold": null}, {"pattern": [122, 109], "threshold": null}, {"pattern": [56, 237], "threshold": null}, {"pattern": [155, 86], "threshold": null}, {"pattern": [188, 95], "threshold": null}, {"pattern": [45], "threshold": null}, {"pattern": [230], "threshold": null}, {"pattern": [164, 215], "threshold": null}, {"pattern": [65, 63], "threshold": null}, {"pattern": [24, 158], "threshold": null}, {"pattern": [34, 188], "threshold": null}]}]}