{"extra_info": {"version": "fallback_v1", "seed": 0}, "data": [{"config": {"code_name": "[CS CM CC][Len SSize MFit CAtom][GNone]", "population_size": 100, "evaluation_budget": 10000, "cluster_info_file_name": "C:\\Users\\gac8\\PycharmProjects\\PSSearch\\retail_forecasting_data_collection\\data\\cluster_info_250_random.pkl", "use_custom_sampling_operator": true, "use_custom_mutation_operator": true, "use_custom_crossover_operator": true, "use_custom_atomicity": true, "genome_threshold": null, "include_ps_len": true, "include_sample_quantity": true, "include_wasserstein_distance": false, "include_diff_median": false, "include_atomicity": true, "include_p_value": false, "include_mean_fitness": true, "include_variance": false}, "results": [{"pattern": [202, 180], "threshold": null}, {"pattern": [49, 82], "threshold": null}, {"pattern": [186, 196], "threshold": null}, {"pattern": [88, 63], "threshold": null}, {"pattern": [226, 63], "threshold": null}, {"pattern": [86, 63], "threshold": null}, {"pattern": [120], "threshold": null}, {"pattern": [232, 35], "threshold": null}, {"pattern": [56, 237], "threshold": null}, {"pattern": [212], "threshold": null}, {"pattern": [13], "threshold": null}, {"pattern": [217], "threshold": null}, {"pattern": [54], "threshold": null}, {"pattern": [212, 164], "threshold": null}, {"pattern": [188], "threshold": null}, {"pattern": [16, 215], "threshold": null}, {"pattern": [25], "threshold": null}, {"pattern": [196], "threshold": null}, {"pattern": [132, 116], "threshold": null}, {"pattern": [61, 134], "threshold": null}, {"pattern": [56, 63], "threshold": null}, {"pattern": [103], "threshold": null}, {"pattern": [237], "threshold": null}, {"pattern": [132], "threshold": null}, {"pattern": [248, 202], "threshold": null}, {"pattern": [209, 215], "threshold": null}, {"pattern": [139, 196], "threshold": null}, {"pattern": [50, 132], "threshold": null}, {"pattern": [66, 221], "threshold": null}, {"pattern": [86, 78], "threshold": null}, {"pattern": [158], "threshold": null}, {"pattern": [65], "threshold": null}, {"pattern": [16, 204], "threshold": null}, {"pattern": [45], "threshold": null}, {"pattern": [212, 13], "threshold": null}, {"pattern": [88], "threshold": null}, {"pattern": [86], "threshold": null}, {"pattern": [25, 103], "threshold": null}, {"pattern": [74, 165], "threshold": null}, {"pattern": [25, 132], "threshold": null}, {"pattern": [195, 135], "threshold": null}, {"pattern": [184, 30], "threshold": null}, {"pattern": [90, 221], "threshold": null}]}, {"config": {"code_name": "[CS CM CC][SSize MFit CAtom][GNone]", "population_size": 100, "evaluation_budget": 10000, "cluster_info_file_name": "C:\\Users\\gac8\\PycharmProjects\\PSSearch\\retail_forecasting_data_collection\\data\\cluster_info_250_random.pkl", "use_custom_sampling_operator": true, "use_custom_mutation_operator": true, "use_custom_crossover_operator": true, "use_custom_atomicity": true, "genome_threshold": null, "include_ps_len": false, "include_sample_quantity": true, "include_wasserstein_distance": false, "include_diff_median": false, "include_atomicity": true, "include_p_value": false, "include_mean_fitness": true, "include_variance": false}, "results": [{"pattern": [103], "threshold": null}, {"pattern": [65, 27, 86], "threshold": null}, {"pattern": [160, 245], "threshold": null}, {"pattern": [16, 13], "threshold": null}, {"pattern": [86], "threshold": null}, {"pattern": [209, 245], "threshold": null}, {"pattern": [13], "threshold": null}, {"pattern": [188], "threshold": null}, {"pattern": [202, 196, 188], "threshold": null}, {"pattern": [241, 215], "threshold": null}, {"pattern": [65, 90], "threshold": null}, {"pattern": [146, 86], "threshold": null}, {"pattern": [202, 188], "threshold": null}, {"pattern": [212, 181], "threshold": null}, {"pattern": [237], "threshold": null}, {"pattern": [25], "threshold": null}, {"pattern": [16, 139], "threshold": null}, {"pattern": [180, 158], "threshold": null}, {"pattern": [184, 30], "threshold": null}, {"pattern": [132, 215], "threshold": null}, {"pattern": [34, 151], "threshold": null}, {"pattern": [61, 190], "threshold": null}, {"pattern": [43, 101], "threshold": null}, {"pattern": [217], "threshold": null}, {"pattern": [64, 75], "threshold": null}, {"pattern": [158, 38], "threshold": null}, {"pattern": [93, 13], "threshold": null}, {"pattern": [65, 212], "threshold": null}, {"pattern": [212], "threshold": null}, {"pattern": [88, 63], "threshold": null}, {"pattern": [224, 26], "threshold": null}, {"pattern": [34, 158], "threshold": null}, {"pattern": [53, 158], "threshold": null}, {"pattern": [196], "threshold": null}, {"pattern": [91, 215], "threshold": null}, {"pattern": [188, 132, 173], "threshold": null}, {"pattern": [158], "threshold": null}, {"pattern": [65, 171], "threshold": null}, {"pattern": [132], "threshold": null}, {"pattern": [25, 212], "threshold": null}, {"pattern": [69, 63], "threshold": null}, {"pattern": [122, 11], "threshold": null}, {"pattern": [88, 134], "threshold": null}, {"pattern": [177, 86], "threshold": null}, {"pattern": [65], "threshold": null}, {"pattern": [90, 196], "threshold": null}]}, {"config": {"code_name": "[CS CM CC][Len MFit CAtom][GNone]", "population_size": 100, "evaluation_budget": 10000, "cluster_info_file_name": "C:\\Users\\gac8\\PycharmProjects\\PSSearch\\retail_forecasting_data_collection\\data\\cluster_info_250_random.pkl", "use_custom_sampling_operator": true, "use_custom_mutation_operator": true, "use_custom_crossover_operator": true, "use_custom_atomicity": true, "genome_threshold": null, "include_ps_len": true, "include_sample_quantity": false, "include_wasserstein_distance": false, "include_diff_median": false, "include_atomicity": true, "include_p_value": false, "include_mean_fitness": true, "include_variance": false}, "results": [{"pattern": [25, 235], "threshold": null}, {"pattern": [120], "threshold": null}, {"pattern": [25, 103], "threshold": null}, {"pattern": [25, 158], "threshold": null}, {"pattern": [232, 119], "threshold": null}]}, {"config": {"code_name": "[CS CM CC][Len SSize CAtom][GNone]", "population_size": 100, "evaluation_budget": 10000, "cluster_info_file_name": "C:\\Users\\gac8\\PycharmProjects\\PSSearch\\retail_forecasting_data_collection\\data\\cluster_info_250_random.pkl", "use_custom_sampling_operator": true, "use_custom_mutation_operator": true, "use_custom_crossover_operator": true, "use_custom_atomicity": true, "genome_threshold": null, "include_ps_len": true, "include_sample_quantity": true, "include_wasserstein_distance": false, "include_diff_median": false, "include_atomicity": true, "include_p_value": false, "include_mean_fitness": false, "include_variance": false}, "results": [{"pattern": [43, 101], "threshold": null}, {"pattern": [232, 35], "threshold": null}, {"pattern": [188, 116], "threshold": null}, {"pattern": [35, 109], "threshold": null}, {"pattern": [248, 212], "threshold": null}, {"pattern": [188], "threshold": null}, {"pattern": [196, 215], "threshold": null}, {"pattern": [188, 109], "threshold": null}, {"pattern": [205, 37], "threshold": null}]}, {"config": {"code_name": "[CS CM CC][Len SSize MFit][GNone]", "population_size": 100, "evaluation_budget": 10000, "cluster_info_file_name": "C:\\Users\\gac8\\PycharmProjects\\PSSearch\\retail_forecasting_data_collection\\data\\cluster_info_250_random.pkl", "use_custom_sampling_operator": true, "use_custom_mutation_operator": true, "use_custom_crossover_operator": true, "use_custom_atomicity": true, "genome_threshold": null, "include_ps_len": true, "include_sample_quantity": true, "include_wasserstein_distance": false, "include_diff_median": false, "include_atomicity": false, "include_p_value": false, "include_mean_fitness": true, "include_variance": false}, "results": [{"pattern": [188], "threshold": null}, {"pattern": [65], "threshold": null}, {"pattern": [134, 63], "threshold": null}, {"pattern": [86], "threshold": null}, {"pattern": [241, 103], "threshold": null}, {"pattern": [120], "threshold": null}, {"pattern": [132], "threshold": null}, {"pattern": [103], "threshold": null}, {"pattern": [25], "threshold": null}, {"pattern": [13], "threshold": null}, {"pattern": [196], "threshold": null}, {"pattern": [158], "threshold": null}, {"pattern": [237], "threshold": null}, {"pattern": [158, 103], "threshold": null}, {"pattern": [132, 103], "threshold": null}, {"pattern": [90, 13], "threshold": null}, {"pattern": [54], "threshold": null}, {"pattern": [88], "threshold": null}, {"pattern": [180, 103], "threshold": null}, {"pattern": [237, 158], "threshold": null}, {"pattern": [212, 221, 63], "threshold": null}, {"pattern": [241, 158], "threshold": null}, {"pattern": [235, 212], "threshold": null}, {"pattern": [45], "threshold": null}, {"pattern": [212, 86], "threshold": null}, {"pattern": [217], "threshold": null}, {"pattern": [212], "threshold": null}]}, {"config": {"code_name": "[OS CM CC][Len SSize MFit CAtom][GNone]", "population_size": 100, "evaluation_budget": 10000, "cluster_info_file_name": "C:\\Users\\gac8\\PycharmProjects\\PSSearch\\retail_forecasting_data_collection\\data\\cluster_info_250_random.pkl", "use_custom_sampling_operator": false, "use_custom_mutation_operator": true, "use_custom_crossover_operator": true, "use_custom_atomicity": true, "genome_threshold": null, "include_ps_len": true, "include_sample_quantity": true, "include_wasserstein_distance": false, "include_diff_median": false, "include_atomicity": true, "include_p_value": false, "include_mean_fitness": true, "include_variance": false}, "results": [{"pattern": [202, 19], "threshold": null}, {"pattern": [74, 188], "threshold": null}, {"pattern": [212, 165], "threshold": null}, {"pattern": [241, 50], "threshold": null}, {"pattern": [74, 116], "threshold": null}, {"pattern": [132, 237], "threshold": null}, {"pattern": [116, 87], "threshold": null}, {"pattern": [147, 38], "threshold": null}, {"pattern": [171, 134], "threshold": null}, {"pattern": [120], "threshold": null}, {"pattern": [65, 167], "threshold": null}, {"pattern": [212], "threshold": null}, {"pattern": [13], "threshold": null}, {"pattern": [217], "threshold": null}, {"pattern": [54], "threshold": null}, {"pattern": [146, 43], "threshold": null}, {"pattern": [232, 188], "threshold": null}, {"pattern": [11, 205], "threshold": null}, {"pattern": [188], "threshold": null}, {"pattern": [25], "threshold": null}, {"pattern": [100, 13], "threshold": null}, {"pattern": [188, 206], "threshold": null}, {"pattern": [56, 188], "threshold": null}, {"pattern": [190, 87], "threshold": null}, {"pattern": [196], "threshold": null}, {"pattern": [248, 151], "threshold": null}, {"pattern": [103], "threshold": null}, {"pattern": [90, 182], "threshold": null}, {"pattern": [16, 235], "threshold": null}, {"pattern": [248, 190], "threshold": null}, {"pattern": [245, 103], "threshold": null}, {"pattern": [92, 63], "threshold": null}, {"pattern": [237], "threshold": null}, {"pattern": [132], "threshold": null}, {"pattern": [25, 245], "threshold": null}, {"pattern": [11, 109], "threshold": null}, {"pattern": [134, 86], "threshold": null}, {"pattern": [74, 35], "threshold": null}, {"pattern": [158], "threshold": null}, {"pattern": [65], "threshold": null}, {"pattern": [45], "threshold": null}, {"pattern": [188, 157], "threshold": null}, {"pattern": [241, 13], "threshold": null}, {"pattern": [184, 87], "threshold": null}, {"pattern": [188, 173], "threshold": null}, {"pattern": [27, 116], "threshold": null}, {"pattern": [88], "threshold": null}, {"pattern": [56, 38], "threshold": null}, {"pattern": [146, 86], "threshold": null}, {"pattern": [86], "threshold": null}, {"pattern": [241, 202], "threshold": null}, {"pattern": [116, 245], "threshold": null}, {"pattern": [86, 47], "threshold": null}, {"pattern": [69, 71], "threshold": null}, {"pattern": [190, 134], "threshold": null}, {"pattern": [88, 188], "threshold": null}, {"pattern": [212, 188, 215], "threshold": null}, {"pattern": [119, 103], "threshold": null}, {"pattern": [248, 215], "threshold": null}]}, {"config": {"code_name": "[CS OM CC][Len SSize MFit CAtom][GNone]", "population_size": 100, "evaluation_budget": 10000, "cluster_info_file_name": "C:\\Users\\gac8\\PycharmProjects\\PSSearch\\retail_forecasting_data_collection\\data\\cluster_info_250_random.pkl", "use_custom_sampling_operator": true, "use_custom_mutation_operator": false, "use_custom_crossover_operator": true, "use_custom_atomicity": true, "genome_threshold": null, "include_ps_len": true, "include_sample_quantity": true, "include_wasserstein_distance": false, "include_diff_median": false, "include_atomicity": true, "include_p_value": false, "include_mean_fitness": true, "include_variance": false}, "results": [{"pattern": [65, 212, 196], "threshold": null}, {"pattern": [116, 196, 212], "threshold": null}, {"pattern": [25, 196], "threshold": null}, {"pattern": [65, 196], "threshold": null}, {"pattern": [212, 221, 215], "threshold": null}, {"pattern": [65, 237], "threshold": null}, {"pattern": [12], "threshold": null}, {"pattern": [81, 103], "threshold": null}, {"pattern": [16, 212, 13], "threshold": null}, {"pattern": [196, 13], "threshold": null}, {"pattern": [212, 196, 13, 103], "threshold": null}, {"pattern": [235, 13], "threshold": null}, {"pattern": [184, 103], "threshold": null}, {"pattern": [212, 13, 134], "threshold": null}, {"pattern": [212], "threshold": null}, {"pattern": [16, 13], "threshold": null}, {"pattern": [13], "threshold": null}, {"pattern": [217], "threshold": null}, {"pattern": [81, 165], "threshold": null}, {"pattern": [196, 212, 103], "threshold": null}, {"pattern": [196, 180, 86], "threshold": null}, {"pattern": [196, 212, 13, 158], "threshold": null}, {"pattern": [134, 103], "threshold": null}, {"pattern": [217, 13], "threshold": null}, {"pattern": [16, 212], "threshold": null}, {"pattern": [196], "threshold": null}, {"pattern": [158, 212, 86], "threshold": null}, {"pattern": [188, 202, 196, 212], "threshold": null}, {"pattern": [212, 65, 196, 188], "threshold": null}, {"pattern": [103], "threshold": null}, {"pattern": [217, 180], "threshold": null}, {"pattern": [212, 63], "threshold": null}, {"pattern": [180, 134], "threshold": null}, {"pattern": [248, 212, 215], "threshold": null}, {"pattern": [196, 158], "threshold": null}, {"pattern": [202, 196], "threshold": null}, {"pattern": [215, 212, 63], "threshold": null}, {"pattern": [65, 196, 158], "threshold": null}, {"pattern": [212, 158, 103], "threshold": null}, {"pattern": [16, 196, 212], "threshold": null}, {"pattern": [13, 134], "threshold": null}, {"pattern": [212, 103], "threshold": null}, {"pattern": [158, 86], "threshold": null}, {"pattern": [65], "threshold": null}, {"pattern": [188, 196, 212], "threshold": null}, {"pattern": [212, 215], "threshold": null}, {"pattern": [212, 13, 103], "threshold": null}, {"pattern": [171, 180], "threshold": null}, {"pattern": [86, 13, 158], "threshold": null}, {"pattern": [217, 237], "threshold": null}, {"pattern": [180, 63], "threshold": null}, {"pattern": [88, 212, 103], "threshold": null}, {"pattern": [212, 13], "threshold": null}, {"pattern": [212, 86], "threshold": null}, {"pattern": [212, 134, 103], "threshold": null}, {"pattern": [188, 196, 212, 103], "threshold": null}, {"pattern": [212, 116], "threshold": null}, {"pattern": [86], "threshold": null}, {"pattern": [86, 212, 13, 158], "threshold": null}, {"pattern": [217, 158], "threshold": null}, {"pattern": [196, 212], "threshold": null}, {"pattern": [88, 212], "threshold": null}, {"pattern": [196, 212, 158], "threshold": null}, {"pattern": [202, 196, 212], "threshold": null}, {"pattern": [196, 93], "threshold": null}, {"pattern": [16, 90, 212], "threshold": null}, {"pattern": [25, 212, 215], "threshold": null}, {"pattern": [27, 86], "threshold": null}, {"pattern": [34, 63], "threshold": null}, {"pattern": [196, 13, 103], "threshold": null}, {"pattern": [86, 127], "threshold": null}, {"pattern": [88, 212, 13], "threshold": null}]}, {"config": {"code_name": "[CS CM OC][Len SSize MFit CAtom][GNone]", "population_size": 100, "evaluation_budget": 10000, "cluster_info_file_name": "C:\\Users\\gac8\\PycharmProjects\\PSSearch\\retail_forecasting_data_collection\\data\\cluster_info_250_random.pkl", "use_custom_sampling_operator": true, "use_custom_mutation_operator": true, "use_custom_crossover_operator": false, "use_custom_atomicity": true, "genome_threshold": null, "include_ps_len": true, "include_sample_quantity": true, "include_wasserstein_distance": false, "include_diff_median": false, "include_atomicity": true, "include_p_value": false, "include_mean_fitness": true, "include_variance": false}, "results": [{"pattern": [81, 103], "threshold": null}, {"pattern": [196, 102], "threshold": null}, {"pattern": [164, 77], "threshold": null}, {"pattern": [30, 103], "threshold": null}, {"pattern": [188, 53], "threshold": null}, {"pattern": [120], "threshold": null}, {"pattern": [80, 52], "threshold": null}, {"pattern": [212], "threshold": null}, {"pattern": [13], "threshold": null}, {"pattern": [217], "threshold": null}, {"pattern": [54], "threshold": null}, {"pattern": [186, 221], "threshold": null}, {"pattern": [16, 188], "threshold": null}, {"pattern": [188], "threshold": null}, {"pattern": [177, 103], "threshold": null}, {"pattern": [205, 77], "threshold": null}, {"pattern": [25], "threshold": null}, {"pattern": [173, 158], "threshold": null}, {"pattern": [188, 61, 86], "threshold": null}, {"pattern": [196], "threshold": null}, {"pattern": [43, 212], "threshold": null}, {"pattern": [103], "threshold": null}, {"pattern": [50, 215], "threshold": null}, {"pattern": [27, 164], "threshold": null}, {"pattern": [212, 53], "threshold": null}, {"pattern": [153, 196], "threshold": null}, {"pattern": [237], "threshold": null}, {"pattern": [241, 245], "threshold": null}, {"pattern": [132], "threshold": null}, {"pattern": [202, 27], "threshold": null}, {"pattern": [158], "threshold": null}, {"pattern": [65], "threshold": null}, {"pattern": [88, 13], "threshold": null}, {"pattern": [235, 134], "threshold": null}, {"pattern": [45], "threshold": null}, {"pattern": [173, 103], "threshold": null}, {"pattern": [89, 244], "threshold": null}, {"pattern": [188, 13], "threshold": null}, {"pattern": [211, 132], "threshold": null}, {"pattern": [116, 215], "threshold": null}, {"pattern": [103, 55], "threshold": null}, {"pattern": [88], "threshold": null}, {"pattern": [211, 212], "threshold": null}, {"pattern": [86], "threshold": null}, {"pattern": [82, 11], "threshold": null}, {"pattern": [38, 103], "threshold": null}, {"pattern": [212, 196], "threshold": null}, {"pattern": [90, 27], "threshold": null}, {"pattern": [53, 13], "threshold": null}, {"pattern": [244, 247], "threshold": null}, {"pattern": [116, 13], "threshold": null}, {"pattern": [224, 167], "threshold": null}, {"pattern": [132, 30], "threshold": null}, {"pattern": [211, 103], "threshold": null}, {"pattern": [49, 86], "threshold": null}, {"pattern": [132, 61], "threshold": null}]}]}