{"extra_info": {"version": "fallback_v1", "seed": 12}, "data": [{"config": {"code_name": "[CS CM CC][Len SSize MFit CAtom][GNone]", "population_size": 100, "evaluation_budget": 10000, "cluster_info_file_name": "C:\\Users\\gac8\\PycharmProjects\\PSSearch\\retail_forecasting_data_collection\\data\\cluster_info_250_random.pkl", "use_custom_sampling_operator": true, "use_custom_mutation_operator": true, "use_custom_crossover_operator": true, "use_custom_atomicity": true, "genome_threshold": null, "include_ps_len": true, "include_sample_quantity": true, "include_wasserstein_distance": false, "include_diff_median": false, "include_atomicity": true, "include_p_value": false, "include_mean_fitness": true, "include_variance": false}, "results": [{"pattern": [65, 237], "threshold": null}, {"pattern": [237], "threshold": null}, {"pattern": [217], "threshold": null}, {"pattern": [212], "threshold": null}, {"pattern": [120], "threshold": null}, {"pattern": [132, 13], "threshold": null}, {"pattern": [86], "threshold": null}, {"pattern": [211, 212], "threshold": null}, {"pattern": [16, 158], "threshold": null}, {"pattern": [91, 188], "threshold": null}, {"pattern": [45], "threshold": null}, {"pattern": [208, 158], "threshold": null}, {"pattern": [132, 28], "threshold": null}, {"pattern": [91, 212], "threshold": null}, {"pattern": [88, 188], "threshold": null}, {"pattern": [235, 134], "threshold": null}, {"pattern": [212, 13], "threshold": null}, {"pattern": [88, 202], "threshold": null}, {"pattern": [230], "threshold": null}, {"pattern": [232, 119], "threshold": null}, {"pattern": [19, 158], "threshold": null}, {"pattern": [16, 215], "threshold": null}, {"pattern": [212, 63], "threshold": null}, {"pattern": [248, 158], "threshold": null}, {"pattern": [13], "threshold": null}, {"pattern": [132], "threshold": null}, {"pattern": [74, 116], "threshold": null}, {"pattern": [25], "threshold": null}, {"pattern": [132, 215], "threshold": null}, {"pattern": [16, 132], "threshold": null}, {"pattern": [88], "threshold": null}, {"pattern": [35, 52], "threshold": null}, {"pattern": [233, 18], "threshold": null}, {"pattern": [49, 74], "threshold": null}, {"pattern": [132, 93], "threshold": null}, {"pattern": [188], "threshold": null}, {"pattern": [184, 221], "threshold": null}, {"pattern": [81, 153], "threshold": null}, {"pattern": [65], "threshold": null}, {"pattern": [116, 63], "threshold": null}, {"pattern": [88, 158], "threshold": null}, {"pattern": [56, 188, 86], "threshold": null}, {"pattern": [54], "threshold": null}, {"pattern": [16, 212], "threshold": null}, {"pattern": [132, 244], "threshold": null}, {"pattern": [196, 103], "threshold": null}, {"pattern": [35, 103], "threshold": null}, {"pattern": [50, 139], "threshold": null}, {"pattern": [33, 68], "threshold": null}, {"pattern": [134, 103], "threshold": null}, {"pattern": [158], "threshold": null}, {"pattern": [137, 77], "threshold": null}, {"pattern": [103], "threshold": null}]}, {"config": {"code_name": "[CS CM CC][SSize MFit CAtom][GNone]", "population_size": 100, "evaluation_budget": 10000, "cluster_info_file_name": "C:\\Users\\gac8\\PycharmProjects\\PSSearch\\retail_forecasting_data_collection\\data\\cluster_info_250_random.pkl", "use_custom_sampling_operator": true, "use_custom_mutation_operator": true, "use_custom_crossover_operator": true, "use_custom_atomicity": true, "genome_threshold": null, "include_ps_len": false, "include_sample_quantity": true, "include_wasserstein_distance": false, "include_diff_median": false, "include_atomicity": true, "include_p_value": false, "include_mean_fitness": true, "include_variance": false}, "results": [{"pattern": [132, 215], "threshold": null}, {"pattern": [188, 69], "threshold": null}, {"pattern": [217, 237], "threshold": null}, {"pattern": [155, 86], "threshold": null}, {"pattern": [171, 132], "threshold": null}, {"pattern": [132, 158], "threshold": null}, {"pattern": [88, 158], "threshold": null}, {"pattern": [19, 206], "threshold": null}, {"pattern": [61, 173], "threshold": null}, {"pattern": [158], "threshold": null}, {"pattern": [27, 13], "threshold": null}, {"pattern": [103], "threshold": null}, {"pattern": [139, 132], "threshold": null}, {"pattern": [237], "threshold": null}, {"pattern": [212], "threshold": null}, {"pattern": [25], "threshold": null}, {"pattern": [188], "threshold": null}, {"pattern": [217], "threshold": null}, {"pattern": [25, 202], "threshold": null}, {"pattern": [202, 235], "threshold": null}, {"pattern": [18, 116], "threshold": null}, {"pattern": [97, 146], "threshold": null}, {"pattern": [86], "threshold": null}, {"pattern": [160, 34], "threshold": null}, {"pattern": [90, 182], "threshold": null}, {"pattern": [13], "threshold": null}, {"pattern": [180, 63], "threshold": null}, {"pattern": [132], "threshold": null}, {"pattern": [74, 68], "threshold": null}, {"pattern": [134, 30], "threshold": null}, {"pattern": [81, 188], "threshold": null}, {"pattern": [91, 196], "threshold": null}, {"pattern": [181, 103], "threshold": null}, {"pattern": [157, 158], "threshold": null}, {"pattern": [88], "threshold": null}, {"pattern": [65], "threshold": null}, {"pattern": [217, 103], "threshold": null}]}, {"config": {"code_name": "[CS CM CC][Len MFit CAtom][GNone]", "population_size": 100, "evaluation_budget": 10000, "cluster_info_file_name": "C:\\Users\\gac8\\PycharmProjects\\PSSearch\\retail_forecasting_data_collection\\data\\cluster_info_250_random.pkl", "use_custom_sampling_operator": true, "use_custom_mutation_operator": true, "use_custom_crossover_operator": true, "use_custom_atomicity": true, "genome_threshold": null, "include_ps_len": true, "include_sample_quantity": false, "include_wasserstein_distance": false, "include_diff_median": false, "include_atomicity": true, "include_p_value": false, "include_mean_fitness": true, "include_variance": false}, "results": [{"pattern": [16, 241], "threshold": null}, {"pattern": [25, 215], "threshold": null}, {"pattern": [16, 197], "threshold": null}, {"pattern": [120], "threshold": null}, {"pattern": [122, 11], "threshold": null}, {"pattern": [38, 87], "threshold": null}]}, {"config": {"code_name": "[CS CM CC][Len SSize CAtom][GNone]", "population_size": 100, "evaluation_budget": 10000, "cluster_info_file_name": "C:\\Users\\gac8\\PycharmProjects\\PSSearch\\retail_forecasting_data_collection\\data\\cluster_info_250_random.pkl", "use_custom_sampling_operator": true, "use_custom_mutation_operator": true, "use_custom_crossover_operator": true, "use_custom_atomicity": true, "genome_threshold": null, "include_ps_len": true, "include_sample_quantity": true, "include_wasserstein_distance": false, "include_diff_median": false, "include_atomicity": true, "include_p_value": false, "include_mean_fitness": false, "include_variance": false}, "results": [{"pattern": [188, 157], "threshold": null}, {"pattern": [34, 212], "threshold": null}, {"pattern": [232, 205], "threshold": null}, {"pattern": [188], "threshold": null}, {"pattern": [82, 212], "threshold": null}, {"pattern": [16, 50], "threshold": null}, {"pattern": [59, 245], "threshold": null}]}, {"config": {"code_name": "[CS CM CC][Len SSize MFit][GNone]", "population_size": 100, "evaluation_budget": 10000, "cluster_info_file_name": "C:\\Users\\gac8\\PycharmProjects\\PSSearch\\retail_forecasting_data_collection\\data\\cluster_info_250_random.pkl", "use_custom_sampling_operator": true, "use_custom_mutation_operator": true, "use_custom_crossover_operator": true, "use_custom_atomicity": true, "genome_threshold": null, "include_ps_len": true, "include_sample_quantity": true, "include_wasserstein_distance": false, "include_diff_median": false, "include_atomicity": false, "include_p_value": false, "include_mean_fitness": true, "include_variance": false}, "results": [{"pattern": [65], "threshold": null}, {"pattern": [180, 63], "threshold": null}, {"pattern": [137, 212, 188], "threshold": null}, {"pattern": [25], "threshold": null}, {"pattern": [132], "threshold": null}, {"pattern": [132, 127], "threshold": null}, {"pattern": [217], "threshold": null}, {"pattern": [212, 244, 103], "threshold": null}, {"pattern": [188], "threshold": null}, {"pattern": [132, 61], "threshold": null}, {"pattern": [120], "threshold": null}, {"pattern": [132, 215], "threshold": null}, {"pattern": [217, 158], "threshold": null}, {"pattern": [54], "threshold": null}, {"pattern": [202, 212], "threshold": null}, {"pattern": [196, 13], "threshold": null}, {"pattern": [86], "threshold": null}, {"pattern": [81, 103], "threshold": null}, {"pattern": [237], "threshold": null}, {"pattern": [88, 86], "threshold": null}, {"pattern": [13], "threshold": null}, {"pattern": [103], "threshold": null}, {"pattern": [16, 27], "threshold": null}, {"pattern": [88], "threshold": null}, {"pattern": [45], "threshold": null}, {"pattern": [212], "threshold": null}, {"pattern": [137, 196], "threshold": null}, {"pattern": [230], "threshold": null}, {"pattern": [158], "threshold": null}]}, {"config": {"code_name": "[OS CM CC][Len SSize MFit CAtom][GNone]", "population_size": 100, "evaluation_budget": 10000, "cluster_info_file_name": "C:\\Users\\gac8\\PycharmProjects\\PSSearch\\retail_forecasting_data_collection\\data\\cluster_info_250_random.pkl", "use_custom_sampling_operator": false, "use_custom_mutation_operator": true, "use_custom_crossover_operator": true, "use_custom_atomicity": true, "genome_threshold": null, "include_ps_len": true, "include_sample_quantity": true, "include_wasserstein_distance": false, "include_diff_median": false, "include_atomicity": true, "include_p_value": false, "include_mean_fitness": true, "include_variance": false}, "results": [{"pattern": [237], "threshold": null}, {"pattern": [217], "threshold": null}, {"pattern": [212], "threshold": null}, {"pattern": [202, 132], "threshold": null}, {"pattern": [120], "threshold": null}, {"pattern": [132, 13], "threshold": null}, {"pattern": [86], "threshold": null}, {"pattern": [56, 63], "threshold": null}, {"pattern": [45], "threshold": null}, {"pattern": [66, 221], "threshold": null}, {"pattern": [13, 157], "threshold": null}, {"pattern": [202, 212], "threshold": null}, {"pattern": [235, 132], "threshold": null}, {"pattern": [29, 13], "threshold": null}, {"pattern": [186, 221], "threshold": null}, {"pattern": [235, 103], "threshold": null}, {"pattern": [61, 158], "threshold": null}, {"pattern": [100, 222], "threshold": null}, {"pattern": [230], "threshold": null}, {"pattern": [18, 34], "threshold": null}, {"pattern": [66, 63], "threshold": null}, {"pattern": [13], "threshold": null}, {"pattern": [132], "threshold": null}, {"pattern": [67, 77], "threshold": null}, {"pattern": [25], "threshold": null}, {"pattern": [208, 171], "threshold": null}, {"pattern": [86, 63], "threshold": null}, {"pattern": [88], "threshold": null}, {"pattern": [116, 87], "threshold": null}, {"pattern": [165, 63], "threshold": null}, {"pattern": [202, 244], "threshold": null}, {"pattern": [215, 103], "threshold": null}, {"pattern": [25, 212], "threshold": null}, {"pattern": [188], "threshold": null}, {"pattern": [65], "threshold": null}, {"pattern": [27, 132], "threshold": null}, {"pattern": [30, 87], "threshold": null}, {"pattern": [26, 212], "threshold": null}, {"pattern": [24, 127], "threshold": null}, {"pattern": [88, 158], "threshold": null}, {"pattern": [54], "threshold": null}, {"pattern": [93, 103], "threshold": null}, {"pattern": [205, 77], "threshold": null}, {"pattern": [162, 30], "threshold": null}, {"pattern": [158], "threshold": null}, {"pattern": [188, 116], "threshold": null}, {"pattern": [103], "threshold": null}, {"pattern": [233, 82], "threshold": null}]}, {"config": {"code_name": "[CS OM CC][Len SSize MFit CAtom][GNone]", "population_size": 100, "evaluation_budget": 10000, "cluster_info_file_name": "C:\\Users\\gac8\\PycharmProjects\\PSSearch\\retail_forecasting_data_collection\\data\\cluster_info_250_random.pkl", "use_custom_sampling_operator": true, "use_custom_mutation_operator": false, "use_custom_crossover_operator": true, "use_custom_atomicity": true, "genome_threshold": null, "include_ps_len": true, "include_sample_quantity": true, "include_wasserstein_distance": false, "include_diff_median": false, "include_atomicity": true, "include_p_value": false, "include_mean_fitness": true, "include_variance": false}, "results": [{"pattern": [188, 212], "threshold": null}, {"pattern": [188, 103, 215], "threshold": null}, {"pattern": [65, 212, 221], "threshold": null}, {"pattern": [211, 13], "threshold": null}, {"pattern": [88, 188, 13], "threshold": null}, {"pattern": [65, 188, 196, 212], "threshold": null}, {"pattern": [160], "threshold": null}, {"pattern": [237, 13], "threshold": null}, {"pattern": [65, 34, 212, 188], "threshold": null}, {"pattern": [13, 182], "threshold": null}, {"pattern": [34, 188, 190], "threshold": null}, {"pattern": [16, 158], "threshold": null}, {"pattern": [188, 86], "threshold": null}, {"pattern": [137, 188, 212], "threshold": null}, {"pattern": [34, 190], "threshold": null}, {"pattern": [65, 212], "threshold": null}, {"pattern": [202, 212, 188], "threshold": null}, {"pattern": [65, 171, 212], "threshold": null}, {"pattern": [13, 158, 215], "threshold": null}, {"pattern": [27, 212, 188, 158], "threshold": null}, {"pattern": [188, 132], "threshold": null}, {"pattern": [27, 188, 158], "threshold": null}, {"pattern": [188, 158, 63], "threshold": null}, {"pattern": [202, 212], "threshold": null}, {"pattern": [16, 188, 13], "threshold": null}, {"pattern": [28], "threshold": null}, {"pattern": [217, 188, 103], "threshold": null}, {"pattern": [86, 188, 190], "threshold": null}, {"pattern": [202, 43, 212], "threshold": null}, {"pattern": [212, 235, 188], "threshold": null}, {"pattern": [27, 212, 188], "threshold": null}, {"pattern": [13], "threshold": null}, {"pattern": [188, 212, 134], "threshold": null}, {"pattern": [127], "threshold": null}, {"pattern": [217, 116], "threshold": null}, {"pattern": [202, 171, 212], "threshold": null}, {"pattern": [61, 190], "threshold": null}, {"pattern": [180, 171, 188, 86], "threshold": null}, {"pattern": [27, 212], "threshold": null}, {"pattern": [188, 13, 86], "threshold": null}, {"pattern": [188, 215], "threshold": null}, {"pattern": [196, 190], "threshold": null}, {"pattern": [212, 188, 103], "threshold": null}, {"pattern": [188, 158], "threshold": null}, {"pattern": [65, 171], "threshold": null}, {"pattern": [215, 103], "threshold": null}, {"pattern": [180, 212, 188], "threshold": null}, {"pattern": [13, 127], "threshold": null}, {"pattern": [132, 188, 212], "threshold": null}, {"pattern": [65, 188, 212], "threshold": null}, {"pattern": [171, 188, 86], "threshold": null}, {"pattern": [188, 13, 158], "threshold": null}, {"pattern": [132, 188, 86], "threshold": null}, {"pattern": [16, 188], "threshold": null}, {"pattern": [188], "threshold": null}, {"pattern": [202, 188, 158], "threshold": null}, {"pattern": [13, 158], "threshold": null}, {"pattern": [202, 212, 182], "threshold": null}, {"pattern": [65, 212, 167], "threshold": null}, {"pattern": [212, 188, 158, 215], "threshold": null}, {"pattern": [188, 127], "threshold": null}, {"pattern": [188, 212, 95], "threshold": null}, {"pattern": [188, 212, 13], "threshold": null}, {"pattern": [27, 158], "threshold": null}, {"pattern": [180, 212, 188, 103], "threshold": null}, {"pattern": [190, 63], "threshold": null}, {"pattern": [167, 188, 215], "threshold": null}, {"pattern": [180, 188, 215], "threshold": null}, {"pattern": [244, 13], "threshold": null}, {"pattern": [217, 188], "threshold": null}, {"pattern": [212, 188, 158], "threshold": null}, {"pattern": [188, 13], "threshold": null}, {"pattern": [196, 188, 13, 86], "threshold": null}, {"pattern": [86, 13, 158], "threshold": null}, {"pattern": [86, 188, 13, 158], "threshold": null}]}, {"config": {"code_name": "[CS CM OC][Len SSize MFit CAtom][GNone]", "population_size": 100, "evaluation_budget": 10000, "cluster_info_file_name": "C:\\Users\\gac8\\PycharmProjects\\PSSearch\\retail_forecasting_data_collection\\data\\cluster_info_250_random.pkl", "use_custom_sampling_operator": true, "use_custom_mutation_operator": true, "use_custom_crossover_operator": false, "use_custom_atomicity": true, "genome_threshold": null, "include_ps_len": true, "include_sample_quantity": true, "include_wasserstein_distance": false, "include_diff_median": false, "include_atomicity": true, "include_p_value": false, "include_mean_fitness": true, "include_variance": false}, "results": [{"pattern": [237], "threshold": null}, {"pattern": [217], "threshold": null}, {"pattern": [212], "threshold": null}, {"pattern": [120], "threshold": null}, {"pattern": [56, 246], "threshold": null}, {"pattern": [86], "threshold": null}, {"pattern": [16, 158], "threshold": null}, {"pattern": [151, 103], "threshold": null}, {"pattern": [16, 65], "threshold": null}, {"pattern": [65, 134], "threshold": null}, {"pattern": [45], "threshold": null}, {"pattern": [241, 116], "threshold": null}, {"pattern": [188, 180], "threshold": null}, {"pattern": [241, 202], "threshold": null}, {"pattern": [75, 132], "threshold": null}, {"pattern": [232, 119], "threshold": null}, {"pattern": [230], "threshold": null}, {"pattern": [151, 47], "threshold": null}, {"pattern": [13], "threshold": null}, {"pattern": [202, 188], "threshold": null}, {"pattern": [248, 190], "threshold": null}, {"pattern": [132], "threshold": null}, {"pattern": [158, 47], "threshold": null}, {"pattern": [95, 63], "threshold": null}, {"pattern": [25], "threshold": null}, {"pattern": [249, 101], "threshold": null}, {"pattern": [241, 90], "threshold": null}, {"pattern": [49, 74], "threshold": null}, {"pattern": [88], "threshold": null}, {"pattern": [25, 63], "threshold": null}, {"pattern": [188], "threshold": null}, {"pattern": [65], "threshold": null}, {"pattern": [38, 63], "threshold": null}, {"pattern": [54], "threshold": null}, {"pattern": [232, 34], "threshold": null}, {"pattern": [88, 196], "threshold": null}, {"pattern": [27, 63], "threshold": null}, {"pattern": [202, 158], "threshold": null}, {"pattern": [212, 245, 86], "threshold": null}, {"pattern": [158], "threshold": null}, {"pattern": [103], "threshold": null}, {"pattern": [132, 86], "threshold": null}]}]}