{"extra_info": {"version": "fallback_v1", "seed": 65}, "data": [{"config": {"code_name": "[CS CM CC][Len SSize MFit CAtom][GNone]", "population_size": 100, "evaluation_budget": 10000, "cluster_info_file_name": "C:\\Users\\gac8\\PycharmProjects\\PSSearch\\retail_forecasting_data_collection\\data\\cluster_info_250_random.pkl", "use_custom_sampling_operator": true, "use_custom_mutation_operator": true, "use_custom_crossover_operator": true, "use_custom_atomicity": true, "genome_threshold": null, "include_ps_len": true, "include_sample_quantity": true, "include_wasserstein_distance": false, "include_diff_median": false, "include_atomicity": true, "include_p_value": false, "include_mean_fitness": true, "include_variance": false}, "results": [{"pattern": [132], "threshold": null}, {"pattern": [212, 188], "threshold": null}, {"pattern": [230], "threshold": null}, {"pattern": [33, 74], "threshold": null}, {"pattern": [205, 119], "threshold": null}, {"pattern": [61, 215], "threshold": null}, {"pattern": [25], "threshold": null}, {"pattern": [103], "threshold": null}, {"pattern": [120], "threshold": null}, {"pattern": [241, 116], "threshold": null}, {"pattern": [81, 212, 132], "threshold": null}, {"pattern": [38, 119], "threshold": null}, {"pattern": [146, 39], "threshold": null}, {"pattern": [202, 215], "threshold": null}, {"pattern": [235, 212], "threshold": null}, {"pattern": [86], "threshold": null}, {"pattern": [158, 167], "threshold": null}, {"pattern": [54], "threshold": null}, {"pattern": [209, 34], "threshold": null}, {"pattern": [208, 47], "threshold": null}, {"pattern": [74, 116], "threshold": null}, {"pattern": [188], "threshold": null}, {"pattern": [13, 134], "threshold": null}, {"pattern": [202, 212], "threshold": null}, {"pattern": [241, 212], "threshold": null}, {"pattern": [25, 90], "threshold": null}, {"pattern": [237], "threshold": null}, {"pattern": [208, 158], "threshold": null}, {"pattern": [158], "threshold": null}, {"pattern": [16, 188], "threshold": null}, {"pattern": [248, 63], "threshold": null}, {"pattern": [146, 244], "threshold": null}, {"pattern": [212, 63], "threshold": null}, {"pattern": [249, 43], "threshold": null}, {"pattern": [13], "threshold": null}, {"pattern": [65], "threshold": null}, {"pattern": [45], "threshold": null}, {"pattern": [43, 215], "threshold": null}, {"pattern": [212], "threshold": null}, {"pattern": [88], "threshold": null}, {"pattern": [180, 127], "threshold": null}, {"pattern": [221, 55], "threshold": null}, {"pattern": [245, 158], "threshold": null}, {"pattern": [25, 134], "threshold": null}, {"pattern": [192, 220], "threshold": null}, {"pattern": [103, 55], "threshold": null}]}, {"config": {"code_name": "[CS CM CC][SSize MFit CAtom][GNone]", "population_size": 100, "evaluation_budget": 10000, "cluster_info_file_name": "C:\\Users\\gac8\\PycharmProjects\\PSSearch\\retail_forecasting_data_collection\\data\\cluster_info_250_random.pkl", "use_custom_sampling_operator": true, "use_custom_mutation_operator": true, "use_custom_crossover_operator": true, "use_custom_atomicity": true, "genome_threshold": null, "include_ps_len": false, "include_sample_quantity": true, "include_wasserstein_distance": false, "include_diff_median": false, "include_atomicity": true, "include_p_value": false, "include_mean_fitness": true, "include_variance": false}, "results": [{"pattern": [53, 158], "threshold": null}, {"pattern": [212], "threshold": null}, {"pattern": [61, 103], "threshold": null}, {"pattern": [237], "threshold": null}, {"pattern": [188, 71], "threshold": null}, {"pattern": [59, 245], "threshold": null}, {"pattern": [153, 100], "threshold": null}, {"pattern": [204, 61], "threshold": null}, {"pattern": [88, 164], "threshold": null}, {"pattern": [13, 157], "threshold": null}, {"pattern": [132], "threshold": null}, {"pattern": [134, 103], "threshold": null}, {"pattern": [221, 30], "threshold": null}, {"pattern": [27, 212], "threshold": null}, {"pattern": [86], "threshold": null}, {"pattern": [235, 13], "threshold": null}, {"pattern": [16, 158], "threshold": null}, {"pattern": [65, 49], "threshold": null}, {"pattern": [65], "threshold": null}, {"pattern": [103], "threshold": null}, {"pattern": [13], "threshold": null}, {"pattern": [180, 215], "threshold": null}, {"pattern": [180, 245], "threshold": null}, {"pattern": [212, 221], "threshold": null}, {"pattern": [88, 103], "threshold": null}, {"pattern": [237, 86], "threshold": null}, {"pattern": [249, 239], "threshold": null}, {"pattern": [188], "threshold": null}, {"pattern": [88], "threshold": null}, {"pattern": [196, 29], "threshold": null}, {"pattern": [25], "threshold": null}, {"pattern": [13, 135], "threshold": null}, {"pattern": [193, 244], "threshold": null}, {"pattern": [158, 86], "threshold": null}, {"pattern": [27, 245], "threshold": null}, {"pattern": [202, 212], "threshold": null}, {"pattern": [212, 13], "threshold": null}, {"pattern": [90, 87], "threshold": null}]}, {"config": {"code_name": "[CS CM CC][Len MFit CAtom][GNone]", "population_size": 100, "evaluation_budget": 10000, "cluster_info_file_name": "C:\\Users\\gac8\\PycharmProjects\\PSSearch\\retail_forecasting_data_collection\\data\\cluster_info_250_random.pkl", "use_custom_sampling_operator": true, "use_custom_mutation_operator": true, "use_custom_crossover_operator": true, "use_custom_atomicity": true, "genome_threshold": null, "include_ps_len": true, "include_sample_quantity": false, "include_wasserstein_distance": false, "include_diff_median": false, "include_atomicity": true, "include_p_value": false, "include_mean_fitness": true, "include_variance": false}, "results": [{"pattern": [35, 109], "threshold": null}, {"pattern": [86, 95], "threshold": null}, {"pattern": [25, 52], "threshold": null}, {"pattern": [241, 34], "threshold": null}, {"pattern": [65, 25], "threshold": null}, {"pattern": [204, 237], "threshold": null}, {"pattern": [218, 51], "threshold": null}, {"pattern": [120], "threshold": null}, {"pattern": [241, 167], "threshold": null}, {"pattern": [16, 197], "threshold": null}, {"pattern": [88, 158], "threshold": null}, {"pattern": [17, 30], "threshold": null}]}, {"config": {"code_name": "[CS CM CC][Len SSize CAtom][GNone]", "population_size": 100, "evaluation_budget": 10000, "cluster_info_file_name": "C:\\Users\\gac8\\PycharmProjects\\PSSearch\\retail_forecasting_data_collection\\data\\cluster_info_250_random.pkl", "use_custom_sampling_operator": true, "use_custom_mutation_operator": true, "use_custom_crossover_operator": true, "use_custom_atomicity": true, "genome_threshold": null, "include_ps_len": true, "include_sample_quantity": true, "include_wasserstein_distance": false, "include_diff_median": false, "include_atomicity": true, "include_p_value": false, "include_mean_fitness": false, "include_variance": false}, "results": [{"pattern": [38, 87], "threshold": null}, {"pattern": [195, 13], "threshold": null}, {"pattern": [188], "threshold": null}, {"pattern": [188, 245], "threshold": null}, {"pattern": [105, 205], "threshold": null}, {"pattern": [212, 132], "threshold": null}, {"pattern": [226, 63], "threshold": null}]}, {"config": {"code_name": "[CS CM CC][Len SSize MFit][GNone]", "population_size": 100, "evaluation_budget": 10000, "cluster_info_file_name": "C:\\Users\\gac8\\PycharmProjects\\PSSearch\\retail_forecasting_data_collection\\data\\cluster_info_250_random.pkl", "use_custom_sampling_operator": true, "use_custom_mutation_operator": true, "use_custom_crossover_operator": true, "use_custom_atomicity": true, "genome_threshold": null, "include_ps_len": true, "include_sample_quantity": true, "include_wasserstein_distance": false, "include_diff_median": false, "include_atomicity": false, "include_p_value": false, "include_mean_fitness": true, "include_variance": false}, "results": [{"pattern": [54], "threshold": null}, {"pattern": [237, 215], "threshold": null}, {"pattern": [120], "threshold": null}, {"pattern": [202, 196], "threshold": null}, {"pattern": [25], "threshold": null}, {"pattern": [212], "threshold": null}, {"pattern": [230], "threshold": null}, {"pattern": [65, 215], "threshold": null}, {"pattern": [237], "threshold": null}, {"pattern": [132], "threshold": null}, {"pattern": [45], "threshold": null}, {"pattern": [65], "threshold": null}, {"pattern": [103], "threshold": null}, {"pattern": [88], "threshold": null}, {"pattern": [158, 215], "threshold": null}, {"pattern": [13], "threshold": null}, {"pattern": [158], "threshold": null}, {"pattern": [188], "threshold": null}, {"pattern": [217, 103], "threshold": null}, {"pattern": [65, 90, 180], "threshold": null}, {"pattern": [180, 237], "threshold": null}, {"pattern": [221, 103], "threshold": null}, {"pattern": [25, 90], "threshold": null}, {"pattern": [27, 180], "threshold": null}, {"pattern": [86], "threshold": null}, {"pattern": [27, 215], "threshold": null}]}, {"config": {"code_name": "[OS CM CC][Len SSize MFit CAtom][GNone]", "population_size": 100, "evaluation_budget": 10000, "cluster_info_file_name": "C:\\Users\\gac8\\PycharmProjects\\PSSearch\\retail_forecasting_data_collection\\data\\cluster_info_250_random.pkl", "use_custom_sampling_operator": false, "use_custom_mutation_operator": true, "use_custom_crossover_operator": true, "use_custom_atomicity": true, "genome_threshold": null, "include_ps_len": true, "include_sample_quantity": true, "include_wasserstein_distance": false, "include_diff_median": false, "include_atomicity": true, "include_p_value": false, "include_mean_fitness": true, "include_variance": false}, "results": [{"pattern": [132], "threshold": null}, {"pattern": [212, 103], "threshold": null}, {"pattern": [230], "threshold": null}, {"pattern": [35, 52], "threshold": null}, {"pattern": [76, 29], "threshold": null}, {"pattern": [25], "threshold": null}, {"pattern": [103], "threshold": null}, {"pattern": [120], "threshold": null}, {"pattern": [61, 134], "threshold": null}, {"pattern": [11, 77], "threshold": null}, {"pattern": [24, 127], "threshold": null}, {"pattern": [139, 116], "threshold": null}, {"pattern": [158, 127], "threshold": null}, {"pattern": [88, 180], "threshold": null}, {"pattern": [171, 47], "threshold": null}, {"pattern": [188, 205], "threshold": null}, {"pattern": [116, 134], "threshold": null}, {"pattern": [86], "threshold": null}, {"pattern": [54], "threshold": null}, {"pattern": [33, 43], "threshold": null}, {"pattern": [147, 77], "threshold": null}, {"pattern": [16, 139, 212], "threshold": null}, {"pattern": [134, 30], "threshold": null}, {"pattern": [134, 86], "threshold": null}, {"pattern": [16, 232], "threshold": null}, {"pattern": [188], "threshold": null}, {"pattern": [132, 87], "threshold": null}, {"pattern": [90, 86], "threshold": null}, {"pattern": [160, 245], "threshold": null}, {"pattern": [217, 158], "threshold": null}, {"pattern": [237], "threshold": null}, {"pattern": [103, 63], "threshold": null}, {"pattern": [74, 103], "threshold": null}, {"pattern": [207, 119], "threshold": null}, {"pattern": [221, 215], "threshold": null}, {"pattern": [208, 158], "threshold": null}, {"pattern": [158], "threshold": null}, {"pattern": [86, 167], "threshold": null}, {"pattern": [232, 207], "threshold": null}, {"pattern": [34, 158], "threshold": null}, {"pattern": [211, 13], "threshold": null}, {"pattern": [13, 38], "threshold": null}, {"pattern": [132, 86], "threshold": null}, {"pattern": [235, 68], "threshold": null}, {"pattern": [196, 134], "threshold": null}, {"pattern": [65], "threshold": null}, {"pattern": [45], "threshold": null}, {"pattern": [202, 91], "threshold": null}, {"pattern": [204, 13], "threshold": null}, {"pattern": [212], "threshold": null}, {"pattern": [88], "threshold": null}, {"pattern": [27, 182], "threshold": null}, {"pattern": [162, 13], "threshold": null}, {"pattern": [217, 237], "threshold": null}, {"pattern": [65, 212], "threshold": null}, {"pattern": [25, 116], "threshold": null}, {"pattern": [170, 132], "threshold": null}]}, {"config": {"code_name": "[CS OM CC][Len SSize MFit CAtom][GNone]", "population_size": 100, "evaluation_budget": 10000, "cluster_info_file_name": "C:\\Users\\gac8\\PycharmProjects\\PSSearch\\retail_forecasting_data_collection\\data\\cluster_info_250_random.pkl", "use_custom_sampling_operator": true, "use_custom_mutation_operator": false, "use_custom_crossover_operator": true, "use_custom_atomicity": true, "genome_threshold": null, "include_ps_len": true, "include_sample_quantity": true, "include_wasserstein_distance": false, "include_diff_median": false, "include_atomicity": true, "include_p_value": false, "include_mean_fitness": true, "include_variance": false}, "results": [{"pattern": [212, 188], "threshold": null}, {"pattern": [212, 87], "threshold": null}, {"pattern": [204], "threshold": null}, {"pattern": [171, 188], "threshold": null}, {"pattern": [248], "threshold": null}, {"pattern": [224, 202], "threshold": null}, {"pattern": [90, 212, 188], "threshold": null}, {"pattern": [50, 188, 158], "threshold": null}, {"pattern": [90, 212, 188, 158], "threshold": null}, {"pattern": [50, 188, 103], "threshold": null}, {"pattern": [65, 171, 180], "threshold": null}, {"pattern": [188, 164], "threshold": null}, {"pattern": [16, 74], "threshold": null}, {"pattern": [132, 212, 13], "threshold": null}, {"pattern": [88, 212, 196], "threshold": null}, {"pattern": [50, 139], "threshold": null}, {"pattern": [196, 171, 180], "threshold": null}, {"pattern": [202, 215], "threshold": null}, {"pattern": [211], "threshold": null}, {"pattern": [171, 180], "threshold": null}, {"pattern": [169, 221], "threshold": null}, {"pattern": [202, 221], "threshold": null}, {"pattern": [212, 63, 87], "threshold": null}, {"pattern": [204, 183], "threshold": null}, {"pattern": [212, 164], "threshold": null}, {"pattern": [16, 134], "threshold": null}, {"pattern": [134, 86], "threshold": null}, {"pattern": [212, 190], "threshold": null}, {"pattern": [188], "threshold": null}, {"pattern": [202, 212], "threshold": null}, {"pattern": [86, 196, 158], "threshold": null}, {"pattern": [224, 202, 212], "threshold": null}, {"pattern": [86, 158], "threshold": null}, {"pattern": [241, 212], "threshold": null}, {"pattern": [202], "threshold": null}, {"pattern": [212, 188, 103], "threshold": null}, {"pattern": [202, 212, 215], "threshold": null}, {"pattern": [132, 188, 164], "threshold": null}, {"pattern": [164, 77], "threshold": null}, {"pattern": [212, 196], "threshold": null}, {"pattern": [224, 202, 86], "threshold": null}, {"pattern": [50, 188], "threshold": null}, {"pattern": [86, 132, 158], "threshold": null}, {"pattern": [164, 134], "threshold": null}, {"pattern": [132, 188, 212], "threshold": null}, {"pattern": [134], "threshold": null}, {"pattern": [74], "threshold": null}, {"pattern": [188, 196, 212], "threshold": null}, {"pattern": [132, 212], "threshold": null}, {"pattern": [248, 212, 215], "threshold": null}, {"pattern": [211, 134], "threshold": null}, {"pattern": [116, 188, 103], "threshold": null}, {"pattern": [224, 202, 215], "threshold": null}, {"pattern": [171], "threshold": null}, {"pattern": [202, 212, 221], "threshold": null}, {"pattern": [248, 52], "threshold": null}, {"pattern": [162, 221], "threshold": null}, {"pattern": [164, 158], "threshold": null}, {"pattern": [212], "threshold": null}, {"pattern": [204, 158], "threshold": null}, {"pattern": [212, 61], "threshold": null}, {"pattern": [248, 232], "threshold": null}, {"pattern": [17, 134], "threshold": null}, {"pattern": [50, 158], "threshold": null}, {"pattern": [177, 247], "threshold": null}, {"pattern": [204, 134], "threshold": null}, {"pattern": [74, 212], "threshold": null}, {"pattern": [188, 103], "threshold": null}]}, {"config": {"code_name": "[CS CM OC][Len SSize MFit CAtom][GNone]", "population_size": 100, "evaluation_budget": 10000, "cluster_info_file_name": "C:\\Users\\gac8\\PycharmProjects\\PSSearch\\retail_forecasting_data_collection\\data\\cluster_info_250_random.pkl", "use_custom_sampling_operator": true, "use_custom_mutation_operator": true, "use_custom_crossover_operator": false, "use_custom_atomicity": true, "genome_threshold": null, "include_ps_len": true, "include_sample_quantity": true, "include_wasserstein_distance": false, "include_diff_median": false, "include_atomicity": true, "include_p_value": false, "include_mean_fitness": true, "include_variance": false}, "results": [{"pattern": [132], "threshold": null}, {"pattern": [230], "threshold": null}, {"pattern": [196, 61], "threshold": null}, {"pattern": [132, 103], "threshold": null}, {"pattern": [25], "threshold": null}, {"pattern": [103], "threshold": null}, {"pattern": [90, 134], "threshold": null}, {"pattern": [56, 237], "threshold": null}, {"pattern": [120], "threshold": null}, {"pattern": [65, 188], "threshold": null}, {"pattern": [162, 196], "threshold": null}, {"pattern": [88, 196], "threshold": null}, {"pattern": [232, 105], "threshold": null}, {"pattern": [87, 63], "threshold": null}, {"pattern": [248, 25], "threshold": null}, {"pattern": [86], "threshold": null}, {"pattern": [34, 38], "threshold": null}, {"pattern": [54], "threshold": null}, {"pattern": [188], "threshold": null}, {"pattern": [16, 248], "threshold": null}, {"pattern": [241, 86], "threshold": null}, {"pattern": [16, 157], "threshold": null}, {"pattern": [237], "threshold": null}, {"pattern": [225, 103], "threshold": null}, {"pattern": [16, 196], "threshold": null}, {"pattern": [16, 237], "threshold": null}, {"pattern": [158], "threshold": null}, {"pattern": [25, 188], "threshold": null}, {"pattern": [237, 158], "threshold": null}, {"pattern": [211, 13], "threshold": null}, {"pattern": [34, 188], "threshold": null}, {"pattern": [59, 245], "threshold": null}, {"pattern": [30, 87], "threshold": null}, {"pattern": [162, 103], "threshold": null}, {"pattern": [18, 37], "threshold": null}, {"pattern": [196, 95], "threshold": null}, {"pattern": [196, 188], "threshold": null}, {"pattern": [13], "threshold": null}, {"pattern": [91, 47], "threshold": null}, {"pattern": [139, 158], "threshold": null}, {"pattern": [158, 215], "threshold": null}, {"pattern": [65], "threshold": null}, {"pattern": [45], "threshold": null}, {"pattern": [212], "threshold": null}, {"pattern": [88], "threshold": null}, {"pattern": [162, 13], "threshold": null}, {"pattern": [188, 63], "threshold": null}, {"pattern": [170, 103], "threshold": null}, {"pattern": [170, 132], "threshold": null}]}]}