{"extra_info": {"version": "fallback_v1", "seed": 27}, "data": [{"config": {"code_name": "[CS CM CC][Len SSize MFit CAtom][GNone]", "population_size": 100, "evaluation_budget": 10000, "cluster_info_file_name": "C:\\Users\\gac8\\PycharmProjects\\PSSearch\\retail_forecasting_data_collection\\data\\cluster_info_250_random.pkl", "use_custom_sampling_operator": true, "use_custom_mutation_operator": true, "use_custom_crossover_operator": true, "use_custom_atomicity": true, "genome_threshold": null, "include_ps_len": true, "include_sample_quantity": true, "include_wasserstein_distance": false, "include_diff_median": false, "include_atomicity": true, "include_p_value": false, "include_mean_fitness": true, "include_variance": false}, "results": [{"pattern": [132, 103], "threshold": null}, {"pattern": [93, 103], "threshold": null}, {"pattern": [235, 212], "threshold": null}, {"pattern": [171, 212], "threshold": null}, {"pattern": [196, 188, 215], "threshold": null}, {"pattern": [61, 158], "threshold": null}, {"pattern": [25, 235], "threshold": null}, {"pattern": [120], "threshold": null}, {"pattern": [158], "threshold": null}, {"pattern": [195, 13], "threshold": null}, {"pattern": [132], "threshold": null}, {"pattern": [19, 196], "threshold": null}, {"pattern": [69, 71], "threshold": null}, {"pattern": [26, 215], "threshold": null}, {"pattern": [180, 237], "threshold": null}, {"pattern": [164, 134], "threshold": null}, {"pattern": [19, 86], "threshold": null}, {"pattern": [50, 188], "threshold": null}, {"pattern": [88], "threshold": null}, {"pattern": [215, 87], "threshold": null}, {"pattern": [208, 132], "threshold": null}, {"pattern": [217, 86], "threshold": null}, {"pattern": [8, 244], "threshold": null}, {"pattern": [45], "threshold": null}, {"pattern": [241, 212], "threshold": null}, {"pattern": [103], "threshold": null}, {"pattern": [180, 181], "threshold": null}, {"pattern": [237], "threshold": null}, {"pattern": [188, 180, 244], "threshold": null}, {"pattern": [65], "threshold": null}, {"pattern": [18, 205], "threshold": null}, {"pattern": [59, 151], "threshold": null}, {"pattern": [54], "threshold": null}, {"pattern": [50, 165], "threshold": null}, {"pattern": [50, 196], "threshold": null}, {"pattern": [82, 77], "threshold": null}, {"pattern": [212], "threshold": null}, {"pattern": [13], "threshold": null}, {"pattern": [86], "threshold": null}, {"pattern": [13, 86], "threshold": null}, {"pattern": [132, 55], "threshold": null}, {"pattern": [93], "threshold": null}, {"pattern": [235, 119], "threshold": null}, {"pattern": [25], "threshold": null}, {"pattern": [101, 62], "threshold": null}, {"pattern": [188, 101], "threshold": null}, {"pattern": [224, 202], "threshold": null}, {"pattern": [188], "threshold": null}, {"pattern": [61, 215], "threshold": null}]}, {"config": {"code_name": "[CS CM CC][SSize MFit CAtom][GNone]", "population_size": 100, "evaluation_budget": 10000, "cluster_info_file_name": "C:\\Users\\gac8\\PycharmProjects\\PSSearch\\retail_forecasting_data_collection\\data\\cluster_info_250_random.pkl", "use_custom_sampling_operator": true, "use_custom_mutation_operator": true, "use_custom_crossover_operator": true, "use_custom_atomicity": true, "genome_threshold": null, "include_ps_len": false, "include_sample_quantity": true, "include_wasserstein_distance": false, "include_diff_median": false, "include_atomicity": true, "include_p_value": false, "include_mean_fitness": true, "include_variance": false}, "results": [{"pattern": [65], "threshold": null}, {"pattern": [180, 37], "threshold": null}, {"pattern": [235, 103], "threshold": null}, {"pattern": [26, 19], "threshold": null}, {"pattern": [212], "threshold": null}, {"pattern": [0, 229], "threshold": null}, {"pattern": [86], "threshold": null}, {"pattern": [212, 157], "threshold": null}, {"pattern": [188], "threshold": null}, {"pattern": [237], "threshold": null}, {"pattern": [235, 119], "threshold": null}, {"pattern": [204, 63], "threshold": null}, {"pattern": [91, 188], "threshold": null}, {"pattern": [226, 76], "threshold": null}, {"pattern": [25, 212], "threshold": null}, {"pattern": [56, 204], "threshold": null}, {"pattern": [208, 47], "threshold": null}, {"pattern": [16, 204], "threshold": null}, {"pattern": [158], "threshold": null}, {"pattern": [38, 119], "threshold": null}, {"pattern": [81, 212], "threshold": null}, {"pattern": [218, 11], "threshold": null}, {"pattern": [93, 13], "threshold": null}, {"pattern": [66, 109], "threshold": null}, {"pattern": [241, 134], "threshold": null}, {"pattern": [25, 158], "threshold": null}, {"pattern": [177, 212], "threshold": null}, {"pattern": [27, 212], "threshold": null}, {"pattern": [103], "threshold": null}, {"pattern": [88], "threshold": null}, {"pattern": [13], "threshold": null}, {"pattern": [232, 235], "threshold": null}, {"pattern": [212, 204], "threshold": null}, {"pattern": [184, 61], "threshold": null}, {"pattern": [205, 37], "threshold": null}, {"pattern": [221, 55], "threshold": null}, {"pattern": [86, 103], "threshold": null}, {"pattern": [188, 13], "threshold": null}, {"pattern": [180, 158], "threshold": null}, {"pattern": [217, 86], "threshold": null}, {"pattern": [30, 63], "threshold": null}]}, {"config": {"code_name": "[CS CM CC][Len MFit CAtom][GNone]", "population_size": 100, "evaluation_budget": 10000, "cluster_info_file_name": "C:\\Users\\gac8\\PycharmProjects\\PSSearch\\retail_forecasting_data_collection\\data\\cluster_info_250_random.pkl", "use_custom_sampling_operator": true, "use_custom_mutation_operator": true, "use_custom_crossover_operator": true, "use_custom_atomicity": true, "genome_threshold": null, "include_ps_len": true, "include_sample_quantity": false, "include_wasserstein_distance": false, "include_diff_median": false, "include_atomicity": true, "include_p_value": false, "include_mean_fitness": true, "include_variance": false}, "results": [{"pattern": [66, 134], "threshold": null}, {"pattern": [16, 197], "threshold": null}, {"pattern": [93, 13], "threshold": null}, {"pattern": [120], "threshold": null}, {"pattern": [164, 86, 215], "threshold": null}, {"pattern": [56, 155], "threshold": null}, {"pattern": [25, 63], "threshold": null}]}, {"config": {"code_name": "[CS CM CC][Len SSize CAtom][GNone]", "population_size": 100, "evaluation_budget": 10000, "cluster_info_file_name": "C:\\Users\\gac8\\PycharmProjects\\PSSearch\\retail_forecasting_data_collection\\data\\cluster_info_250_random.pkl", "use_custom_sampling_operator": true, "use_custom_mutation_operator": true, "use_custom_crossover_operator": true, "use_custom_atomicity": true, "genome_threshold": null, "include_ps_len": true, "include_sample_quantity": true, "include_wasserstein_distance": false, "include_diff_median": false, "include_atomicity": true, "include_p_value": false, "include_mean_fitness": false, "include_variance": false}, "results": [{"pattern": [25, 235], "threshold": null}, {"pattern": [18, 37], "threshold": null}, {"pattern": [188, 71], "threshold": null}, {"pattern": [188], "threshold": null}, {"pattern": [27, 212], "threshold": null}, {"pattern": [64, 75], "threshold": null}, {"pattern": [224, 26], "threshold": null}, {"pattern": [212, 103], "threshold": null}, {"pattern": [146, 101], "threshold": null}]}, {"config": {"code_name": "[CS CM CC][Len SSize MFit][GNone]", "population_size": 100, "evaluation_budget": 10000, "cluster_info_file_name": "C:\\Users\\gac8\\PycharmProjects\\PSSearch\\retail_forecasting_data_collection\\data\\cluster_info_250_random.pkl", "use_custom_sampling_operator": true, "use_custom_mutation_operator": true, "use_custom_crossover_operator": true, "use_custom_atomicity": true, "genome_threshold": null, "include_ps_len": true, "include_sample_quantity": true, "include_wasserstein_distance": false, "include_diff_median": false, "include_atomicity": false, "include_p_value": false, "include_mean_fitness": true, "include_variance": false}, "results": [{"pattern": [13, 103], "threshold": null}, {"pattern": [212], "threshold": null}, {"pattern": [86, 215], "threshold": null}, {"pattern": [13, 134], "threshold": null}, {"pattern": [93], "threshold": null}, {"pattern": [212, 63], "threshold": null}, {"pattern": [208, 90], "threshold": null}, {"pattern": [16, 25], "threshold": null}, {"pattern": [188], "threshold": null}, {"pattern": [45], "threshold": null}, {"pattern": [65], "threshold": null}, {"pattern": [132], "threshold": null}, {"pattern": [90, 63], "threshold": null}, {"pattern": [88], "threshold": null}, {"pattern": [103], "threshold": null}, {"pattern": [86], "threshold": null}, {"pattern": [25, 215], "threshold": null}, {"pattern": [54], "threshold": null}, {"pattern": [25], "threshold": null}, {"pattern": [196, 93], "threshold": null}, {"pattern": [158, 167], "threshold": null}, {"pattern": [212, 95], "threshold": null}, {"pattern": [13], "threshold": null}, {"pattern": [158], "threshold": null}, {"pattern": [212, 190], "threshold": null}, {"pattern": [237], "threshold": null}, {"pattern": [120], "threshold": null}]}, {"config": {"code_name": "[OS CM CC][Len SSize MFit CAtom][GNone]", "population_size": 100, "evaluation_budget": 10000, "cluster_info_file_name": "C:\\Users\\gac8\\PycharmProjects\\PSSearch\\retail_forecasting_data_collection\\data\\cluster_info_250_random.pkl", "use_custom_sampling_operator": false, "use_custom_mutation_operator": true, "use_custom_crossover_operator": true, "use_custom_atomicity": true, "genome_threshold": null, "include_ps_len": true, "include_sample_quantity": true, "include_wasserstein_distance": false, "include_diff_median": false, "include_atomicity": true, "include_p_value": false, "include_mean_fitness": true, "include_variance": false}, "results": [{"pattern": [237, 13], "threshold": null}, {"pattern": [212, 221], "threshold": null}, {"pattern": [120], "threshold": null}, {"pattern": [66, 109], "threshold": null}, {"pattern": [158], "threshold": null}, {"pattern": [146, 39], "threshold": null}, {"pattern": [233, 37], "threshold": null}, {"pattern": [77, 37], "threshold": null}, {"pattern": [235, 63], "threshold": null}, {"pattern": [208, 50], "threshold": null}, {"pattern": [184, 132], "threshold": null}, {"pattern": [132], "threshold": null}, {"pattern": [90, 87], "threshold": null}, {"pattern": [33, 75], "threshold": null}, {"pattern": [202, 86], "threshold": null}, {"pattern": [212, 116], "threshold": null}, {"pattern": [88], "threshold": null}, {"pattern": [50, 167], "threshold": null}, {"pattern": [157, 86], "threshold": null}, {"pattern": [122, 109], "threshold": null}, {"pattern": [196, 77], "threshold": null}, {"pattern": [45], "threshold": null}, {"pattern": [158, 86], "threshold": null}, {"pattern": [224, 193], "threshold": null}, {"pattern": [103], "threshold": null}, {"pattern": [103, 87], "threshold": null}, {"pattern": [237], "threshold": null}, {"pattern": [80, 52], "threshold": null}, {"pattern": [221, 158], "threshold": null}, {"pattern": [179, 71], "threshold": null}, {"pattern": [193, 244], "threshold": null}, {"pattern": [65], "threshold": null}, {"pattern": [54], "threshold": null}, {"pattern": [61, 134], "threshold": null}, {"pattern": [69, 158], "threshold": null}, {"pattern": [132, 69], "threshold": null}, {"pattern": [18, 77], "threshold": null}, {"pattern": [169, 235], "threshold": null}, {"pattern": [241, 63], "threshold": null}, {"pattern": [88, 188], "threshold": null}, {"pattern": [91, 47], "threshold": null}, {"pattern": [13], "threshold": null}, {"pattern": [212], "threshold": null}, {"pattern": [86], "threshold": null}, {"pattern": [93], "threshold": null}, {"pattern": [25], "threshold": null}, {"pattern": [93, 86], "threshold": null}, {"pattern": [208, 47], "threshold": null}, {"pattern": [212, 215], "threshold": null}, {"pattern": [232, 52], "threshold": null}, {"pattern": [16, 134], "threshold": null}, {"pattern": [188, 237], "threshold": null}, {"pattern": [188], "threshold": null}]}, {"config": {"code_name": "[CS OM CC][Len SSize MFit CAtom][GNone]", "population_size": 100, "evaluation_budget": 10000, "cluster_info_file_name": "C:\\Users\\gac8\\PycharmProjects\\PSSearch\\retail_forecasting_data_collection\\data\\cluster_info_250_random.pkl", "use_custom_sampling_operator": true, "use_custom_mutation_operator": false, "use_custom_crossover_operator": true, "use_custom_atomicity": true, "genome_threshold": null, "include_ps_len": true, "include_sample_quantity": true, "include_wasserstein_distance": false, "include_diff_median": false, "include_atomicity": true, "include_p_value": false, "include_mean_fitness": true, "include_variance": false}, "results": [{"pattern": [196, 86], "threshold": null}, {"pattern": [90, 61], "threshold": null}, {"pattern": [18, 38], "threshold": null}, {"pattern": [171, 212], "threshold": null}, {"pattern": [212, 134], "threshold": null}, {"pattern": [212, 180, 86], "threshold": null}, {"pattern": [13, 61], "threshold": null}, {"pattern": [212, 93], "threshold": null}, {"pattern": [81, 180], "threshold": null}, {"pattern": [137, 212], "threshold": null}, {"pattern": [224, 180, 212], "threshold": null}, {"pattern": [16, 87], "threshold": null}, {"pattern": [204, 212, 116], "threshold": null}, {"pattern": [212, 86], "threshold": null}, {"pattern": [16, 196], "threshold": null}, {"pattern": [65, 171, 180], "threshold": null}, {"pattern": [65, 180, 245], "threshold": null}, {"pattern": [90, 134], "threshold": null}, {"pattern": [196, 180, 212, 188, 13], "threshold": null}, {"pattern": [90, 212, 134], "threshold": null}, {"pattern": [202, 134], "threshold": null}, {"pattern": [180, 86], "threshold": null}, {"pattern": [180, 212, 196], "threshold": null}, {"pattern": [56, 38], "threshold": null}, {"pattern": [134], "threshold": null}, {"pattern": [158, 86, 215], "threshold": null}, {"pattern": [202, 53], "threshold": null}, {"pattern": [180], "threshold": null}, {"pattern": [158, 212, 86], "threshold": null}, {"pattern": [212, 158], "threshold": null}, {"pattern": [196, 180, 188, 212], "threshold": null}, {"pattern": [212, 103], "threshold": null}, {"pattern": [188, 180, 196, 13], "threshold": null}, {"pattern": [16, 182], "threshold": null}, {"pattern": [61], "threshold": null}, {"pattern": [65, 180, 188, 212], "threshold": null}, {"pattern": [65, 180], "threshold": null}, {"pattern": [217, 212], "threshold": null}, {"pattern": [212, 116, 134], "threshold": null}, {"pattern": [188, 180], "threshold": null}, {"pattern": [193, 90], "threshold": null}, {"pattern": [180, 13, 86], "threshold": null}, {"pattern": [188, 196, 212], "threshold": null}, {"pattern": [180, 212], "threshold": null}, {"pattern": [212], "threshold": null}, {"pattern": [224, 180], "threshold": null}, {"pattern": [158, 212, 86, 215], "threshold": null}, {"pattern": [90, 196, 86], "threshold": null}, {"pattern": [86], "threshold": null}, {"pattern": [116, 212, 158], "threshold": null}, {"pattern": [93], "threshold": null}, {"pattern": [16, 151], "threshold": null}, {"pattern": [93, 86], "threshold": null}, {"pattern": [226, 180], "threshold": null}, {"pattern": [202, 68], "threshold": null}, {"pattern": [16, 27], "threshold": null}, {"pattern": [16, 202], "threshold": null}, {"pattern": [208, 171], "threshold": null}, {"pattern": [155, 212], "threshold": null}, {"pattern": [16, 52], "threshold": null}, {"pattern": [162, 202], "threshold": null}, {"pattern": [180, 63], "threshold": null}, {"pattern": [202, 35], "threshold": null}, {"pattern": [188, 180, 212, 215], "threshold": null}, {"pattern": [180, 188, 212], "threshold": null}, {"pattern": [16, 180], "threshold": null}, {"pattern": [16, 171], "threshold": null}, {"pattern": [65, 180, 212], "threshold": null}]}, {"config": {"code_name": "[CS CM OC][Len SSize MFit CAtom][GNone]", "population_size": 100, "evaluation_budget": 10000, "cluster_info_file_name": "C:\\Users\\gac8\\PycharmProjects\\PSSearch\\retail_forecasting_data_collection\\data\\cluster_info_250_random.pkl", "use_custom_sampling_operator": true, "use_custom_mutation_operator": true, "use_custom_crossover_operator": false, "use_custom_atomicity": true, "genome_threshold": null, "include_ps_len": true, "include_sample_quantity": true, "include_wasserstein_distance": false, "include_diff_median": false, "include_atomicity": true, "include_p_value": false, "include_mean_fitness": true, "include_variance": false}, "results": [{"pattern": [132, 103], "threshold": null}, {"pattern": [25, 13], "threshold": null}, {"pattern": [56, 155], "threshold": null}, {"pattern": [134, 103], "threshold": null}, {"pattern": [25, 90], "threshold": null}, {"pattern": [120], "threshold": null}, {"pattern": [25, 52], "threshold": null}, {"pattern": [158], "threshold": null}, {"pattern": [132], "threshold": null}, {"pattern": [25, 177], "threshold": null}, {"pattern": [49, 116], "threshold": null}, {"pattern": [212, 180, 245], "threshold": null}, {"pattern": [65, 196], "threshold": null}, {"pattern": [88], "threshold": null}, {"pattern": [188, 63], "threshold": null}, {"pattern": [180, 158], "threshold": null}, {"pattern": [45], "threshold": null}, {"pattern": [88, 158], "threshold": null}, {"pattern": [59, 245], "threshold": null}, {"pattern": [249, 146], "threshold": null}, {"pattern": [103], "threshold": null}, {"pattern": [237], "threshold": null}, {"pattern": [27, 158], "threshold": null}, {"pattern": [65], "threshold": null}, {"pattern": [54], "threshold": null}, {"pattern": [16, 158], "threshold": null}, {"pattern": [188, 180], "threshold": null}, {"pattern": [25, 212], "threshold": null}, {"pattern": [212], "threshold": null}, {"pattern": [13], "threshold": null}, {"pattern": [180, 134], "threshold": null}, {"pattern": [86], "threshold": null}, {"pattern": [93], "threshold": null}, {"pattern": [25], "threshold": null}, {"pattern": [188], "threshold": null}]}]}