{"extra_info": {"version": "fallback_v1", "seed": 97}, "data": [{"config": {"code_name": "[CS CM CC][Len SSize MFit CAtom][GNone]", "population_size": 100, "evaluation_budget": 10000, "cluster_info_file_name": "C:\\Users\\gac8\\PycharmProjects\\PSSearch\\retail_forecasting_data_collection\\data\\cluster_info_250_random.pkl", "use_custom_sampling_operator": true, "use_custom_mutation_operator": true, "use_custom_crossover_operator": true, "use_custom_atomicity": true, "genome_threshold": null, "include_ps_len": true, "include_sample_quantity": true, "include_wasserstein_distance": false, "include_diff_median": false, "include_atomicity": true, "include_p_value": false, "include_mean_fitness": true, "include_variance": false}, "results": [{"pattern": [237], "threshold": null}, {"pattern": [158], "threshold": null}, {"pattern": [116, 158], "threshold": null}, {"pattern": [45], "threshold": null}, {"pattern": [49, 109], "threshold": null}, {"pattern": [69, 71], "threshold": null}, {"pattern": [61, 30], "threshold": null}, {"pattern": [116, 151], "threshold": null}, {"pattern": [93, 215], "threshold": null}, {"pattern": [134, 38], "threshold": null}, {"pattern": [180, 158], "threshold": null}, {"pattern": [90, 158], "threshold": null}, {"pattern": [188], "threshold": null}, {"pattern": [25, 132], "threshold": null}, {"pattern": [52, 205], "threshold": null}, {"pattern": [147, 38], "threshold": null}, {"pattern": [90, 196], "threshold": null}, {"pattern": [160, 190], "threshold": null}, {"pattern": [13], "threshold": null}, {"pattern": [50, 188], "threshold": null}, {"pattern": [132], "threshold": null}, {"pattern": [232, 105], "threshold": null}, {"pattern": [59, 188], "threshold": null}, {"pattern": [212], "threshold": null}, {"pattern": [86], "threshold": null}, {"pattern": [196], "threshold": null}, {"pattern": [92, 183], "threshold": null}, {"pattern": [65, 158], "threshold": null}, {"pattern": [167, 47], "threshold": null}, {"pattern": [212, 13], "threshold": null}, {"pattern": [209, 245], "threshold": null}, {"pattern": [146, 43], "threshold": null}, {"pattern": [230], "threshold": null}, {"pattern": [132, 247], "threshold": null}, {"pattern": [25, 158], "threshold": null}, {"pattern": [188, 134], "threshold": null}, {"pattern": [103], "threshold": null}, {"pattern": [81, 47], "threshold": null}, {"pattern": [25], "threshold": null}, {"pattern": [65], "threshold": null}, {"pattern": [225, 132], "threshold": null}, {"pattern": [217], "threshold": null}, {"pattern": [54], "threshold": null}, {"pattern": [171, 78], "threshold": null}, {"pattern": [245, 190], "threshold": null}, {"pattern": [120], "threshold": null}, {"pattern": [235, 204], "threshold": null}, {"pattern": [88], "threshold": null}, {"pattern": [65, 245], "threshold": null}]}, {"config": {"code_name": "[CS CM CC][SSize MFit CAtom][GNone]", "population_size": 100, "evaluation_budget": 10000, "cluster_info_file_name": "C:\\Users\\gac8\\PycharmProjects\\PSSearch\\retail_forecasting_data_collection\\data\\cluster_info_250_random.pkl", "use_custom_sampling_operator": true, "use_custom_mutation_operator": true, "use_custom_crossover_operator": true, "use_custom_atomicity": true, "genome_threshold": null, "include_ps_len": false, "include_sample_quantity": true, "include_wasserstein_distance": false, "include_diff_median": false, "include_atomicity": true, "include_p_value": false, "include_mean_fitness": true, "include_variance": false}, "results": [{"pattern": [195, 13], "threshold": null}, {"pattern": [188, 157, 86], "threshold": null}, {"pattern": [241, 63], "threshold": null}, {"pattern": [188, 100], "threshold": null}, {"pattern": [42, 196, 13], "threshold": null}, {"pattern": [80, 52], "threshold": null}, {"pattern": [65], "threshold": null}, {"pattern": [217], "threshold": null}, {"pattern": [24, 181], "threshold": null}, {"pattern": [155, 63], "threshold": null}, {"pattern": [30, 63], "threshold": null}, {"pattern": [248, 188], "threshold": null}, {"pattern": [88], "threshold": null}, {"pattern": [162, 158], "threshold": null}, {"pattern": [132, 55], "threshold": null}, {"pattern": [177, 53], "threshold": null}, {"pattern": [134, 30], "threshold": null}, {"pattern": [38, 103], "threshold": null}, {"pattern": [137, 61], "threshold": null}, {"pattern": [158], "threshold": null}, {"pattern": [34, 180], "threshold": null}, {"pattern": [237], "threshold": null}, {"pattern": [164, 215], "threshold": null}, {"pattern": [221, 206], "threshold": null}, {"pattern": [30, 87], "threshold": null}, {"pattern": [202, 90], "threshold": null}, {"pattern": [193, 90], "threshold": null}, {"pattern": [13], "threshold": null}, {"pattern": [226, 212], "threshold": null}, {"pattern": [241, 134], "threshold": null}, {"pattern": [74, 13], "threshold": null}, {"pattern": [212, 246], "threshold": null}, {"pattern": [37, 86], "threshold": null}, {"pattern": [30, 103], "threshold": null}, {"pattern": [132], "threshold": null}, {"pattern": [162, 188], "threshold": null}, {"pattern": [86], "threshold": null}, {"pattern": [212], "threshold": null}, {"pattern": [188], "threshold": null}, {"pattern": [90, 211], "threshold": null}, {"pattern": [202, 42], "threshold": null}, {"pattern": [37, 134], "threshold": null}, {"pattern": [139, 158], "threshold": null}, {"pattern": [184, 134], "threshold": null}, {"pattern": [25], "threshold": null}, {"pattern": [90, 61], "threshold": null}, {"pattern": [24, 215], "threshold": null}, {"pattern": [27, 196], "threshold": null}, {"pattern": [103], "threshold": null}, {"pattern": [196], "threshold": null}, {"pattern": [27, 221], "threshold": null}, {"pattern": [215, 87], "threshold": null}, {"pattern": [193, 202], "threshold": null}]}, {"config": {"code_name": "[CS CM CC][Len MFit CAtom][GNone]", "population_size": 100, "evaluation_budget": 10000, "cluster_info_file_name": "C:\\Users\\gac8\\PycharmProjects\\PSSearch\\retail_forecasting_data_collection\\data\\cluster_info_250_random.pkl", "use_custom_sampling_operator": true, "use_custom_mutation_operator": true, "use_custom_crossover_operator": true, "use_custom_atomicity": true, "genome_threshold": null, "include_ps_len": true, "include_sample_quantity": false, "include_wasserstein_distance": false, "include_diff_median": false, "include_atomicity": true, "include_p_value": false, "include_mean_fitness": true, "include_variance": false}, "results": [{"pattern": [74, 116], "threshold": null}, {"pattern": [184, 27], "threshold": null}, {"pattern": [25, 132], "threshold": null}, {"pattern": [120], "threshold": null}, {"pattern": [217, 171], "threshold": null}, {"pattern": [169, 221], "threshold": null}, {"pattern": [76, 69], "threshold": null}, {"pattern": [43, 149], "threshold": null}, {"pattern": [109, 38], "threshold": null}]}, {"config": {"code_name": "[CS CM CC][Len SSize CAtom][GNone]", "population_size": 100, "evaluation_budget": 10000, "cluster_info_file_name": "C:\\Users\\gac8\\PycharmProjects\\PSSearch\\retail_forecasting_data_collection\\data\\cluster_info_250_random.pkl", "use_custom_sampling_operator": true, "use_custom_mutation_operator": true, "use_custom_crossover_operator": true, "use_custom_atomicity": true, "genome_threshold": null, "include_ps_len": true, "include_sample_quantity": true, "include_wasserstein_distance": false, "include_diff_median": false, "include_atomicity": true, "include_p_value": false, "include_mean_fitness": false, "include_variance": false}, "results": [{"pattern": [43, 212], "threshold": null}, {"pattern": [132, 103], "threshold": null}, {"pattern": [16, 188], "threshold": null}, {"pattern": [59, 151], "threshold": null}, {"pattern": [171, 188], "threshold": null}, {"pattern": [188], "threshold": null}, {"pattern": [177, 212], "threshold": null}, {"pattern": [188, 86], "threshold": null}, {"pattern": [188, 215], "threshold": null}, {"pattern": [56, 246], "threshold": null}, {"pattern": [192, 135], "threshold": null}]}, {"config": {"code_name": "[CS CM CC][Len SSize MFit][GNone]", "population_size": 100, "evaluation_budget": 10000, "cluster_info_file_name": "C:\\Users\\gac8\\PycharmProjects\\PSSearch\\retail_forecasting_data_collection\\data\\cluster_info_250_random.pkl", "use_custom_sampling_operator": true, "use_custom_mutation_operator": true, "use_custom_crossover_operator": true, "use_custom_atomicity": true, "genome_threshold": null, "include_ps_len": true, "include_sample_quantity": true, "include_wasserstein_distance": false, "include_diff_median": false, "include_atomicity": false, "include_p_value": false, "include_mean_fitness": true, "include_variance": false}, "results": [{"pattern": [90, 188], "threshold": null}, {"pattern": [103], "threshold": null}, {"pattern": [212, 215], "threshold": null}, {"pattern": [212, 196], "threshold": null}, {"pattern": [196, 53], "threshold": null}, {"pattern": [86, 87], "threshold": null}, {"pattern": [212], "threshold": null}, {"pattern": [212, 188, 38], "threshold": null}, {"pattern": [65], "threshold": null}, {"pattern": [27, 171], "threshold": null}, {"pattern": [196], "threshold": null}, {"pattern": [230], "threshold": null}, {"pattern": [86], "threshold": null}, {"pattern": [212, 221], "threshold": null}, {"pattern": [132, 13], "threshold": null}, {"pattern": [196, 180], "threshold": null}, {"pattern": [16, 81], "threshold": null}, {"pattern": [132, 86], "threshold": null}, {"pattern": [45], "threshold": null}, {"pattern": [158], "threshold": null}, {"pattern": [217], "threshold": null}, {"pattern": [132, 63], "threshold": null}, {"pattern": [25], "threshold": null}, {"pattern": [245, 134], "threshold": null}, {"pattern": [196, 182], "threshold": null}, {"pattern": [88], "threshold": null}, {"pattern": [188], "threshold": null}, {"pattern": [237], "threshold": null}, {"pattern": [25, 235], "threshold": null}, {"pattern": [16, 237], "threshold": null}, {"pattern": [13], "threshold": null}, {"pattern": [120], "threshold": null}, {"pattern": [132], "threshold": null}, {"pattern": [235, 132], "threshold": null}, {"pattern": [54], "threshold": null}, {"pattern": [196, 86], "threshold": null}]}, {"config": {"code_name": "[OS CM CC][Len SSize MFit CAtom][GNone]", "population_size": 100, "evaluation_budget": 10000, "cluster_info_file_name": "C:\\Users\\gac8\\PycharmProjects\\PSSearch\\retail_forecasting_data_collection\\data\\cluster_info_250_random.pkl", "use_custom_sampling_operator": false, "use_custom_mutation_operator": true, "use_custom_crossover_operator": true, "use_custom_atomicity": true, "genome_threshold": null, "include_ps_len": true, "include_sample_quantity": true, "include_wasserstein_distance": false, "include_diff_median": false, "include_atomicity": true, "include_p_value": false, "include_mean_fitness": true, "include_variance": false}, "results": [{"pattern": [237], "threshold": null}, {"pattern": [158], "threshold": null}, {"pattern": [232, 205], "threshold": null}, {"pattern": [45], "threshold": null}, {"pattern": [27, 103], "threshold": null}, {"pattern": [205, 119], "threshold": null}, {"pattern": [237, 134], "threshold": null}, {"pattern": [16, 132], "threshold": null}, {"pattern": [232, 52], "threshold": null}, {"pattern": [38, 119], "threshold": null}, {"pattern": [137, 134], "threshold": null}, {"pattern": [56, 155], "threshold": null}, {"pattern": [208, 47], "threshold": null}, {"pattern": [188], "threshold": null}, {"pattern": [245, 53], "threshold": null}, {"pattern": [66, 134], "threshold": null}, {"pattern": [180, 215], "threshold": null}, {"pattern": [248, 134], "threshold": null}, {"pattern": [13], "threshold": null}, {"pattern": [34, 237], "threshold": null}, {"pattern": [86, 38], "threshold": null}, {"pattern": [212, 158], "threshold": null}, {"pattern": [196, 158], "threshold": null}, {"pattern": [132], "threshold": null}, {"pattern": [212], "threshold": null}, {"pattern": [86], "threshold": null}, {"pattern": [196], "threshold": null}, {"pattern": [177, 151], "threshold": null}, {"pattern": [132, 63], "threshold": null}, {"pattern": [81, 153], "threshold": null}, {"pattern": [116, 87], "threshold": null}, {"pattern": [192, 101], "threshold": null}, {"pattern": [217, 63], "threshold": null}, {"pattern": [25, 30], "threshold": null}, {"pattern": [230], "threshold": null}, {"pattern": [162, 215], "threshold": null}, {"pattern": [182, 158], "threshold": null}, {"pattern": [56, 246], "threshold": null}, {"pattern": [103], "threshold": null}, {"pattern": [119, 63], "threshold": null}, {"pattern": [25], "threshold": null}, {"pattern": [169, 235], "threshold": null}, {"pattern": [65], "threshold": null}, {"pattern": [217], "threshold": null}, {"pattern": [34, 215], "threshold": null}, {"pattern": [54], "threshold": null}, {"pattern": [221, 134], "threshold": null}, {"pattern": [120], "threshold": null}, {"pattern": [74, 212], "threshold": null}, {"pattern": [18, 38], "threshold": null}, {"pattern": [88], "threshold": null}, {"pattern": [248, 158], "threshold": null}]}, {"config": {"code_name": "[CS OM CC][Len SSize MFit CAtom][GNone]", "population_size": 100, "evaluation_budget": 10000, "cluster_info_file_name": "C:\\Users\\gac8\\PycharmProjects\\PSSearch\\retail_forecasting_data_collection\\data\\cluster_info_250_random.pkl", "use_custom_sampling_operator": true, "use_custom_mutation_operator": false, "use_custom_crossover_operator": true, "use_custom_atomicity": true, "genome_threshold": null, "include_ps_len": true, "include_sample_quantity": true, "include_wasserstein_distance": false, "include_diff_median": false, "include_atomicity": true, "include_p_value": false, "include_mean_fitness": true, "include_variance": false}, "results": [{"pattern": [202, 134], "threshold": null}, {"pattern": [212, 180], "threshold": null}, {"pattern": [90, 215], "threshold": null}, {"pattern": [188, 86], "threshold": null}, {"pattern": [132, 188, 86], "threshold": null}, {"pattern": [180, 188, 86], "threshold": null}, {"pattern": [235, 63], "threshold": null}, {"pattern": [196, 132, 86], "threshold": null}, {"pattern": [180, 212, 86], "threshold": null}, {"pattern": [61], "threshold": null}, {"pattern": [212, 182, 86], "threshold": null}, {"pattern": [212, 196, 132, 86], "threshold": null}, {"pattern": [56, 86], "threshold": null}, {"pattern": [16, 86], "threshold": null}, {"pattern": [188, 212, 86], "threshold": null}, {"pattern": [235, 188, 63], "threshold": null}, {"pattern": [34, 212, 86], "threshold": null}, {"pattern": [158, 134], "threshold": null}, {"pattern": [188, 27, 212, 86], "threshold": null}, {"pattern": [27, 86], "threshold": null}, {"pattern": [25, 86], "threshold": null}, {"pattern": [137, 134], "threshold": null}, {"pattern": [132, 188, 86, 215], "threshold": null}, {"pattern": [25, 63], "threshold": null}, {"pattern": [196, 188, 86], "threshold": null}, {"pattern": [61, 134], "threshold": null}, {"pattern": [244, 13], "threshold": null}, {"pattern": [235], "threshold": null}, {"pattern": [195, 13], "threshold": null}, {"pattern": [212, 86, 215], "threshold": null}, {"pattern": [188, 196, 132, 86], "threshold": null}, {"pattern": [25, 134], "threshold": null}, {"pattern": [25, 52], "threshold": null}, {"pattern": [13], "threshold": null}, {"pattern": [180, 196, 132], "threshold": null}, {"pattern": [184, 61], "threshold": null}, {"pattern": [241, 188, 86], "threshold": null}, {"pattern": [90, 196, 215], "threshold": null}, {"pattern": [132, 134], "threshold": null}, {"pattern": [132], "threshold": null}, {"pattern": [212], "threshold": null}, {"pattern": [86], "threshold": null}, {"pattern": [212, 86], "threshold": null}, {"pattern": [134], "threshold": null}, {"pattern": [212, 13], "threshold": null}, {"pattern": [132, 86], "threshold": null}, {"pattern": [81, 153], "threshold": null}, {"pattern": [16, 235, 188], "threshold": null}, {"pattern": [204, 61], "threshold": null}, {"pattern": [164, 134], "threshold": null}, {"pattern": [132, 212, 188, 86], "threshold": null}, {"pattern": [134, 86], "threshold": null}, {"pattern": [61, 86], "threshold": null}, {"pattern": [232, 235], "threshold": null}, {"pattern": [196, 132], "threshold": null}, {"pattern": [25], "threshold": null}, {"pattern": [233, 37], "threshold": null}, {"pattern": [241, 188, 212, 86], "threshold": null}, {"pattern": [65], "threshold": null}, {"pattern": [180, 212, 86, 188, 13], "threshold": null}, {"pattern": [25, 188], "threshold": null}, {"pattern": [188, 212, 13, 86], "threshold": null}, {"pattern": [25, 212], "threshold": null}, {"pattern": [202, 212, 86, 215], "threshold": null}, {"pattern": [202, 27, 86], "threshold": null}, {"pattern": [235, 52], "threshold": null}]}, {"config": {"code_name": "[CS CM OC][Len SSize MFit CAtom][GNone]", "population_size": 100, "evaluation_budget": 10000, "cluster_info_file_name": "C:\\Users\\gac8\\PycharmProjects\\PSSearch\\retail_forecasting_data_collection\\data\\cluster_info_250_random.pkl", "use_custom_sampling_operator": true, "use_custom_mutation_operator": true, "use_custom_crossover_operator": false, "use_custom_atomicity": true, "genome_threshold": null, "include_ps_len": true, "include_sample_quantity": true, "include_wasserstein_distance": false, "include_diff_median": false, "include_atomicity": true, "include_p_value": false, "include_mean_fitness": true, "include_variance": false}, "results": [{"pattern": [237], "threshold": null}, {"pattern": [158], "threshold": null}, {"pattern": [65, 13], "threshold": null}, {"pattern": [65, 132], "threshold": null}, {"pattern": [188, 215], "threshold": null}, {"pattern": [29, 13], "threshold": null}, {"pattern": [45], "threshold": null}, {"pattern": [205, 119], "threshold": null}, {"pattern": [215, 103], "threshold": null}, {"pattern": [215, 63], "threshold": null}, {"pattern": [90, 237], "threshold": null}, {"pattern": [16, 34], "threshold": null}, {"pattern": [241, 158], "threshold": null}, {"pattern": [25, 86], "threshold": null}, {"pattern": [90, 158], "threshold": null}, {"pattern": [65, 212], "threshold": null}, {"pattern": [27, 204], "threshold": null}, {"pattern": [188], "threshold": null}, {"pattern": [25, 52], "threshold": null}, {"pattern": [13], "threshold": null}, {"pattern": [224, 124], "threshold": null}, {"pattern": [132], "threshold": null}, {"pattern": [202, 158], "threshold": null}, {"pattern": [212], "threshold": null}, {"pattern": [86], "threshold": null}, {"pattern": [196], "threshold": null}, {"pattern": [90, 132], "threshold": null}, {"pattern": [137, 63], "threshold": null}, {"pattern": [232, 119], "threshold": null}, {"pattern": [34, 245], "threshold": null}, {"pattern": [91, 43], "threshold": null}, {"pattern": [230], "threshold": null}, {"pattern": [103], "threshold": null}, {"pattern": [25], "threshold": null}, {"pattern": [65], "threshold": null}, {"pattern": [134, 87], "threshold": null}, {"pattern": [165, 47], "threshold": null}, {"pattern": [35, 235], "threshold": null}, {"pattern": [217], "threshold": null}, {"pattern": [82, 11], "threshold": null}, {"pattern": [54], "threshold": null}, {"pattern": [217, 180], "threshold": null}, {"pattern": [180, 86], "threshold": null}, {"pattern": [120], "threshold": null}, {"pattern": [16, 180], "threshold": null}, {"pattern": [245, 158], "threshold": null}, {"pattern": [217, 158], "threshold": null}, {"pattern": [158, 119], "threshold": null}, {"pattern": [88], "threshold": null}, {"pattern": [88, 103], "threshold": null}, {"pattern": [233, 114], "threshold": null}, {"pattern": [90, 146], "threshold": null}]}]}