{"extra_info": {"version": "fallback_v1", "seed": 75}, "data": [{"config": {"code_name": "[CS CM CC][Len SSize MFit CAtom][GNone]", "population_size": 100, "evaluation_budget": 10000, "cluster_info_file_name": "C:\\Users\\gac8\\PycharmProjects\\PSSearch\\retail_forecasting_data_collection\\data\\cluster_info_250_random.pkl", "use_custom_sampling_operator": true, "use_custom_mutation_operator": true, "use_custom_crossover_operator": true, "use_custom_atomicity": true, "genome_threshold": null, "include_ps_len": true, "include_sample_quantity": true, "include_wasserstein_distance": false, "include_diff_median": false, "include_atomicity": true, "include_p_value": false, "include_mean_fitness": true, "include_variance": false}, "results": [{"pattern": [232, 205], "threshold": null}, {"pattern": [230], "threshold": null}, {"pattern": [65, 241], "threshold": null}, {"pattern": [50, 245], "threshold": null}, {"pattern": [88], "threshold": null}, {"pattern": [95, 63], "threshold": null}, {"pattern": [237], "threshold": null}, {"pattern": [16, 204], "threshold": null}, {"pattern": [217], "threshold": null}, {"pattern": [45], "threshold": null}, {"pattern": [25], "threshold": null}, {"pattern": [188], "threshold": null}, {"pattern": [241, 212], "threshold": null}, {"pattern": [180, 103], "threshold": null}, {"pattern": [43, 215], "threshold": null}, {"pattern": [93], "threshold": null}, {"pattern": [132], "threshold": null}, {"pattern": [53, 215], "threshold": null}, {"pattern": [116, 158], "threshold": null}, {"pattern": [158], "threshold": null}, {"pattern": [13, 167], "threshold": null}, {"pattern": [202, 221], "threshold": null}, {"pattern": [25, 158], "threshold": null}, {"pattern": [224, 248], "threshold": null}, {"pattern": [25, 86], "threshold": null}, {"pattern": [164, 103], "threshold": null}, {"pattern": [61, 63], "threshold": null}, {"pattern": [90, 212, 116], "threshold": null}, {"pattern": [91, 188], "threshold": null}, {"pattern": [13], "threshold": null}, {"pattern": [120], "threshold": null}, {"pattern": [188, 101], "threshold": null}, {"pattern": [24, 90], "threshold": null}, {"pattern": [196], "threshold": null}, {"pattern": [103], "threshold": null}, {"pattern": [212, 134], "threshold": null}, {"pattern": [218, 51], "threshold": null}, {"pattern": [188, 69], "threshold": null}, {"pattern": [139, 92], "threshold": null}, {"pattern": [131, 103], "threshold": null}, {"pattern": [233, 114], "threshold": null}, {"pattern": [196, 63], "threshold": null}, {"pattern": [16, 167], "threshold": null}, {"pattern": [65], "threshold": null}, {"pattern": [59, 151], "threshold": null}, {"pattern": [25, 132], "threshold": null}, {"pattern": [49, 109], "threshold": null}, {"pattern": [209, 245], "threshold": null}, {"pattern": [86], "threshold": null}, {"pattern": [212], "threshold": null}, {"pattern": [81, 235], "threshold": null}]}, {"config": {"code_name": "[CS CM CC][SSize MFit CAtom][GNone]", "population_size": 100, "evaluation_budget": 10000, "cluster_info_file_name": "C:\\Users\\gac8\\PycharmProjects\\PSSearch\\retail_forecasting_data_collection\\data\\cluster_info_250_random.pkl", "use_custom_sampling_operator": true, "use_custom_mutation_operator": true, "use_custom_crossover_operator": true, "use_custom_atomicity": true, "genome_threshold": null, "include_ps_len": false, "include_sample_quantity": true, "include_wasserstein_distance": false, "include_diff_median": false, "include_atomicity": true, "include_p_value": false, "include_mean_fitness": true, "include_variance": false}, "results": [{"pattern": [217], "threshold": null}, {"pattern": [65, 86], "threshold": null}, {"pattern": [16, 158], "threshold": null}, {"pattern": [196, 181], "threshold": null}, {"pattern": [202, 196], "threshold": null}, {"pattern": [88, 212], "threshold": null}, {"pattern": [76, 61], "threshold": null}, {"pattern": [171, 188], "threshold": null}, {"pattern": [218, 51], "threshold": null}, {"pattern": [217, 134], "threshold": null}, {"pattern": [132, 190], "threshold": null}, {"pattern": [217, 158], "threshold": null}, {"pattern": [217, 215], "threshold": null}, {"pattern": [132, 134], "threshold": null}, {"pattern": [16, 103], "threshold": null}, {"pattern": [92, 63], "threshold": null}, {"pattern": [224, 244], "threshold": null}, {"pattern": [158, 63], "threshold": null}, {"pattern": [91, 158], "threshold": null}, {"pattern": [65], "threshold": null}, {"pattern": [196], "threshold": null}, {"pattern": [27, 196], "threshold": null}, {"pattern": [88], "threshold": null}, {"pattern": [158, 86], "threshold": null}, {"pattern": [188], "threshold": null}, {"pattern": [188, 215], "threshold": null}, {"pattern": [13], "threshold": null}, {"pattern": [25, 215], "threshold": null}, {"pattern": [158], "threshold": null}, {"pattern": [180, 103], "threshold": null}, {"pattern": [93, 13], "threshold": null}, {"pattern": [132], "threshold": null}, {"pattern": [86], "threshold": null}, {"pattern": [235, 63], "threshold": null}, {"pattern": [122, 109], "threshold": null}, {"pattern": [212], "threshold": null}, {"pattern": [237], "threshold": null}, {"pattern": [38, 63], "threshold": null}, {"pattern": [25, 177], "threshold": null}, {"pattern": [56, 155], "threshold": null}, {"pattern": [18, 38], "threshold": null}]}, {"config": {"code_name": "[CS CM CC][Len MFit CAtom][GNone]", "population_size": 100, "evaluation_budget": 10000, "cluster_info_file_name": "C:\\Users\\gac8\\PycharmProjects\\PSSearch\\retail_forecasting_data_collection\\data\\cluster_info_250_random.pkl", "use_custom_sampling_operator": true, "use_custom_mutation_operator": true, "use_custom_crossover_operator": true, "use_custom_atomicity": true, "genome_threshold": null, "include_ps_len": true, "include_sample_quantity": false, "include_wasserstein_distance": false, "include_diff_median": false, "include_atomicity": true, "include_p_value": false, "include_mean_fitness": true, "include_variance": false}, "results": [{"pattern": [120], "threshold": null}, {"pattern": [27, 245], "threshold": null}, {"pattern": [248, 235], "threshold": null}, {"pattern": [90, 235, 188], "threshold": null}, {"pattern": [38, 87], "threshold": null}, {"pattern": [61, 158], "threshold": null}, {"pattern": [158, 167], "threshold": null}, {"pattern": [25, 116], "threshold": null}]}, {"config": {"code_name": "[CS CM CC][Len SSize CAtom][GNone]", "population_size": 100, "evaluation_budget": 10000, "cluster_info_file_name": "C:\\Users\\gac8\\PycharmProjects\\PSSearch\\retail_forecasting_data_collection\\data\\cluster_info_250_random.pkl", "use_custom_sampling_operator": true, "use_custom_mutation_operator": true, "use_custom_crossover_operator": true, "use_custom_atomicity": true, "genome_threshold": null, "include_ps_len": true, "include_sample_quantity": true, "include_wasserstein_distance": false, "include_diff_median": false, "include_atomicity": true, "include_p_value": false, "include_mean_fitness": false, "include_variance": false}, "results": [{"pattern": [132, 13], "threshold": null}, {"pattern": [88, 13], "threshold": null}, {"pattern": [212, 132], "threshold": null}, {"pattern": [146, 195], "threshold": null}, {"pattern": [188], "threshold": null}, {"pattern": [122, 11], "threshold": null}, {"pattern": [43, 212], "threshold": null}, {"pattern": [184, 30], "threshold": null}]}, {"config": {"code_name": "[CS CM CC][Len SSize MFit][GNone]", "population_size": 100, "evaluation_budget": 10000, "cluster_info_file_name": "C:\\Users\\gac8\\PycharmProjects\\PSSearch\\retail_forecasting_data_collection\\data\\cluster_info_250_random.pkl", "use_custom_sampling_operator": true, "use_custom_mutation_operator": true, "use_custom_crossover_operator": true, "use_custom_atomicity": true, "genome_threshold": null, "include_ps_len": true, "include_sample_quantity": true, "include_wasserstein_distance": false, "include_diff_median": false, "include_atomicity": false, "include_p_value": false, "include_mean_fitness": true, "include_variance": false}, "results": [{"pattern": [103], "threshold": null}, {"pattern": [237], "threshold": null}, {"pattern": [196, 103], "threshold": null}, {"pattern": [212, 13], "threshold": null}, {"pattern": [230], "threshold": null}, {"pattern": [88, 132], "threshold": null}, {"pattern": [158, 167], "threshold": null}, {"pattern": [202, 188], "threshold": null}, {"pattern": [132], "threshold": null}, {"pattern": [158], "threshold": null}, {"pattern": [120], "threshold": null}, {"pattern": [93], "threshold": null}, {"pattern": [25], "threshold": null}, {"pattern": [27, 103], "threshold": null}, {"pattern": [65], "threshold": null}, {"pattern": [188], "threshold": null}, {"pattern": [217], "threshold": null}, {"pattern": [13, 103], "threshold": null}, {"pattern": [88], "threshold": null}, {"pattern": [212], "threshold": null}, {"pattern": [86], "threshold": null}, {"pattern": [171, 158], "threshold": null}, {"pattern": [13], "threshold": null}, {"pattern": [196, 215], "threshold": null}, {"pattern": [45], "threshold": null}, {"pattern": [196], "threshold": null}, {"pattern": [188, 180], "threshold": null}, {"pattern": [25, 196], "threshold": null}]}, {"config": {"code_name": "[OS CM CC][Len SSize MFit CAtom][GNone]", "population_size": 100, "evaluation_budget": 10000, "cluster_info_file_name": "C:\\Users\\gac8\\PycharmProjects\\PSSearch\\retail_forecasting_data_collection\\data\\cluster_info_250_random.pkl", "use_custom_sampling_operator": false, "use_custom_mutation_operator": true, "use_custom_crossover_operator": true, "use_custom_atomicity": true, "genome_threshold": null, "include_ps_len": true, "include_sample_quantity": true, "include_wasserstein_distance": false, "include_diff_median": false, "include_atomicity": true, "include_p_value": false, "include_mean_fitness": true, "include_variance": false}, "results": [{"pattern": [81, 63], "threshold": null}, {"pattern": [26, 196], "threshold": null}, {"pattern": [188, 119], "threshold": null}, {"pattern": [230], "threshold": null}, {"pattern": [49, 196], "threshold": null}, {"pattern": [88], "threshold": null}, {"pattern": [81, 196], "threshold": null}, {"pattern": [237], "threshold": null}, {"pattern": [217], "threshold": null}, {"pattern": [202, 158], "threshold": null}, {"pattern": [45], "threshold": null}, {"pattern": [25], "threshold": null}, {"pattern": [188], "threshold": null}, {"pattern": [116, 38], "threshold": null}, {"pattern": [180, 103], "threshold": null}, {"pattern": [212, 101], "threshold": null}, {"pattern": [93], "threshold": null}, {"pattern": [217, 188], "threshold": null}, {"pattern": [50, 86], "threshold": null}, {"pattern": [196, 221], "threshold": null}, {"pattern": [132], "threshold": null}, {"pattern": [81, 188], "threshold": null}, {"pattern": [116, 158], "threshold": null}, {"pattern": [155, 86], "threshold": null}, {"pattern": [158], "threshold": null}, {"pattern": [86, 167], "threshold": null}, {"pattern": [27, 215], "threshold": null}, {"pattern": [24, 158], "threshold": null}, {"pattern": [196, 134], "threshold": null}, {"pattern": [188, 190], "threshold": null}, {"pattern": [217, 237], "threshold": null}, {"pattern": [232, 87], "threshold": null}, {"pattern": [241, 116], "threshold": null}, {"pattern": [13], "threshold": null}, {"pattern": [120], "threshold": null}, {"pattern": [196], "threshold": null}, {"pattern": [103], "threshold": null}, {"pattern": [224, 244], "threshold": null}, {"pattern": [180, 116], "threshold": null}, {"pattern": [177, 13], "threshold": null}, {"pattern": [65], "threshold": null}, {"pattern": [92, 63], "threshold": null}, {"pattern": [86], "threshold": null}, {"pattern": [212], "threshold": null}]}, {"config": {"code_name": "[CS OM CC][Len SSize MFit CAtom][GNone]", "population_size": 100, "evaluation_budget": 10000, "cluster_info_file_name": "C:\\Users\\gac8\\PycharmProjects\\PSSearch\\retail_forecasting_data_collection\\data\\cluster_info_250_random.pkl", "use_custom_sampling_operator": true, "use_custom_mutation_operator": false, "use_custom_crossover_operator": true, "use_custom_atomicity": true, "genome_threshold": null, "include_ps_len": true, "include_sample_quantity": true, "include_wasserstein_distance": false, "include_diff_median": false, "include_atomicity": true, "include_p_value": false, "include_mean_fitness": true, "include_variance": false}, "results": [{"pattern": [202, 188, 196], "threshold": null}, {"pattern": [196, 245, 215], "threshold": null}, {"pattern": [132, 244], "threshold": null}, {"pattern": [188, 215], "threshold": null}, {"pattern": [215, 188, 103], "threshold": null}, {"pattern": [188, 196, 215], "threshold": null}, {"pattern": [132, 212, 188, 13], "threshold": null}, {"pattern": [13, 86, 103], "threshold": null}, {"pattern": [90, 196, 215], "threshold": null}, {"pattern": [132, 196, 188], "threshold": null}, {"pattern": [132, 90, 188], "threshold": null}, {"pattern": [241, 188, 103], "threshold": null}, {"pattern": [164, 188], "threshold": null}, {"pattern": [212, 134], "threshold": null}, {"pattern": [132, 188, 13], "threshold": null}, {"pattern": [134], "threshold": null}, {"pattern": [132, 244, 188, 13], "threshold": null}, {"pattern": [130, 13], "threshold": null}, {"pattern": [241, 188, 215], "threshold": null}, {"pattern": [212], "threshold": null}, {"pattern": [241, 134], "threshold": null}, {"pattern": [188, 63], "threshold": null}, {"pattern": [132, 188, 13, 86], "threshold": null}, {"pattern": [188], "threshold": null}, {"pattern": [196, 188, 103], "threshold": null}, {"pattern": [196, 13], "threshold": null}, {"pattern": [93], "threshold": null}, {"pattern": [241, 158], "threshold": null}, {"pattern": [188, 86, 103], "threshold": null}, {"pattern": [132], "threshold": null}, {"pattern": [241, 180, 212], "threshold": null}, {"pattern": [132, 188, 244], "threshold": null}, {"pattern": [137, 134], "threshold": null}, {"pattern": [188, 196], "threshold": null}, {"pattern": [217, 134], "threshold": null}, {"pattern": [188, 196, 132, 13], "threshold": null}, {"pattern": [188, 103], "threshold": null}, {"pattern": [241, 116], "threshold": null}, {"pattern": [13], "threshold": null}, {"pattern": [16, 132, 188], "threshold": null}, {"pattern": [188, 196, 86], "threshold": null}, {"pattern": [241], "threshold": null}, {"pattern": [188, 13], "threshold": null}, {"pattern": [202, 103], "threshold": null}, {"pattern": [93, 215], "threshold": null}, {"pattern": [241, 188], "threshold": null}, {"pattern": [196, 188, 63], "threshold": null}, {"pattern": [132, 27, 188], "threshold": null}, {"pattern": [188, 13, 86, 103], "threshold": null}, {"pattern": [241, 212], "threshold": null}, {"pattern": [188, 196, 13], "threshold": null}, {"pattern": [196, 13, 215], "threshold": null}, {"pattern": [202, 103, 215], "threshold": null}, {"pattern": [171, 188], "threshold": null}, {"pattern": [132, 188, 13, 103], "threshold": null}, {"pattern": [196], "threshold": null}, {"pattern": [188, 134, 215], "threshold": null}, {"pattern": [212, 188, 215], "threshold": null}, {"pattern": [25, 188, 215], "threshold": null}, {"pattern": [241, 196], "threshold": null}, {"pattern": [196, 188, 158, 215], "threshold": null}, {"pattern": [13, 103], "threshold": null}, {"pattern": [16, 188], "threshold": null}, {"pattern": [215, 13, 103], "threshold": null}, {"pattern": [188, 237, 103], "threshold": null}, {"pattern": [180, 212, 188, 215], "threshold": null}, {"pattern": [177, 188], "threshold": null}, {"pattern": [196, 215], "threshold": null}, {"pattern": [25, 134], "threshold": null}, {"pattern": [188, 86], "threshold": null}, {"pattern": [65, 196, 188, 132], "threshold": null}, {"pattern": [188, 190], "threshold": null}, {"pattern": [27, 13], "threshold": null}, {"pattern": [132, 188], "threshold": null}, {"pattern": [188, 196, 63, 215], "threshold": null}, {"pattern": [180, 134], "threshold": null}, {"pattern": [134, 103], "threshold": null}, {"pattern": [188, 134], "threshold": null}, {"pattern": [188, 134, 63], "threshold": null}]}, {"config": {"code_name": "[CS CM OC][Len SSize MFit CAtom][GNone]", "population_size": 100, "evaluation_budget": 10000, "cluster_info_file_name": "C:\\Users\\gac8\\PycharmProjects\\PSSearch\\retail_forecasting_data_collection\\data\\cluster_info_250_random.pkl", "use_custom_sampling_operator": true, "use_custom_mutation_operator": true, "use_custom_crossover_operator": false, "use_custom_atomicity": true, "genome_threshold": null, "include_ps_len": true, "include_sample_quantity": true, "include_wasserstein_distance": false, "include_diff_median": false, "include_atomicity": true, "include_p_value": false, "include_mean_fitness": true, "include_variance": false}, "results": [{"pattern": [212, 167], "threshold": null}, {"pattern": [205, 38], "threshold": null}, {"pattern": [230], "threshold": null}, {"pattern": [162, 196], "threshold": null}, {"pattern": [188, 30], "threshold": null}, {"pattern": [88], "threshold": null}, {"pattern": [212, 54], "threshold": null}, {"pattern": [43, 149], "threshold": null}, {"pattern": [237], "threshold": null}, {"pattern": [180, 132], "threshold": null}, {"pattern": [24, 27], "threshold": null}, {"pattern": [217], "threshold": null}, {"pattern": [45], "threshold": null}, {"pattern": [25], "threshold": null}, {"pattern": [188], "threshold": null}, {"pattern": [27, 63], "threshold": null}, {"pattern": [25, 215], "threshold": null}, {"pattern": [215, 63], "threshold": null}, {"pattern": [38, 63], "threshold": null}, {"pattern": [93], "threshold": null}, {"pattern": [134, 215], "threshold": null}, {"pattern": [24, 188], "threshold": null}, {"pattern": [226, 188], "threshold": null}, {"pattern": [132], "threshold": null}, {"pattern": [201, 195], "threshold": null}, {"pattern": [134, 86], "threshold": null}, {"pattern": [188, 127], "threshold": null}, {"pattern": [232, 158], "threshold": null}, {"pattern": [158], "threshold": null}, {"pattern": [241, 13], "threshold": null}, {"pattern": [169, 235], "threshold": null}, {"pattern": [81, 244], "threshold": null}, {"pattern": [188, 116], "threshold": null}, {"pattern": [202, 196], "threshold": null}, {"pattern": [16, 52], "threshold": null}, {"pattern": [13], "threshold": null}, {"pattern": [120], "threshold": null}, {"pattern": [164, 215], "threshold": null}, {"pattern": [18, 116], "threshold": null}, {"pattern": [180, 134], "threshold": null}, {"pattern": [196], "threshold": null}, {"pattern": [103], "threshold": null}, {"pattern": [162, 188], "threshold": null}, {"pattern": [80, 52], "threshold": null}, {"pattern": [158, 63], "threshold": null}, {"pattern": [65], "threshold": null}, {"pattern": [241, 90], "threshold": null}, {"pattern": [217, 103], "threshold": null}, {"pattern": [90, 221], "threshold": null}, {"pattern": [86], "threshold": null}, {"pattern": [212], "threshold": null}]}]}