{"extra_info": {"version": "fallback_v1", "seed": 49}, "data": [{"config": {"code_name": "[CS CM CC][Len SSize MFit CAtom][GNone]", "population_size": 100, "evaluation_budget": 10000, "cluster_info_file_name": "C:\\Users\\gac8\\PycharmProjects\\PSSearch\\retail_forecasting_data_collection\\data\\cluster_info_250_random.pkl", "use_custom_sampling_operator": true, "use_custom_mutation_operator": true, "use_custom_crossover_operator": true, "use_custom_atomicity": true, "genome_threshold": null, "include_ps_len": true, "include_sample_quantity": true, "include_wasserstein_distance": false, "include_diff_median": false, "include_atomicity": true, "include_p_value": false, "include_mean_fitness": true, "include_variance": false}, "results": [{"pattern": [196, 180], "threshold": null}, {"pattern": [25, 86], "threshold": null}, {"pattern": [45], "threshold": null}, {"pattern": [202, 171, 196], "threshold": null}, {"pattern": [188, 190], "threshold": null}, {"pattern": [88, 212, 188], "threshold": null}, {"pattern": [88, 180], "threshold": null}, {"pattern": [146, 239], "threshold": null}, {"pattern": [88], "threshold": null}, {"pattern": [139, 165], "threshold": null}, {"pattern": [177, 212], "threshold": null}, {"pattern": [139, 212], "threshold": null}, {"pattern": [8, 26], "threshold": null}, {"pattern": [217, 180], "threshold": null}, {"pattern": [212, 86], "threshold": null}, {"pattern": [13], "threshold": null}, {"pattern": [202, 235], "threshold": null}, {"pattern": [81, 180], "threshold": null}, {"pattern": [86], "threshold": null}, {"pattern": [190, 63], "threshold": null}, {"pattern": [25, 13], "threshold": null}, {"pattern": [65], "threshold": null}, {"pattern": [82, 11], "threshold": null}, {"pattern": [120], "threshold": null}, {"pattern": [103], "threshold": null}, {"pattern": [56, 204], "threshold": null}, {"pattern": [162, 221], "threshold": null}, {"pattern": [196], "threshold": null}, {"pattern": [158], "threshold": null}, {"pattern": [26, 215], "threshold": null}, {"pattern": [212], "threshold": null}, {"pattern": [26, 19], "threshold": null}, {"pattern": [137, 134], "threshold": null}, {"pattern": [34, 38], "threshold": null}, {"pattern": [230], "threshold": null}, {"pattern": [54], "threshold": null}, {"pattern": [88, 13], "threshold": null}, {"pattern": [74, 212], "threshold": null}, {"pattern": [18, 38], "threshold": null}, {"pattern": [132], "threshold": null}, {"pattern": [88, 103], "threshold": null}, {"pattern": [25], "threshold": null}, {"pattern": [237], "threshold": null}, {"pattern": [237, 13], "threshold": null}, {"pattern": [188], "threshold": null}, {"pattern": [137, 158], "threshold": null}]}, {"config": {"code_name": "[CS CM CC][SSize MFit CAtom][GNone]", "population_size": 100, "evaluation_budget": 10000, "cluster_info_file_name": "C:\\Users\\gac8\\PycharmProjects\\PSSearch\\retail_forecasting_data_collection\\data\\cluster_info_250_random.pkl", "use_custom_sampling_operator": true, "use_custom_mutation_operator": true, "use_custom_crossover_operator": true, "use_custom_atomicity": true, "genome_threshold": null, "include_ps_len": false, "include_sample_quantity": true, "include_wasserstein_distance": false, "include_diff_median": false, "include_atomicity": true, "include_p_value": false, "include_mean_fitness": true, "include_variance": false}, "results": [{"pattern": [26, 196], "threshold": null}, {"pattern": [196], "threshold": null}, {"pattern": [16, 63], "threshold": null}, {"pattern": [158], "threshold": null}, {"pattern": [190, 87], "threshold": null}, {"pattern": [16, 86], "threshold": null}, {"pattern": [13], "threshold": null}, {"pattern": [74, 116], "threshold": null}, {"pattern": [188], "threshold": null}, {"pattern": [13, 134], "threshold": null}, {"pattern": [217, 103], "threshold": null}, {"pattern": [90, 180], "threshold": null}, {"pattern": [132, 103], "threshold": null}, {"pattern": [221, 30], "threshold": null}, {"pattern": [184, 30], "threshold": null}, {"pattern": [164, 63], "threshold": null}, {"pattern": [132], "threshold": null}, {"pattern": [202, 215], "threshold": null}, {"pattern": [90, 132], "threshold": null}, {"pattern": [188, 158], "threshold": null}, {"pattern": [65, 103], "threshold": null}, {"pattern": [25, 188], "threshold": null}, {"pattern": [34, 158], "threshold": null}, {"pattern": [132, 182], "threshold": null}, {"pattern": [188, 180], "threshold": null}, {"pattern": [217, 196], "threshold": null}, {"pattern": [132, 76], "threshold": null}, {"pattern": [18, 212], "threshold": null}, {"pattern": [188, 69], "threshold": null}, {"pattern": [65], "threshold": null}, {"pattern": [204, 86], "threshold": null}, {"pattern": [132, 93], "threshold": null}, {"pattern": [122, 11], "threshold": null}, {"pattern": [49, 63], "threshold": null}, {"pattern": [56, 63], "threshold": null}, {"pattern": [103], "threshold": null}, {"pattern": [164, 103], "threshold": null}, {"pattern": [184, 221], "threshold": null}, {"pattern": [202, 196], "threshold": null}, {"pattern": [86], "threshold": null}, {"pattern": [212], "threshold": null}, {"pattern": [245, 87], "threshold": null}, {"pattern": [235, 158], "threshold": null}, {"pattern": [249, 146], "threshold": null}]}, {"config": {"code_name": "[CS CM CC][Len MFit CAtom][GNone]", "population_size": 100, "evaluation_budget": 10000, "cluster_info_file_name": "C:\\Users\\gac8\\PycharmProjects\\PSSearch\\retail_forecasting_data_collection\\data\\cluster_info_250_random.pkl", "use_custom_sampling_operator": true, "use_custom_mutation_operator": true, "use_custom_crossover_operator": true, "use_custom_atomicity": true, "genome_threshold": null, "include_ps_len": true, "include_sample_quantity": false, "include_wasserstein_distance": false, "include_diff_median": false, "include_atomicity": true, "include_p_value": false, "include_mean_fitness": true, "include_variance": false}, "results": [{"pattern": [184, 30], "threshold": null}, {"pattern": [155, 86], "threshold": null}, {"pattern": [16, 87], "threshold": null}, {"pattern": [120], "threshold": null}, {"pattern": [66, 134], "threshold": null}, {"pattern": [51, 213], "threshold": null}, {"pattern": [25, 177], "threshold": null}, {"pattern": [74, 68], "threshold": null}, {"pattern": [196, 13, 63], "threshold": null}, {"pattern": [88, 217], "threshold": null}, {"pattern": [76, 61], "threshold": null}]}, {"config": {"code_name": "[CS CM CC][Len SSize CAtom][GNone]", "population_size": 100, "evaluation_budget": 10000, "cluster_info_file_name": "C:\\Users\\gac8\\PycharmProjects\\PSSearch\\retail_forecasting_data_collection\\data\\cluster_info_250_random.pkl", "use_custom_sampling_operator": true, "use_custom_mutation_operator": true, "use_custom_crossover_operator": true, "use_custom_atomicity": true, "genome_threshold": null, "include_ps_len": true, "include_sample_quantity": true, "include_wasserstein_distance": false, "include_diff_median": false, "include_atomicity": true, "include_p_value": false, "include_mean_fitness": false, "include_variance": false}, "results": [{"pattern": [65, 188], "threshold": null}, {"pattern": [59, 245], "threshold": null}, {"pattern": [146, 86], "threshold": null}, {"pattern": [177, 188], "threshold": null}, {"pattern": [193, 13], "threshold": null}, {"pattern": [248, 212], "threshold": null}, {"pattern": [188], "threshold": null}, {"pattern": [50, 212], "threshold": null}, {"pattern": [56, 246], "threshold": null}]}, {"config": {"code_name": "[CS CM CC][Len SSize MFit][GNone]", "population_size": 100, "evaluation_budget": 10000, "cluster_info_file_name": "C:\\Users\\gac8\\PycharmProjects\\PSSearch\\retail_forecasting_data_collection\\data\\cluster_info_250_random.pkl", "use_custom_sampling_operator": true, "use_custom_mutation_operator": true, "use_custom_crossover_operator": true, "use_custom_atomicity": true, "genome_threshold": null, "include_ps_len": true, "include_sample_quantity": true, "include_wasserstein_distance": false, "include_diff_median": false, "include_atomicity": false, "include_p_value": false, "include_mean_fitness": true, "include_variance": false}, "results": [{"pattern": [235, 132], "threshold": null}, {"pattern": [27, 132], "threshold": null}, {"pattern": [120], "threshold": null}, {"pattern": [204, 86], "threshold": null}, {"pattern": [177, 180], "threshold": null}, {"pattern": [134, 38], "threshold": null}, {"pattern": [182, 158], "threshold": null}, {"pattern": [196, 215], "threshold": null}, {"pattern": [158], "threshold": null}, {"pattern": [245, 134], "threshold": null}, {"pattern": [248, 90], "threshold": null}, {"pattern": [90, 13], "threshold": null}, {"pattern": [65], "threshold": null}, {"pattern": [45], "threshold": null}, {"pattern": [230], "threshold": null}, {"pattern": [132, 63], "threshold": null}, {"pattern": [212], "threshold": null}, {"pattern": [13, 103], "threshold": null}, {"pattern": [88], "threshold": null}, {"pattern": [103], "threshold": null}, {"pattern": [86], "threshold": null}, {"pattern": [237], "threshold": null}, {"pattern": [196], "threshold": null}, {"pattern": [188], "threshold": null}, {"pattern": [25, 196], "threshold": null}, {"pattern": [54], "threshold": null}, {"pattern": [13], "threshold": null}, {"pattern": [132], "threshold": null}, {"pattern": [180, 132, 86], "threshold": null}, {"pattern": [212, 196], "threshold": null}, {"pattern": [25], "threshold": null}, {"pattern": [202, 116], "threshold": null}]}, {"config": {"code_name": "[OS CM CC][Len SSize MFit CAtom][GNone]", "population_size": 100, "evaluation_budget": 10000, "cluster_info_file_name": "C:\\Users\\gac8\\PycharmProjects\\PSSearch\\retail_forecasting_data_collection\\data\\cluster_info_250_random.pkl", "use_custom_sampling_operator": false, "use_custom_mutation_operator": true, "use_custom_crossover_operator": true, "use_custom_atomicity": true, "genome_threshold": null, "include_ps_len": true, "include_sample_quantity": true, "include_wasserstein_distance": false, "include_diff_median": false, "include_atomicity": true, "include_p_value": false, "include_mean_fitness": true, "include_variance": false}, "results": [{"pattern": [25, 86], "threshold": null}, {"pattern": [87, 63], "threshold": null}, {"pattern": [45], "threshold": null}, {"pattern": [202, 158], "threshold": null}, {"pattern": [188, 190], "threshold": null}, {"pattern": [34, 245], "threshold": null}, {"pattern": [212, 86], "threshold": null}, {"pattern": [13], "threshold": null}, {"pattern": [86], "threshold": null}, {"pattern": [25, 202], "threshold": null}, {"pattern": [25, 116], "threshold": null}, {"pattern": [65, 241], "threshold": null}, {"pattern": [65], "threshold": null}, {"pattern": [217, 158], "threshold": null}, {"pattern": [120], "threshold": null}, {"pattern": [49, 116], "threshold": null}, {"pattern": [103], "threshold": null}, {"pattern": [196], "threshold": null}, {"pattern": [158], "threshold": null}, {"pattern": [241, 212], "threshold": null}, {"pattern": [212], "threshold": null}, {"pattern": [116, 197], "threshold": null}, {"pattern": [221, 61], "threshold": null}, {"pattern": [134, 103], "threshold": null}, {"pattern": [230], "threshold": null}, {"pattern": [54], "threshold": null}, {"pattern": [221, 30], "threshold": null}, {"pattern": [50, 188], "threshold": null}, {"pattern": [86, 215], "threshold": null}, {"pattern": [232, 119], "threshold": null}, {"pattern": [132], "threshold": null}, {"pattern": [25], "threshold": null}, {"pattern": [163, 173], "threshold": null}, {"pattern": [158, 38], "threshold": null}, {"pattern": [61, 173], "threshold": null}, {"pattern": [237], "threshold": null}, {"pattern": [232, 25], "threshold": null}, {"pattern": [17, 30], "threshold": null}, {"pattern": [188], "threshold": null}, {"pattern": [88], "threshold": null}]}, {"config": {"code_name": "[CS OM CC][Len SSize MFit CAtom][GNone]", "population_size": 100, "evaluation_budget": 10000, "cluster_info_file_name": "C:\\Users\\gac8\\PycharmProjects\\PSSearch\\retail_forecasting_data_collection\\data\\cluster_info_250_random.pkl", "use_custom_sampling_operator": true, "use_custom_mutation_operator": false, "use_custom_crossover_operator": true, "use_custom_atomicity": true, "genome_threshold": null, "include_ps_len": true, "include_sample_quantity": true, "include_wasserstein_distance": false, "include_diff_median": false, "include_atomicity": true, "include_p_value": false, "include_mean_fitness": true, "include_variance": false}, "results": [{"pattern": [93], "threshold": null}, {"pattern": [49, 63], "threshold": null}, {"pattern": [13], "threshold": null}, {"pattern": [212, 215, 202, 188, 13], "threshold": null}, {"pattern": [171, 180], "threshold": null}, {"pattern": [65, 180], "threshold": null}, {"pattern": [212, 180, 86], "threshold": null}, {"pattern": [65, 212, 188], "threshold": null}, {"pattern": [19, 13], "threshold": null}, {"pattern": [158, 180, 86], "threshold": null}, {"pattern": [188, 63], "threshold": null}, {"pattern": [217, 237], "threshold": null}, {"pattern": [241, 13], "threshold": null}, {"pattern": [65, 25], "threshold": null}, {"pattern": [237, 13], "threshold": null}, {"pattern": [180, 63], "threshold": null}, {"pattern": [217, 188, 237], "threshold": null}, {"pattern": [212, 188, 13, 86], "threshold": null}, {"pattern": [188, 180, 86], "threshold": null}, {"pattern": [241, 132], "threshold": null}, {"pattern": [217, 215], "threshold": null}, {"pattern": [217, 212], "threshold": null}, {"pattern": [177, 188, 212], "threshold": null}, {"pattern": [212, 13], "threshold": null}, {"pattern": [241, 188, 132], "threshold": null}, {"pattern": [180, 215], "threshold": null}, {"pattern": [217, 158], "threshold": null}, {"pattern": [93, 13], "threshold": null}, {"pattern": [177, 212, 188, 215], "threshold": null}, {"pattern": [196], "threshold": null}, {"pattern": [212, 188, 215], "threshold": null}, {"pattern": [212], "threshold": null}, {"pattern": [241], "threshold": null}, {"pattern": [196, 93], "threshold": null}, {"pattern": [241, 196, 188], "threshold": null}, {"pattern": [13, 134], "threshold": null}, {"pattern": [188], "threshold": null}, {"pattern": [202, 13], "threshold": null}, {"pattern": [212, 188, 13, 103], "threshold": null}, {"pattern": [65, 202, 180], "threshold": null}, {"pattern": [212, 47], "threshold": null}, {"pattern": [248, 212, 188, 215], "threshold": null}, {"pattern": [65, 180, 212, 188], "threshold": null}, {"pattern": [65, 158], "threshold": null}, {"pattern": [202, 212], "threshold": null}, {"pattern": [212, 180, 27, 188], "threshold": null}, {"pattern": [65, 188, 13], "threshold": null}, {"pattern": [65, 196, 103], "threshold": null}, {"pattern": [180], "threshold": null}, {"pattern": [202, 188, 212, 215], "threshold": null}, {"pattern": [241, 188], "threshold": null}, {"pattern": [217, 86], "threshold": null}, {"pattern": [230], "threshold": null}, {"pattern": [212, 188], "threshold": null}, {"pattern": [171, 188], "threshold": null}, {"pattern": [92, 63], "threshold": null}, {"pattern": [212, 188, 13], "threshold": null}, {"pattern": [237], "threshold": null}, {"pattern": [91, 212], "threshold": null}, {"pattern": [91, 215], "threshold": null}, {"pattern": [162, 13], "threshold": null}, {"pattern": [217, 188, 86], "threshold": null}, {"pattern": [217, 116], "threshold": null}, {"pattern": [65], "threshold": null}, {"pattern": [16, 212, 188, 13], "threshold": null}, {"pattern": [27, 212, 188], "threshold": null}, {"pattern": [241, 188, 158], "threshold": null}, {"pattern": [212, 13, 86], "threshold": null}, {"pattern": [164, 134], "threshold": null}, {"pattern": [180, 86], "threshold": null}, {"pattern": [27, 181], "threshold": null}, {"pattern": [13, 157], "threshold": null}, {"pattern": [212, 188, 237], "threshold": null}, {"pattern": [188, 134], "threshold": null}, {"pattern": [65, 158, 215], "threshold": null}, {"pattern": [188, 215], "threshold": null}, {"pattern": [217, 188], "threshold": null}, {"pattern": [29, 13], "threshold": null}, {"pattern": [180, 245], "threshold": null}, {"pattern": [162, 212, 13], "threshold": null}, {"pattern": [65, 188], "threshold": null}, {"pattern": [188, 27, 212, 158], "threshold": null}]}, {"config": {"code_name": "[CS CM OC][Len SSize MFit CAtom][GNone]", "population_size": 100, "evaluation_budget": 10000, "cluster_info_file_name": "C:\\Users\\gac8\\PycharmProjects\\PSSearch\\retail_forecasting_data_collection\\data\\cluster_info_250_random.pkl", "use_custom_sampling_operator": true, "use_custom_mutation_operator": true, "use_custom_crossover_operator": false, "use_custom_atomicity": true, "genome_threshold": null, "include_ps_len": true, "include_sample_quantity": true, "include_wasserstein_distance": false, "include_diff_median": false, "include_atomicity": true, "include_p_value": false, "include_mean_fitness": true, "include_variance": false}, "results": [{"pattern": [211, 212], "threshold": null}, {"pattern": [155, 134], "threshold": null}, {"pattern": [45], "threshold": null}, {"pattern": [221, 215], "threshold": null}, {"pattern": [215, 167], "threshold": null}, {"pattern": [25, 132], "threshold": null}, {"pattern": [81, 180], "threshold": null}, {"pattern": [13], "threshold": null}, {"pattern": [86], "threshold": null}, {"pattern": [202, 196], "threshold": null}, {"pattern": [248, 26], "threshold": null}, {"pattern": [65], "threshold": null}, {"pattern": [56, 155], "threshold": null}, {"pattern": [77, 38], "threshold": null}, {"pattern": [82, 11], "threshold": null}, {"pattern": [120], "threshold": null}, {"pattern": [241, 86], "threshold": null}, {"pattern": [91, 158], "threshold": null}, {"pattern": [103], "threshold": null}, {"pattern": [16, 204], "threshold": null}, {"pattern": [196, 134], "threshold": null}, {"pattern": [158], "threshold": null}, {"pattern": [196], "threshold": null}, {"pattern": [25, 90], "threshold": null}, {"pattern": [212], "threshold": null}, {"pattern": [49, 77], "threshold": null}, {"pattern": [196, 86], "threshold": null}, {"pattern": [230], "threshold": null}, {"pattern": [54], "threshold": null}, {"pattern": [202, 91], "threshold": null}, {"pattern": [225, 132], "threshold": null}, {"pattern": [212, 116], "threshold": null}, {"pattern": [180, 134], "threshold": null}, {"pattern": [132], "threshold": null}, {"pattern": [224, 180], "threshold": null}, {"pattern": [88, 245], "threshold": null}, {"pattern": [25], "threshold": null}, {"pattern": [209, 215], "threshold": null}, {"pattern": [51, 213], "threshold": null}, {"pattern": [177, 86], "threshold": null}, {"pattern": [237], "threshold": null}, {"pattern": [232, 25], "threshold": null}, {"pattern": [188], "threshold": null}, {"pattern": [88], "threshold": null}, {"pattern": [248, 103], "threshold": null}, {"pattern": [202, 13], "threshold": null}]}]}