{"extra_info": {"version": "fallback_v1", "seed": 87}, "data": [{"config": {"code_name": "[CS CM CC][Len SSize MFit CAtom][GNone]", "population_size": 100, "evaluation_budget": 10000, "cluster_info_file_name": "C:\\Users\\gac8\\PycharmProjects\\PSSearch\\retail_forecasting_data_collection\\data\\cluster_info_250_random.pkl", "use_custom_sampling_operator": true, "use_custom_mutation_operator": true, "use_custom_crossover_operator": true, "use_custom_atomicity": true, "genome_threshold": null, "include_ps_len": true, "include_sample_quantity": true, "include_wasserstein_distance": false, "include_diff_median": false, "include_atomicity": true, "include_p_value": false, "include_mean_fitness": true, "include_variance": false}, "results": [{"pattern": [120], "threshold": null}, {"pattern": [103], "threshold": null}, {"pattern": [171, 86], "threshold": null}, {"pattern": [69, 29], "threshold": null}, {"pattern": [25, 132], "threshold": null}, {"pattern": [132], "threshold": null}, {"pattern": [43, 101], "threshold": null}, {"pattern": [212, 181], "threshold": null}, {"pattern": [158], "threshold": null}, {"pattern": [88, 132], "threshold": null}, {"pattern": [188, 38], "threshold": null}, {"pattern": [54], "threshold": null}, {"pattern": [49, 74], "threshold": null}, {"pattern": [180, 134], "threshold": null}, {"pattern": [193, 135], "threshold": null}, {"pattern": [92, 158], "threshold": null}, {"pattern": [195, 39], "threshold": null}, {"pattern": [244, 239], "threshold": null}, {"pattern": [86], "threshold": null}, {"pattern": [248, 76], "threshold": null}, {"pattern": [65, 221], "threshold": null}, {"pattern": [188, 164], "threshold": null}, {"pattern": [196, 188], "threshold": null}, {"pattern": [45], "threshold": null}, {"pattern": [248, 25], "threshold": null}, {"pattern": [249, 146], "threshold": null}, {"pattern": [224, 81], "threshold": null}, {"pattern": [8, 19], "threshold": null}, {"pattern": [188], "threshold": null}, {"pattern": [80, 248], "threshold": null}, {"pattern": [196, 215], "threshold": null}, {"pattern": [74, 212], "threshold": null}, {"pattern": [184, 61], "threshold": null}, {"pattern": [230], "threshold": null}, {"pattern": [65], "threshold": null}, {"pattern": [212], "threshold": null}, {"pattern": [25, 52], "threshold": null}, {"pattern": [196], "threshold": null}, {"pattern": [69, 157], "threshold": null}, {"pattern": [235, 132], "threshold": null}, {"pattern": [132, 63], "threshold": null}, {"pattern": [237], "threshold": null}, {"pattern": [235, 158], "threshold": null}, {"pattern": [88], "threshold": null}, {"pattern": [13], "threshold": null}, {"pattern": [232, 34], "threshold": null}, {"pattern": [13, 181], "threshold": null}, {"pattern": [25], "threshold": null}]}, {"config": {"code_name": "[CS CM CC][SSize MFit CAtom][GNone]", "population_size": 100, "evaluation_budget": 10000, "cluster_info_file_name": "C:\\Users\\gac8\\PycharmProjects\\PSSearch\\retail_forecasting_data_collection\\data\\cluster_info_250_random.pkl", "use_custom_sampling_operator": true, "use_custom_mutation_operator": true, "use_custom_crossover_operator": true, "use_custom_atomicity": true, "genome_threshold": null, "include_ps_len": false, "include_sample_quantity": true, "include_wasserstein_distance": false, "include_diff_median": false, "include_atomicity": true, "include_p_value": false, "include_mean_fitness": true, "include_variance": false}, "results": [{"pattern": [65, 202], "threshold": null}, {"pattern": [204, 63], "threshold": null}, {"pattern": [208, 47], "threshold": null}, {"pattern": [237], "threshold": null}, {"pattern": [190, 87], "threshold": null}, {"pattern": [196, 237], "threshold": null}, {"pattern": [88], "threshold": null}, {"pattern": [188, 206], "threshold": null}, {"pattern": [139, 92], "threshold": null}, {"pattern": [217, 116], "threshold": null}, {"pattern": [235, 52], "threshold": null}, {"pattern": [212, 30], "threshold": null}, {"pattern": [61, 190], "threshold": null}, {"pattern": [212], "threshold": null}, {"pattern": [25], "threshold": null}, {"pattern": [217, 63], "threshold": null}, {"pattern": [134, 86], "threshold": null}, {"pattern": [103, 87], "threshold": null}, {"pattern": [212, 38], "threshold": null}, {"pattern": [16, 90], "threshold": null}, {"pattern": [33, 68], "threshold": null}, {"pattern": [158], "threshold": null}, {"pattern": [177, 13], "threshold": null}, {"pattern": [34, 188], "threshold": null}, {"pattern": [65, 90], "threshold": null}, {"pattern": [119, 63], "threshold": null}, {"pattern": [212, 13], "threshold": null}, {"pattern": [188, 100], "threshold": null}, {"pattern": [202, 74], "threshold": null}, {"pattern": [201, 101], "threshold": null}, {"pattern": [188], "threshold": null}, {"pattern": [34, 116], "threshold": null}, {"pattern": [88, 132], "threshold": null}, {"pattern": [13], "threshold": null}, {"pattern": [132], "threshold": null}, {"pattern": [86], "threshold": null}, {"pattern": [34, 63], "threshold": null}, {"pattern": [25, 158], "threshold": null}, {"pattern": [42, 188], "threshold": null}, {"pattern": [103], "threshold": null}, {"pattern": [50, 196], "threshold": null}, {"pattern": [65], "threshold": null}, {"pattern": [177, 193], "threshold": null}, {"pattern": [74, 212], "threshold": null}]}, {"config": {"code_name": "[CS CM CC][Len MFit CAtom][GNone]", "population_size": 100, "evaluation_budget": 10000, "cluster_info_file_name": "C:\\Users\\gac8\\PycharmProjects\\PSSearch\\retail_forecasting_data_collection\\data\\cluster_info_250_random.pkl", "use_custom_sampling_operator": true, "use_custom_mutation_operator": true, "use_custom_crossover_operator": true, "use_custom_atomicity": true, "genome_threshold": null, "include_ps_len": true, "include_sample_quantity": false, "include_wasserstein_distance": false, "include_diff_median": false, "include_atomicity": true, "include_p_value": false, "include_mean_fitness": true, "include_variance": false}, "results": [{"pattern": [56, 38], "threshold": null}, {"pattern": [76, 61], "threshold": null}, {"pattern": [49, 74], "threshold": null}, {"pattern": [25, 134], "threshold": null}, {"pattern": [241, 212, 158], "threshold": null}, {"pattern": [16, 237], "threshold": null}, {"pattern": [122, 109], "threshold": null}, {"pattern": [64, 75], "threshold": null}, {"pattern": [120], "threshold": null}]}, {"config": {"code_name": "[CS CM CC][Len SSize CAtom][GNone]", "population_size": 100, "evaluation_budget": 10000, "cluster_info_file_name": "C:\\Users\\gac8\\PycharmProjects\\PSSearch\\retail_forecasting_data_collection\\data\\cluster_info_250_random.pkl", "use_custom_sampling_operator": true, "use_custom_mutation_operator": true, "use_custom_crossover_operator": true, "use_custom_atomicity": true, "genome_threshold": null, "include_ps_len": true, "include_sample_quantity": true, "include_wasserstein_distance": false, "include_diff_median": false, "include_atomicity": true, "include_p_value": false, "include_mean_fitness": false, "include_variance": false}, "results": [{"pattern": [188, 116], "threshold": null}, {"pattern": [180, 245], "threshold": null}, {"pattern": [249, 195], "threshold": null}, {"pattern": [56, 246], "threshold": null}, {"pattern": [90, 188], "threshold": null}, {"pattern": [188], "threshold": null}, {"pattern": [196, 215], "threshold": null}, {"pattern": [171, 86], "threshold": null}]}, {"config": {"code_name": "[CS CM CC][Len SSize MFit][GNone]", "population_size": 100, "evaluation_budget": 10000, "cluster_info_file_name": "C:\\Users\\gac8\\PycharmProjects\\PSSearch\\retail_forecasting_data_collection\\data\\cluster_info_250_random.pkl", "use_custom_sampling_operator": true, "use_custom_mutation_operator": true, "use_custom_crossover_operator": true, "use_custom_atomicity": true, "genome_threshold": null, "include_ps_len": true, "include_sample_quantity": true, "include_wasserstein_distance": false, "include_diff_median": false, "include_atomicity": false, "include_p_value": false, "include_mean_fitness": true, "include_variance": false}, "results": [{"pattern": [25, 132], "threshold": null}, {"pattern": [13, 215], "threshold": null}, {"pattern": [88], "threshold": null}, {"pattern": [158], "threshold": null}, {"pattern": [25], "threshold": null}, {"pattern": [132, 215], "threshold": null}, {"pattern": [50, 180], "threshold": null}, {"pattern": [27, 245], "threshold": null}, {"pattern": [132], "threshold": null}, {"pattern": [230], "threshold": null}, {"pattern": [103], "threshold": null}, {"pattern": [180, 86], "threshold": null}, {"pattern": [34, 134], "threshold": null}, {"pattern": [13], "threshold": null}, {"pattern": [116, 103], "threshold": null}, {"pattern": [188], "threshold": null}, {"pattern": [13, 167], "threshold": null}, {"pattern": [212], "threshold": null}, {"pattern": [237], "threshold": null}, {"pattern": [65], "threshold": null}, {"pattern": [180, 134], "threshold": null}, {"pattern": [196], "threshold": null}, {"pattern": [235, 196], "threshold": null}, {"pattern": [86], "threshold": null}, {"pattern": [120], "threshold": null}, {"pattern": [45], "threshold": null}, {"pattern": [54], "threshold": null}]}, {"config": {"code_name": "[OS CM CC][Len SSize MFit CAtom][GNone]", "population_size": 100, "evaluation_budget": 10000, "cluster_info_file_name": "C:\\Users\\gac8\\PycharmProjects\\PSSearch\\retail_forecasting_data_collection\\data\\cluster_info_250_random.pkl", "use_custom_sampling_operator": false, "use_custom_mutation_operator": true, "use_custom_crossover_operator": true, "use_custom_atomicity": true, "genome_threshold": null, "include_ps_len": true, "include_sample_quantity": true, "include_wasserstein_distance": false, "include_diff_median": false, "include_atomicity": true, "include_p_value": false, "include_mean_fitness": true, "include_variance": false}, "results": [{"pattern": [211, 134], "threshold": null}, {"pattern": [177, 132], "threshold": null}, {"pattern": [208, 86], "threshold": null}, {"pattern": [91, 13], "threshold": null}, {"pattern": [120], "threshold": null}, {"pattern": [190, 63], "threshold": null}, {"pattern": [103], "threshold": null}, {"pattern": [171, 86], "threshold": null}, {"pattern": [132], "threshold": null}, {"pattern": [158], "threshold": null}, {"pattern": [237, 134], "threshold": null}, {"pattern": [50, 86], "threshold": null}, {"pattern": [18, 38], "threshold": null}, {"pattern": [35, 103], "threshold": null}, {"pattern": [81, 235], "threshold": null}, {"pattern": [54], "threshold": null}, {"pattern": [65, 177], "threshold": null}, {"pattern": [146, 101], "threshold": null}, {"pattern": [212, 61], "threshold": null}, {"pattern": [25, 171], "threshold": null}, {"pattern": [88, 188], "threshold": null}, {"pattern": [196, 237], "threshold": null}, {"pattern": [86], "threshold": null}, {"pattern": [92, 165], "threshold": null}, {"pattern": [45], "threshold": null}, {"pattern": [245, 158], "threshold": null}, {"pattern": [188], "threshold": null}, {"pattern": [27, 158], "threshold": null}, {"pattern": [146, 86], "threshold": null}, {"pattern": [230], "threshold": null}, {"pattern": [27, 180], "threshold": null}, {"pattern": [65], "threshold": null}, {"pattern": [25, 52], "threshold": null}, {"pattern": [196], "threshold": null}, {"pattern": [202, 162], "threshold": null}, {"pattern": [224, 47], "threshold": null}, {"pattern": [212, 93], "threshold": null}, {"pattern": [237], "threshold": null}, {"pattern": [17, 134], "threshold": null}, {"pattern": [235, 212], "threshold": null}, {"pattern": [56, 246], "threshold": null}, {"pattern": [248, 131], "threshold": null}, {"pattern": [88], "threshold": null}, {"pattern": [155, 63], "threshold": null}, {"pattern": [88, 215], "threshold": null}, {"pattern": [90, 103], "threshold": null}, {"pattern": [88, 134], "threshold": null}, {"pattern": [212, 221], "threshold": null}, {"pattern": [13], "threshold": null}, {"pattern": [65, 215], "threshold": null}, {"pattern": [212], "threshold": null}, {"pattern": [25], "threshold": null}, {"pattern": [16, 90], "threshold": null}]}, {"config": {"code_name": "[CS OM CC][Len SSize MFit CAtom][GNone]", "population_size": 100, "evaluation_budget": 10000, "cluster_info_file_name": "C:\\Users\\gac8\\PycharmProjects\\PSSearch\\retail_forecasting_data_collection\\data\\cluster_info_250_random.pkl", "use_custom_sampling_operator": true, "use_custom_mutation_operator": false, "use_custom_crossover_operator": true, "use_custom_atomicity": true, "genome_threshold": null, "include_ps_len": true, "include_sample_quantity": true, "include_wasserstein_distance": false, "include_diff_median": false, "include_atomicity": true, "include_p_value": false, "include_mean_fitness": true, "include_variance": false}, "results": [{"pattern": [221, 134], "threshold": null}, {"pattern": [27, 134], "threshold": null}, {"pattern": [225, 132], "threshold": null}, {"pattern": [248, 212], "threshold": null}, {"pattern": [212, 116, 158], "threshold": null}, {"pattern": [16, 188, 116], "threshold": null}, {"pattern": [188, 212, 13], "threshold": null}, {"pattern": [132, 196, 212], "threshold": null}, {"pattern": [50, 215], "threshold": null}, {"pattern": [217, 134], "threshold": null}, {"pattern": [34, 212, 63], "threshold": null}, {"pattern": [132], "threshold": null}, {"pattern": [248, 212, 215], "threshold": null}, {"pattern": [248, 212, 63], "threshold": null}, {"pattern": [17, 30], "threshold": null}, {"pattern": [116, 188, 212, 158], "threshold": null}, {"pattern": [16, 212, 188], "threshold": null}, {"pattern": [88, 212], "threshold": null}, {"pattern": [93], "threshold": null}, {"pattern": [180, 196], "threshold": null}, {"pattern": [170, 132], "threshold": null}, {"pattern": [100, 222], "threshold": null}, {"pattern": [88, 132, 212], "threshold": null}, {"pattern": [116, 16, 188, 212], "threshold": null}, {"pattern": [132, 196], "threshold": null}, {"pattern": [202, 212, 158], "threshold": null}, {"pattern": [35, 116], "threshold": null}, {"pattern": [196, 237], "threshold": null}, {"pattern": [134, 55], "threshold": null}, {"pattern": [212, 87], "threshold": null}, {"pattern": [134], "threshold": null}, {"pattern": [202, 212, 86], "threshold": null}, {"pattern": [90, 212, 116], "threshold": null}, {"pattern": [132, 180, 196], "threshold": null}, {"pattern": [196], "threshold": null}, {"pattern": [134, 215], "threshold": null}, {"pattern": [116, 188, 212], "threshold": null}, {"pattern": [212, 116], "threshold": null}, {"pattern": [17, 134], "threshold": null}, {"pattern": [93, 215], "threshold": null}, {"pattern": [81, 196], "threshold": null}, {"pattern": [235, 212], "threshold": null}, {"pattern": [212, 132], "threshold": null}, {"pattern": [132, 202, 212], "threshold": null}, {"pattern": [202, 212], "threshold": null}, {"pattern": [188, 212, 13, 63], "threshold": null}, {"pattern": [25, 212], "threshold": null}, {"pattern": [188, 212, 63], "threshold": null}, {"pattern": [202, 212, 13, 158], "threshold": null}, {"pattern": [188, 116], "threshold": null}, {"pattern": [88, 134], "threshold": null}, {"pattern": [177, 212], "threshold": null}, {"pattern": [25, 134], "threshold": null}, {"pattern": [212], "threshold": null}, {"pattern": [212, 63], "threshold": null}, {"pattern": [184, 132], "threshold": null}]}, {"config": {"code_name": "[CS CM OC][Len SSize MFit CAtom][GNone]", "population_size": 100, "evaluation_budget": 10000, "cluster_info_file_name": "C:\\Users\\gac8\\PycharmProjects\\PSSearch\\retail_forecasting_data_collection\\data\\cluster_info_250_random.pkl", "use_custom_sampling_operator": true, "use_custom_mutation_operator": true, "use_custom_crossover_operator": false, "use_custom_atomicity": true, "genome_threshold": null, "include_ps_len": true, "include_sample_quantity": true, "include_wasserstein_distance": false, "include_diff_median": false, "include_atomicity": true, "include_p_value": false, "include_mean_fitness": true, "include_variance": false}, "results": [{"pattern": [205, 109], "threshold": null}, {"pattern": [225, 132], "threshold": null}, {"pattern": [202, 91], "threshold": null}, {"pattern": [188, 165], "threshold": null}, {"pattern": [120], "threshold": null}, {"pattern": [90, 146], "threshold": null}, {"pattern": [202, 215], "threshold": null}, {"pattern": [103], "threshold": null}, {"pattern": [29, 13], "threshold": null}, {"pattern": [88, 217], "threshold": null}, {"pattern": [132], "threshold": null}, {"pattern": [177, 244], "threshold": null}, {"pattern": [158], "threshold": null}, {"pattern": [179, 71], "threshold": null}, {"pattern": [217, 196], "threshold": null}, {"pattern": [237, 86], "threshold": null}, {"pattern": [158, 215], "threshold": null}, {"pattern": [54], "threshold": null}, {"pattern": [27, 188], "threshold": null}, {"pattern": [241, 158], "threshold": null}, {"pattern": [61, 158], "threshold": null}, {"pattern": [86], "threshold": null}, {"pattern": [188, 206], "threshold": null}, {"pattern": [184, 221], "threshold": null}, {"pattern": [45], "threshold": null}, {"pattern": [245, 158], "threshold": null}, {"pattern": [180, 158], "threshold": null}, {"pattern": [188], "threshold": null}, {"pattern": [13, 239], "threshold": null}, {"pattern": [230], "threshold": null}, {"pattern": [81, 173], "threshold": null}, {"pattern": [65], "threshold": null}, {"pattern": [196], "threshold": null}, {"pattern": [237], "threshold": null}, {"pattern": [66, 116], "threshold": null}, {"pattern": [162, 221], "threshold": null}, {"pattern": [25, 116], "threshold": null}, {"pattern": [88], "threshold": null}, {"pattern": [157, 173], "threshold": null}, {"pattern": [212, 237], "threshold": null}, {"pattern": [233, 18], "threshold": null}, {"pattern": [13], "threshold": null}, {"pattern": [212], "threshold": null}, {"pattern": [25], "threshold": null}, {"pattern": [204, 92], "threshold": null}]}]}