{"extra_info": {"version": "fallback_v1", "seed": 26}, "data": [{"config": {"code_name": "[CS CM CC][Len SSize MFit CAtom][GNone]", "population_size": 100, "evaluation_budget": 10000, "cluster_info_file_name": "C:\\Users\\gac8\\PycharmProjects\\PSSearch\\retail_forecasting_data_collection\\data\\cluster_info_250_random.pkl", "use_custom_sampling_operator": true, "use_custom_mutation_operator": true, "use_custom_crossover_operator": true, "use_custom_atomicity": true, "genome_threshold": null, "include_ps_len": true, "include_sample_quantity": true, "include_wasserstein_distance": false, "include_diff_median": false, "include_atomicity": true, "include_p_value": false, "include_mean_fitness": true, "include_variance": false}, "results": [{"pattern": [120], "threshold": null}, {"pattern": [188, 134], "threshold": null}, {"pattern": [188, 69, 158], "threshold": null}, {"pattern": [248, 235], "threshold": null}, {"pattern": [188, 38], "threshold": null}, {"pattern": [192, 195], "threshold": null}, {"pattern": [180, 103], "threshold": null}, {"pattern": [65], "threshold": null}, {"pattern": [232, 205], "threshold": null}, {"pattern": [13, 38], "threshold": null}, {"pattern": [54], "threshold": null}, {"pattern": [230], "threshold": null}, {"pattern": [237, 13], "threshold": null}, {"pattern": [16, 158], "threshold": null}, {"pattern": [65, 196], "threshold": null}, {"pattern": [19, 158], "threshold": null}, {"pattern": [248, 27], "threshold": null}, {"pattern": [212, 77], "threshold": null}, {"pattern": [86], "threshold": null}, {"pattern": [201, 132], "threshold": null}, {"pattern": [188], "threshold": null}, {"pattern": [45], "threshold": null}, {"pattern": [25], "threshold": null}, {"pattern": [50, 188], "threshold": null}, {"pattern": [24, 127], "threshold": null}, {"pattern": [212], "threshold": null}, {"pattern": [173, 103], "threshold": null}, {"pattern": [221, 30], "threshold": null}, {"pattern": [103], "threshold": null}, {"pattern": [88, 34], "threshold": null}, {"pattern": [137, 116], "threshold": null}, {"pattern": [212, 244], "threshold": null}, {"pattern": [237], "threshold": null}, {"pattern": [92, 165], "threshold": null}, {"pattern": [93], "threshold": null}, {"pattern": [205, 109], "threshold": null}, {"pattern": [88], "threshold": null}, {"pattern": [13, 158], "threshold": null}, {"pattern": [196, 167], "threshold": null}, {"pattern": [134, 103], "threshold": null}, {"pattern": [13], "threshold": null}, {"pattern": [65, 212], "threshold": null}, {"pattern": [50, 139], "threshold": null}, {"pattern": [217], "threshold": null}, {"pattern": [65, 158], "threshold": null}, {"pattern": [48, 222], "threshold": null}, {"pattern": [211, 212], "threshold": null}, {"pattern": [196], "threshold": null}, {"pattern": [179, 71], "threshold": null}, {"pattern": [158], "threshold": null}, {"pattern": [217, 90], "threshold": null}, {"pattern": [65, 90, 103], "threshold": null}, {"pattern": [132, 13], "threshold": null}, {"pattern": [241, 167], "threshold": null}, {"pattern": [132], "threshold": null}, {"pattern": [25, 235], "threshold": null}, {"pattern": [93, 86], "threshold": null}]}, {"config": {"code_name": "[CS CM CC][SSize MFit CAtom][GNone]", "population_size": 100, "evaluation_budget": 10000, "cluster_info_file_name": "C:\\Users\\gac8\\PycharmProjects\\PSSearch\\retail_forecasting_data_collection\\data\\cluster_info_250_random.pkl", "use_custom_sampling_operator": true, "use_custom_mutation_operator": true, "use_custom_crossover_operator": true, "use_custom_atomicity": true, "genome_threshold": null, "include_ps_len": false, "include_sample_quantity": true, "include_wasserstein_distance": false, "include_diff_median": false, "include_atomicity": true, "include_p_value": false, "include_mean_fitness": true, "include_variance": false}, "results": [{"pattern": [212], "threshold": null}, {"pattern": [202, 188], "threshold": null}, {"pattern": [202, 158], "threshold": null}, {"pattern": [221, 13], "threshold": null}, {"pattern": [116, 197], "threshold": null}, {"pattern": [81, 235], "threshold": null}, {"pattern": [202, 212, 132], "threshold": null}, {"pattern": [86], "threshold": null}, {"pattern": [181, 158], "threshold": null}, {"pattern": [188], "threshold": null}, {"pattern": [116, 190], "threshold": null}, {"pattern": [196], "threshold": null}, {"pattern": [132], "threshold": null}, {"pattern": [160, 245], "threshold": null}, {"pattern": [180, 245], "threshold": null}, {"pattern": [90, 180], "threshold": null}, {"pattern": [25, 202], "threshold": null}, {"pattern": [86, 95], "threshold": null}, {"pattern": [116, 86], "threshold": null}, {"pattern": [16, 116], "threshold": null}, {"pattern": [95, 63], "threshold": null}, {"pattern": [132, 30], "threshold": null}, {"pattern": [158], "threshold": null}, {"pattern": [56, 204], "threshold": null}, {"pattern": [65], "threshold": null}, {"pattern": [13, 181], "threshold": null}, {"pattern": [233, 18], "threshold": null}, {"pattern": [241, 180], "threshold": null}, {"pattern": [232, 119], "threshold": null}, {"pattern": [212, 132], "threshold": null}, {"pattern": [158, 63], "threshold": null}, {"pattern": [27, 13], "threshold": null}, {"pattern": [202, 215], "threshold": null}, {"pattern": [196, 102], "threshold": null}, {"pattern": [90, 27], "threshold": null}, {"pattern": [171, 188], "threshold": null}, {"pattern": [196, 134], "threshold": null}, {"pattern": [211, 132], "threshold": null}, {"pattern": [16, 167], "threshold": null}, {"pattern": [88], "threshold": null}, {"pattern": [49, 82], "threshold": null}, {"pattern": [103], "threshold": null}, {"pattern": [13], "threshold": null}, {"pattern": [27, 181], "threshold": null}, {"pattern": [212, 93], "threshold": null}, {"pattern": [212, 87], "threshold": null}, {"pattern": [81, 153], "threshold": null}, {"pattern": [241, 116], "threshold": null}, {"pattern": [202, 53], "threshold": null}]}, {"config": {"code_name": "[CS CM CC][Len MFit CAtom][GNone]", "population_size": 100, "evaluation_budget": 10000, "cluster_info_file_name": "C:\\Users\\gac8\\PycharmProjects\\PSSearch\\retail_forecasting_data_collection\\data\\cluster_info_250_random.pkl", "use_custom_sampling_operator": true, "use_custom_mutation_operator": true, "use_custom_crossover_operator": true, "use_custom_atomicity": true, "genome_threshold": null, "include_ps_len": true, "include_sample_quantity": false, "include_wasserstein_distance": false, "include_diff_median": false, "include_atomicity": true, "include_p_value": false, "include_mean_fitness": true, "include_variance": false}, "results": [{"pattern": [235, 134], "threshold": null}, {"pattern": [56, 246], "threshold": null}, {"pattern": [25, 63], "threshold": null}, {"pattern": [56, 155], "threshold": null}, {"pattern": [120], "threshold": null}, {"pattern": [155, 63], "threshold": null}]}, {"config": {"code_name": "[CS CM CC][Len SSize CAtom][GNone]", "population_size": 100, "evaluation_budget": 10000, "cluster_info_file_name": "C:\\Users\\gac8\\PycharmProjects\\PSSearch\\retail_forecasting_data_collection\\data\\cluster_info_250_random.pkl", "use_custom_sampling_operator": true, "use_custom_mutation_operator": true, "use_custom_crossover_operator": true, "use_custom_atomicity": true, "genome_threshold": null, "include_ps_len": true, "include_sample_quantity": true, "include_wasserstein_distance": false, "include_diff_median": false, "include_atomicity": true, "include_p_value": false, "include_mean_fitness": false, "include_variance": false}, "results": [{"pattern": [188], "threshold": null}, {"pattern": [249, 195], "threshold": null}, {"pattern": [38, 87], "threshold": null}, {"pattern": [208, 47], "threshold": null}, {"pattern": [34, 63], "threshold": null}, {"pattern": [90, 146], "threshold": null}, {"pattern": [188, 180], "threshold": null}]}, {"config": {"code_name": "[CS CM CC][Len SSize MFit][GNone]", "population_size": 100, "evaluation_budget": 10000, "cluster_info_file_name": "C:\\Users\\gac8\\PycharmProjects\\PSSearch\\retail_forecasting_data_collection\\data\\cluster_info_250_random.pkl", "use_custom_sampling_operator": true, "use_custom_mutation_operator": true, "use_custom_crossover_operator": true, "use_custom_atomicity": true, "genome_threshold": null, "include_ps_len": true, "include_sample_quantity": true, "include_wasserstein_distance": false, "include_diff_median": false, "include_atomicity": false, "include_p_value": false, "include_mean_fitness": true, "include_variance": false}, "results": [{"pattern": [188, 103], "threshold": null}, {"pattern": [86], "threshold": null}, {"pattern": [132], "threshold": null}, {"pattern": [88], "threshold": null}, {"pattern": [158], "threshold": null}, {"pattern": [217, 212], "threshold": null}, {"pattern": [54], "threshold": null}, {"pattern": [202, 158], "threshold": null}, {"pattern": [196, 180], "threshold": null}, {"pattern": [241, 132], "threshold": null}, {"pattern": [196], "threshold": null}, {"pattern": [188], "threshold": null}, {"pattern": [65, 182], "threshold": null}, {"pattern": [13, 167], "threshold": null}, {"pattern": [93], "threshold": null}, {"pattern": [217], "threshold": null}, {"pattern": [230], "threshold": null}, {"pattern": [65], "threshold": null}, {"pattern": [103], "threshold": null}, {"pattern": [212], "threshold": null}, {"pattern": [25], "threshold": null}, {"pattern": [88, 188], "threshold": null}, {"pattern": [13], "threshold": null}, {"pattern": [120], "threshold": null}, {"pattern": [34, 103], "threshold": null}, {"pattern": [237], "threshold": null}, {"pattern": [241, 34], "threshold": null}, {"pattern": [25, 215], "threshold": null}, {"pattern": [202, 86], "threshold": null}, {"pattern": [196, 86], "threshold": null}, {"pattern": [45], "threshold": null}, {"pattern": [212, 86], "threshold": null}]}, {"config": {"code_name": "[OS CM CC][Len SSize MFit CAtom][GNone]", "population_size": 100, "evaluation_budget": 10000, "cluster_info_file_name": "C:\\Users\\gac8\\PycharmProjects\\PSSearch\\retail_forecasting_data_collection\\data\\cluster_info_250_random.pkl", "use_custom_sampling_operator": false, "use_custom_mutation_operator": true, "use_custom_crossover_operator": true, "use_custom_atomicity": true, "genome_threshold": null, "include_ps_len": true, "include_sample_quantity": true, "include_wasserstein_distance": false, "include_diff_median": false, "include_atomicity": true, "include_p_value": false, "include_mean_fitness": true, "include_variance": false}, "results": [{"pattern": [120], "threshold": null}, {"pattern": [74, 68], "threshold": null}, {"pattern": [88, 212, 180], "threshold": null}, {"pattern": [56, 237], "threshold": null}, {"pattern": [237, 86], "threshold": null}, {"pattern": [65], "threshold": null}, {"pattern": [180, 86], "threshold": null}, {"pattern": [54], "threshold": null}, {"pattern": [230], "threshold": null}, {"pattern": [16, 158], "threshold": null}, {"pattern": [30, 103], "threshold": null}, {"pattern": [177, 244], "threshold": null}, {"pattern": [232, 207], "threshold": null}, {"pattern": [86], "threshold": null}, {"pattern": [188], "threshold": null}, {"pattern": [45], "threshold": null}, {"pattern": [74, 103], "threshold": null}, {"pattern": [202, 86], "threshold": null}, {"pattern": [87, 63], "threshold": null}, {"pattern": [25], "threshold": null}, {"pattern": [248, 190], "threshold": null}, {"pattern": [212], "threshold": null}, {"pattern": [92, 158], "threshold": null}, {"pattern": [103], "threshold": null}, {"pattern": [232, 87], "threshold": null}, {"pattern": [88, 34], "threshold": null}, {"pattern": [119, 103], "threshold": null}, {"pattern": [160, 245], "threshold": null}, {"pattern": [237], "threshold": null}, {"pattern": [93], "threshold": null}, {"pattern": [119, 63], "threshold": null}, {"pattern": [88], "threshold": null}, {"pattern": [235, 63], "threshold": null}, {"pattern": [13], "threshold": null}, {"pattern": [217], "threshold": null}, {"pattern": [204, 92], "threshold": null}, {"pattern": [211, 63], "threshold": null}, {"pattern": [16, 74], "threshold": null}, {"pattern": [196], "threshold": null}, {"pattern": [158], "threshold": null}, {"pattern": [16, 13], "threshold": null}, {"pattern": [217, 134], "threshold": null}, {"pattern": [241, 132], "threshold": null}, {"pattern": [86, 95], "threshold": null}, {"pattern": [132], "threshold": null}, {"pattern": [27, 86], "threshold": null}, {"pattern": [158, 167], "threshold": null}]}, {"config": {"code_name": "[CS OM CC][Len SSize MFit CAtom][GNone]", "population_size": 100, "evaluation_budget": 10000, "cluster_info_file_name": "C:\\Users\\gac8\\PycharmProjects\\PSSearch\\retail_forecasting_data_collection\\data\\cluster_info_250_random.pkl", "use_custom_sampling_operator": true, "use_custom_mutation_operator": false, "use_custom_crossover_operator": true, "use_custom_atomicity": true, "genome_threshold": null, "include_ps_len": true, "include_sample_quantity": true, "include_wasserstein_distance": false, "include_diff_median": false, "include_atomicity": true, "include_p_value": false, "include_mean_fitness": true, "include_variance": false}, "results": [{"pattern": [16, 188, 134], "threshold": null}, {"pattern": [215, 63], "threshold": null}, {"pattern": [16, 116, 34, 188], "threshold": null}, {"pattern": [188, 215], "threshold": null}, {"pattern": [25, 212], "threshold": null}, {"pattern": [88, 188, 132, 13], "threshold": null}, {"pattern": [188, 237, 63], "threshold": null}, {"pattern": [132, 188, 158], "threshold": null}, {"pattern": [158, 215], "threshold": null}, {"pattern": [237, 215], "threshold": null}, {"pattern": [180, 13], "threshold": null}, {"pattern": [25, 188], "threshold": null}, {"pattern": [202, 188, 215], "threshold": null}, {"pattern": [158, 13, 86], "threshold": null}, {"pattern": [86], "threshold": null}, {"pattern": [188], "threshold": null}, {"pattern": [16, 188], "threshold": null}, {"pattern": [193, 215], "threshold": null}, {"pattern": [16, 132, 212, 188], "threshold": null}, {"pattern": [34, 190], "threshold": null}, {"pattern": [25], "threshold": null}, {"pattern": [132, 13, 215], "threshold": null}, {"pattern": [196, 132], "threshold": null}, {"pattern": [13, 158, 215], "threshold": null}, {"pattern": [65, 202, 86], "threshold": null}, {"pattern": [212, 13], "threshold": null}, {"pattern": [132, 158, 215], "threshold": null}, {"pattern": [188, 205], "threshold": null}, {"pattern": [65, 180, 86], "threshold": null}, {"pattern": [34, 188, 190], "threshold": null}, {"pattern": [188, 190], "threshold": null}, {"pattern": [29, 13], "threshold": null}, {"pattern": [132, 188, 63], "threshold": null}, {"pattern": [235, 134], "threshold": null}, {"pattern": [132, 188, 215], "threshold": null}, {"pattern": [65, 188, 132, 215], "threshold": null}, {"pattern": [188, 132], "threshold": null}, {"pattern": [25, 188, 116], "threshold": null}, {"pattern": [25, 116], "threshold": null}, {"pattern": [188, 95, 63], "threshold": null}, {"pattern": [13], "threshold": null}, {"pattern": [188, 132, 13], "threshold": null}, {"pattern": [188, 132, 86], "threshold": null}, {"pattern": [188, 86, 63], "threshold": null}, {"pattern": [116, 188, 63], "threshold": null}, {"pattern": [188, 4, 63], "threshold": null}, {"pattern": [80, 52], "threshold": null}, {"pattern": [25, 134], "threshold": null}, {"pattern": [25, 188, 134], "threshold": null}, {"pattern": [16, 132, 188], "threshold": null}, {"pattern": [134, 30], "threshold": null}, {"pattern": [158, 134], "threshold": null}, {"pattern": [188, 190, 63], "threshold": null}, {"pattern": [65, 27, 86], "threshold": null}, {"pattern": [134], "threshold": null}, {"pattern": [90, 188, 132, 13], "threshold": null}, {"pattern": [116, 16, 188], "threshold": null}, {"pattern": [132, 180, 188, 13], "threshold": null}, {"pattern": [132, 13], "threshold": null}, {"pattern": [134, 86], "threshold": null}, {"pattern": [132], "threshold": null}, {"pattern": [25, 235], "threshold": null}, {"pattern": [65, 86], "threshold": null}, {"pattern": [65, 188], "threshold": null}, {"pattern": [56, 86], "threshold": null}, {"pattern": [188, 63], "threshold": null}]}, {"config": {"code_name": "[CS CM OC][Len SSize MFit CAtom][GNone]", "population_size": 100, "evaluation_budget": 10000, "cluster_info_file_name": "C:\\Users\\gac8\\PycharmProjects\\PSSearch\\retail_forecasting_data_collection\\data\\cluster_info_250_random.pkl", "use_custom_sampling_operator": true, "use_custom_mutation_operator": true, "use_custom_crossover_operator": false, "use_custom_atomicity": true, "genome_threshold": null, "include_ps_len": true, "include_sample_quantity": true, "include_wasserstein_distance": false, "include_diff_median": false, "include_atomicity": true, "include_p_value": false, "include_mean_fitness": true, "include_variance": false}, "results": [{"pattern": [120], "threshold": null}, {"pattern": [65, 237], "threshold": null}, {"pattern": [202, 26], "threshold": null}, {"pattern": [65], "threshold": null}, {"pattern": [132, 61], "threshold": null}, {"pattern": [54], "threshold": null}, {"pattern": [196, 182], "threshold": null}, {"pattern": [230], "threshold": null}, {"pattern": [205, 119], "threshold": null}, {"pattern": [180, 134], "threshold": null}, {"pattern": [158, 215], "threshold": null}, {"pattern": [116, 109], "threshold": null}, {"pattern": [132, 244], "threshold": null}, {"pattern": [202, 215], "threshold": null}, {"pattern": [13, 189], "threshold": null}, {"pattern": [88, 65], "threshold": null}, {"pattern": [212, 87], "threshold": null}, {"pattern": [86], "threshold": null}, {"pattern": [16, 25], "threshold": null}, {"pattern": [188], "threshold": null}, {"pattern": [45], "threshold": null}, {"pattern": [25], "threshold": null}, {"pattern": [217, 237], "threshold": null}, {"pattern": [25, 245], "threshold": null}, {"pattern": [27, 181], "threshold": null}, {"pattern": [202, 196], "threshold": null}, {"pattern": [212], "threshold": null}, {"pattern": [212, 93], "threshold": null}, {"pattern": [103], "threshold": null}, {"pattern": [237], "threshold": null}, {"pattern": [33, 202], "threshold": null}, {"pattern": [93], "threshold": null}, {"pattern": [91, 142], "threshold": null}, {"pattern": [241, 116], "threshold": null}, {"pattern": [136, 132], "threshold": null}, {"pattern": [88], "threshold": null}, {"pattern": [16, 65], "threshold": null}, {"pattern": [13], "threshold": null}, {"pattern": [116, 197], "threshold": null}, {"pattern": [49, 212], "threshold": null}, {"pattern": [50, 139], "threshold": null}, {"pattern": [217], "threshold": null}, {"pattern": [212, 196], "threshold": null}, {"pattern": [35, 52], "threshold": null}, {"pattern": [91, 212], "threshold": null}, {"pattern": [196], "threshold": null}, {"pattern": [158], "threshold": null}, {"pattern": [196, 180], "threshold": null}, {"pattern": [116, 13], "threshold": null}, {"pattern": [241, 132], "threshold": null}, {"pattern": [132], "threshold": null}, {"pattern": [188, 116], "threshold": null}, {"pattern": [52, 215], "threshold": null}]}]}