{"extra_info": {"version": "fallback_v1", "seed": 57}, "data": [{"config": {"code_name": "[CS CM CC][Len SSize MFit CAtom][GNone]", "population_size": 100, "evaluation_budget": 10000, "cluster_info_file_name": "C:\\Users\\gac8\\PycharmProjects\\PSSearch\\retail_forecasting_data_collection\\data\\cluster_info_250_random.pkl", "use_custom_sampling_operator": true, "use_custom_mutation_operator": true, "use_custom_crossover_operator": true, "use_custom_atomicity": true, "genome_threshold": null, "include_ps_len": true, "include_sample_quantity": true, "include_wasserstein_distance": false, "include_diff_median": false, "include_atomicity": true, "include_p_value": false, "include_mean_fitness": true, "include_variance": false}, "results": [{"pattern": [180, 237], "threshold": null}, {"pattern": [188, 165], "threshold": null}, {"pattern": [180, 215], "threshold": null}, {"pattern": [153, 196], "threshold": null}, {"pattern": [45], "threshold": null}, {"pattern": [103], "threshold": null}, {"pattern": [132, 134], "threshold": null}, {"pattern": [158, 132, 86], "threshold": null}, {"pattern": [162, 221], "threshold": null}, {"pattern": [205, 158], "threshold": null}, {"pattern": [196, 158], "threshold": null}, {"pattern": [81, 63], "threshold": null}, {"pattern": [88], "threshold": null}, {"pattern": [120], "threshold": null}, {"pattern": [25], "threshold": null}, {"pattern": [13], "threshold": null}, {"pattern": [18, 34], "threshold": null}, {"pattern": [25, 196], "threshold": null}, {"pattern": [204, 215], "threshold": null}, {"pattern": [69, 63], "threshold": null}, {"pattern": [76, 61], "threshold": null}, {"pattern": [204, 196], "threshold": null}, {"pattern": [208, 215], "threshold": null}, {"pattern": [0, 1], "threshold": null}, {"pattern": [86], "threshold": null}, {"pattern": [209, 245], "threshold": null}, {"pattern": [139, 235], "threshold": null}, {"pattern": [196, 132], "threshold": null}, {"pattern": [188], "threshold": null}, {"pattern": [172, 116], "threshold": null}, {"pattern": [88, 116], "threshold": null}, {"pattern": [158], "threshold": null}, {"pattern": [237, 215], "threshold": null}, {"pattern": [54], "threshold": null}, {"pattern": [184, 188], "threshold": null}, {"pattern": [132], "threshold": null}, {"pattern": [86, 167], "threshold": null}, {"pattern": [177, 244], "threshold": null}, {"pattern": [37, 38], "threshold": null}, {"pattern": [81, 74], "threshold": null}, {"pattern": [33, 75], "threshold": null}, {"pattern": [24, 127], "threshold": null}, {"pattern": [212], "threshold": null}, {"pattern": [233, 37], "threshold": null}, {"pattern": [237], "threshold": null}, {"pattern": [25, 13], "threshold": null}]}, {"config": {"code_name": "[CS CM CC][SSize MFit CAtom][GNone]", "population_size": 100, "evaluation_budget": 10000, "cluster_info_file_name": "C:\\Users\\gac8\\PycharmProjects\\PSSearch\\retail_forecasting_data_collection\\data\\cluster_info_250_random.pkl", "use_custom_sampling_operator": true, "use_custom_mutation_operator": true, "use_custom_crossover_operator": true, "use_custom_atomicity": true, "genome_threshold": null, "include_ps_len": false, "include_sample_quantity": true, "include_wasserstein_distance": false, "include_diff_median": false, "include_atomicity": true, "include_p_value": false, "include_mean_fitness": true, "include_variance": false}, "results": [{"pattern": [132, 61], "threshold": null}, {"pattern": [69, 71], "threshold": null}, {"pattern": [82, 109], "threshold": null}, {"pattern": [180, 134], "threshold": null}, {"pattern": [188, 158, 215], "threshold": null}, {"pattern": [13], "threshold": null}, {"pattern": [137, 86], "threshold": null}, {"pattern": [100, 222], "threshold": null}, {"pattern": [180, 181], "threshold": null}, {"pattern": [221, 30], "threshold": null}, {"pattern": [88], "threshold": null}, {"pattern": [86], "threshold": null}, {"pattern": [237], "threshold": null}, {"pattern": [65, 217], "threshold": null}, {"pattern": [188, 134], "threshold": null}, {"pattern": [24, 127], "threshold": null}, {"pattern": [212, 4], "threshold": null}, {"pattern": [116, 53], "threshold": null}, {"pattern": [83, 151], "threshold": null}, {"pattern": [180, 215], "threshold": null}, {"pattern": [212], "threshold": null}, {"pattern": [224, 167], "threshold": null}, {"pattern": [27, 61], "threshold": null}, {"pattern": [224, 158], "threshold": null}, {"pattern": [43, 212], "threshold": null}, {"pattern": [18, 92], "threshold": null}, {"pattern": [132, 134], "threshold": null}, {"pattern": [25, 202], "threshold": null}, {"pattern": [16, 52], "threshold": null}, {"pattern": [196, 13], "threshold": null}, {"pattern": [217, 90], "threshold": null}, {"pattern": [93, 215], "threshold": null}, {"pattern": [75, 68], "threshold": null}, {"pattern": [16, 139, 212], "threshold": null}, {"pattern": [24, 181], "threshold": null}, {"pattern": [35, 52], "threshold": null}, {"pattern": [188, 151], "threshold": null}, {"pattern": [18, 158], "threshold": null}, {"pattern": [90, 146], "threshold": null}, {"pattern": [16, 204], "threshold": null}, {"pattern": [27, 63], "threshold": null}, {"pattern": [232, 205], "threshold": null}, {"pattern": [155, 63], "threshold": null}, {"pattern": [188], "threshold": null}, {"pattern": [132], "threshold": null}, {"pattern": [179, 71], "threshold": null}, {"pattern": [158], "threshold": null}, {"pattern": [188, 215], "threshold": null}]}, {"config": {"code_name": "[CS CM CC][Len MFit CAtom][GNone]", "population_size": 100, "evaluation_budget": 10000, "cluster_info_file_name": "C:\\Users\\gac8\\PycharmProjects\\PSSearch\\retail_forecasting_data_collection\\data\\cluster_info_250_random.pkl", "use_custom_sampling_operator": true, "use_custom_mutation_operator": true, "use_custom_crossover_operator": true, "use_custom_atomicity": true, "genome_threshold": null, "include_ps_len": true, "include_sample_quantity": false, "include_wasserstein_distance": false, "include_diff_median": false, "include_atomicity": true, "include_p_value": false, "include_mean_fitness": true, "include_variance": false}, "results": [{"pattern": [122, 205], "threshold": null}, {"pattern": [64, 75], "threshold": null}, {"pattern": [34, 4], "threshold": null}, {"pattern": [35, 30], "threshold": null}, {"pattern": [38, 63], "threshold": null}, {"pattern": [120], "threshold": null}, {"pattern": [25, 103], "threshold": null}, {"pattern": [25, 158], "threshold": null}]}, {"config": {"code_name": "[CS CM CC][Len SSize CAtom][GNone]", "population_size": 100, "evaluation_budget": 10000, "cluster_info_file_name": "C:\\Users\\gac8\\PycharmProjects\\PSSearch\\retail_forecasting_data_collection\\data\\cluster_info_250_random.pkl", "use_custom_sampling_operator": true, "use_custom_mutation_operator": true, "use_custom_crossover_operator": true, "use_custom_atomicity": true, "genome_threshold": null, "include_ps_len": true, "include_sample_quantity": true, "include_wasserstein_distance": false, "include_diff_median": false, "include_atomicity": true, "include_p_value": false, "include_mean_fitness": false, "include_variance": false}, "results": [{"pattern": [90, 188], "threshold": null}, {"pattern": [196, 188], "threshold": null}, {"pattern": [17, 30], "threshold": null}, {"pattern": [188], "threshold": null}, {"pattern": [212, 180], "threshold": null}, {"pattern": [75, 68], "threshold": null}, {"pattern": [34, 116], "threshold": null}, {"pattern": [134, 103], "threshold": null}, {"pattern": [188, 245], "threshold": null}, {"pattern": [249, 195], "threshold": null}]}, {"config": {"code_name": "[CS CM CC][Len SSize MFit][GNone]", "population_size": 100, "evaluation_budget": 10000, "cluster_info_file_name": "C:\\Users\\gac8\\PycharmProjects\\PSSearch\\retail_forecasting_data_collection\\data\\cluster_info_250_random.pkl", "use_custom_sampling_operator": true, "use_custom_mutation_operator": true, "use_custom_crossover_operator": true, "use_custom_atomicity": true, "genome_threshold": null, "include_ps_len": true, "include_sample_quantity": true, "include_wasserstein_distance": false, "include_diff_median": false, "include_atomicity": false, "include_p_value": false, "include_mean_fitness": true, "include_variance": false}, "results": [{"pattern": [132], "threshold": null}, {"pattern": [103], "threshold": null}, {"pattern": [188], "threshold": null}, {"pattern": [120], "threshold": null}, {"pattern": [45], "threshold": null}, {"pattern": [212, 13], "threshold": null}, {"pattern": [50, 196], "threshold": null}, {"pattern": [158, 103], "threshold": null}, {"pattern": [27, 215], "threshold": null}, {"pattern": [54], "threshold": null}, {"pattern": [86], "threshold": null}, {"pattern": [158], "threshold": null}, {"pattern": [16, 38], "threshold": null}, {"pattern": [237], "threshold": null}, {"pattern": [212, 132], "threshold": null}, {"pattern": [13], "threshold": null}, {"pattern": [212], "threshold": null}, {"pattern": [204, 237], "threshold": null}, {"pattern": [88], "threshold": null}, {"pattern": [25], "threshold": null}, {"pattern": [196, 245], "threshold": null}, {"pattern": [86, 63], "threshold": null}, {"pattern": [248, 212], "threshold": null}, {"pattern": [245, 215], "threshold": null}]}, {"config": {"code_name": "[OS CM CC][Len SSize MFit CAtom][GNone]", "population_size": 100, "evaluation_budget": 10000, "cluster_info_file_name": "C:\\Users\\gac8\\PycharmProjects\\PSSearch\\retail_forecasting_data_collection\\data\\cluster_info_250_random.pkl", "use_custom_sampling_operator": false, "use_custom_mutation_operator": true, "use_custom_crossover_operator": true, "use_custom_atomicity": true, "genome_threshold": null, "include_ps_len": true, "include_sample_quantity": true, "include_wasserstein_distance": false, "include_diff_median": false, "include_atomicity": true, "include_p_value": false, "include_mean_fitness": true, "include_variance": false}, "results": [{"pattern": [244, 86], "threshold": null}, {"pattern": [241, 63], "threshold": null}, {"pattern": [61, 190], "threshold": null}, {"pattern": [205, 63], "threshold": null}, {"pattern": [91, 215], "threshold": null}, {"pattern": [188, 92], "threshold": null}, {"pattern": [19, 196], "threshold": null}, {"pattern": [212, 164], "threshold": null}, {"pattern": [195, 135], "threshold": null}, {"pattern": [103], "threshold": null}, {"pattern": [45], "threshold": null}, {"pattern": [158, 47], "threshold": null}, {"pattern": [235, 103], "threshold": null}, {"pattern": [221, 61], "threshold": null}, {"pattern": [217, 90], "threshold": null}, {"pattern": [88], "threshold": null}, {"pattern": [120], "threshold": null}, {"pattern": [25], "threshold": null}, {"pattern": [13], "threshold": null}, {"pattern": [245, 215], "threshold": null}, {"pattern": [212, 93], "threshold": null}, {"pattern": [188, 63], "threshold": null}, {"pattern": [49, 35], "threshold": null}, {"pattern": [90, 103], "threshold": null}, {"pattern": [16, 151], "threshold": null}, {"pattern": [188, 13], "threshold": null}, {"pattern": [180, 134], "threshold": null}, {"pattern": [86], "threshold": null}, {"pattern": [232, 109], "threshold": null}, {"pattern": [188, 28], "threshold": null}, {"pattern": [81, 153], "threshold": null}, {"pattern": [188], "threshold": null}, {"pattern": [211, 188], "threshold": null}, {"pattern": [158], "threshold": null}, {"pattern": [65, 164], "threshold": null}, {"pattern": [54], "threshold": null}, {"pattern": [132], "threshold": null}, {"pattern": [65, 25], "threshold": null}, {"pattern": [181, 127], "threshold": null}, {"pattern": [16, 171], "threshold": null}, {"pattern": [81, 180], "threshold": null}, {"pattern": [75, 35], "threshold": null}, {"pattern": [212], "threshold": null}, {"pattern": [217, 215], "threshold": null}, {"pattern": [53, 158], "threshold": null}, {"pattern": [18, 37], "threshold": null}, {"pattern": [237], "threshold": null}, {"pattern": [16, 25], "threshold": null}]}, {"config": {"code_name": "[CS OM CC][Len SSize MFit CAtom][GNone]", "population_size": 100, "evaluation_budget": 10000, "cluster_info_file_name": "C:\\Users\\gac8\\PycharmProjects\\PSSearch\\retail_forecasting_data_collection\\data\\cluster_info_250_random.pkl", "use_custom_sampling_operator": true, "use_custom_mutation_operator": false, "use_custom_crossover_operator": true, "use_custom_atomicity": true, "genome_threshold": null, "include_ps_len": true, "include_sample_quantity": true, "include_wasserstein_distance": false, "include_diff_median": false, "include_atomicity": true, "include_p_value": false, "include_mean_fitness": true, "include_variance": false}, "results": [{"pattern": [202, 103], "threshold": null}, {"pattern": [244, 86], "threshold": null}, {"pattern": [164, 86], "threshold": null}, {"pattern": [188, 132, 90, 86], "threshold": null}, {"pattern": [186, 103], "threshold": null}, {"pattern": [132, 90, 196, 188], "threshold": null}, {"pattern": [88, 103], "threshold": null}, {"pattern": [103], "threshold": null}, {"pattern": [188, 134, 103], "threshold": null}, {"pattern": [188, 27, 132, 86], "threshold": null}, {"pattern": [235, 103], "threshold": null}, {"pattern": [90, 27, 212], "threshold": null}, {"pattern": [241], "threshold": null}, {"pattern": [90, 27], "threshold": null}, {"pattern": [188, 116], "threshold": null}, {"pattern": [188, 132, 86], "threshold": null}, {"pattern": [241, 90], "threshold": null}, {"pattern": [81, 212, 196], "threshold": null}, {"pattern": [65, 212], "threshold": null}, {"pattern": [217, 180, 188], "threshold": null}, {"pattern": [97, 135], "threshold": null}, {"pattern": [132, 27, 188, 13], "threshold": null}, {"pattern": [241, 86], "threshold": null}, {"pattern": [171, 212], "threshold": null}, {"pattern": [90, 103], "threshold": null}, {"pattern": [171, 212, 158], "threshold": null}, {"pattern": [86], "threshold": null}, {"pattern": [212, 90, 171, 188], "threshold": null}, {"pattern": [188, 196, 132, 86], "threshold": null}, {"pattern": [188], "threshold": null}, {"pattern": [188, 132, 90], "threshold": null}, {"pattern": [188, 212, 132, 86], "threshold": null}, {"pattern": [132, 196, 188], "threshold": null}, {"pattern": [241, 132], "threshold": null}, {"pattern": [241, 212], "threshold": null}, {"pattern": [119, 103], "threshold": null}, {"pattern": [146, 195, 39], "threshold": null}, {"pattern": [64, 146], "threshold": null}, {"pattern": [146, 195], "threshold": null}, {"pattern": [247, 103], "threshold": null}, {"pattern": [185, 202], "threshold": null}, {"pattern": [132, 27, 188], "threshold": null}, {"pattern": [30, 103], "threshold": null}, {"pattern": [188, 132], "threshold": null}, {"pattern": [212, 103], "threshold": null}, {"pattern": [27, 103], "threshold": null}, {"pattern": [90, 188], "threshold": null}, {"pattern": [188, 132, 13], "threshold": null}, {"pattern": [65, 171, 86], "threshold": null}, {"pattern": [241, 245], "threshold": null}, {"pattern": [171, 212, 86], "threshold": null}, {"pattern": [86, 95], "threshold": null}, {"pattern": [27, 188, 13], "threshold": null}, {"pattern": [171, 86], "threshold": null}, {"pattern": [81, 196], "threshold": null}, {"pattern": [188, 103], "threshold": null}, {"pattern": [65, 241, 212], "threshold": null}, {"pattern": [217, 103], "threshold": null}]}, {"config": {"code_name": "[CS CM OC][Len SSize MFit CAtom][GNone]", "population_size": 100, "evaluation_budget": 10000, "cluster_info_file_name": "C:\\Users\\gac8\\PycharmProjects\\PSSearch\\retail_forecasting_data_collection\\data\\cluster_info_250_random.pkl", "use_custom_sampling_operator": true, "use_custom_mutation_operator": true, "use_custom_crossover_operator": false, "use_custom_atomicity": true, "genome_threshold": null, "include_ps_len": true, "include_sample_quantity": true, "include_wasserstein_distance": false, "include_diff_median": false, "include_atomicity": true, "include_p_value": false, "include_mean_fitness": true, "include_variance": false}, "results": [{"pattern": [34, 38], "threshold": null}, {"pattern": [188, 167], "threshold": null}, {"pattern": [90, 171, 188], "threshold": null}, {"pattern": [244, 215], "threshold": null}, {"pattern": [215, 167], "threshold": null}, {"pattern": [56, 155], "threshold": null}, {"pattern": [45], "threshold": null}, {"pattern": [103], "threshold": null}, {"pattern": [244, 13], "threshold": null}, {"pattern": [235, 52], "threshold": null}, {"pattern": [235, 63], "threshold": null}, {"pattern": [221, 134], "threshold": null}, {"pattern": [25, 132], "threshold": null}, {"pattern": [88], "threshold": null}, {"pattern": [25], "threshold": null}, {"pattern": [120], "threshold": null}, {"pattern": [241, 90], "threshold": null}, {"pattern": [13], "threshold": null}, {"pattern": [134, 86], "threshold": null}, {"pattern": [100, 13], "threshold": null}, {"pattern": [50, 196], "threshold": null}, {"pattern": [241, 202], "threshold": null}, {"pattern": [49, 162], "threshold": null}, {"pattern": [241, 180], "threshold": null}, {"pattern": [180, 244], "threshold": null}, {"pattern": [180, 13, 158], "threshold": null}, {"pattern": [86], "threshold": null}, {"pattern": [188, 86], "threshold": null}, {"pattern": [188], "threshold": null}, {"pattern": [81, 169], "threshold": null}, {"pattern": [162, 74], "threshold": null}, {"pattern": [212, 158], "threshold": null}, {"pattern": [158], "threshold": null}, {"pattern": [105, 205], "threshold": null}, {"pattern": [54], "threshold": null}, {"pattern": [211, 212], "threshold": null}, {"pattern": [132], "threshold": null}, {"pattern": [212, 196], "threshold": null}, {"pattern": [81, 235], "threshold": null}, {"pattern": [88, 202], "threshold": null}, {"pattern": [204, 158], "threshold": null}, {"pattern": [16, 116], "threshold": null}, {"pattern": [35, 68], "threshold": null}, {"pattern": [196, 164], "threshold": null}, {"pattern": [212], "threshold": null}, {"pattern": [237], "threshold": null}, {"pattern": [196, 77], "threshold": null}, {"pattern": [16, 25], "threshold": null}, {"pattern": [90, 134], "threshold": null}]}]}