{"extra_info": {"version": "fallback_v1", "seed": 66}, "data": [{"config": {"code_name": "[CS CM CC][Len SSize MFit CAtom][GNone]", "population_size": 100, "evaluation_budget": 10000, "cluster_info_file_name": "C:\\Users\\gac8\\PycharmProjects\\PSSearch\\retail_forecasting_data_collection\\data\\cluster_info_250_random.pkl", "use_custom_sampling_operator": true, "use_custom_mutation_operator": true, "use_custom_crossover_operator": true, "use_custom_atomicity": true, "genome_threshold": null, "include_ps_len": true, "include_sample_quantity": true, "include_wasserstein_distance": false, "include_diff_median": false, "include_atomicity": true, "include_p_value": false, "include_mean_fitness": true, "include_variance": false}, "results": [{"pattern": [54], "threshold": null}, {"pattern": [237], "threshold": null}, {"pattern": [65, 215], "threshold": null}, {"pattern": [188], "threshold": null}, {"pattern": [248, 131], "threshold": null}, {"pattern": [186, 13], "threshold": null}, {"pattern": [27, 103], "threshold": null}, {"pattern": [188, 180], "threshold": null}, {"pattern": [212, 197], "threshold": null}, {"pattern": [212, 215], "threshold": null}, {"pattern": [81, 196, 188], "threshold": null}, {"pattern": [212, 180], "threshold": null}, {"pattern": [120], "threshold": null}, {"pattern": [158], "threshold": null}, {"pattern": [217], "threshold": null}, {"pattern": [13], "threshold": null}, {"pattern": [25], "threshold": null}, {"pattern": [25, 158], "threshold": null}, {"pattern": [212], "threshold": null}, {"pattern": [16, 204], "threshold": null}, {"pattern": [196, 221], "threshold": null}, {"pattern": [33, 75], "threshold": null}, {"pattern": [180, 158], "threshold": null}, {"pattern": [88, 158], "threshold": null}, {"pattern": [132], "threshold": null}, {"pattern": [42, 245], "threshold": null}, {"pattern": [116, 245], "threshold": null}, {"pattern": [56, 147], "threshold": null}, {"pattern": [196], "threshold": null}, {"pattern": [241, 50], "threshold": null}, {"pattern": [45], "threshold": null}, {"pattern": [65], "threshold": null}, {"pattern": [88], "threshold": null}, {"pattern": [27, 204], "threshold": null}, {"pattern": [105, 119], "threshold": null}, {"pattern": [237, 215], "threshold": null}, {"pattern": [193, 180], "threshold": null}, {"pattern": [86], "threshold": null}, {"pattern": [81, 235], "threshold": null}, {"pattern": [53, 158], "threshold": null}, {"pattern": [230], "threshold": null}, {"pattern": [212, 188], "threshold": null}, {"pattern": [103], "threshold": null}, {"pattern": [91, 47], "threshold": null}, {"pattern": [25, 90], "threshold": null}, {"pattern": [244, 103], "threshold": null}]}, {"config": {"code_name": "[CS CM CC][SSize MFit CAtom][GNone]", "population_size": 100, "evaluation_budget": 10000, "cluster_info_file_name": "C:\\Users\\gac8\\PycharmProjects\\PSSearch\\retail_forecasting_data_collection\\data\\cluster_info_250_random.pkl", "use_custom_sampling_operator": true, "use_custom_mutation_operator": true, "use_custom_crossover_operator": true, "use_custom_atomicity": true, "genome_threshold": null, "include_ps_len": false, "include_sample_quantity": true, "include_wasserstein_distance": false, "include_diff_median": false, "include_atomicity": true, "include_p_value": false, "include_mean_fitness": true, "include_variance": false}, "results": [{"pattern": [25, 52], "threshold": null}, {"pattern": [244, 13], "threshold": null}, {"pattern": [27, 103], "threshold": null}, {"pattern": [16, 86], "threshold": null}, {"pattern": [237], "threshold": null}, {"pattern": [16, 237], "threshold": null}, {"pattern": [16, 132], "threshold": null}, {"pattern": [18, 63], "threshold": null}, {"pattern": [212], "threshold": null}, {"pattern": [235, 103], "threshold": null}, {"pattern": [86], "threshold": null}, {"pattern": [132], "threshold": null}, {"pattern": [248, 52], "threshold": null}, {"pattern": [180, 245], "threshold": null}, {"pattern": [25, 132], "threshold": null}, {"pattern": [90, 196], "threshold": null}, {"pattern": [25, 116], "threshold": null}, {"pattern": [116, 87], "threshold": null}, {"pattern": [241, 86], "threshold": null}, {"pattern": [158], "threshold": null}, {"pattern": [13], "threshold": null}, {"pattern": [241, 158], "threshold": null}, {"pattern": [212, 190], "threshold": null}, {"pattern": [65, 86], "threshold": null}, {"pattern": [171, 103], "threshold": null}, {"pattern": [196], "threshold": null}, {"pattern": [103], "threshold": null}, {"pattern": [188], "threshold": null}, {"pattern": [25, 86], "threshold": null}, {"pattern": [13, 181], "threshold": null}, {"pattern": [180, 158], "threshold": null}, {"pattern": [65], "threshold": null}, {"pattern": [50, 196], "threshold": null}, {"pattern": [249, 101], "threshold": null}, {"pattern": [212, 181], "threshold": null}, {"pattern": [204, 61], "threshold": null}, {"pattern": [88], "threshold": null}, {"pattern": [217], "threshold": null}, {"pattern": [56, 155], "threshold": null}, {"pattern": [212, 38], "threshold": null}]}, {"config": {"code_name": "[CS CM CC][Len MFit CAtom][GNone]", "population_size": 100, "evaluation_budget": 10000, "cluster_info_file_name": "C:\\Users\\gac8\\PycharmProjects\\PSSearch\\retail_forecasting_data_collection\\data\\cluster_info_250_random.pkl", "use_custom_sampling_operator": true, "use_custom_mutation_operator": true, "use_custom_crossover_operator": true, "use_custom_atomicity": true, "genome_threshold": null, "include_ps_len": true, "include_sample_quantity": false, "include_wasserstein_distance": false, "include_diff_median": false, "include_atomicity": true, "include_p_value": false, "include_mean_fitness": true, "include_variance": false}, "results": [{"pattern": [61, 173], "threshold": null}, {"pattern": [25, 158], "threshold": null}, {"pattern": [74, 68], "threshold": null}, {"pattern": [27, 204], "threshold": null}, {"pattern": [120], "threshold": null}]}, {"config": {"code_name": "[CS CM CC][Len SSize CAtom][GNone]", "population_size": 100, "evaluation_budget": 10000, "cluster_info_file_name": "C:\\Users\\gac8\\PycharmProjects\\PSSearch\\retail_forecasting_data_collection\\data\\cluster_info_250_random.pkl", "use_custom_sampling_operator": true, "use_custom_mutation_operator": true, "use_custom_crossover_operator": true, "use_custom_atomicity": true, "genome_threshold": null, "include_ps_len": true, "include_sample_quantity": true, "include_wasserstein_distance": false, "include_diff_median": false, "include_atomicity": true, "include_p_value": false, "include_mean_fitness": false, "include_variance": false}, "results": [{"pattern": [11, 205], "threshold": null}, {"pattern": [188], "threshold": null}, {"pattern": [43, 101], "threshold": null}, {"pattern": [65, 86], "threshold": null}, {"pattern": [232, 205], "threshold": null}, {"pattern": [202, 212], "threshold": null}, {"pattern": [16, 188], "threshold": null}, {"pattern": [224, 196], "threshold": null}]}, {"config": {"code_name": "[CS CM CC][Len SSize MFit][GNone]", "population_size": 100, "evaluation_budget": 10000, "cluster_info_file_name": "C:\\Users\\gac8\\PycharmProjects\\PSSearch\\retail_forecasting_data_collection\\data\\cluster_info_250_random.pkl", "use_custom_sampling_operator": true, "use_custom_mutation_operator": true, "use_custom_crossover_operator": true, "use_custom_atomicity": true, "genome_threshold": null, "include_ps_len": true, "include_sample_quantity": true, "include_wasserstein_distance": false, "include_diff_median": false, "include_atomicity": false, "include_p_value": false, "include_mean_fitness": true, "include_variance": false}, "results": [{"pattern": [16, 158], "threshold": null}, {"pattern": [120], "threshold": null}, {"pattern": [45], "threshold": null}, {"pattern": [158], "threshold": null}, {"pattern": [90, 116], "threshold": null}, {"pattern": [212], "threshold": null}, {"pattern": [88], "threshold": null}, {"pattern": [16, 215], "threshold": null}, {"pattern": [25], "threshold": null}, {"pattern": [217], "threshold": null}, {"pattern": [212, 63], "threshold": null}, {"pattern": [132], "threshold": null}, {"pattern": [188, 132, 237], "threshold": null}, {"pattern": [116, 86], "threshold": null}, {"pattern": [237], "threshold": null}, {"pattern": [230], "threshold": null}, {"pattern": [180, 237], "threshold": null}, {"pattern": [241, 188], "threshold": null}, {"pattern": [202, 212], "threshold": null}, {"pattern": [54], "threshold": null}, {"pattern": [196, 116], "threshold": null}, {"pattern": [65], "threshold": null}, {"pattern": [188], "threshold": null}, {"pattern": [13], "threshold": null}, {"pattern": [86], "threshold": null}, {"pattern": [196], "threshold": null}, {"pattern": [103], "threshold": null}]}, {"config": {"code_name": "[OS CM CC][Len SSize MFit CAtom][GNone]", "population_size": 100, "evaluation_budget": 10000, "cluster_info_file_name": "C:\\Users\\gac8\\PycharmProjects\\PSSearch\\retail_forecasting_data_collection\\data\\cluster_info_250_random.pkl", "use_custom_sampling_operator": false, "use_custom_mutation_operator": true, "use_custom_crossover_operator": true, "use_custom_atomicity": true, "genome_threshold": null, "include_ps_len": true, "include_sample_quantity": true, "include_wasserstein_distance": false, "include_diff_median": false, "include_atomicity": true, "include_p_value": false, "include_mean_fitness": true, "include_variance": false}, "results": [{"pattern": [54], "threshold": null}, {"pattern": [237], "threshold": null}, {"pattern": [16, 74], "threshold": null}, {"pattern": [177, 215], "threshold": null}, {"pattern": [188], "threshold": null}, {"pattern": [16, 25], "threshold": null}, {"pattern": [188, 180], "threshold": null}, {"pattern": [69, 71], "threshold": null}, {"pattern": [167, 103], "threshold": null}, {"pattern": [188, 101], "threshold": null}, {"pattern": [25, 212], "threshold": null}, {"pattern": [248, 103], "threshold": null}, {"pattern": [34, 212], "threshold": null}, {"pattern": [158], "threshold": null}, {"pattern": [120], "threshold": null}, {"pattern": [13], "threshold": null}, {"pattern": [217], "threshold": null}, {"pattern": [25], "threshold": null}, {"pattern": [212], "threshold": null}, {"pattern": [56, 155], "threshold": null}, {"pattern": [209, 34], "threshold": null}, {"pattern": [116, 13], "threshold": null}, {"pattern": [132, 87], "threshold": null}, {"pattern": [132], "threshold": null}, {"pattern": [224, 124], "threshold": null}, {"pattern": [196], "threshold": null}, {"pattern": [61, 63], "threshold": null}, {"pattern": [56, 246], "threshold": null}, {"pattern": [45], "threshold": null}, {"pattern": [65], "threshold": null}, {"pattern": [88], "threshold": null}, {"pattern": [196, 167], "threshold": null}, {"pattern": [105, 119], "threshold": null}, {"pattern": [65, 13], "threshold": null}, {"pattern": [27, 181], "threshold": null}, {"pattern": [86], "threshold": null}, {"pattern": [190, 134], "threshold": null}, {"pattern": [230], "threshold": null}, {"pattern": [90, 86], "threshold": null}, {"pattern": [181, 215], "threshold": null}, {"pattern": [196, 173], "threshold": null}, {"pattern": [212, 116], "threshold": null}, {"pattern": [13, 30], "threshold": null}, {"pattern": [103], "threshold": null}, {"pattern": [86, 103], "threshold": null}, {"pattern": [193, 90], "threshold": null}, {"pattern": [184, 87], "threshold": null}, {"pattern": [224, 180], "threshold": null}, {"pattern": [202, 134], "threshold": null}, {"pattern": [171, 212], "threshold": null}]}, {"config": {"code_name": "[CS OM CC][Len SSize MFit CAtom][GNone]", "population_size": 100, "evaluation_budget": 10000, "cluster_info_file_name": "C:\\Users\\gac8\\PycharmProjects\\PSSearch\\retail_forecasting_data_collection\\data\\cluster_info_250_random.pkl", "use_custom_sampling_operator": true, "use_custom_mutation_operator": false, "use_custom_crossover_operator": true, "use_custom_atomicity": true, "genome_threshold": null, "include_ps_len": true, "include_sample_quantity": true, "include_wasserstein_distance": false, "include_diff_median": false, "include_atomicity": true, "include_p_value": false, "include_mean_fitness": true, "include_variance": false}, "results": [{"pattern": [217, 158], "threshold": null}, {"pattern": [212, 188, 27, 196], "threshold": null}, {"pattern": [212, 103], "threshold": null}, {"pattern": [212, 87], "threshold": null}, {"pattern": [212, 13, 103], "threshold": null}, {"pattern": [65, 188, 196], "threshold": null}, {"pattern": [180, 212, 245], "threshold": null}, {"pattern": [212, 27, 196], "threshold": null}, {"pattern": [196, 134], "threshold": null}, {"pattern": [87, 63], "threshold": null}, {"pattern": [81, 212, 196], "threshold": null}, {"pattern": [212, 190], "threshold": null}, {"pattern": [162, 196], "threshold": null}, {"pattern": [132, 196, 188, 215], "threshold": null}, {"pattern": [212, 87, 63], "threshold": null}, {"pattern": [196, 188], "threshold": null}, {"pattern": [34, 63, 87], "threshold": null}, {"pattern": [88, 212], "threshold": null}, {"pattern": [212, 180], "threshold": null}, {"pattern": [212, 180, 13], "threshold": null}, {"pattern": [81, 188, 196], "threshold": null}, {"pattern": [217, 237], "threshold": null}, {"pattern": [158], "threshold": null}, {"pattern": [209, 151], "threshold": null}, {"pattern": [81, 196], "threshold": null}, {"pattern": [212], "threshold": null}, {"pattern": [34, 87], "threshold": null}, {"pattern": [24, 181], "threshold": null}, {"pattern": [224, 196], "threshold": null}, {"pattern": [132, 196, 188], "threshold": null}, {"pattern": [27, 196, 215], "threshold": null}, {"pattern": [88, 134], "threshold": null}, {"pattern": [90, 27], "threshold": null}, {"pattern": [88, 158], "threshold": null}, {"pattern": [196, 181], "threshold": null}, {"pattern": [212, 196, 103], "threshold": null}, {"pattern": [196], "threshold": null}, {"pattern": [88], "threshold": null}, {"pattern": [116, 212, 196], "threshold": null}, {"pattern": [132, 196, 215], "threshold": null}, {"pattern": [248, 212], "threshold": null}, {"pattern": [88, 237], "threshold": null}, {"pattern": [212, 196, 63], "threshold": null}, {"pattern": [212, 196], "threshold": null}, {"pattern": [88, 132], "threshold": null}, {"pattern": [88, 63], "threshold": null}, {"pattern": [25, 196], "threshold": null}, {"pattern": [212, 158, 103], "threshold": null}, {"pattern": [116, 212], "threshold": null}, {"pattern": [162, 188, 196], "threshold": null}, {"pattern": [212, 157], "threshold": null}, {"pattern": [196, 188, 158], "threshold": null}, {"pattern": [180, 196, 215], "threshold": null}, {"pattern": [196, 215], "threshold": null}, {"pattern": [196, 212, 215], "threshold": null}, {"pattern": [27, 196], "threshold": null}, {"pattern": [65, 196], "threshold": null}, {"pattern": [184, 87], "threshold": null}, {"pattern": [88, 212, 86], "threshold": null}, {"pattern": [196, 180], "threshold": null}, {"pattern": [211, 196], "threshold": null}]}, {"config": {"code_name": "[CS CM OC][Len SSize MFit CAtom][GNone]", "population_size": 100, "evaluation_budget": 10000, "cluster_info_file_name": "C:\\Users\\gac8\\PycharmProjects\\PSSearch\\retail_forecasting_data_collection\\data\\cluster_info_250_random.pkl", "use_custom_sampling_operator": true, "use_custom_mutation_operator": true, "use_custom_crossover_operator": false, "use_custom_atomicity": true, "genome_threshold": null, "include_ps_len": true, "include_sample_quantity": true, "include_wasserstein_distance": false, "include_diff_median": false, "include_atomicity": true, "include_p_value": false, "include_mean_fitness": true, "include_variance": false}, "results": [{"pattern": [54], "threshold": null}, {"pattern": [217, 158], "threshold": null}, {"pattern": [237], "threshold": null}, {"pattern": [209, 59], "threshold": null}, {"pattern": [82, 11], "threshold": null}, {"pattern": [95, 63], "threshold": null}, {"pattern": [188], "threshold": null}, {"pattern": [241, 86], "threshold": null}, {"pattern": [162, 13], "threshold": null}, {"pattern": [195, 101], "threshold": null}, {"pattern": [241, 188], "threshold": null}, {"pattern": [104, 142], "threshold": null}, {"pattern": [212, 215], "threshold": null}, {"pattern": [205, 37], "threshold": null}, {"pattern": [116, 63], "threshold": null}, {"pattern": [13, 239], "threshold": null}, {"pattern": [132, 244], "threshold": null}, {"pattern": [25, 212], "threshold": null}, {"pattern": [158], "threshold": null}, {"pattern": [120], "threshold": null}, {"pattern": [13], "threshold": null}, {"pattern": [25, 103], "threshold": null}, {"pattern": [217], "threshold": null}, {"pattern": [25], "threshold": null}, {"pattern": [212], "threshold": null}, {"pattern": [204, 61], "threshold": null}, {"pattern": [196, 87], "threshold": null}, {"pattern": [33, 75], "threshold": null}, {"pattern": [34, 116], "threshold": null}, {"pattern": [212, 63], "threshold": null}, {"pattern": [132], "threshold": null}, {"pattern": [196, 245], "threshold": null}, {"pattern": [235, 215], "threshold": null}, {"pattern": [196], "threshold": null}, {"pattern": [45], "threshold": null}, {"pattern": [65], "threshold": null}, {"pattern": [88], "threshold": null}, {"pattern": [16, 86], "threshold": null}, {"pattern": [86], "threshold": null}, {"pattern": [230], "threshold": null}, {"pattern": [180, 215], "threshold": null}, {"pattern": [237, 134], "threshold": null}, {"pattern": [205, 38], "threshold": null}, {"pattern": [25, 134], "threshold": null}, {"pattern": [180, 245], "threshold": null}, {"pattern": [103], "threshold": null}, {"pattern": [139, 92], "threshold": null}, {"pattern": [105, 205], "threshold": null}]}]}