{"extra_info": {"version": "fallback_v1", "seed": 5}, "data": [{"config": {"code_name": "[CS CM CC][Len SSize MFit CAtom][GNone]", "population_size": 100, "evaluation_budget": 10000, "cluster_info_file_name": "C:\\Users\\gac8\\PycharmProjects\\PSSearch\\retail_forecasting_data_collection\\data\\cluster_info_250_random.pkl", "use_custom_sampling_operator": true, "use_custom_mutation_operator": true, "use_custom_crossover_operator": true, "use_custom_atomicity": true, "genome_threshold": null, "include_ps_len": true, "include_sample_quantity": true, "include_wasserstein_distance": false, "include_diff_median": false, "include_atomicity": true, "include_p_value": false, "include_mean_fitness": true, "include_variance": false}, "results": [{"pattern": [202, 171], "threshold": null}, {"pattern": [237], "threshold": null}, {"pattern": [153, 100], "threshold": null}, {"pattern": [49, 116], "threshold": null}, {"pattern": [132], "threshold": null}, {"pattern": [217, 116], "threshold": null}, {"pattern": [164, 86], "threshold": null}, {"pattern": [81, 165], "threshold": null}, {"pattern": [177, 158], "threshold": null}, {"pattern": [8, 19], "threshold": null}, {"pattern": [158, 127], "threshold": null}, {"pattern": [16, 139], "threshold": null}, {"pattern": [157, 86], "threshold": null}, {"pattern": [45], "threshold": null}, {"pattern": [188, 87], "threshold": null}, {"pattern": [25], "threshold": null}, {"pattern": [204, 188], "threshold": null}, {"pattern": [90, 139], "threshold": null}, {"pattern": [132, 237], "threshold": null}, {"pattern": [221, 30], "threshold": null}, {"pattern": [86], "threshold": null}, {"pattern": [86, 63], "threshold": null}, {"pattern": [50, 188, 180], "threshold": null}, {"pattern": [54], "threshold": null}, {"pattern": [179, 71], "threshold": null}, {"pattern": [88], "threshold": null}, {"pattern": [120], "threshold": null}, {"pattern": [13], "threshold": null}, {"pattern": [212], "threshold": null}, {"pattern": [196], "threshold": null}, {"pattern": [27, 181], "threshold": null}, {"pattern": [212, 157], "threshold": null}, {"pattern": [249, 195], "threshold": null}, {"pattern": [226, 76], "threshold": null}, {"pattern": [56, 86], "threshold": null}, {"pattern": [208, 188], "threshold": null}, {"pattern": [188], "threshold": null}, {"pattern": [65], "threshold": null}, {"pattern": [95, 63], "threshold": null}, {"pattern": [146, 101], "threshold": null}, {"pattern": [244, 47], "threshold": null}, {"pattern": [232, 132], "threshold": null}, {"pattern": [158], "threshold": null}, {"pattern": [13, 158], "threshold": null}, {"pattern": [25, 196], "threshold": null}, {"pattern": [217, 134], "threshold": null}, {"pattern": [103], "threshold": null}, {"pattern": [235, 188], "threshold": null}, {"pattern": [88, 132], "threshold": null}, {"pattern": [230], "threshold": null}]}, {"config": {"code_name": "[CS CM CC][SSize MFit CAtom][GNone]", "population_size": 100, "evaluation_budget": 10000, "cluster_info_file_name": "C:\\Users\\gac8\\PycharmProjects\\PSSearch\\retail_forecasting_data_collection\\data\\cluster_info_250_random.pkl", "use_custom_sampling_operator": true, "use_custom_mutation_operator": true, "use_custom_crossover_operator": true, "use_custom_atomicity": true, "genome_threshold": null, "include_ps_len": false, "include_sample_quantity": true, "include_wasserstein_distance": false, "include_diff_median": false, "include_atomicity": true, "include_p_value": false, "include_mean_fitness": true, "include_variance": false}, "results": [{"pattern": [65, 215], "threshold": null}, {"pattern": [65], "threshold": null}, {"pattern": [103], "threshold": null}, {"pattern": [134, 215], "threshold": null}, {"pattern": [190, 103], "threshold": null}, {"pattern": [212, 171, 188], "threshold": null}, {"pattern": [158], "threshold": null}, {"pattern": [25, 196], "threshold": null}, {"pattern": [13], "threshold": null}, {"pattern": [25, 13], "threshold": null}, {"pattern": [188], "threshold": null}, {"pattern": [190, 63], "threshold": null}, {"pattern": [132, 86], "threshold": null}, {"pattern": [16, 116], "threshold": null}, {"pattern": [196, 158], "threshold": null}, {"pattern": [212, 38], "threshold": null}, {"pattern": [132], "threshold": null}, {"pattern": [217, 237], "threshold": null}, {"pattern": [171, 188], "threshold": null}, {"pattern": [177, 188], "threshold": null}, {"pattern": [202, 215], "threshold": null}, {"pattern": [162, 196], "threshold": null}, {"pattern": [86], "threshold": null}, {"pattern": [196], "threshold": null}, {"pattern": [235, 132], "threshold": null}, {"pattern": [49, 212], "threshold": null}, {"pattern": [217, 86], "threshold": null}, {"pattern": [158, 103], "threshold": null}, {"pattern": [132, 102], "threshold": null}, {"pattern": [88], "threshold": null}, {"pattern": [25, 235], "threshold": null}, {"pattern": [38, 87], "threshold": null}, {"pattern": [212], "threshold": null}]}, {"config": {"code_name": "[CS CM CC][Len MFit CAtom][GNone]", "population_size": 100, "evaluation_budget": 10000, "cluster_info_file_name": "C:\\Users\\gac8\\PycharmProjects\\PSSearch\\retail_forecasting_data_collection\\data\\cluster_info_250_random.pkl", "use_custom_sampling_operator": true, "use_custom_mutation_operator": true, "use_custom_crossover_operator": true, "use_custom_atomicity": true, "genome_threshold": null, "include_ps_len": true, "include_sample_quantity": false, "include_wasserstein_distance": false, "include_diff_median": false, "include_atomicity": true, "include_p_value": false, "include_mean_fitness": true, "include_variance": false}, "results": [{"pattern": [153, 100], "threshold": null}, {"pattern": [232, 158], "threshold": null}, {"pattern": [25, 196, 188], "threshold": null}, {"pattern": [74, 68], "threshold": null}, {"pattern": [88, 217], "threshold": null}, {"pattern": [34, 38], "threshold": null}, {"pattern": [120], "threshold": null}, {"pattern": [190, 103], "threshold": null}, {"pattern": [205, 38], "threshold": null}, {"pattern": [4, 63], "threshold": null}, {"pattern": [119, 103], "threshold": null}]}, {"config": {"code_name": "[CS CM CC][Len SSize CAtom][GNone]", "population_size": 100, "evaluation_budget": 10000, "cluster_info_file_name": "C:\\Users\\gac8\\PycharmProjects\\PSSearch\\retail_forecasting_data_collection\\data\\cluster_info_250_random.pkl", "use_custom_sampling_operator": true, "use_custom_mutation_operator": true, "use_custom_crossover_operator": true, "use_custom_atomicity": true, "genome_threshold": null, "include_ps_len": true, "include_sample_quantity": true, "include_wasserstein_distance": false, "include_diff_median": false, "include_atomicity": true, "include_p_value": false, "include_mean_fitness": false, "include_variance": false}, "results": [{"pattern": [188, 103], "threshold": null}, {"pattern": [188], "threshold": null}, {"pattern": [16, 116], "threshold": null}, {"pattern": [212, 180], "threshold": null}, {"pattern": [221, 61], "threshold": null}, {"pattern": [35, 68], "threshold": null}, {"pattern": [153, 100], "threshold": null}]}, {"config": {"code_name": "[CS CM CC][Len SSize MFit][GNone]", "population_size": 100, "evaluation_budget": 10000, "cluster_info_file_name": "C:\\Users\\gac8\\PycharmProjects\\PSSearch\\retail_forecasting_data_collection\\data\\cluster_info_250_random.pkl", "use_custom_sampling_operator": true, "use_custom_mutation_operator": true, "use_custom_crossover_operator": true, "use_custom_atomicity": true, "genome_threshold": null, "include_ps_len": true, "include_sample_quantity": true, "include_wasserstein_distance": false, "include_diff_median": false, "include_atomicity": false, "include_p_value": false, "include_mean_fitness": true, "include_variance": false}, "results": [{"pattern": [132], "threshold": null}, {"pattern": [196], "threshold": null}, {"pattern": [155, 86], "threshold": null}, {"pattern": [164, 13], "threshold": null}, {"pattern": [158], "threshold": null}, {"pattern": [212], "threshold": null}, {"pattern": [16, 103], "threshold": null}, {"pattern": [27, 158], "threshold": null}, {"pattern": [13], "threshold": null}, {"pattern": [237], "threshold": null}, {"pattern": [34, 27], "threshold": null}, {"pattern": [86], "threshold": null}, {"pattern": [116, 158], "threshold": null}, {"pattern": [65, 13], "threshold": null}, {"pattern": [65], "threshold": null}, {"pattern": [132, 103], "threshold": null}, {"pattern": [158, 167], "threshold": null}, {"pattern": [65, 27], "threshold": null}, {"pattern": [241, 158], "threshold": null}, {"pattern": [16, 212, 215], "threshold": null}, {"pattern": [157, 158], "threshold": null}, {"pattern": [120], "threshold": null}, {"pattern": [103], "threshold": null}, {"pattern": [217, 212], "threshold": null}, {"pattern": [54], "threshold": null}, {"pattern": [45], "threshold": null}, {"pattern": [230], "threshold": null}, {"pattern": [88], "threshold": null}, {"pattern": [188], "threshold": null}, {"pattern": [25], "threshold": null}]}, {"config": {"code_name": "[OS CM CC][Len SSize MFit CAtom][GNone]", "population_size": 100, "evaluation_budget": 10000, "cluster_info_file_name": "C:\\Users\\gac8\\PycharmProjects\\PSSearch\\retail_forecasting_data_collection\\data\\cluster_info_250_random.pkl", "use_custom_sampling_operator": false, "use_custom_mutation_operator": true, "use_custom_crossover_operator": true, "use_custom_atomicity": true, "genome_threshold": null, "include_ps_len": true, "include_sample_quantity": true, "include_wasserstein_distance": false, "include_diff_median": false, "include_atomicity": true, "include_p_value": false, "include_mean_fitness": true, "include_variance": false}, "results": [{"pattern": [119, 103], "threshold": null}, {"pattern": [50, 139], "threshold": null}, {"pattern": [248, 134], "threshold": null}, {"pattern": [237], "threshold": null}, {"pattern": [81, 235], "threshold": null}, {"pattern": [90, 134], "threshold": null}, {"pattern": [132], "threshold": null}, {"pattern": [25, 245], "threshold": null}, {"pattern": [232, 103], "threshold": null}, {"pattern": [226, 63], "threshold": null}, {"pattern": [86, 103], "threshold": null}, {"pattern": [65, 132], "threshold": null}, {"pattern": [209, 59], "threshold": null}, {"pattern": [162, 196], "threshold": null}, {"pattern": [45], "threshold": null}, {"pattern": [232, 235], "threshold": null}, {"pattern": [34, 116], "threshold": null}, {"pattern": [241, 63], "threshold": null}, {"pattern": [25], "threshold": null}, {"pattern": [34, 212], "threshold": null}, {"pattern": [132, 237], "threshold": null}, {"pattern": [56, 246], "threshold": null}, {"pattern": [16, 188, 103], "threshold": null}, {"pattern": [86], "threshold": null}, {"pattern": [116, 158], "threshold": null}, {"pattern": [59, 245], "threshold": null}, {"pattern": [204, 63], "threshold": null}, {"pattern": [146, 239], "threshold": null}, {"pattern": [54], "threshold": null}, {"pattern": [88], "threshold": null}, {"pattern": [120], "threshold": null}, {"pattern": [13], "threshold": null}, {"pattern": [212], "threshold": null}, {"pattern": [196], "threshold": null}, {"pattern": [27, 181], "threshold": null}, {"pattern": [97, 146], "threshold": null}, {"pattern": [212, 87], "threshold": null}, {"pattern": [188], "threshold": null}, {"pattern": [65], "threshold": null}, {"pattern": [65, 196], "threshold": null}, {"pattern": [158], "threshold": null}, {"pattern": [103], "threshold": null}, {"pattern": [25, 30], "threshold": null}, {"pattern": [26, 215], "threshold": null}, {"pattern": [188, 180], "threshold": null}, {"pattern": [230], "threshold": null}, {"pattern": [235, 68], "threshold": null}, {"pattern": [212, 245], "threshold": null}]}, {"config": {"code_name": "[CS OM CC][Len SSize MFit CAtom][GNone]", "population_size": 100, "evaluation_budget": 10000, "cluster_info_file_name": "C:\\Users\\gac8\\PycharmProjects\\PSSearch\\retail_forecasting_data_collection\\data\\cluster_info_250_random.pkl", "use_custom_sampling_operator": true, "use_custom_mutation_operator": false, "use_custom_crossover_operator": true, "use_custom_atomicity": true, "genome_threshold": null, "include_ps_len": true, "include_sample_quantity": true, "include_wasserstein_distance": false, "include_diff_median": false, "include_atomicity": true, "include_p_value": false, "include_mean_fitness": true, "include_variance": false}, "results": [{"pattern": [180, 158], "threshold": null}, {"pattern": [212, 188, 103], "threshold": null}, {"pattern": [188, 134], "threshold": null}, {"pattern": [65, 188], "threshold": null}, {"pattern": [122, 109], "threshold": null}, {"pattern": [212, 134], "threshold": null}, {"pattern": [17, 188, 134], "threshold": null}, {"pattern": [146, 117], "threshold": null}, {"pattern": [35, 109], "threshold": null}, {"pattern": [212, 196, 86], "threshold": null}, {"pattern": [180, 212, 86], "threshold": null}, {"pattern": [180, 13, 86], "threshold": null}, {"pattern": [212, 158], "threshold": null}, {"pattern": [90, 221], "threshold": null}, {"pattern": [90, 27, 212], "threshold": null}, {"pattern": [13], "threshold": null}, {"pattern": [171, 212, 86], "threshold": null}, {"pattern": [49, 86], "threshold": null}, {"pattern": [158], "threshold": null}, {"pattern": [132, 188, 13, 86], "threshold": null}, {"pattern": [90, 27, 188, 86], "threshold": null}, {"pattern": [186, 221], "threshold": null}, {"pattern": [186], "threshold": null}, {"pattern": [90, 27, 86], "threshold": null}, {"pattern": [116, 212, 188, 134], "threshold": null}, {"pattern": [16, 86], "threshold": null}, {"pattern": [224, 196], "threshold": null}, {"pattern": [173, 158], "threshold": null}, {"pattern": [86], "threshold": null}, {"pattern": [65, 90, 196], "threshold": null}, {"pattern": [188, 86], "threshold": null}, {"pattern": [109, 38], "threshold": null}, {"pattern": [188, 103], "threshold": null}, {"pattern": [180, 212, 13, 86], "threshold": null}, {"pattern": [153, 163], "threshold": null}, {"pattern": [188], "threshold": null}, {"pattern": [27, 132, 86], "threshold": null}, {"pattern": [65, 196], "threshold": null}, {"pattern": [188, 212], "threshold": null}, {"pattern": [27, 212], "threshold": null}, {"pattern": [196, 86], "threshold": null}, {"pattern": [132, 86], "threshold": null}, {"pattern": [196, 190], "threshold": null}, {"pattern": [196, 212, 158], "threshold": null}, {"pattern": [217, 196], "threshold": null}, {"pattern": [13, 86], "threshold": null}, {"pattern": [188, 13, 86, 103], "threshold": null}, {"pattern": [61, 134], "threshold": null}, {"pattern": [188, 13, 86], "threshold": null}, {"pattern": [64, 117], "threshold": null}, {"pattern": [27, 212, 86], "threshold": null}, {"pattern": [13, 30], "threshold": null}, {"pattern": [116, 158], "threshold": null}, {"pattern": [196, 212, 86, 188, 158], "threshold": null}, {"pattern": [212, 86], "threshold": null}, {"pattern": [196, 188, 86], "threshold": null}, {"pattern": [212], "threshold": null}, {"pattern": [157, 134], "threshold": null}, {"pattern": [196, 188, 86, 215], "threshold": null}, {"pattern": [188, 158, 196, 86], "threshold": null}, {"pattern": [188, 13], "threshold": null}, {"pattern": [196, 212, 188, 103], "threshold": null}, {"pattern": [116, 212, 215], "threshold": null}, {"pattern": [130, 13], "threshold": null}, {"pattern": [116, 109], "threshold": null}, {"pattern": [27, 13, 86], "threshold": null}, {"pattern": [181, 86], "threshold": null}, {"pattern": [157, 86], "threshold": null}, {"pattern": [188, 38, 63], "threshold": null}, {"pattern": [116, 49, 188], "threshold": null}, {"pattern": [241, 212], "threshold": null}, {"pattern": [188, 38], "threshold": null}, {"pattern": [158, 196, 86], "threshold": null}, {"pattern": [196], "threshold": null}, {"pattern": [38], "threshold": null}, {"pattern": [212, 13, 86], "threshold": null}, {"pattern": [212, 188, 134], "threshold": null}, {"pattern": [27, 86], "threshold": null}, {"pattern": [116, 188], "threshold": null}, {"pattern": [217, 158], "threshold": null}]}, {"config": {"code_name": "[CS CM OC][Len SSize MFit CAtom][GNone]", "population_size": 100, "evaluation_budget": 10000, "cluster_info_file_name": "C:\\Users\\gac8\\PycharmProjects\\PSSearch\\retail_forecasting_data_collection\\data\\cluster_info_250_random.pkl", "use_custom_sampling_operator": true, "use_custom_mutation_operator": true, "use_custom_crossover_operator": false, "use_custom_atomicity": true, "genome_threshold": null, "include_ps_len": true, "include_sample_quantity": true, "include_wasserstein_distance": false, "include_diff_median": false, "include_atomicity": true, "include_p_value": false, "include_mean_fitness": true, "include_variance": false}, "results": [{"pattern": [193, 13], "threshold": null}, {"pattern": [248, 134], "threshold": null}, {"pattern": [237], "threshold": null}, {"pattern": [132], "threshold": null}, {"pattern": [188, 134], "threshold": null}, {"pattern": [27, 180], "threshold": null}, {"pattern": [171, 212], "threshold": null}, {"pattern": [241, 180], "threshold": null}, {"pattern": [196, 180], "threshold": null}, {"pattern": [160, 245], "threshold": null}, {"pattern": [162, 196], "threshold": null}, {"pattern": [217, 212], "threshold": null}, {"pattern": [45], "threshold": null}, {"pattern": [232, 87], "threshold": null}, {"pattern": [25], "threshold": null}, {"pattern": [196, 237], "threshold": null}, {"pattern": [177, 212, 215], "threshold": null}, {"pattern": [65, 90], "threshold": null}, {"pattern": [86], "threshold": null}, {"pattern": [81, 180], "threshold": null}, {"pattern": [56, 63], "threshold": null}, {"pattern": [25, 86], "threshold": null}, {"pattern": [54], "threshold": null}, {"pattern": [88], "threshold": null}, {"pattern": [120], "threshold": null}, {"pattern": [13], "threshold": null}, {"pattern": [212], "threshold": null}, {"pattern": [196], "threshold": null}, {"pattern": [248, 26], "threshold": null}, {"pattern": [218, 51], "threshold": null}, {"pattern": [188, 164], "threshold": null}, {"pattern": [137, 61], "threshold": null}, {"pattern": [188], "threshold": null}, {"pattern": [65], "threshold": null}, {"pattern": [158], "threshold": null}, {"pattern": [122, 11], "threshold": null}, {"pattern": [177, 202], "threshold": null}, {"pattern": [25, 134], "threshold": null}, {"pattern": [132, 86], "threshold": null}, {"pattern": [103], "threshold": null}, {"pattern": [237, 13], "threshold": null}, {"pattern": [27, 204], "threshold": null}, {"pattern": [207, 119], "threshold": null}, {"pattern": [230], "threshold": null}, {"pattern": [208, 50], "threshold": null}]}]}