{"extra_info": {"version": "fallback_v1", "seed": 59}, "data": [{"config": {"code_name": "[CS CM CC][Len SSize MFit CAtom][GNone]", "population_size": 100, "evaluation_budget": 10000, "cluster_info_file_name": "C:\\Users\\gac8\\PycharmProjects\\PSSearch\\retail_forecasting_data_collection\\data\\cluster_info_250_random.pkl", "use_custom_sampling_operator": true, "use_custom_mutation_operator": true, "use_custom_crossover_operator": true, "use_custom_atomicity": true, "genome_threshold": null, "include_ps_len": true, "include_sample_quantity": true, "include_wasserstein_distance": false, "include_diff_median": false, "include_atomicity": true, "include_p_value": false, "include_mean_fitness": true, "include_variance": false}, "results": [{"pattern": [54], "threshold": null}, {"pattern": [13, 239], "threshold": null}, {"pattern": [188, 237], "threshold": null}, {"pattern": [25, 215], "threshold": null}, {"pattern": [180, 116], "threshold": null}, {"pattern": [188, 132, 103], "threshold": null}, {"pattern": [67, 77], "threshold": null}, {"pattern": [86], "threshold": null}, {"pattern": [91, 215], "threshold": null}, {"pattern": [212, 77], "threshold": null}, {"pattern": [177, 53], "threshold": null}, {"pattern": [212], "threshold": null}, {"pattern": [196], "threshold": null}, {"pattern": [91, 158], "threshold": null}, {"pattern": [13], "threshold": null}, {"pattern": [90, 188], "threshold": null}, {"pattern": [81, 212], "threshold": null}, {"pattern": [158], "threshold": null}, {"pattern": [132], "threshold": null}, {"pattern": [105, 119], "threshold": null}, {"pattern": [237], "threshold": null}, {"pattern": [139, 196], "threshold": null}, {"pattern": [202, 27, 188], "threshold": null}, {"pattern": [45], "threshold": null}, {"pattern": [196, 63], "threshold": null}, {"pattern": [241, 188], "threshold": null}, {"pattern": [215, 63], "threshold": null}, {"pattern": [204, 63], "threshold": null}, {"pattern": [224, 26], "threshold": null}, {"pattern": [52, 205], "threshold": null}, {"pattern": [37, 63], "threshold": null}, {"pattern": [26, 19], "threshold": null}, {"pattern": [188], "threshold": null}, {"pattern": [248, 202], "threshold": null}, {"pattern": [34, 158], "threshold": null}, {"pattern": [64, 117], "threshold": null}, {"pattern": [217, 180], "threshold": null}, {"pattern": [155, 38], "threshold": null}, {"pattern": [208, 13], "threshold": null}, {"pattern": [212, 245], "threshold": null}, {"pattern": [249, 239], "threshold": null}, {"pattern": [65], "threshold": null}, {"pattern": [56, 63], "threshold": null}, {"pattern": [188, 244], "threshold": null}, {"pattern": [16, 196], "threshold": null}, {"pattern": [188, 38], "threshold": null}, {"pattern": [66, 116], "threshold": null}, {"pattern": [146, 43], "threshold": null}, {"pattern": [103], "threshold": null}, {"pattern": [120], "threshold": null}, {"pattern": [34, 215], "threshold": null}, {"pattern": [137, 63], "threshold": null}, {"pattern": [245, 86], "threshold": null}, {"pattern": [224, 180], "threshold": null}, {"pattern": [139, 188], "threshold": null}, {"pattern": [248, 103], "threshold": null}, {"pattern": [88], "threshold": null}, {"pattern": [25], "threshold": null}, {"pattern": [230], "threshold": null}]}, {"config": {"code_name": "[CS CM CC][SSize MFit CAtom][GNone]", "population_size": 100, "evaluation_budget": 10000, "cluster_info_file_name": "C:\\Users\\gac8\\PycharmProjects\\PSSearch\\retail_forecasting_data_collection\\data\\cluster_info_250_random.pkl", "use_custom_sampling_operator": true, "use_custom_mutation_operator": true, "use_custom_crossover_operator": true, "use_custom_atomicity": true, "genome_threshold": null, "include_ps_len": false, "include_sample_quantity": true, "include_wasserstein_distance": false, "include_diff_median": false, "include_atomicity": true, "include_p_value": false, "include_mean_fitness": true, "include_variance": false}, "results": [{"pattern": [237], "threshold": null}, {"pattern": [50, 90], "threshold": null}, {"pattern": [196, 53], "threshold": null}, {"pattern": [135, 39], "threshold": null}, {"pattern": [241, 63], "threshold": null}, {"pattern": [50, 180], "threshold": null}, {"pattern": [146, 239], "threshold": null}, {"pattern": [196, 188], "threshold": null}, {"pattern": [241, 245], "threshold": null}, {"pattern": [212], "threshold": null}, {"pattern": [16, 116], "threshold": null}, {"pattern": [196], "threshold": null}, {"pattern": [204, 183], "threshold": null}, {"pattern": [52, 119], "threshold": null}, {"pattern": [65, 116], "threshold": null}, {"pattern": [19, 221], "threshold": null}, {"pattern": [81, 165], "threshold": null}, {"pattern": [188], "threshold": null}, {"pattern": [88, 237], "threshold": null}, {"pattern": [226, 76], "threshold": null}, {"pattern": [205, 119], "threshold": null}, {"pattern": [86], "threshold": null}, {"pattern": [69, 63], "threshold": null}, {"pattern": [65], "threshold": null}, {"pattern": [232, 212], "threshold": null}, {"pattern": [116, 87], "threshold": null}, {"pattern": [225, 132], "threshold": null}, {"pattern": [34, 103], "threshold": null}, {"pattern": [196, 167], "threshold": null}, {"pattern": [93, 13], "threshold": null}, {"pattern": [131, 103], "threshold": null}, {"pattern": [81, 180], "threshold": null}, {"pattern": [132], "threshold": null}, {"pattern": [134, 87], "threshold": null}, {"pattern": [224, 212], "threshold": null}, {"pattern": [160, 245], "threshold": null}, {"pattern": [91, 212, 158], "threshold": null}, {"pattern": [25], "threshold": null}, {"pattern": [132, 167], "threshold": null}, {"pattern": [88], "threshold": null}, {"pattern": [69, 157], "threshold": null}, {"pattern": [13], "threshold": null}, {"pattern": [171, 132], "threshold": null}, {"pattern": [34, 38], "threshold": null}, {"pattern": [158], "threshold": null}, {"pattern": [212, 13], "threshold": null}, {"pattern": [202, 221], "threshold": null}]}, {"config": {"code_name": "[CS CM CC][Len MFit CAtom][GNone]", "population_size": 100, "evaluation_budget": 10000, "cluster_info_file_name": "C:\\Users\\gac8\\PycharmProjects\\PSSearch\\retail_forecasting_data_collection\\data\\cluster_info_250_random.pkl", "use_custom_sampling_operator": true, "use_custom_mutation_operator": true, "use_custom_crossover_operator": true, "use_custom_atomicity": true, "genome_threshold": null, "include_ps_len": true, "include_sample_quantity": false, "include_wasserstein_distance": false, "include_diff_median": false, "include_atomicity": true, "include_p_value": false, "include_mean_fitness": true, "include_variance": false}, "results": [{"pattern": [49, 74], "threshold": null}, {"pattern": [76, 190], "threshold": null}, {"pattern": [74, 158], "threshold": null}, {"pattern": [25, 116], "threshold": null}, {"pattern": [93, 86], "threshold": null}, {"pattern": [35, 68], "threshold": null}, {"pattern": [132, 93], "threshold": null}, {"pattern": [25, 245], "threshold": null}, {"pattern": [188, 93, 103], "threshold": null}, {"pattern": [134, 87], "threshold": null}, {"pattern": [120], "threshold": null}]}, {"config": {"code_name": "[CS CM CC][Len SSize CAtom][GNone]", "population_size": 100, "evaluation_budget": 10000, "cluster_info_file_name": "C:\\Users\\gac8\\PycharmProjects\\PSSearch\\retail_forecasting_data_collection\\data\\cluster_info_250_random.pkl", "use_custom_sampling_operator": true, "use_custom_mutation_operator": true, "use_custom_crossover_operator": true, "use_custom_atomicity": true, "genome_threshold": null, "include_ps_len": true, "include_sample_quantity": true, "include_wasserstein_distance": false, "include_diff_median": false, "include_atomicity": true, "include_p_value": false, "include_mean_fitness": false, "include_variance": false}, "results": [{"pattern": [188, 63], "threshold": null}, {"pattern": [105, 119], "threshold": null}, {"pattern": [16, 116], "threshold": null}, {"pattern": [171, 188], "threshold": null}, {"pattern": [188], "threshold": null}, {"pattern": [184, 30], "threshold": null}, {"pattern": [171, 212], "threshold": null}]}, {"config": {"code_name": "[CS CM CC][Len SSize MFit][GNone]", "population_size": 100, "evaluation_budget": 10000, "cluster_info_file_name": "C:\\Users\\gac8\\PycharmProjects\\PSSearch\\retail_forecasting_data_collection\\data\\cluster_info_250_random.pkl", "use_custom_sampling_operator": true, "use_custom_mutation_operator": true, "use_custom_crossover_operator": true, "use_custom_atomicity": true, "genome_threshold": null, "include_ps_len": true, "include_sample_quantity": true, "include_wasserstein_distance": false, "include_diff_median": false, "include_atomicity": false, "include_p_value": false, "include_mean_fitness": true, "include_variance": false}, "results": [{"pattern": [202, 158], "threshold": null}, {"pattern": [217, 212], "threshold": null}, {"pattern": [188], "threshold": null}, {"pattern": [212], "threshold": null}, {"pattern": [13], "threshold": null}, {"pattern": [230], "threshold": null}, {"pattern": [132], "threshold": null}, {"pattern": [25], "threshold": null}, {"pattern": [88, 86], "threshold": null}, {"pattern": [196], "threshold": null}, {"pattern": [103], "threshold": null}, {"pattern": [65], "threshold": null}, {"pattern": [88], "threshold": null}, {"pattern": [158], "threshold": null}, {"pattern": [180, 215], "threshold": null}, {"pattern": [196, 188, 211], "threshold": null}, {"pattern": [88, 158], "threshold": null}, {"pattern": [237], "threshold": null}, {"pattern": [248, 25], "threshold": null}, {"pattern": [212, 215], "threshold": null}, {"pattern": [120], "threshold": null}, {"pattern": [180, 158], "threshold": null}, {"pattern": [86], "threshold": null}, {"pattern": [224, 212], "threshold": null}, {"pattern": [54], "threshold": null}, {"pattern": [188, 180], "threshold": null}, {"pattern": [45], "threshold": null}, {"pattern": [88, 196], "threshold": null}, {"pattern": [212, 134], "threshold": null}, {"pattern": [90, 215], "threshold": null}]}, {"config": {"code_name": "[OS CM CC][Len SSize MFit CAtom][GNone]", "population_size": 100, "evaluation_budget": 10000, "cluster_info_file_name": "C:\\Users\\gac8\\PycharmProjects\\PSSearch\\retail_forecasting_data_collection\\data\\cluster_info_250_random.pkl", "use_custom_sampling_operator": false, "use_custom_mutation_operator": true, "use_custom_crossover_operator": true, "use_custom_atomicity": true, "genome_threshold": null, "include_ps_len": true, "include_sample_quantity": true, "include_wasserstein_distance": false, "include_diff_median": false, "include_atomicity": true, "include_p_value": false, "include_mean_fitness": true, "include_variance": false}, "results": [{"pattern": [54], "threshold": null}, {"pattern": [25], "threshold": null}, {"pattern": [204, 116], "threshold": null}, {"pattern": [237, 215], "threshold": null}, {"pattern": [50, 215], "threshold": null}, {"pattern": [50, 139], "threshold": null}, {"pattern": [74, 103], "threshold": null}, {"pattern": [134, 86], "threshold": null}, {"pattern": [61, 158], "threshold": null}, {"pattern": [18, 205], "threshold": null}, {"pattern": [86], "threshold": null}, {"pattern": [33, 75], "threshold": null}, {"pattern": [171, 212], "threshold": null}, {"pattern": [212], "threshold": null}, {"pattern": [56, 237], "threshold": null}, {"pattern": [196], "threshold": null}, {"pattern": [13], "threshold": null}, {"pattern": [248, 25], "threshold": null}, {"pattern": [13, 38], "threshold": null}, {"pattern": [158], "threshold": null}, {"pattern": [196, 167], "threshold": null}, {"pattern": [132], "threshold": null}, {"pattern": [217, 132], "threshold": null}, {"pattern": [119, 63], "threshold": null}, {"pattern": [232, 52], "threshold": null}, {"pattern": [245, 134], "threshold": null}, {"pattern": [45], "threshold": null}, {"pattern": [16, 235], "threshold": null}, {"pattern": [50, 86], "threshold": null}, {"pattern": [90, 180], "threshold": null}, {"pattern": [188, 181, 158], "threshold": null}, {"pattern": [88], "threshold": null}, {"pattern": [26, 19], "threshold": null}, {"pattern": [88, 188], "threshold": null}, {"pattern": [97, 146], "threshold": null}, {"pattern": [11, 205], "threshold": null}, {"pattern": [188], "threshold": null}, {"pattern": [27, 61], "threshold": null}, {"pattern": [226, 131], "threshold": null}, {"pattern": [61, 190], "threshold": null}, {"pattern": [212, 63], "threshold": null}, {"pattern": [65, 13], "threshold": null}, {"pattern": [248, 55], "threshold": null}, {"pattern": [235, 86], "threshold": null}, {"pattern": [65], "threshold": null}, {"pattern": [139, 132], "threshold": null}, {"pattern": [103], "threshold": null}, {"pattern": [180, 215], "threshold": null}, {"pattern": [56, 86], "threshold": null}, {"pattern": [244, 158], "threshold": null}, {"pattern": [120], "threshold": null}, {"pattern": [215, 167], "threshold": null}, {"pattern": [24, 127], "threshold": null}, {"pattern": [25, 139], "threshold": null}, {"pattern": [202, 151], "threshold": null}, {"pattern": [65, 167], "threshold": null}, {"pattern": [90, 158], "threshold": null}, {"pattern": [237], "threshold": null}, {"pattern": [88, 180], "threshold": null}, {"pattern": [157, 86], "threshold": null}, {"pattern": [230], "threshold": null}, {"pattern": [184, 134], "threshold": null}]}, {"config": {"code_name": "[CS OM CC][Len SSize MFit CAtom][GNone]", "population_size": 100, "evaluation_budget": 10000, "cluster_info_file_name": "C:\\Users\\gac8\\PycharmProjects\\PSSearch\\retail_forecasting_data_collection\\data\\cluster_info_250_random.pkl", "use_custom_sampling_operator": true, "use_custom_mutation_operator": false, "use_custom_crossover_operator": true, "use_custom_atomicity": true, "genome_threshold": null, "include_ps_len": true, "include_sample_quantity": true, "include_wasserstein_distance": false, "include_diff_median": false, "include_atomicity": true, "include_p_value": false, "include_mean_fitness": true, "include_variance": false}, "results": [{"pattern": [196, 180, 13], "threshold": null}, {"pattern": [27, 103], "threshold": null}, {"pattern": [75, 13], "threshold": null}, {"pattern": [180, 37], "threshold": null}, {"pattern": [25, 188, 212], "threshold": null}, {"pattern": [99], "threshold": null}, {"pattern": [155, 212], "threshold": null}, {"pattern": [29, 13], "threshold": null}, {"pattern": [180, 171, 212], "threshold": null}, {"pattern": [27, 212, 171], "threshold": null}, {"pattern": [241, 212], "threshold": null}, {"pattern": [212, 180], "threshold": null}, {"pattern": [208, 50], "threshold": null}, {"pattern": [90, 132, 13], "threshold": null}, {"pattern": [180, 13], "threshold": null}, {"pattern": [27], "threshold": null}, {"pattern": [202, 188, 212], "threshold": null}, {"pattern": [196, 180], "threshold": null}, {"pattern": [188, 27, 212, 215], "threshold": null}, {"pattern": [171, 180], "threshold": null}, {"pattern": [212], "threshold": null}, {"pattern": [188, 13], "threshold": null}, {"pattern": [13], "threshold": null}, {"pattern": [221, 61], "threshold": null}, {"pattern": [132, 188, 212, 116], "threshold": null}, {"pattern": [16, 180], "threshold": null}, {"pattern": [116, 13], "threshold": null}, {"pattern": [202, 196, 188, 13], "threshold": null}, {"pattern": [180, 237], "threshold": null}, {"pattern": [249, 146, 188], "threshold": null}, {"pattern": [88, 188, 212], "threshold": null}, {"pattern": [13, 63], "threshold": null}, {"pattern": [166], "threshold": null}, {"pattern": [249, 146, 101], "threshold": null}, {"pattern": [90, 86], "threshold": null}, {"pattern": [132, 202, 212], "threshold": null}, {"pattern": [13, 181], "threshold": null}, {"pattern": [61, 134], "threshold": null}, {"pattern": [90, 212, 180], "threshold": null}, {"pattern": [202, 188], "threshold": null}, {"pattern": [27, 212], "threshold": null}, {"pattern": [132, 188, 212, 86], "threshold": null}, {"pattern": [27, 212, 215], "threshold": null}, {"pattern": [180], "threshold": null}, {"pattern": [180, 167], "threshold": null}, {"pattern": [212, 180, 13], "threshold": null}, {"pattern": [88, 188, 13], "threshold": null}, {"pattern": [212, 180, 245], "threshold": null}, {"pattern": [90, 158, 86], "threshold": null}, {"pattern": [116, 188, 86], "threshold": null}, {"pattern": [208, 171], "threshold": null}, {"pattern": [202, 188, 13], "threshold": null}, {"pattern": [90, 212], "threshold": null}, {"pattern": [61], "threshold": null}, {"pattern": [208, 47], "threshold": null}, {"pattern": [249, 146], "threshold": null}, {"pattern": [132, 188, 116], "threshold": null}, {"pattern": [204, 166], "threshold": null}, {"pattern": [196, 202, 188, 212], "threshold": null}, {"pattern": [202, 212], "threshold": null}, {"pattern": [90, 27, 188, 13], "threshold": null}, {"pattern": [202, 180, 212], "threshold": null}, {"pattern": [202, 188, 212, 86], "threshold": null}, {"pattern": [202], "threshold": null}, {"pattern": [188, 212, 132], "threshold": null}, {"pattern": [74, 212], "threshold": null}, {"pattern": [88, 212], "threshold": null}, {"pattern": [202, 222], "threshold": null}, {"pattern": [196, 212, 202, 188, 13], "threshold": null}, {"pattern": [180, 188, 13], "threshold": null}, {"pattern": [25, 212], "threshold": null}, {"pattern": [27, 204], "threshold": null}, {"pattern": [241, 212, 158], "threshold": null}, {"pattern": [90, 27, 13], "threshold": null}]}, {"config": {"code_name": "[CS CM OC][Len SSize MFit CAtom][GNone]", "population_size": 100, "evaluation_budget": 10000, "cluster_info_file_name": "C:\\Users\\gac8\\PycharmProjects\\PSSearch\\retail_forecasting_data_collection\\data\\cluster_info_250_random.pkl", "use_custom_sampling_operator": true, "use_custom_mutation_operator": true, "use_custom_crossover_operator": false, "use_custom_atomicity": true, "genome_threshold": null, "include_ps_len": true, "include_sample_quantity": true, "include_wasserstein_distance": false, "include_diff_median": false, "include_atomicity": true, "include_p_value": false, "include_mean_fitness": true, "include_variance": false}, "results": [{"pattern": [54], "threshold": null}, {"pattern": [86], "threshold": null}, {"pattern": [212], "threshold": null}, {"pattern": [196], "threshold": null}, {"pattern": [13], "threshold": null}, {"pattern": [248, 25], "threshold": null}, {"pattern": [16, 88], "threshold": null}, {"pattern": [158], "threshold": null}, {"pattern": [88, 13], "threshold": null}, {"pattern": [169, 212], "threshold": null}, {"pattern": [132], "threshold": null}, {"pattern": [212, 246], "threshold": null}, {"pattern": [91, 142], "threshold": null}, {"pattern": [162, 158], "threshold": null}, {"pattern": [88, 248], "threshold": null}, {"pattern": [13, 215], "threshold": null}, {"pattern": [196, 13], "threshold": null}, {"pattern": [17, 30], "threshold": null}, {"pattern": [45], "threshold": null}, {"pattern": [88, 86], "threshold": null}, {"pattern": [27, 63], "threshold": null}, {"pattern": [88, 132], "threshold": null}, {"pattern": [221, 87], "threshold": null}, {"pattern": [215, 63], "threshold": null}, {"pattern": [170, 132], "threshold": null}, {"pattern": [232, 212], "threshold": null}, {"pattern": [209, 34], "threshold": null}, {"pattern": [196, 86], "threshold": null}, {"pattern": [164, 132], "threshold": null}, {"pattern": [241, 63], "threshold": null}, {"pattern": [88, 134], "threshold": null}, {"pattern": [188], "threshold": null}, {"pattern": [90, 196], "threshold": null}, {"pattern": [66, 63], "threshold": null}, {"pattern": [146, 239], "threshold": null}, {"pattern": [248, 188], "threshold": null}, {"pattern": [195, 101], "threshold": null}, {"pattern": [65], "threshold": null}, {"pattern": [146, 101], "threshold": null}, {"pattern": [38, 87], "threshold": null}, {"pattern": [103], "threshold": null}, {"pattern": [120], "threshold": null}, {"pattern": [202, 196], "threshold": null}, {"pattern": [237], "threshold": null}, {"pattern": [88], "threshold": null}, {"pattern": [25], "threshold": null}, {"pattern": [230], "threshold": null}]}]}