{"extra_info": {"version": "fallback_v1", "seed": 45}, "data": [{"config": {"code_name": "[CS CM CC][Len SSize MFit CAtom][GNone]", "population_size": 100, "evaluation_budget": 10000, "cluster_info_file_name": "C:\\Users\\gac8\\PycharmProjects\\PSSearch\\retail_forecasting_data_collection\\data\\cluster_info_250_random.pkl", "use_custom_sampling_operator": true, "use_custom_mutation_operator": true, "use_custom_crossover_operator": true, "use_custom_atomicity": true, "genome_threshold": null, "include_ps_len": true, "include_sample_quantity": true, "include_wasserstein_distance": false, "include_diff_median": false, "include_atomicity": true, "include_p_value": false, "include_mean_fitness": true, "include_variance": false}, "results": [{"pattern": [245, 215], "threshold": null}, {"pattern": [56, 246], "threshold": null}, {"pattern": [181, 103], "threshold": null}, {"pattern": [65], "threshold": null}, {"pattern": [109, 134], "threshold": null}, {"pattern": [188], "threshold": null}, {"pattern": [139, 87], "threshold": null}, {"pattern": [177, 241], "threshold": null}, {"pattern": [54], "threshold": null}, {"pattern": [59, 245], "threshold": null}, {"pattern": [184, 63], "threshold": null}, {"pattern": [88], "threshold": null}, {"pattern": [90, 134], "threshold": null}, {"pattern": [13, 222], "threshold": null}, {"pattern": [103], "threshold": null}, {"pattern": [30, 87], "threshold": null}, {"pattern": [196, 215], "threshold": null}, {"pattern": [248, 34], "threshold": null}, {"pattern": [132, 158], "threshold": null}, {"pattern": [230], "threshold": null}, {"pattern": [215, 63], "threshold": null}, {"pattern": [13], "threshold": null}, {"pattern": [158, 167], "threshold": null}, {"pattern": [4, 63], "threshold": null}, {"pattern": [196, 244], "threshold": null}, {"pattern": [158], "threshold": null}, {"pattern": [45], "threshold": null}, {"pattern": [132], "threshold": null}, {"pattern": [241, 19], "threshold": null}, {"pattern": [132, 86], "threshold": null}, {"pattern": [217], "threshold": null}, {"pattern": [116, 158], "threshold": null}, {"pattern": [74, 35], "threshold": null}, {"pattern": [50, 47], "threshold": null}, {"pattern": [56, 18], "threshold": null}, {"pattern": [196], "threshold": null}, {"pattern": [25], "threshold": null}, {"pattern": [212], "threshold": null}, {"pattern": [180, 167], "threshold": null}, {"pattern": [86, 103], "threshold": null}, {"pattern": [212, 38], "threshold": null}, {"pattern": [235, 221], "threshold": null}, {"pattern": [188, 109], "threshold": null}, {"pattern": [120], "threshold": null}, {"pattern": [86], "threshold": null}, {"pattern": [61, 30], "threshold": null}, {"pattern": [237], "threshold": null}, {"pattern": [235, 86], "threshold": null}]}, {"config": {"code_name": "[CS CM CC][SSize MFit CAtom][GNone]", "population_size": 100, "evaluation_budget": 10000, "cluster_info_file_name": "C:\\Users\\gac8\\PycharmProjects\\PSSearch\\retail_forecasting_data_collection\\data\\cluster_info_250_random.pkl", "use_custom_sampling_operator": true, "use_custom_mutation_operator": true, "use_custom_crossover_operator": true, "use_custom_atomicity": true, "genome_threshold": null, "include_ps_len": false, "include_sample_quantity": true, "include_wasserstein_distance": false, "include_diff_median": false, "include_atomicity": true, "include_p_value": false, "include_mean_fitness": true, "include_variance": false}, "results": [{"pattern": [204, 215], "threshold": null}, {"pattern": [171, 215], "threshold": null}, {"pattern": [212, 116], "threshold": null}, {"pattern": [65, 196, 86], "threshold": null}, {"pattern": [103], "threshold": null}, {"pattern": [139, 212], "threshold": null}, {"pattern": [86], "threshold": null}, {"pattern": [177, 158], "threshold": null}, {"pattern": [171, 188], "threshold": null}, {"pattern": [35, 52], "threshold": null}, {"pattern": [195, 239], "threshold": null}, {"pattern": [237], "threshold": null}, {"pattern": [13], "threshold": null}, {"pattern": [202, 53], "threshold": null}, {"pattern": [217, 180], "threshold": null}, {"pattern": [160, 245], "threshold": null}, {"pattern": [75, 35], "threshold": null}, {"pattern": [241, 196], "threshold": null}, {"pattern": [65], "threshold": null}, {"pattern": [224, 90, 196], "threshold": null}, {"pattern": [132, 134], "threshold": null}, {"pattern": [16, 167], "threshold": null}, {"pattern": [188, 13], "threshold": null}, {"pattern": [164, 134], "threshold": null}, {"pattern": [202, 91], "threshold": null}, {"pattern": [88], "threshold": null}, {"pattern": [75, 68], "threshold": null}, {"pattern": [27, 222], "threshold": null}, {"pattern": [27, 215], "threshold": null}, {"pattern": [103, 87], "threshold": null}, {"pattern": [30, 87], "threshold": null}, {"pattern": [90, 235], "threshold": null}, {"pattern": [158], "threshold": null}, {"pattern": [212], "threshold": null}, {"pattern": [88, 215], "threshold": null}, {"pattern": [224, 26], "threshold": null}, {"pattern": [217], "threshold": null}, {"pattern": [196, 103], "threshold": null}, {"pattern": [188], "threshold": null}, {"pattern": [241, 132], "threshold": null}]}, {"config": {"code_name": "[CS CM CC][Len MFit CAtom][GNone]", "population_size": 100, "evaluation_budget": 10000, "cluster_info_file_name": "C:\\Users\\gac8\\PycharmProjects\\PSSearch\\retail_forecasting_data_collection\\data\\cluster_info_250_random.pkl", "use_custom_sampling_operator": true, "use_custom_mutation_operator": true, "use_custom_crossover_operator": true, "use_custom_atomicity": true, "genome_threshold": null, "include_ps_len": true, "include_sample_quantity": false, "include_wasserstein_distance": false, "include_diff_median": false, "include_atomicity": true, "include_p_value": false, "include_mean_fitness": true, "include_variance": false}, "results": [{"pattern": [241, 158], "threshold": null}, {"pattern": [122, 205], "threshold": null}, {"pattern": [237, 13], "threshold": null}, {"pattern": [88, 158], "threshold": null}, {"pattern": [76, 29], "threshold": null}, {"pattern": [92, 158], "threshold": null}, {"pattern": [74, 103], "threshold": null}, {"pattern": [235, 68], "threshold": null}, {"pattern": [33, 162], "threshold": null}, {"pattern": [116, 93], "threshold": null}, {"pattern": [233, 82], "threshold": null}, {"pattern": [11, 109], "threshold": null}, {"pattern": [120], "threshold": null}]}, {"config": {"code_name": "[CS CM CC][Len SSize CAtom][GNone]", "population_size": 100, "evaluation_budget": 10000, "cluster_info_file_name": "C:\\Users\\gac8\\PycharmProjects\\PSSearch\\retail_forecasting_data_collection\\data\\cluster_info_250_random.pkl", "use_custom_sampling_operator": true, "use_custom_mutation_operator": true, "use_custom_crossover_operator": true, "use_custom_atomicity": true, "genome_threshold": null, "include_ps_len": true, "include_sample_quantity": true, "include_wasserstein_distance": false, "include_diff_median": false, "include_atomicity": true, "include_p_value": false, "include_mean_fitness": false, "include_variance": false}, "results": [{"pattern": [162, 221], "threshold": null}, {"pattern": [212, 180], "threshold": null}, {"pattern": [177, 188], "threshold": null}, {"pattern": [13, 239], "threshold": null}, {"pattern": [34, 116], "threshold": null}, {"pattern": [188], "threshold": null}, {"pattern": [16, 188], "threshold": null}, {"pattern": [11, 77], "threshold": null}, {"pattern": [34, 245], "threshold": null}]}, {"config": {"code_name": "[CS CM CC][Len SSize MFit][GNone]", "population_size": 100, "evaluation_budget": 10000, "cluster_info_file_name": "C:\\Users\\gac8\\PycharmProjects\\PSSearch\\retail_forecasting_data_collection\\data\\cluster_info_250_random.pkl", "use_custom_sampling_operator": true, "use_custom_mutation_operator": true, "use_custom_crossover_operator": true, "use_custom_atomicity": true, "genome_threshold": null, "include_ps_len": true, "include_sample_quantity": true, "include_wasserstein_distance": false, "include_diff_median": false, "include_atomicity": false, "include_p_value": false, "include_mean_fitness": true, "include_variance": false}, "results": [{"pattern": [237], "threshold": null}, {"pattern": [217, 134], "threshold": null}, {"pattern": [103], "threshold": null}, {"pattern": [16, 63], "threshold": null}, {"pattern": [25], "threshold": null}, {"pattern": [202, 158], "threshold": null}, {"pattern": [90, 196], "threshold": null}, {"pattern": [158], "threshold": null}, {"pattern": [90, 103], "threshold": null}, {"pattern": [230], "threshold": null}, {"pattern": [212, 132, 158], "threshold": null}, {"pattern": [120], "threshold": null}, {"pattern": [196], "threshold": null}, {"pattern": [25, 63], "threshold": null}, {"pattern": [212], "threshold": null}, {"pattern": [88, 188], "threshold": null}, {"pattern": [86, 215], "threshold": null}, {"pattern": [88], "threshold": null}, {"pattern": [65], "threshold": null}, {"pattern": [13], "threshold": null}, {"pattern": [132, 182], "threshold": null}, {"pattern": [217], "threshold": null}, {"pattern": [132], "threshold": null}, {"pattern": [50, 86], "threshold": null}, {"pattern": [45], "threshold": null}, {"pattern": [27, 196], "threshold": null}, {"pattern": [188], "threshold": null}, {"pattern": [158, 167], "threshold": null}, {"pattern": [86], "threshold": null}, {"pattern": [54], "threshold": null}]}, {"config": {"code_name": "[OS CM CC][Len SSize MFit CAtom][GNone]", "population_size": 100, "evaluation_budget": 10000, "cluster_info_file_name": "C:\\Users\\gac8\\PycharmProjects\\PSSearch\\retail_forecasting_data_collection\\data\\cluster_info_250_random.pkl", "use_custom_sampling_operator": false, "use_custom_mutation_operator": true, "use_custom_crossover_operator": true, "use_custom_atomicity": true, "genome_threshold": null, "include_ps_len": true, "include_sample_quantity": true, "include_wasserstein_distance": false, "include_diff_median": false, "include_atomicity": true, "include_p_value": false, "include_mean_fitness": true, "include_variance": false}, "results": [{"pattern": [235, 188], "threshold": null}, {"pattern": [188, 13], "threshold": null}, {"pattern": [65], "threshold": null}, {"pattern": [155, 38], "threshold": null}, {"pattern": [188], "threshold": null}, {"pattern": [49, 116], "threshold": null}, {"pattern": [134, 87], "threshold": null}, {"pattern": [171, 158], "threshold": null}, {"pattern": [122, 205], "threshold": null}, {"pattern": [27, 222], "threshold": null}, {"pattern": [54], "threshold": null}, {"pattern": [202, 43], "threshold": null}, {"pattern": [235, 215], "threshold": null}, {"pattern": [171, 103], "threshold": null}, {"pattern": [88], "threshold": null}, {"pattern": [237, 63], "threshold": null}, {"pattern": [103], "threshold": null}, {"pattern": [162, 215], "threshold": null}, {"pattern": [241, 53], "threshold": null}, {"pattern": [221, 103], "threshold": null}, {"pattern": [230], "threshold": null}, {"pattern": [13], "threshold": null}, {"pattern": [90, 55], "threshold": null}, {"pattern": [158], "threshold": null}, {"pattern": [45], "threshold": null}, {"pattern": [132], "threshold": null}, {"pattern": [217], "threshold": null}, {"pattern": [241, 188], "threshold": null}, {"pattern": [179, 222], "threshold": null}, {"pattern": [196], "threshold": null}, {"pattern": [25], "threshold": null}, {"pattern": [13, 181], "threshold": null}, {"pattern": [212], "threshold": null}, {"pattern": [192, 101], "threshold": null}, {"pattern": [132, 167], "threshold": null}, {"pattern": [202, 235], "threshold": null}, {"pattern": [42, 151], "threshold": null}, {"pattern": [241, 158], "threshold": null}, {"pattern": [93, 103], "threshold": null}, {"pattern": [221, 215], "threshold": null}, {"pattern": [171, 188], "threshold": null}, {"pattern": [116, 197], "threshold": null}, {"pattern": [120], "threshold": null}, {"pattern": [86], "threshold": null}, {"pattern": [237], "threshold": null}, {"pattern": [90, 212], "threshold": null}, {"pattern": [202, 27], "threshold": null}, {"pattern": [212, 13], "threshold": null}]}, {"config": {"code_name": "[CS OM CC][Len SSize MFit CAtom][GNone]", "population_size": 100, "evaluation_budget": 10000, "cluster_info_file_name": "C:\\Users\\gac8\\PycharmProjects\\PSSearch\\retail_forecasting_data_collection\\data\\cluster_info_250_random.pkl", "use_custom_sampling_operator": true, "use_custom_mutation_operator": false, "use_custom_crossover_operator": true, "use_custom_atomicity": true, "genome_threshold": null, "include_ps_len": true, "include_sample_quantity": true, "include_wasserstein_distance": false, "include_diff_median": false, "include_atomicity": true, "include_p_value": false, "include_mean_fitness": true, "include_variance": false}, "results": [{"pattern": [211, 63], "threshold": null}, {"pattern": [188, 13], "threshold": null}, {"pattern": [65, 103], "threshold": null}, {"pattern": [65], "threshold": null}, {"pattern": [188, 132], "threshold": null}, {"pattern": [164, 134], "threshold": null}, {"pattern": [90, 27], "threshold": null}, {"pattern": [65, 13, 158], "threshold": null}, {"pattern": [211], "threshold": null}, {"pattern": [16, 164], "threshold": null}, {"pattern": [65, 180, 103], "threshold": null}, {"pattern": [217, 196, 188], "threshold": null}, {"pattern": [211, 103], "threshold": null}, {"pattern": [88], "threshold": null}, {"pattern": [90, 86, 215], "threshold": null}, {"pattern": [188, 196], "threshold": null}, {"pattern": [162, 221], "threshold": null}, {"pattern": [90], "threshold": null}, {"pattern": [65, 188], "threshold": null}, {"pattern": [132, 188, 196], "threshold": null}, {"pattern": [65, 212, 188, 103], "threshold": null}, {"pattern": [212, 196, 188, 63], "threshold": null}, {"pattern": [13], "threshold": null}, {"pattern": [164], "threshold": null}, {"pattern": [65, 180, 212, 86], "threshold": null}, {"pattern": [65, 180, 212], "threshold": null}, {"pattern": [212, 164, 215], "threshold": null}, {"pattern": [90, 212, 215], "threshold": null}, {"pattern": [65, 212, 86, 188, 158], "threshold": null}, {"pattern": [65, 90, 221], "threshold": null}, {"pattern": [65, 212], "threshold": null}, {"pattern": [90, 215], "threshold": null}, {"pattern": [132, 103], "threshold": null}, {"pattern": [65, 188, 103], "threshold": null}, {"pattern": [86, 196, 188, 158], "threshold": null}, {"pattern": [65, 196, 13], "threshold": null}, {"pattern": [188, 196, 50], "threshold": null}, {"pattern": [65, 90, 212], "threshold": null}, {"pattern": [65, 13], "threshold": null}, {"pattern": [241, 188, 132], "threshold": null}, {"pattern": [65, 132, 103], "threshold": null}, {"pattern": [93, 13], "threshold": null}, {"pattern": [65, 188, 13], "threshold": null}, {"pattern": [88, 134], "threshold": null}, {"pattern": [90, 158], "threshold": null}, {"pattern": [196, 188, 158], "threshold": null}, {"pattern": [196, 188, 237], "threshold": null}, {"pattern": [65, 188, 212, 158], "threshold": null}, {"pattern": [65, 188, 212], "threshold": null}, {"pattern": [43, 101], "threshold": null}]}, {"config": {"code_name": "[CS CM OC][Len SSize MFit CAtom][GNone]", "population_size": 100, "evaluation_budget": 10000, "cluster_info_file_name": "C:\\Users\\gac8\\PycharmProjects\\PSSearch\\retail_forecasting_data_collection\\data\\cluster_info_250_random.pkl", "use_custom_sampling_operator": true, "use_custom_mutation_operator": true, "use_custom_crossover_operator": false, "use_custom_atomicity": true, "genome_threshold": null, "include_ps_len": true, "include_sample_quantity": true, "include_wasserstein_distance": false, "include_diff_median": false, "include_atomicity": true, "include_p_value": false, "include_mean_fitness": true, "include_variance": false}, "results": [{"pattern": [65, 180], "threshold": null}, {"pattern": [74, 68], "threshold": null}, {"pattern": [76, 173], "threshold": null}, {"pattern": [65], "threshold": null}, {"pattern": [188], "threshold": null}, {"pattern": [109, 13], "threshold": null}, {"pattern": [196, 13], "threshold": null}, {"pattern": [188, 92], "threshold": null}, {"pattern": [171, 134], "threshold": null}, {"pattern": [19, 13], "threshold": null}, {"pattern": [54], "threshold": null}, {"pattern": [88], "threshold": null}, {"pattern": [212, 103], "threshold": null}, {"pattern": [103], "threshold": null}, {"pattern": [230], "threshold": null}, {"pattern": [119, 63], "threshold": null}, {"pattern": [132, 244], "threshold": null}, {"pattern": [13], "threshold": null}, {"pattern": [4, 63], "threshold": null}, {"pattern": [158], "threshold": null}, {"pattern": [81, 74], "threshold": null}, {"pattern": [45], "threshold": null}, {"pattern": [212, 86], "threshold": null}, {"pattern": [132], "threshold": null}, {"pattern": [217], "threshold": null}, {"pattern": [74, 35], "threshold": null}, {"pattern": [65, 212], "threshold": null}, {"pattern": [196], "threshold": null}, {"pattern": [25], "threshold": null}, {"pattern": [212], "threshold": null}, {"pattern": [16, 27], "threshold": null}, {"pattern": [53, 86], "threshold": null}, {"pattern": [202, 235], "threshold": null}, {"pattern": [134, 63], "threshold": null}, {"pattern": [235, 132], "threshold": null}, {"pattern": [120], "threshold": null}, {"pattern": [86], "threshold": null}, {"pattern": [18, 37], "threshold": null}, {"pattern": [90, 158], "threshold": null}, {"pattern": [217, 158], "threshold": null}, {"pattern": [237], "threshold": null}, {"pattern": [180, 157], "threshold": null}]}]}