{"extra_info": {"version": "fallback_v1", "seed": 60}, "data": [{"config": {"code_name": "[CS CM CC][Len SSize MFit CAtom][GNone]", "population_size": 100, "evaluation_budget": 10000, "cluster_info_file_name": "C:\\Users\\gac8\\PycharmProjects\\PSSearch\\retail_forecasting_data_collection\\data\\cluster_info_250_random.pkl", "use_custom_sampling_operator": true, "use_custom_mutation_operator": true, "use_custom_crossover_operator": true, "use_custom_atomicity": true, "genome_threshold": null, "include_ps_len": true, "include_sample_quantity": true, "include_wasserstein_distance": false, "include_diff_median": false, "include_atomicity": true, "include_p_value": false, "include_mean_fitness": true, "include_variance": false}, "results": [{"pattern": [188], "threshold": null}, {"pattern": [16, 196], "threshold": null}, {"pattern": [74, 103], "threshold": null}, {"pattern": [82, 11], "threshold": null}, {"pattern": [74, 212], "threshold": null}, {"pattern": [34, 103], "threshold": null}, {"pattern": [16, 139], "threshold": null}, {"pattern": [86], "threshold": null}, {"pattern": [66, 221], "threshold": null}, {"pattern": [165, 47], "threshold": null}, {"pattern": [188, 180], "threshold": null}, {"pattern": [196, 102], "threshold": null}, {"pattern": [54], "threshold": null}, {"pattern": [92, 183], "threshold": null}, {"pattern": [65, 245], "threshold": null}, {"pattern": [217, 215], "threshold": null}, {"pattern": [27, 158], "threshold": null}, {"pattern": [120], "threshold": null}, {"pattern": [13], "threshold": null}, {"pattern": [232, 105], "threshold": null}, {"pattern": [217, 134], "threshold": null}, {"pattern": [139, 92], "threshold": null}, {"pattern": [248, 25], "threshold": null}, {"pattern": [25], "threshold": null}, {"pattern": [42, 245], "threshold": null}, {"pattern": [196, 139, 188], "threshold": null}, {"pattern": [89, 244], "threshold": null}, {"pattern": [212, 86], "threshold": null}, {"pattern": [208, 47], "threshold": null}, {"pattern": [230], "threshold": null}, {"pattern": [235, 134], "threshold": null}, {"pattern": [217], "threshold": null}, {"pattern": [103], "threshold": null}, {"pattern": [158, 86], "threshold": null}, {"pattern": [196], "threshold": null}, {"pattern": [56, 63], "threshold": null}, {"pattern": [237], "threshold": null}, {"pattern": [212], "threshold": null}, {"pattern": [45], "threshold": null}, {"pattern": [196, 132], "threshold": null}, {"pattern": [88], "threshold": null}, {"pattern": [50, 151], "threshold": null}, {"pattern": [202, 221], "threshold": null}, {"pattern": [248, 202], "threshold": null}, {"pattern": [158], "threshold": null}, {"pattern": [65], "threshold": null}, {"pattern": [88, 193], "threshold": null}, {"pattern": [132], "threshold": null}]}, {"config": {"code_name": "[CS CM CC][SSize MFit CAtom][GNone]", "population_size": 100, "evaluation_budget": 10000, "cluster_info_file_name": "C:\\Users\\gac8\\PycharmProjects\\PSSearch\\retail_forecasting_data_collection\\data\\cluster_info_250_random.pkl", "use_custom_sampling_operator": true, "use_custom_mutation_operator": true, "use_custom_crossover_operator": true, "use_custom_atomicity": true, "genome_threshold": null, "include_ps_len": false, "include_sample_quantity": true, "include_wasserstein_distance": false, "include_diff_median": false, "include_atomicity": true, "include_p_value": false, "include_mean_fitness": true, "include_variance": false}, "results": [{"pattern": [158], "threshold": null}, {"pattern": [13, 157], "threshold": null}, {"pattern": [217], "threshold": null}, {"pattern": [237], "threshold": null}, {"pattern": [212], "threshold": null}, {"pattern": [241, 245], "threshold": null}, {"pattern": [86, 38], "threshold": null}, {"pattern": [196, 181], "threshold": null}, {"pattern": [190, 134], "threshold": null}, {"pattern": [88], "threshold": null}, {"pattern": [65], "threshold": null}, {"pattern": [65, 86], "threshold": null}, {"pattern": [27, 158], "threshold": null}, {"pattern": [196, 132], "threshold": null}, {"pattern": [235, 215], "threshold": null}, {"pattern": [153, 196], "threshold": null}, {"pattern": [82, 77], "threshold": null}, {"pattern": [155, 134], "threshold": null}, {"pattern": [132], "threshold": null}, {"pattern": [188], "threshold": null}, {"pattern": [132, 93], "threshold": null}, {"pattern": [202, 215], "threshold": null}, {"pattern": [188, 86], "threshold": null}, {"pattern": [212, 196, 103], "threshold": null}, {"pattern": [42, 151], "threshold": null}, {"pattern": [86], "threshold": null}, {"pattern": [196], "threshold": null}, {"pattern": [224, 244], "threshold": null}, {"pattern": [13], "threshold": null}, {"pattern": [204, 132], "threshold": null}, {"pattern": [49, 116], "threshold": null}, {"pattern": [27, 86], "threshold": null}, {"pattern": [241, 134], "threshold": null}, {"pattern": [181, 127], "threshold": null}, {"pattern": [34, 38], "threshold": null}, {"pattern": [212, 61], "threshold": null}, {"pattern": [235, 158], "threshold": null}, {"pattern": [65, 13], "threshold": null}, {"pattern": [80, 229], "threshold": null}, {"pattern": [232, 109], "threshold": null}, {"pattern": [137, 134], "threshold": null}]}, {"config": {"code_name": "[CS CM CC][Len MFit CAtom][GNone]", "population_size": 100, "evaluation_budget": 10000, "cluster_info_file_name": "C:\\Users\\gac8\\PycharmProjects\\PSSearch\\retail_forecasting_data_collection\\data\\cluster_info_250_random.pkl", "use_custom_sampling_operator": true, "use_custom_mutation_operator": true, "use_custom_crossover_operator": true, "use_custom_atomicity": true, "genome_threshold": null, "include_ps_len": true, "include_sample_quantity": false, "include_wasserstein_distance": false, "include_diff_median": false, "include_atomicity": true, "include_p_value": false, "include_mean_fitness": true, "include_variance": false}, "results": [{"pattern": [232, 205], "threshold": null}, {"pattern": [76, 61], "threshold": null}, {"pattern": [25, 134], "threshold": null}, {"pattern": [180, 237], "threshold": null}, {"pattern": [120], "threshold": null}, {"pattern": [237, 134], "threshold": null}, {"pattern": [25, 52], "threshold": null}, {"pattern": [10, 82], "threshold": null}, {"pattern": [217, 237], "threshold": null}, {"pattern": [196, 13, 158], "threshold": null}]}, {"config": {"code_name": "[CS CM CC][Len SSize CAtom][GNone]", "population_size": 100, "evaluation_budget": 10000, "cluster_info_file_name": "C:\\Users\\gac8\\PycharmProjects\\PSSearch\\retail_forecasting_data_collection\\data\\cluster_info_250_random.pkl", "use_custom_sampling_operator": true, "use_custom_mutation_operator": true, "use_custom_crossover_operator": true, "use_custom_atomicity": true, "genome_threshold": null, "include_ps_len": true, "include_sample_quantity": true, "include_wasserstein_distance": false, "include_diff_median": false, "include_atomicity": true, "include_p_value": false, "include_mean_fitness": false, "include_variance": false}, "results": [{"pattern": [188, 180], "threshold": null}, {"pattern": [43, 212], "threshold": null}, {"pattern": [43, 101], "threshold": null}, {"pattern": [232, 119], "threshold": null}, {"pattern": [146, 101], "threshold": null}, {"pattern": [202, 215], "threshold": null}, {"pattern": [188], "threshold": null}, {"pattern": [38, 63], "threshold": null}]}, {"config": {"code_name": "[CS CM CC][Len SSize MFit][GNone]", "population_size": 100, "evaluation_budget": 10000, "cluster_info_file_name": "C:\\Users\\gac8\\PycharmProjects\\PSSearch\\retail_forecasting_data_collection\\data\\cluster_info_250_random.pkl", "use_custom_sampling_operator": true, "use_custom_mutation_operator": true, "use_custom_crossover_operator": true, "use_custom_atomicity": true, "genome_threshold": null, "include_ps_len": true, "include_sample_quantity": true, "include_wasserstein_distance": false, "include_diff_median": false, "include_atomicity": false, "include_p_value": false, "include_mean_fitness": true, "include_variance": false}, "results": [{"pattern": [25, 90], "threshold": null}, {"pattern": [132], "threshold": null}, {"pattern": [16, 212], "threshold": null}, {"pattern": [13], "threshold": null}, {"pattern": [158, 215], "threshold": null}, {"pattern": [88], "threshold": null}, {"pattern": [25], "threshold": null}, {"pattern": [86], "threshold": null}, {"pattern": [188], "threshold": null}, {"pattern": [93, 13], "threshold": null}, {"pattern": [120], "threshold": null}, {"pattern": [212], "threshold": null}, {"pattern": [25, 212], "threshold": null}, {"pattern": [45], "threshold": null}, {"pattern": [54], "threshold": null}, {"pattern": [237], "threshold": null}, {"pattern": [217], "threshold": null}, {"pattern": [103], "threshold": null}, {"pattern": [65], "threshold": null}, {"pattern": [90, 237], "threshold": null}, {"pattern": [158], "threshold": null}, {"pattern": [230], "threshold": null}, {"pattern": [196], "threshold": null}, {"pattern": [134, 86], "threshold": null}]}, {"config": {"code_name": "[OS CM CC][Len SSize MFit CAtom][GNone]", "population_size": 100, "evaluation_budget": 10000, "cluster_info_file_name": "C:\\Users\\gac8\\PycharmProjects\\PSSearch\\retail_forecasting_data_collection\\data\\cluster_info_250_random.pkl", "use_custom_sampling_operator": false, "use_custom_mutation_operator": true, "use_custom_crossover_operator": true, "use_custom_atomicity": true, "genome_threshold": null, "include_ps_len": true, "include_sample_quantity": true, "include_wasserstein_distance": false, "include_diff_median": false, "include_atomicity": true, "include_p_value": false, "include_mean_fitness": true, "include_variance": false}, "results": [{"pattern": [213, 215], "threshold": null}, {"pattern": [188, 101], "threshold": null}, {"pattern": [170, 103], "threshold": null}, {"pattern": [134, 86], "threshold": null}, {"pattern": [92, 165], "threshold": null}, {"pattern": [201, 132], "threshold": null}, {"pattern": [248, 151], "threshold": null}, {"pattern": [188], "threshold": null}, {"pattern": [8, 244], "threshold": null}, {"pattern": [202, 188], "threshold": null}, {"pattern": [211, 13], "threshold": null}, {"pattern": [188, 206], "threshold": null}, {"pattern": [86], "threshold": null}, {"pattern": [211, 134], "threshold": null}, {"pattern": [82, 205], "threshold": null}, {"pattern": [77, 158], "threshold": null}, {"pattern": [232, 196], "threshold": null}, {"pattern": [50, 245], "threshold": null}, {"pattern": [54], "threshold": null}, {"pattern": [245, 158], "threshold": null}, {"pattern": [212, 197], "threshold": null}, {"pattern": [232, 245], "threshold": null}, {"pattern": [177, 134], "threshold": null}, {"pattern": [120], "threshold": null}, {"pattern": [13], "threshold": null}, {"pattern": [88, 212], "threshold": null}, {"pattern": [16, 88], "threshold": null}, {"pattern": [16, 237], "threshold": null}, {"pattern": [217, 116], "threshold": null}, {"pattern": [18, 119], "threshold": null}, {"pattern": [248, 226], "threshold": null}, {"pattern": [16, 164], "threshold": null}, {"pattern": [25], "threshold": null}, {"pattern": [184, 132], "threshold": null}, {"pattern": [230], "threshold": null}, {"pattern": [217], "threshold": null}, {"pattern": [103], "threshold": null}, {"pattern": [27, 164], "threshold": null}, {"pattern": [196], "threshold": null}, {"pattern": [237], "threshold": null}, {"pattern": [212], "threshold": null}, {"pattern": [212, 196], "threshold": null}, {"pattern": [202, 74], "threshold": null}, {"pattern": [162, 74], "threshold": null}, {"pattern": [45], "threshold": null}, {"pattern": [173, 86], "threshold": null}, {"pattern": [65, 173], "threshold": null}, {"pattern": [88], "threshold": null}, {"pattern": [204, 61], "threshold": null}, {"pattern": [202, 158], "threshold": null}, {"pattern": [27, 204], "threshold": null}, {"pattern": [49, 77], "threshold": null}, {"pattern": [153, 100], "threshold": null}, {"pattern": [25, 177], "threshold": null}, {"pattern": [157, 86], "threshold": null}, {"pattern": [173, 215], "threshold": null}, {"pattern": [82, 188], "threshold": null}, {"pattern": [158], "threshold": null}, {"pattern": [65], "threshold": null}, {"pattern": [132], "threshold": null}]}, {"config": {"code_name": "[CS OM CC][Len SSize MFit CAtom][GNone]", "population_size": 100, "evaluation_budget": 10000, "cluster_info_file_name": "C:\\Users\\gac8\\PycharmProjects\\PSSearch\\retail_forecasting_data_collection\\data\\cluster_info_250_random.pkl", "use_custom_sampling_operator": true, "use_custom_mutation_operator": false, "use_custom_crossover_operator": true, "use_custom_atomicity": true, "genome_threshold": null, "include_ps_len": true, "include_sample_quantity": true, "include_wasserstein_distance": false, "include_diff_median": false, "include_atomicity": true, "include_p_value": false, "include_mean_fitness": true, "include_variance": false}, "results": [{"pattern": [188, 38, 63], "threshold": null}, {"pattern": [27, 188, 13, 86], "threshold": null}, {"pattern": [4, 63], "threshold": null}, {"pattern": [188, 13, 215], "threshold": null}, {"pattern": [188, 71], "threshold": null}, {"pattern": [212, 4], "threshold": null}, {"pattern": [188, 13, 86], "threshold": null}, {"pattern": [88, 13, 215], "threshold": null}, {"pattern": [188, 212, 63], "threshold": null}, {"pattern": [27, 188, 158], "threshold": null}, {"pattern": [202, 188, 158, 215], "threshold": null}, {"pattern": [56, 63], "threshold": null}, {"pattern": [215, 188, 63], "threshold": null}, {"pattern": [188, 158], "threshold": null}, {"pattern": [139, 38], "threshold": null}, {"pattern": [132, 188, 158, 215], "threshold": null}, {"pattern": [248, 215], "threshold": null}, {"pattern": [188, 53, 158], "threshold": null}, {"pattern": [177, 196, 215], "threshold": null}, {"pattern": [248, 63], "threshold": null}, {"pattern": [221, 55], "threshold": null}, {"pattern": [188, 69], "threshold": null}, {"pattern": [196, 215], "threshold": null}, {"pattern": [26, 215], "threshold": null}, {"pattern": [55, 221, 215], "threshold": null}, {"pattern": [246, 63], "threshold": null}, {"pattern": [241, 188], "threshold": null}, {"pattern": [188, 190, 63], "threshold": null}, {"pattern": [212, 188, 215], "threshold": null}, {"pattern": [56, 188, 63], "threshold": null}, {"pattern": [164, 188], "threshold": null}, {"pattern": [180], "threshold": null}, {"pattern": [221, 215], "threshold": null}, {"pattern": [221, 87], "threshold": null}, {"pattern": [248, 202], "threshold": null}, {"pattern": [13, 215], "threshold": null}, {"pattern": [212, 221], "threshold": null}, {"pattern": [188], "threshold": null}, {"pattern": [248, 151], "threshold": null}, {"pattern": [177, 196], "threshold": null}, {"pattern": [69, 215], "threshold": null}, {"pattern": [13, 158, 215], "threshold": null}, {"pattern": [188, 134, 63], "threshold": null}, {"pattern": [27, 180], "threshold": null}, {"pattern": [49, 116], "threshold": null}, {"pattern": [188, 190, 134], "threshold": null}, {"pattern": [212, 63, 215], "threshold": null}, {"pattern": [212, 188, 237, 86], "threshold": null}, {"pattern": [248, 196], "threshold": null}, {"pattern": [132, 158, 215], "threshold": null}, {"pattern": [215, 63], "threshold": null}, {"pattern": [116, 188], "threshold": null}, {"pattern": [188, 63], "threshold": null}, {"pattern": [186, 221], "threshold": null}, {"pattern": [196], "threshold": null}, {"pattern": [188, 134], "threshold": null}, {"pattern": [27, 188, 86], "threshold": null}, {"pattern": [4], "threshold": null}, {"pattern": [38], "threshold": null}, {"pattern": [188, 158, 215], "threshold": null}, {"pattern": [188, 4, 63], "threshold": null}, {"pattern": [221, 158, 215], "threshold": null}, {"pattern": [88, 215], "threshold": null}, {"pattern": [134], "threshold": null}, {"pattern": [139, 188], "threshold": null}, {"pattern": [16, 188, 63], "threshold": null}, {"pattern": [34, 188, 87], "threshold": null}, {"pattern": [193, 215], "threshold": null}, {"pattern": [116, 34, 188, 63], "threshold": null}, {"pattern": [246], "threshold": null}, {"pattern": [241, 188, 134], "threshold": null}, {"pattern": [90, 212, 221], "threshold": null}, {"pattern": [116, 49, 188], "threshold": null}, {"pattern": [248, 27], "threshold": null}, {"pattern": [215, 212, 188, 63], "threshold": null}, {"pattern": [27, 30], "threshold": null}, {"pattern": [188, 215], "threshold": null}, {"pattern": [217, 215], "threshold": null}, {"pattern": [212, 188, 237], "threshold": null}]}, {"config": {"code_name": "[CS CM OC][Len SSize MFit CAtom][GNone]", "population_size": 100, "evaluation_budget": 10000, "cluster_info_file_name": "C:\\Users\\gac8\\PycharmProjects\\PSSearch\\retail_forecasting_data_collection\\data\\cluster_info_250_random.pkl", "use_custom_sampling_operator": true, "use_custom_mutation_operator": true, "use_custom_crossover_operator": false, "use_custom_atomicity": true, "genome_threshold": null, "include_ps_len": true, "include_sample_quantity": true, "include_wasserstein_distance": false, "include_diff_median": false, "include_atomicity": true, "include_p_value": false, "include_mean_fitness": true, "include_variance": false}, "results": [{"pattern": [188], "threshold": null}, {"pattern": [16, 196], "threshold": null}, {"pattern": [86], "threshold": null}, {"pattern": [25, 86], "threshold": null}, {"pattern": [232, 52], "threshold": null}, {"pattern": [90, 86], "threshold": null}, {"pattern": [116, 197], "threshold": null}, {"pattern": [61, 158], "threshold": null}, {"pattern": [27, 61], "threshold": null}, {"pattern": [233, 18], "threshold": null}, {"pattern": [212, 13], "threshold": null}, {"pattern": [27, 86], "threshold": null}, {"pattern": [249, 101], "threshold": null}, {"pattern": [196, 103], "threshold": null}, {"pattern": [16, 27], "threshold": null}, {"pattern": [170, 132], "threshold": null}, {"pattern": [54], "threshold": null}, {"pattern": [132, 28], "threshold": null}, {"pattern": [90, 27], "threshold": null}, {"pattern": [237, 215], "threshold": null}, {"pattern": [212, 61], "threshold": null}, {"pattern": [120], "threshold": null}, {"pattern": [217, 237], "threshold": null}, {"pattern": [218, 51], "threshold": null}, {"pattern": [13], "threshold": null}, {"pattern": [65, 27], "threshold": null}, {"pattern": [164, 134], "threshold": null}, {"pattern": [25], "threshold": null}, {"pattern": [134, 95], "threshold": null}, {"pattern": [212, 38], "threshold": null}, {"pattern": [232, 158], "threshold": null}, {"pattern": [230], "threshold": null}, {"pattern": [217], "threshold": null}, {"pattern": [103], "threshold": null}, {"pattern": [155, 86], "threshold": null}, {"pattern": [16, 158], "threshold": null}, {"pattern": [158, 86], "threshold": null}, {"pattern": [196], "threshold": null}, {"pattern": [237], "threshold": null}, {"pattern": [217, 180], "threshold": null}, {"pattern": [212], "threshold": null}, {"pattern": [132], "threshold": null}, {"pattern": [45], "threshold": null}, {"pattern": [91, 212], "threshold": null}, {"pattern": [88], "threshold": null}, {"pattern": [88, 86], "threshold": null}, {"pattern": [11, 109], "threshold": null}, {"pattern": [211, 132], "threshold": null}, {"pattern": [201, 13], "threshold": null}, {"pattern": [25, 235], "threshold": null}, {"pattern": [158], "threshold": null}, {"pattern": [65], "threshold": null}, {"pattern": [30, 63], "threshold": null}, {"pattern": [18, 63], "threshold": null}]}]}