{"extra_info": {"version": "fallback_v1", "seed": 95}, "data": [{"config": {"code_name": "[CS CM CC][Len SSize MFit CAtom][GNone]", "population_size": 100, "evaluation_budget": 10000, "cluster_info_file_name": "C:\\Users\\gac8\\PycharmProjects\\PSSearch\\retail_forecasting_data_collection\\data\\cluster_info_250_random.pkl", "use_custom_sampling_operator": true, "use_custom_mutation_operator": true, "use_custom_crossover_operator": true, "use_custom_atomicity": true, "genome_threshold": null, "include_ps_len": true, "include_sample_quantity": true, "include_wasserstein_distance": false, "include_diff_median": false, "include_atomicity": true, "include_p_value": false, "include_mean_fitness": true, "include_variance": false}, "results": [{"pattern": [181, 127], "threshold": null}, {"pattern": [195, 135], "threshold": null}, {"pattern": [119, 63], "threshold": null}, {"pattern": [16, 158], "threshold": null}, {"pattern": [212, 204], "threshold": null}, {"pattern": [34, 158], "threshold": null}, {"pattern": [65, 212], "threshold": null}, {"pattern": [190, 134], "threshold": null}, {"pattern": [65, 158], "threshold": null}, {"pattern": [50, 167], "threshold": null}, {"pattern": [34, 245], "threshold": null}, {"pattern": [13], "threshold": null}, {"pattern": [232, 25], "threshold": null}, {"pattern": [217], "threshold": null}, {"pattern": [188, 86], "threshold": null}, {"pattern": [188], "threshold": null}, {"pattern": [65], "threshold": null}, {"pattern": [16, 212], "threshold": null}, {"pattern": [155, 38], "threshold": null}, {"pattern": [212, 215], "threshold": null}, {"pattern": [54], "threshold": null}, {"pattern": [65, 132], "threshold": null}, {"pattern": [0, 229], "threshold": null}, {"pattern": [65, 217], "threshold": null}, {"pattern": [188, 109], "threshold": null}, {"pattern": [45], "threshold": null}, {"pattern": [25, 212], "threshold": null}, {"pattern": [241, 116], "threshold": null}, {"pattern": [193, 90], "threshold": null}, {"pattern": [230], "threshold": null}, {"pattern": [132], "threshold": null}, {"pattern": [88], "threshold": null}, {"pattern": [74, 116], "threshold": null}, {"pattern": [196], "threshold": null}, {"pattern": [56, 114], "threshold": null}, {"pattern": [25, 90], "threshold": null}, {"pattern": [25], "threshold": null}, {"pattern": [212], "threshold": null}, {"pattern": [237], "threshold": null}, {"pattern": [33, 68], "threshold": null}, {"pattern": [24, 181], "threshold": null}, {"pattern": [93, 86], "threshold": null}, {"pattern": [86], "threshold": null}, {"pattern": [158], "threshold": null}, {"pattern": [74, 212], "threshold": null}, {"pattern": [134, 30], "threshold": null}, {"pattern": [120], "threshold": null}, {"pattern": [212, 173], "threshold": null}, {"pattern": [103], "threshold": null}]}, {"config": {"code_name": "[CS CM CC][SSize MFit CAtom][GNone]", "population_size": 100, "evaluation_budget": 10000, "cluster_info_file_name": "C:\\Users\\gac8\\PycharmProjects\\PSSearch\\retail_forecasting_data_collection\\data\\cluster_info_250_random.pkl", "use_custom_sampling_operator": true, "use_custom_mutation_operator": true, "use_custom_crossover_operator": true, "use_custom_atomicity": true, "genome_threshold": null, "include_ps_len": false, "include_sample_quantity": true, "include_wasserstein_distance": false, "include_diff_median": false, "include_atomicity": true, "include_p_value": false, "include_mean_fitness": true, "include_variance": false}, "results": [{"pattern": [202, 116], "threshold": null}, {"pattern": [212], "threshold": null}, {"pattern": [74, 35], "threshold": null}, {"pattern": [139, 103], "threshold": null}, {"pattern": [65, 131], "threshold": null}, {"pattern": [164, 134], "threshold": null}, {"pattern": [163, 173], "threshold": null}, {"pattern": [132, 245], "threshold": null}, {"pattern": [188], "threshold": null}, {"pattern": [116, 93], "threshold": null}, {"pattern": [202, 215], "threshold": null}, {"pattern": [91, 215], "threshold": null}, {"pattern": [74, 68], "threshold": null}, {"pattern": [109, 30], "threshold": null}, {"pattern": [69, 71], "threshold": null}, {"pattern": [86], "threshold": null}, {"pattern": [204, 158], "threshold": null}, {"pattern": [241, 103], "threshold": null}, {"pattern": [212, 171, 188], "threshold": null}, {"pattern": [237, 158], "threshold": null}, {"pattern": [103], "threshold": null}, {"pattern": [92, 158], "threshold": null}, {"pattern": [88], "threshold": null}, {"pattern": [65], "threshold": null}, {"pattern": [196, 63], "threshold": null}, {"pattern": [13], "threshold": null}, {"pattern": [162, 103], "threshold": null}, {"pattern": [235, 63], "threshold": null}, {"pattern": [86, 30], "threshold": null}, {"pattern": [235, 205], "threshold": null}, {"pattern": [27, 61], "threshold": null}, {"pattern": [37, 182], "threshold": null}, {"pattern": [164, 215], "threshold": null}, {"pattern": [25, 139], "threshold": null}, {"pattern": [158], "threshold": null}, {"pattern": [86, 246], "threshold": null}, {"pattern": [93, 215], "threshold": null}, {"pattern": [160, 190], "threshold": null}, {"pattern": [16, 180], "threshold": null}, {"pattern": [101, 62], "threshold": null}, {"pattern": [212, 196], "threshold": null}, {"pattern": [248, 212, 86], "threshold": null}, {"pattern": [205, 63], "threshold": null}, {"pattern": [13, 103], "threshold": null}, {"pattern": [180, 37], "threshold": null}, {"pattern": [147, 63], "threshold": null}, {"pattern": [186, 221], "threshold": null}, {"pattern": [188, 13], "threshold": null}, {"pattern": [11, 77], "threshold": null}, {"pattern": [50, 245], "threshold": null}, {"pattern": [244, 13], "threshold": null}, {"pattern": [204, 237], "threshold": null}]}, {"config": {"code_name": "[CS CM CC][Len MFit CAtom][GNone]", "population_size": 100, "evaluation_budget": 10000, "cluster_info_file_name": "C:\\Users\\gac8\\PycharmProjects\\PSSearch\\retail_forecasting_data_collection\\data\\cluster_info_250_random.pkl", "use_custom_sampling_operator": true, "use_custom_mutation_operator": true, "use_custom_crossover_operator": true, "use_custom_atomicity": true, "genome_threshold": null, "include_ps_len": true, "include_sample_quantity": false, "include_wasserstein_distance": false, "include_diff_median": false, "include_atomicity": true, "include_p_value": false, "include_mean_fitness": true, "include_variance": false}, "results": [{"pattern": [162, 74], "threshold": null}, {"pattern": [90, 87], "threshold": null}, {"pattern": [116, 246], "threshold": null}, {"pattern": [139, 235], "threshold": null}, {"pattern": [10, 82], "threshold": null}, {"pattern": [65, 25], "threshold": null}, {"pattern": [49, 82], "threshold": null}, {"pattern": [237, 215], "threshold": null}, {"pattern": [120], "threshold": null}, {"pattern": [24, 158], "threshold": null}, {"pattern": [109, 87], "threshold": null}, {"pattern": [169, 221], "threshold": null}, {"pattern": [211, 103], "threshold": null}]}, {"config": {"code_name": "[CS CM CC][Len SSize CAtom][GNone]", "population_size": 100, "evaluation_budget": 10000, "cluster_info_file_name": "C:\\Users\\gac8\\PycharmProjects\\PSSearch\\retail_forecasting_data_collection\\data\\cluster_info_250_random.pkl", "use_custom_sampling_operator": true, "use_custom_mutation_operator": true, "use_custom_crossover_operator": true, "use_custom_atomicity": true, "genome_threshold": null, "include_ps_len": true, "include_sample_quantity": true, "include_wasserstein_distance": false, "include_diff_median": false, "include_atomicity": true, "include_p_value": false, "include_mean_fitness": false, "include_variance": false}, "results": [{"pattern": [90, 188], "threshold": null}, {"pattern": [132, 103], "threshold": null}, {"pattern": [16, 116], "threshold": null}, {"pattern": [188], "threshold": null}, {"pattern": [171, 212], "threshold": null}, {"pattern": [105, 205], "threshold": null}, {"pattern": [212, 215], "threshold": null}, {"pattern": [56, 246], "threshold": null}]}, {"config": {"code_name": "[CS CM CC][Len SSize MFit][GNone]", "population_size": 100, "evaluation_budget": 10000, "cluster_info_file_name": "C:\\Users\\gac8\\PycharmProjects\\PSSearch\\retail_forecasting_data_collection\\data\\cluster_info_250_random.pkl", "use_custom_sampling_operator": true, "use_custom_mutation_operator": true, "use_custom_crossover_operator": true, "use_custom_atomicity": true, "genome_threshold": null, "include_ps_len": true, "include_sample_quantity": true, "include_wasserstein_distance": false, "include_diff_median": false, "include_atomicity": false, "include_p_value": false, "include_mean_fitness": true, "include_variance": false}, "results": [{"pattern": [45], "threshold": null}, {"pattern": [13], "threshold": null}, {"pattern": [230], "threshold": null}, {"pattern": [86], "threshold": null}, {"pattern": [90, 13], "threshold": null}, {"pattern": [237], "threshold": null}, {"pattern": [132], "threshold": null}, {"pattern": [196, 237], "threshold": null}, {"pattern": [188, 13], "threshold": null}, {"pattern": [188], "threshold": null}, {"pattern": [65, 188, 180], "threshold": null}, {"pattern": [196], "threshold": null}, {"pattern": [212, 215], "threshold": null}, {"pattern": [54], "threshold": null}, {"pattern": [65], "threshold": null}, {"pattern": [65, 158], "threshold": null}, {"pattern": [212], "threshold": null}, {"pattern": [25], "threshold": null}, {"pattern": [217], "threshold": null}, {"pattern": [120], "threshold": null}, {"pattern": [103], "threshold": null}, {"pattern": [212, 61], "threshold": null}, {"pattern": [241, 196], "threshold": null}, {"pattern": [34, 86], "threshold": null}, {"pattern": [86, 215], "threshold": null}, {"pattern": [88], "threshold": null}, {"pattern": [158], "threshold": null}, {"pattern": [61, 158], "threshold": null}, {"pattern": [196, 93], "threshold": null}]}, {"config": {"code_name": "[OS CM CC][Len SSize MFit CAtom][GNone]", "population_size": 100, "evaluation_budget": 10000, "cluster_info_file_name": "C:\\Users\\gac8\\PycharmProjects\\PSSearch\\retail_forecasting_data_collection\\data\\cluster_info_250_random.pkl", "use_custom_sampling_operator": false, "use_custom_mutation_operator": true, "use_custom_crossover_operator": true, "use_custom_atomicity": true, "genome_threshold": null, "include_ps_len": true, "include_sample_quantity": true, "include_wasserstein_distance": false, "include_diff_median": false, "include_atomicity": true, "include_p_value": false, "include_mean_fitness": true, "include_variance": false}, "results": [{"pattern": [92, 183], "threshold": null}, {"pattern": [52, 205], "threshold": null}, {"pattern": [90, 188], "threshold": null}, {"pattern": [180, 134], "threshold": null}, {"pattern": [211, 132], "threshold": null}, {"pattern": [134, 215], "threshold": null}, {"pattern": [241, 158], "threshold": null}, {"pattern": [88, 188], "threshold": null}, {"pattern": [27, 61], "threshold": null}, {"pattern": [34, 151], "threshold": null}, {"pattern": [132, 237], "threshold": null}, {"pattern": [56, 63], "threshold": null}, {"pattern": [212, 221], "threshold": null}, {"pattern": [13], "threshold": null}, {"pattern": [93, 215], "threshold": null}, {"pattern": [217], "threshold": null}, {"pattern": [188], "threshold": null}, {"pattern": [65], "threshold": null}, {"pattern": [249, 195], "threshold": null}, {"pattern": [13, 30], "threshold": null}, {"pattern": [49, 116], "threshold": null}, {"pattern": [54], "threshold": null}, {"pattern": [132, 63], "threshold": null}, {"pattern": [90, 103], "threshold": null}, {"pattern": [25, 177], "threshold": null}, {"pattern": [204, 166], "threshold": null}, {"pattern": [45], "threshold": null}, {"pattern": [230], "threshold": null}, {"pattern": [244, 47], "threshold": null}, {"pattern": [132], "threshold": null}, {"pattern": [88], "threshold": null}, {"pattern": [56, 86], "threshold": null}, {"pattern": [196], "threshold": null}, {"pattern": [122, 11], "threshold": null}, {"pattern": [88, 180], "threshold": null}, {"pattern": [16, 197], "threshold": null}, {"pattern": [91, 215], "threshold": null}, {"pattern": [25], "threshold": null}, {"pattern": [179, 71], "threshold": null}, {"pattern": [212], "threshold": null}, {"pattern": [237], "threshold": null}, {"pattern": [212, 69], "threshold": null}, {"pattern": [158, 63], "threshold": null}, {"pattern": [86], "threshold": null}, {"pattern": [158], "threshold": null}, {"pattern": [196, 215], "threshold": null}, {"pattern": [120], "threshold": null}, {"pattern": [235, 119], "threshold": null}, {"pattern": [103], "threshold": null}, {"pattern": [180, 13], "threshold": null}]}, {"config": {"code_name": "[CS OM CC][Len SSize MFit CAtom][GNone]", "population_size": 100, "evaluation_budget": 10000, "cluster_info_file_name": "C:\\Users\\gac8\\PycharmProjects\\PSSearch\\retail_forecasting_data_collection\\data\\cluster_info_250_random.pkl", "use_custom_sampling_operator": true, "use_custom_mutation_operator": false, "use_custom_crossover_operator": true, "use_custom_atomicity": true, "genome_threshold": null, "include_ps_len": true, "include_sample_quantity": true, "include_wasserstein_distance": false, "include_diff_median": false, "include_atomicity": true, "include_p_value": false, "include_mean_fitness": true, "include_variance": false}, "results": [{"pattern": [90, 188, 158], "threshold": null}, {"pattern": [196, 13, 158], "threshold": null}, {"pattern": [188, 212, 245, 158], "threshold": null}, {"pattern": [195, 135], "threshold": null}, {"pattern": [212, 13, 103], "threshold": null}, {"pattern": [204, 212], "threshold": null}, {"pattern": [65, 212], "threshold": null}, {"pattern": [212, 245, 215], "threshold": null}, {"pattern": [88, 212], "threshold": null}, {"pattern": [13], "threshold": null}, {"pattern": [116, 132, 212], "threshold": null}, {"pattern": [50, 158], "threshold": null}, {"pattern": [217], "threshold": null}, {"pattern": [221, 102], "threshold": null}, {"pattern": [241, 212, 158], "threshold": null}, {"pattern": [65, 180, 212], "threshold": null}, {"pattern": [212, 215], "threshold": null}, {"pattern": [13, 86], "threshold": null}, {"pattern": [188, 13], "threshold": null}, {"pattern": [237, 103], "threshold": null}, {"pattern": [232, 30], "threshold": null}, {"pattern": [90, 103], "threshold": null}, {"pattern": [217, 63], "threshold": null}, {"pattern": [116, 212], "threshold": null}, {"pattern": [65, 217], "threshold": null}, {"pattern": [132, 27, 212], "threshold": null}, {"pattern": [91, 158], "threshold": null}, {"pattern": [217, 215], "threshold": null}, {"pattern": [212, 190], "threshold": null}, {"pattern": [217, 180], "threshold": null}, {"pattern": [116, 65, 212], "threshold": null}, {"pattern": [88], "threshold": null}, {"pattern": [188, 13, 86, 103], "threshold": null}, {"pattern": [25, 158], "threshold": null}, {"pattern": [180], "threshold": null}, {"pattern": [212, 158], "threshold": null}, {"pattern": [90, 27, 13], "threshold": null}, {"pattern": [188, 212, 158], "threshold": null}, {"pattern": [27, 212], "threshold": null}, {"pattern": [65, 212, 180, 215], "threshold": null}, {"pattern": [217, 158], "threshold": null}, {"pattern": [212], "threshold": null}, {"pattern": [188, 212, 158, 63], "threshold": null}, {"pattern": [188, 13, 103], "threshold": null}, {"pattern": [217, 13], "threshold": null}, {"pattern": [134, 212, 158], "threshold": null}, {"pattern": [237], "threshold": null}, {"pattern": [88, 237], "threshold": null}, {"pattern": [88, 196, 13], "threshold": null}, {"pattern": [88, 13], "threshold": null}, {"pattern": [212, 87], "threshold": null}, {"pattern": [196, 13], "threshold": null}, {"pattern": [204, 158], "threshold": null}, {"pattern": [162, 158], "threshold": null}, {"pattern": [212, 158, 215], "threshold": null}, {"pattern": [188, 13, 86], "threshold": null}, {"pattern": [86], "threshold": null}, {"pattern": [13, 158], "threshold": null}, {"pattern": [196, 212, 158, 215], "threshold": null}, {"pattern": [158], "threshold": null}, {"pattern": [195, 13], "threshold": null}, {"pattern": [13, 103], "threshold": null}, {"pattern": [90, 158], "threshold": null}, {"pattern": [221, 30], "threshold": null}, {"pattern": [53, 158], "threshold": null}, {"pattern": [212, 173], "threshold": null}, {"pattern": [237, 63], "threshold": null}, {"pattern": [16, 13], "threshold": null}, {"pattern": [13, 237], "threshold": null}]}, {"config": {"code_name": "[CS CM OC][Len SSize MFit CAtom][GNone]", "population_size": 100, "evaluation_budget": 10000, "cluster_info_file_name": "C:\\Users\\gac8\\PycharmProjects\\PSSearch\\retail_forecasting_data_collection\\data\\cluster_info_250_random.pkl", "use_custom_sampling_operator": true, "use_custom_mutation_operator": true, "use_custom_crossover_operator": false, "use_custom_atomicity": true, "genome_threshold": null, "include_ps_len": true, "include_sample_quantity": true, "include_wasserstein_distance": false, "include_diff_median": false, "include_atomicity": true, "include_p_value": false, "include_mean_fitness": true, "include_variance": false}, "results": [{"pattern": [13, 134], "threshold": null}, {"pattern": [16, 103], "threshold": null}, {"pattern": [119, 63], "threshold": null}, {"pattern": [158, 167], "threshold": null}, {"pattern": [61, 134], "threshold": null}, {"pattern": [142, 47], "threshold": null}, {"pattern": [34, 38], "threshold": null}, {"pattern": [16, 241], "threshold": null}, {"pattern": [208, 171], "threshold": null}, {"pattern": [132, 237], "threshold": null}, {"pattern": [61, 173], "threshold": null}, {"pattern": [165, 47], "threshold": null}, {"pattern": [88, 212], "threshold": null}, {"pattern": [212, 221], "threshold": null}, {"pattern": [13], "threshold": null}, {"pattern": [184, 221], "threshold": null}, {"pattern": [217], "threshold": null}, {"pattern": [211, 134], "threshold": null}, {"pattern": [132, 55], "threshold": null}, {"pattern": [217, 116], "threshold": null}, {"pattern": [188], "threshold": null}, {"pattern": [65], "threshold": null}, {"pattern": [132, 86], "threshold": null}, {"pattern": [64, 117], "threshold": null}, {"pattern": [54], "threshold": null}, {"pattern": [81, 180], "threshold": null}, {"pattern": [16, 25], "threshold": null}, {"pattern": [164, 134], "threshold": null}, {"pattern": [164, 86], "threshold": null}, {"pattern": [45], "threshold": null}, {"pattern": [212, 103], "threshold": null}, {"pattern": [230], "threshold": null}, {"pattern": [132], "threshold": null}, {"pattern": [88], "threshold": null}, {"pattern": [196], "threshold": null}, {"pattern": [120], "threshold": null}, {"pattern": [25], "threshold": null}, {"pattern": [248, 151], "threshold": null}, {"pattern": [212], "threshold": null}, {"pattern": [103, 63], "threshold": null}, {"pattern": [237], "threshold": null}, {"pattern": [212, 63], "threshold": null}, {"pattern": [30, 63], "threshold": null}, {"pattern": [65, 212, 241], "threshold": null}, {"pattern": [25, 245], "threshold": null}, {"pattern": [93, 13], "threshold": null}, {"pattern": [241, 13], "threshold": null}, {"pattern": [35, 109], "threshold": null}, {"pattern": [122, 188], "threshold": null}, {"pattern": [86], "threshold": null}, {"pattern": [215, 63], "threshold": null}, {"pattern": [158], "threshold": null}, {"pattern": [134, 30], "threshold": null}, {"pattern": [132, 28], "threshold": null}, {"pattern": [237, 63], "threshold": null}, {"pattern": [34, 188], "threshold": null}, {"pattern": [103], "threshold": null}, {"pattern": [16, 235], "threshold": null}]}]}