{"extra_info": {"version": "fallback_v1", "seed": 92}, "data": [{"config": {"code_name": "[CS CM CC][Len SSize MFit CAtom][GNone]", "population_size": 100, "evaluation_budget": 10000, "cluster_info_file_name": "C:\\Users\\gac8\\PycharmProjects\\PSSearch\\retail_forecasting_data_collection\\data\\cluster_info_250_random.pkl", "use_custom_sampling_operator": true, "use_custom_mutation_operator": true, "use_custom_crossover_operator": true, "use_custom_atomicity": true, "genome_threshold": null, "include_ps_len": true, "include_sample_quantity": true, "include_wasserstein_distance": false, "include_diff_median": false, "include_atomicity": true, "include_p_value": false, "include_mean_fitness": true, "include_variance": false}, "results": [{"pattern": [88], "threshold": null}, {"pattern": [81, 63], "threshold": null}, {"pattern": [158, 127], "threshold": null}, {"pattern": [241, 132], "threshold": null}, {"pattern": [212, 38], "threshold": null}, {"pattern": [25, 132], "threshold": null}, {"pattern": [25, 188], "threshold": null}, {"pattern": [86], "threshold": null}, {"pattern": [230], "threshold": null}, {"pattern": [13, 86], "threshold": null}, {"pattern": [93], "threshold": null}, {"pattern": [54], "threshold": null}, {"pattern": [13, 63], "threshold": null}, {"pattern": [217], "threshold": null}, {"pattern": [16, 34], "threshold": null}, {"pattern": [56, 63], "threshold": null}, {"pattern": [188], "threshold": null}, {"pattern": [120], "threshold": null}, {"pattern": [81, 180], "threshold": null}, {"pattern": [38, 63], "threshold": null}, {"pattern": [76, 69], "threshold": null}, {"pattern": [202, 86], "threshold": null}, {"pattern": [157, 173], "threshold": null}, {"pattern": [45], "threshold": null}, {"pattern": [53, 215], "threshold": null}, {"pattern": [237, 134], "threshold": null}, {"pattern": [237], "threshold": null}, {"pattern": [65], "threshold": null}, {"pattern": [25], "threshold": null}, {"pattern": [132], "threshold": null}, {"pattern": [103], "threshold": null}, {"pattern": [188, 165], "threshold": null}, {"pattern": [92, 158], "threshold": null}, {"pattern": [177, 188], "threshold": null}, {"pattern": [13], "threshold": null}, {"pattern": [65, 158], "threshold": null}, {"pattern": [184, 30], "threshold": null}, {"pattern": [171, 188], "threshold": null}, {"pattern": [224, 196], "threshold": null}, {"pattern": [88, 202], "threshold": null}, {"pattern": [212], "threshold": null}, {"pattern": [16, 215], "threshold": null}, {"pattern": [158], "threshold": null}, {"pattern": [248, 190], "threshold": null}, {"pattern": [16, 90], "threshold": null}]}, {"config": {"code_name": "[CS CM CC][SSize MFit CAtom][GNone]", "population_size": 100, "evaluation_budget": 10000, "cluster_info_file_name": "C:\\Users\\gac8\\PycharmProjects\\PSSearch\\retail_forecasting_data_collection\\data\\cluster_info_250_random.pkl", "use_custom_sampling_operator": true, "use_custom_mutation_operator": true, "use_custom_crossover_operator": true, "use_custom_atomicity": true, "genome_threshold": null, "include_ps_len": false, "include_sample_quantity": true, "include_wasserstein_distance": false, "include_diff_median": false, "include_atomicity": true, "include_p_value": false, "include_mean_fitness": true, "include_variance": false}, "results": [{"pattern": [224, 180], "threshold": null}, {"pattern": [74, 196], "threshold": null}, {"pattern": [90, 237], "threshold": null}, {"pattern": [153, 163], "threshold": null}, {"pattern": [184, 132], "threshold": null}, {"pattern": [132, 61], "threshold": null}, {"pattern": [188, 205], "threshold": null}, {"pattern": [212], "threshold": null}, {"pattern": [248, 202], "threshold": null}, {"pattern": [122, 109], "threshold": null}, {"pattern": [158], "threshold": null}, {"pattern": [27, 188, 134], "threshold": null}, {"pattern": [248, 34], "threshold": null}, {"pattern": [132], "threshold": null}, {"pattern": [103, 55], "threshold": null}, {"pattern": [16, 103], "threshold": null}, {"pattern": [89, 196], "threshold": null}, {"pattern": [177, 90], "threshold": null}, {"pattern": [224, 212], "threshold": null}, {"pattern": [90, 188], "threshold": null}, {"pattern": [171, 196], "threshold": null}, {"pattern": [61, 173], "threshold": null}, {"pattern": [188, 245], "threshold": null}, {"pattern": [212, 196], "threshold": null}, {"pattern": [35, 30], "threshold": null}, {"pattern": [86], "threshold": null}, {"pattern": [25, 90], "threshold": null}, {"pattern": [27, 103], "threshold": null}, {"pattern": [196, 77], "threshold": null}, {"pattern": [232, 105], "threshold": null}, {"pattern": [24, 91], "threshold": null}, {"pattern": [65, 50], "threshold": null}, {"pattern": [16, 188], "threshold": null}, {"pattern": [244, 13], "threshold": null}, {"pattern": [132, 158], "threshold": null}, {"pattern": [245, 190], "threshold": null}, {"pattern": [65], "threshold": null}, {"pattern": [88], "threshold": null}, {"pattern": [13], "threshold": null}, {"pattern": [244, 86], "threshold": null}, {"pattern": [103], "threshold": null}, {"pattern": [25], "threshold": null}, {"pattern": [202, 53], "threshold": null}, {"pattern": [65, 245], "threshold": null}, {"pattern": [188], "threshold": null}]}, {"config": {"code_name": "[CS CM CC][Len MFit CAtom][GNone]", "population_size": 100, "evaluation_budget": 10000, "cluster_info_file_name": "C:\\Users\\gac8\\PycharmProjects\\PSSearch\\retail_forecasting_data_collection\\data\\cluster_info_250_random.pkl", "use_custom_sampling_operator": true, "use_custom_mutation_operator": true, "use_custom_crossover_operator": true, "use_custom_atomicity": true, "genome_threshold": null, "include_ps_len": true, "include_sample_quantity": false, "include_wasserstein_distance": false, "include_diff_median": false, "include_atomicity": true, "include_p_value": false, "include_mean_fitness": true, "include_variance": false}, "results": [{"pattern": [56, 246], "threshold": null}, {"pattern": [217, 158], "threshold": null}, {"pattern": [190, 87], "threshold": null}, {"pattern": [120], "threshold": null}, {"pattern": [158, 38], "threshold": null}, {"pattern": [76, 190], "threshold": null}, {"pattern": [202, 235], "threshold": null}, {"pattern": [217, 237], "threshold": null}]}, {"config": {"code_name": "[CS CM CC][Len SSize CAtom][GNone]", "population_size": 100, "evaluation_budget": 10000, "cluster_info_file_name": "C:\\Users\\gac8\\PycharmProjects\\PSSearch\\retail_forecasting_data_collection\\data\\cluster_info_250_random.pkl", "use_custom_sampling_operator": true, "use_custom_mutation_operator": true, "use_custom_crossover_operator": true, "use_custom_atomicity": true, "genome_threshold": null, "include_ps_len": true, "include_sample_quantity": true, "include_wasserstein_distance": false, "include_diff_median": false, "include_atomicity": true, "include_p_value": false, "include_mean_fitness": false, "include_variance": false}, "results": [{"pattern": [188], "threshold": null}, {"pattern": [212, 13], "threshold": null}, {"pattern": [188, 69], "threshold": null}, {"pattern": [38, 87], "threshold": null}, {"pattern": [35, 68], "threshold": null}, {"pattern": [38, 63], "threshold": null}, {"pattern": [202, 212], "threshold": null}, {"pattern": [91, 212], "threshold": null}, {"pattern": [171, 47], "threshold": null}, {"pattern": [244, 13], "threshold": null}]}, {"config": {"code_name": "[CS CM CC][Len SSize MFit][GNone]", "population_size": 100, "evaluation_budget": 10000, "cluster_info_file_name": "C:\\Users\\gac8\\PycharmProjects\\PSSearch\\retail_forecasting_data_collection\\data\\cluster_info_250_random.pkl", "use_custom_sampling_operator": true, "use_custom_mutation_operator": true, "use_custom_crossover_operator": true, "use_custom_atomicity": true, "genome_threshold": null, "include_ps_len": true, "include_sample_quantity": true, "include_wasserstein_distance": false, "include_diff_median": false, "include_atomicity": false, "include_p_value": false, "include_mean_fitness": true, "include_variance": false}, "results": [{"pattern": [120], "threshold": null}, {"pattern": [237], "threshold": null}, {"pattern": [65, 86], "threshold": null}, {"pattern": [188], "threshold": null}, {"pattern": [212, 132, 63], "threshold": null}, {"pattern": [86], "threshold": null}, {"pattern": [230], "threshold": null}, {"pattern": [93], "threshold": null}, {"pattern": [196, 134], "threshold": null}, {"pattern": [25, 134], "threshold": null}, {"pattern": [132], "threshold": null}, {"pattern": [217], "threshold": null}, {"pattern": [54], "threshold": null}, {"pattern": [88, 50], "threshold": null}, {"pattern": [245, 103], "threshold": null}, {"pattern": [196, 53], "threshold": null}, {"pattern": [139, 116], "threshold": null}, {"pattern": [158], "threshold": null}, {"pattern": [88], "threshold": null}, {"pattern": [134, 103], "threshold": null}, {"pattern": [25, 188, 86], "threshold": null}, {"pattern": [65], "threshold": null}, {"pattern": [13], "threshold": null}, {"pattern": [88, 215], "threshold": null}, {"pattern": [196, 38], "threshold": null}, {"pattern": [212], "threshold": null}, {"pattern": [103], "threshold": null}, {"pattern": [45], "threshold": null}, {"pattern": [25], "threshold": null}]}, {"config": {"code_name": "[OS CM CC][Len SSize MFit CAtom][GNone]", "population_size": 100, "evaluation_budget": 10000, "cluster_info_file_name": "C:\\Users\\gac8\\PycharmProjects\\PSSearch\\retail_forecasting_data_collection\\data\\cluster_info_250_random.pkl", "use_custom_sampling_operator": false, "use_custom_mutation_operator": true, "use_custom_crossover_operator": true, "use_custom_atomicity": true, "genome_threshold": null, "include_ps_len": true, "include_sample_quantity": true, "include_wasserstein_distance": false, "include_diff_median": false, "include_atomicity": true, "include_p_value": false, "include_mean_fitness": true, "include_variance": false}, "results": [{"pattern": [88], "threshold": null}, {"pattern": [184, 232], "threshold": null}, {"pattern": [212, 95], "threshold": null}, {"pattern": [17, 30], "threshold": null}, {"pattern": [248, 25], "threshold": null}, {"pattern": [212, 237], "threshold": null}, {"pattern": [27, 103], "threshold": null}, {"pattern": [25, 139], "threshold": null}, {"pattern": [74, 116], "threshold": null}, {"pattern": [237, 63], "threshold": null}, {"pattern": [86], "threshold": null}, {"pattern": [230], "threshold": null}, {"pattern": [74, 35], "threshold": null}, {"pattern": [93], "threshold": null}, {"pattern": [54], "threshold": null}, {"pattern": [217], "threshold": null}, {"pattern": [81, 153], "threshold": null}, {"pattern": [16, 34], "threshold": null}, {"pattern": [188], "threshold": null}, {"pattern": [120], "threshold": null}, {"pattern": [241, 90], "threshold": null}, {"pattern": [237, 103], "threshold": null}, {"pattern": [45], "threshold": null}, {"pattern": [237], "threshold": null}, {"pattern": [212, 244], "threshold": null}, {"pattern": [65], "threshold": null}, {"pattern": [25], "threshold": null}, {"pattern": [16, 116], "threshold": null}, {"pattern": [132], "threshold": null}, {"pattern": [65, 212], "threshold": null}, {"pattern": [164, 134], "threshold": null}, {"pattern": [103], "threshold": null}, {"pattern": [66, 221], "threshold": null}, {"pattern": [61, 103], "threshold": null}, {"pattern": [13], "threshold": null}, {"pattern": [49, 109], "threshold": null}, {"pattern": [11, 77], "threshold": null}, {"pattern": [188, 71], "threshold": null}, {"pattern": [221, 134], "threshold": null}, {"pattern": [248, 215], "threshold": null}, {"pattern": [81, 173], "threshold": null}, {"pattern": [181, 86], "threshold": null}, {"pattern": [122, 205], "threshold": null}, {"pattern": [177, 132], "threshold": null}, {"pattern": [35, 109], "threshold": null}, {"pattern": [196, 13], "threshold": null}, {"pattern": [212], "threshold": null}, {"pattern": [132, 86], "threshold": null}, {"pattern": [205, 77], "threshold": null}, {"pattern": [158], "threshold": null}, {"pattern": [235, 215], "threshold": null}]}, {"config": {"code_name": "[CS OM CC][Len SSize MFit CAtom][GNone]", "population_size": 100, "evaluation_budget": 10000, "cluster_info_file_name": "C:\\Users\\gac8\\PycharmProjects\\PSSearch\\retail_forecasting_data_collection\\data\\cluster_info_250_random.pkl", "use_custom_sampling_operator": true, "use_custom_mutation_operator": false, "use_custom_crossover_operator": true, "use_custom_atomicity": true, "genome_threshold": null, "include_ps_len": true, "include_sample_quantity": true, "include_wasserstein_distance": false, "include_diff_median": false, "include_atomicity": true, "include_p_value": false, "include_mean_fitness": true, "include_variance": false}, "results": [{"pattern": [241, 188], "threshold": null}, {"pattern": [65, 188, 86], "threshold": null}, {"pattern": [212, 188, 103], "threshold": null}, {"pattern": [196, 86, 103], "threshold": null}, {"pattern": [204, 63], "threshold": null}, {"pattern": [27, 196], "threshold": null}, {"pattern": [196, 212, 86, 188, 13], "threshold": null}, {"pattern": [27, 188, 13], "threshold": null}, {"pattern": [188, 196, 13, 86], "threshold": null}, {"pattern": [27, 103], "threshold": null}, {"pattern": [196, 188, 86], "threshold": null}, {"pattern": [16, 86], "threshold": null}, {"pattern": [180, 132, 86], "threshold": null}, {"pattern": [136], "threshold": null}, {"pattern": [184, 132], "threshold": null}, {"pattern": [86], "threshold": null}, {"pattern": [81, 165], "threshold": null}, {"pattern": [13, 86], "threshold": null}, {"pattern": [212, 196, 86], "threshold": null}, {"pattern": [188, 132, 86, 215], "threshold": null}, {"pattern": [202, 91, 86], "threshold": null}, {"pattern": [27, 188], "threshold": null}, {"pattern": [188, 167], "threshold": null}, {"pattern": [196, 132, 86], "threshold": null}, {"pattern": [188], "threshold": null}, {"pattern": [171, 188, 86], "threshold": null}, {"pattern": [196, 188, 86, 215], "threshold": null}, {"pattern": [116, 188], "threshold": null}, {"pattern": [116, 188, 237], "threshold": null}, {"pattern": [188, 182], "threshold": null}, {"pattern": [132, 190], "threshold": null}, {"pattern": [204, 92], "threshold": null}, {"pattern": [81, 86], "threshold": null}, {"pattern": [212, 188, 63, 103], "threshold": null}, {"pattern": [202, 86], "threshold": null}, {"pattern": [188, 86], "threshold": null}, {"pattern": [25, 86], "threshold": null}, {"pattern": [221, 158], "threshold": null}, {"pattern": [196, 86, 63], "threshold": null}, {"pattern": [241, 188, 215], "threshold": null}, {"pattern": [27, 188, 215], "threshold": null}, {"pattern": [81, 132], "threshold": null}, {"pattern": [132, 196, 188, 86], "threshold": null}, {"pattern": [196, 86], "threshold": null}, {"pattern": [92, 158], "threshold": null}, {"pattern": [188, 196, 212, 13], "threshold": null}, {"pattern": [196, 134], "threshold": null}, {"pattern": [204], "threshold": null}, {"pattern": [81, 26], "threshold": null}, {"pattern": [188, 103], "threshold": null}, {"pattern": [132, 188, 86], "threshold": null}, {"pattern": [181, 86], "threshold": null}, {"pattern": [180, 196, 86], "threshold": null}, {"pattern": [81], "threshold": null}, {"pattern": [81, 196], "threshold": null}, {"pattern": [196, 27, 188], "threshold": null}, {"pattern": [196, 86, 215], "threshold": null}, {"pattern": [212, 188, 158, 103], "threshold": null}, {"pattern": [132, 196, 244], "threshold": null}, {"pattern": [50, 86], "threshold": null}, {"pattern": [196, 212, 13, 86], "threshold": null}, {"pattern": [196, 29], "threshold": null}, {"pattern": [116, 204], "threshold": null}, {"pattern": [132, 86], "threshold": null}, {"pattern": [188, 13, 86], "threshold": null}, {"pattern": [203], "threshold": null}, {"pattern": [27, 188, 86, 215], "threshold": null}, {"pattern": [196, 212, 188, 86], "threshold": null}]}, {"config": {"code_name": "[CS CM OC][Len SSize MFit CAtom][GNone]", "population_size": 100, "evaluation_budget": 10000, "cluster_info_file_name": "C:\\Users\\gac8\\PycharmProjects\\PSSearch\\retail_forecasting_data_collection\\data\\cluster_info_250_random.pkl", "use_custom_sampling_operator": true, "use_custom_mutation_operator": true, "use_custom_crossover_operator": false, "use_custom_atomicity": true, "genome_threshold": null, "include_ps_len": true, "include_sample_quantity": true, "include_wasserstein_distance": false, "include_diff_median": false, "include_atomicity": true, "include_p_value": false, "include_mean_fitness": true, "include_variance": false}, "results": [{"pattern": [88], "threshold": null}, {"pattern": [212, 69], "threshold": null}, {"pattern": [25, 212], "threshold": null}, {"pattern": [202, 212], "threshold": null}, {"pattern": [134, 215], "threshold": null}, {"pattern": [61, 173], "threshold": null}, {"pattern": [37, 182], "threshold": null}, {"pattern": [86], "threshold": null}, {"pattern": [81, 165], "threshold": null}, {"pattern": [230], "threshold": null}, {"pattern": [93], "threshold": null}, {"pattern": [54], "threshold": null}, {"pattern": [1, 241], "threshold": null}, {"pattern": [56, 155], "threshold": null}, {"pattern": [217], "threshold": null}, {"pattern": [188, 157], "threshold": null}, {"pattern": [188], "threshold": null}, {"pattern": [120], "threshold": null}, {"pattern": [212, 180, 86], "threshold": null}, {"pattern": [137, 158], "threshold": null}, {"pattern": [56, 237], "threshold": null}, {"pattern": [132, 190], "threshold": null}, {"pattern": [45], "threshold": null}, {"pattern": [139, 92], "threshold": null}, {"pattern": [139, 151], "threshold": null}, {"pattern": [237], "threshold": null}, {"pattern": [212, 244], "threshold": null}, {"pattern": [65], "threshold": null}, {"pattern": [25], "threshold": null}, {"pattern": [50, 13], "threshold": null}, {"pattern": [132], "threshold": null}, {"pattern": [164, 134], "threshold": null}, {"pattern": [103], "threshold": null}, {"pattern": [13], "threshold": null}, {"pattern": [88, 134], "threshold": null}, {"pattern": [184, 30], "threshold": null}, {"pattern": [217, 196], "threshold": null}, {"pattern": [196, 116], "threshold": null}, {"pattern": [211, 86], "threshold": null}, {"pattern": [212], "threshold": null}, {"pattern": [205, 77], "threshold": null}, {"pattern": [158], "threshold": null}, {"pattern": [101, 135], "threshold": null}]}]}