{"extra_info": {"version": "fallback_v1", "seed": 8}, "data": [{"config": {"code_name": "[CS CM CC][Len SSize MFit CAtom][GNone]", "population_size": 100, "evaluation_budget": 10000, "cluster_info_file_name": "C:\\Users\\gac8\\PycharmProjects\\PSSearch\\retail_forecasting_data_collection\\data\\cluster_info_250_random.pkl", "use_custom_sampling_operator": true, "use_custom_mutation_operator": true, "use_custom_crossover_operator": true, "use_custom_atomicity": true, "genome_threshold": null, "include_ps_len": true, "include_sample_quantity": true, "include_wasserstein_distance": false, "include_diff_median": false, "include_atomicity": true, "include_p_value": false, "include_mean_fitness": true, "include_variance": false}, "results": [{"pattern": [212, 132], "threshold": null}, {"pattern": [212], "threshold": null}, {"pattern": [204, 116], "threshold": null}, {"pattern": [86, 215], "threshold": null}, {"pattern": [188, 165], "threshold": null}, {"pattern": [88], "threshold": null}, {"pattern": [16, 197], "threshold": null}, {"pattern": [86, 63], "threshold": null}, {"pattern": [86], "threshold": null}, {"pattern": [158, 134], "threshold": null}, {"pattern": [54], "threshold": null}, {"pattern": [186, 221], "threshold": null}, {"pattern": [120], "threshold": null}, {"pattern": [204, 63], "threshold": null}, {"pattern": [196, 188], "threshold": null}, {"pattern": [88, 103], "threshold": null}, {"pattern": [56, 246], "threshold": null}, {"pattern": [25], "threshold": null}, {"pattern": [61, 190], "threshold": null}, {"pattern": [65], "threshold": null}, {"pattern": [217], "threshold": null}, {"pattern": [212, 61], "threshold": null}, {"pattern": [235, 134], "threshold": null}, {"pattern": [196], "threshold": null}, {"pattern": [248, 134], "threshold": null}, {"pattern": [208, 212], "threshold": null}, {"pattern": [237], "threshold": null}, {"pattern": [38, 63], "threshold": null}, {"pattern": [212, 103], "threshold": null}, {"pattern": [132], "threshold": null}, {"pattern": [13], "threshold": null}, {"pattern": [188], "threshold": null}, {"pattern": [230], "threshold": null}, {"pattern": [237, 86], "threshold": null}, {"pattern": [25, 13], "threshold": null}, {"pattern": [180, 103], "threshold": null}, {"pattern": [65, 171], "threshold": null}, {"pattern": [212, 134], "threshold": null}, {"pattern": [217, 212], "threshold": null}, {"pattern": [91, 158], "threshold": null}, {"pattern": [103], "threshold": null}, {"pattern": [158], "threshold": null}, {"pattern": [100, 13], "threshold": null}, {"pattern": [25, 215], "threshold": null}, {"pattern": [45], "threshold": null}, {"pattern": [188, 92], "threshold": null}]}, {"config": {"code_name": "[CS CM CC][SSize MFit CAtom][GNone]", "population_size": 100, "evaluation_budget": 10000, "cluster_info_file_name": "C:\\Users\\gac8\\PycharmProjects\\PSSearch\\retail_forecasting_data_collection\\data\\cluster_info_250_random.pkl", "use_custom_sampling_operator": true, "use_custom_mutation_operator": true, "use_custom_crossover_operator": true, "use_custom_atomicity": true, "genome_threshold": null, "include_ps_len": false, "include_sample_quantity": true, "include_wasserstein_distance": false, "include_diff_median": false, "include_atomicity": true, "include_p_value": false, "include_mean_fitness": true, "include_variance": false}, "results": [{"pattern": [180, 86], "threshold": null}, {"pattern": [177, 158], "threshold": null}, {"pattern": [226, 131], "threshold": null}, {"pattern": [196, 103], "threshold": null}, {"pattern": [241, 134], "threshold": null}, {"pattern": [212, 116], "threshold": null}, {"pattern": [65, 25], "threshold": null}, {"pattern": [56, 63], "threshold": null}, {"pattern": [103], "threshold": null}, {"pattern": [86], "threshold": null}, {"pattern": [188], "threshold": null}, {"pattern": [196, 158], "threshold": null}, {"pattern": [249, 239], "threshold": null}, {"pattern": [212], "threshold": null}, {"pattern": [88, 158], "threshold": null}, {"pattern": [132, 13], "threshold": null}, {"pattern": [232, 87], "threshold": null}, {"pattern": [215, 63], "threshold": null}, {"pattern": [19, 171], "threshold": null}, {"pattern": [158, 119], "threshold": null}, {"pattern": [184, 132], "threshold": null}, {"pattern": [104, 142], "threshold": null}, {"pattern": [27, 180], "threshold": null}, {"pattern": [186, 221], "threshold": null}, {"pattern": [65], "threshold": null}, {"pattern": [137, 116], "threshold": null}, {"pattern": [25, 116], "threshold": null}, {"pattern": [17, 134], "threshold": null}, {"pattern": [212, 221], "threshold": null}, {"pattern": [90, 87], "threshold": null}, {"pattern": [241, 158], "threshold": null}, {"pattern": [212, 86], "threshold": null}, {"pattern": [158], "threshold": null}, {"pattern": [196], "threshold": null}, {"pattern": [13], "threshold": null}, {"pattern": [18, 63], "threshold": null}, {"pattern": [61, 190], "threshold": null}, {"pattern": [169, 235], "threshold": null}, {"pattern": [237], "threshold": null}, {"pattern": [132], "threshold": null}, {"pattern": [16, 212], "threshold": null}]}, {"config": {"code_name": "[CS CM CC][Len MFit CAtom][GNone]", "population_size": 100, "evaluation_budget": 10000, "cluster_info_file_name": "C:\\Users\\gac8\\PycharmProjects\\PSSearch\\retail_forecasting_data_collection\\data\\cluster_info_250_random.pkl", "use_custom_sampling_operator": true, "use_custom_mutation_operator": true, "use_custom_crossover_operator": true, "use_custom_atomicity": true, "genome_threshold": null, "include_ps_len": true, "include_sample_quantity": false, "include_wasserstein_distance": false, "include_diff_median": false, "include_atomicity": true, "include_p_value": false, "include_mean_fitness": true, "include_variance": false}, "results": [{"pattern": [190, 103], "threshold": null}, {"pattern": [16, 88], "threshold": null}, {"pattern": [241, 134], "threshold": null}, {"pattern": [56, 155], "threshold": null}, {"pattern": [212, 164, 188, 132], "threshold": null}, {"pattern": [180, 86, 215], "threshold": null}, {"pattern": [232, 25], "threshold": null}, {"pattern": [120], "threshold": null}]}, {"config": {"code_name": "[CS CM CC][Len SSize CAtom][GNone]", "population_size": 100, "evaluation_budget": 10000, "cluster_info_file_name": "C:\\Users\\gac8\\PycharmProjects\\PSSearch\\retail_forecasting_data_collection\\data\\cluster_info_250_random.pkl", "use_custom_sampling_operator": true, "use_custom_mutation_operator": true, "use_custom_crossover_operator": true, "use_custom_atomicity": true, "genome_threshold": null, "include_ps_len": true, "include_sample_quantity": true, "include_wasserstein_distance": false, "include_diff_median": false, "include_atomicity": true, "include_p_value": false, "include_mean_fitness": false, "include_variance": false}, "results": [{"pattern": [249, 146], "threshold": null}, {"pattern": [218, 51], "threshold": null}, {"pattern": [188, 63], "threshold": null}, {"pattern": [188, 164], "threshold": null}, {"pattern": [188], "threshold": null}, {"pattern": [177, 212], "threshold": null}, {"pattern": [196, 86], "threshold": null}]}, {"config": {"code_name": "[CS CM CC][Len SSize MFit][GNone]", "population_size": 100, "evaluation_budget": 10000, "cluster_info_file_name": "C:\\Users\\gac8\\PycharmProjects\\PSSearch\\retail_forecasting_data_collection\\data\\cluster_info_250_random.pkl", "use_custom_sampling_operator": true, "use_custom_mutation_operator": true, "use_custom_crossover_operator": true, "use_custom_atomicity": true, "genome_threshold": null, "include_ps_len": true, "include_sample_quantity": true, "include_wasserstein_distance": false, "include_diff_median": false, "include_atomicity": false, "include_p_value": false, "include_mean_fitness": true, "include_variance": false}, "results": [{"pattern": [13], "threshold": null}, {"pattern": [65], "threshold": null}, {"pattern": [237], "threshold": null}, {"pattern": [134, 103], "threshold": null}, {"pattern": [188, 134], "threshold": null}, {"pattern": [188, 13], "threshold": null}, {"pattern": [244, 215], "threshold": null}, {"pattern": [196], "threshold": null}, {"pattern": [188], "threshold": null}, {"pattern": [212, 63], "threshold": null}, {"pattern": [212, 158], "threshold": null}, {"pattern": [103], "threshold": null}, {"pattern": [88], "threshold": null}, {"pattern": [27, 63], "threshold": null}, {"pattern": [212], "threshold": null}, {"pattern": [208, 196, 188], "threshold": null}, {"pattern": [45], "threshold": null}, {"pattern": [196, 173], "threshold": null}, {"pattern": [132], "threshold": null}, {"pattern": [54], "threshold": null}, {"pattern": [120], "threshold": null}, {"pattern": [217], "threshold": null}, {"pattern": [230], "threshold": null}, {"pattern": [212, 180], "threshold": null}, {"pattern": [25, 196], "threshold": null}, {"pattern": [139, 196], "threshold": null}, {"pattern": [158], "threshold": null}, {"pattern": [16, 202], "threshold": null}, {"pattern": [86], "threshold": null}, {"pattern": [88, 171], "threshold": null}, {"pattern": [212, 13], "threshold": null}, {"pattern": [25], "threshold": null}]}, {"config": {"code_name": "[OS CM CC][Len SSize MFit CAtom][GNone]", "population_size": 100, "evaluation_budget": 10000, "cluster_info_file_name": "C:\\Users\\gac8\\PycharmProjects\\PSSearch\\retail_forecasting_data_collection\\data\\cluster_info_250_random.pkl", "use_custom_sampling_operator": false, "use_custom_mutation_operator": true, "use_custom_crossover_operator": true, "use_custom_atomicity": true, "genome_threshold": null, "include_ps_len": true, "include_sample_quantity": true, "include_wasserstein_distance": false, "include_diff_median": false, "include_atomicity": true, "include_p_value": false, "include_mean_fitness": true, "include_variance": false}, "results": [{"pattern": [212], "threshold": null}, {"pattern": [237, 134], "threshold": null}, {"pattern": [88], "threshold": null}, {"pattern": [65, 34], "threshold": null}, {"pattern": [245, 158], "threshold": null}, {"pattern": [147, 38], "threshold": null}, {"pattern": [86], "threshold": null}, {"pattern": [103, 55], "threshold": null}, {"pattern": [65, 27, 13], "threshold": null}, {"pattern": [54], "threshold": null}, {"pattern": [196, 116], "threshold": null}, {"pattern": [177, 53], "threshold": null}, {"pattern": [120], "threshold": null}, {"pattern": [17, 134], "threshold": null}, {"pattern": [90, 235], "threshold": null}, {"pattern": [25], "threshold": null}, {"pattern": [65], "threshold": null}, {"pattern": [217], "threshold": null}, {"pattern": [132, 237], "threshold": null}, {"pattern": [101, 86], "threshold": null}, {"pattern": [190, 134], "threshold": null}, {"pattern": [196], "threshold": null}, {"pattern": [248, 134], "threshold": null}, {"pattern": [25, 134], "threshold": null}, {"pattern": [11, 205], "threshold": null}, {"pattern": [116, 167], "threshold": null}, {"pattern": [237], "threshold": null}, {"pattern": [132], "threshold": null}, {"pattern": [13], "threshold": null}, {"pattern": [188], "threshold": null}, {"pattern": [217, 86], "threshold": null}, {"pattern": [134, 87], "threshold": null}, {"pattern": [230], "threshold": null}, {"pattern": [139, 92], "threshold": null}, {"pattern": [88, 86, 215], "threshold": null}, {"pattern": [123, 221], "threshold": null}, {"pattern": [27, 132], "threshold": null}, {"pattern": [233, 114], "threshold": null}, {"pattern": [188, 221], "threshold": null}, {"pattern": [190, 63], "threshold": null}, {"pattern": [34, 190], "threshold": null}, {"pattern": [162, 188], "threshold": null}, {"pattern": [116, 87], "threshold": null}, {"pattern": [19, 188], "threshold": null}, {"pattern": [103], "threshold": null}, {"pattern": [158], "threshold": null}, {"pattern": [27, 196], "threshold": null}, {"pattern": [212, 87], "threshold": null}, {"pattern": [65, 209], "threshold": null}, {"pattern": [232, 109], "threshold": null}, {"pattern": [45], "threshold": null}, {"pattern": [221, 86], "threshold": null}, {"pattern": [180, 244], "threshold": null}]}, {"config": {"code_name": "[CS OM CC][Len SSize MFit CAtom][GNone]", "population_size": 100, "evaluation_budget": 10000, "cluster_info_file_name": "C:\\Users\\gac8\\PycharmProjects\\PSSearch\\retail_forecasting_data_collection\\data\\cluster_info_250_random.pkl", "use_custom_sampling_operator": true, "use_custom_mutation_operator": false, "use_custom_crossover_operator": true, "use_custom_atomicity": true, "genome_threshold": null, "include_ps_len": true, "include_sample_quantity": true, "include_wasserstein_distance": false, "include_diff_median": false, "include_atomicity": true, "include_p_value": false, "include_mean_fitness": true, "include_variance": false}, "results": [{"pattern": [196, 221], "threshold": null}, {"pattern": [202, 215], "threshold": null}, {"pattern": [134, 63], "threshold": null}, {"pattern": [237, 134], "threshold": null}, {"pattern": [188, 212, 63], "threshold": null}, {"pattern": [212], "threshold": null}, {"pattern": [134, 215], "threshold": null}, {"pattern": [188, 215], "threshold": null}, {"pattern": [171, 188], "threshold": null}, {"pattern": [180, 188, 132], "threshold": null}, {"pattern": [212, 196, 221], "threshold": null}, {"pattern": [86], "threshold": null}, {"pattern": [188, 212, 34, 63], "threshold": null}, {"pattern": [86, 95], "threshold": null}, {"pattern": [235, 132], "threshold": null}, {"pattern": [202, 188, 13], "threshold": null}, {"pattern": [29, 86], "threshold": null}, {"pattern": [188, 134, 87], "threshold": null}, {"pattern": [212, 188, 86, 63], "threshold": null}, {"pattern": [134], "threshold": null}, {"pattern": [38, 86], "threshold": null}, {"pattern": [212, 188], "threshold": null}, {"pattern": [235, 215], "threshold": null}, {"pattern": [65, 171, 180], "threshold": null}, {"pattern": [25, 188, 215], "threshold": null}, {"pattern": [65, 180, 188], "threshold": null}, {"pattern": [188, 86], "threshold": null}, {"pattern": [91, 158, 215], "threshold": null}, {"pattern": [211, 132], "threshold": null}, {"pattern": [116, 212, 134], "threshold": null}, {"pattern": [202, 196, 188, 13], "threshold": null}, {"pattern": [91, 212, 215], "threshold": null}, {"pattern": [65, 188], "threshold": null}, {"pattern": [25, 212, 188], "threshold": null}, {"pattern": [132, 134], "threshold": null}, {"pattern": [158, 188, 86], "threshold": null}, {"pattern": [188, 134], "threshold": null}, {"pattern": [188, 237, 86], "threshold": null}, {"pattern": [235, 134], "threshold": null}, {"pattern": [27, 212, 188, 86], "threshold": null}, {"pattern": [188, 13, 103], "threshold": null}, {"pattern": [188, 103], "threshold": null}, {"pattern": [164, 188], "threshold": null}, {"pattern": [132, 86], "threshold": null}, {"pattern": [196, 188, 86], "threshold": null}, {"pattern": [29], "threshold": null}, {"pattern": [171, 180], "threshold": null}, {"pattern": [188, 71], "threshold": null}, {"pattern": [116, 212, 188, 86], "threshold": null}, {"pattern": [132], "threshold": null}, {"pattern": [116, 212], "threshold": null}, {"pattern": [202, 196, 221], "threshold": null}, {"pattern": [188], "threshold": null}, {"pattern": [88, 188], "threshold": null}, {"pattern": [88, 188, 13], "threshold": null}, {"pattern": [65, 188, 13], "threshold": null}, {"pattern": [134, 87], "threshold": null}, {"pattern": [188, 132, 86], "threshold": null}, {"pattern": [208, 141], "threshold": null}, {"pattern": [171, 180, 86], "threshold": null}, {"pattern": [188, 134, 63], "threshold": null}, {"pattern": [212, 134], "threshold": null}, {"pattern": [132, 13, 134], "threshold": null}, {"pattern": [196, 171, 180], "threshold": null}, {"pattern": [92, 165], "threshold": null}, {"pattern": [65, 180, 212, 188], "threshold": null}, {"pattern": [196, 212, 134], "threshold": null}, {"pattern": [202, 188, 215], "threshold": null}, {"pattern": [211], "threshold": null}, {"pattern": [188, 132], "threshold": null}, {"pattern": [212, 188, 86], "threshold": null}, {"pattern": [235, 63], "threshold": null}, {"pattern": [61, 86], "threshold": null}, {"pattern": [212, 188, 190], "threshold": null}]}, {"config": {"code_name": "[CS CM OC][Len SSize MFit CAtom][GNone]", "population_size": 100, "evaluation_budget": 10000, "cluster_info_file_name": "C:\\Users\\gac8\\PycharmProjects\\PSSearch\\retail_forecasting_data_collection\\data\\cluster_info_250_random.pkl", "use_custom_sampling_operator": true, "use_custom_mutation_operator": true, "use_custom_crossover_operator": false, "use_custom_atomicity": true, "genome_threshold": null, "include_ps_len": true, "include_sample_quantity": true, "include_wasserstein_distance": false, "include_diff_median": false, "include_atomicity": true, "include_p_value": false, "include_mean_fitness": true, "include_variance": false}, "results": [{"pattern": [212], "threshold": null}, {"pattern": [88, 158], "threshold": null}, {"pattern": [88], "threshold": null}, {"pattern": [86], "threshold": null}, {"pattern": [54], "threshold": null}, {"pattern": [248, 171, 212], "threshold": null}, {"pattern": [49, 116], "threshold": null}, {"pattern": [120], "threshold": null}, {"pattern": [202, 212, 188, 245], "threshold": null}, {"pattern": [212, 221], "threshold": null}, {"pattern": [25], "threshold": null}, {"pattern": [49, 109], "threshold": null}, {"pattern": [25, 139], "threshold": null}, {"pattern": [65], "threshold": null}, {"pattern": [217], "threshold": null}, {"pattern": [241, 212], "threshold": null}, {"pattern": [16, 116], "threshold": null}, {"pattern": [134, 103], "threshold": null}, {"pattern": [196], "threshold": null}, {"pattern": [208, 215], "threshold": null}, {"pattern": [226, 131], "threshold": null}, {"pattern": [34, 215], "threshold": null}, {"pattern": [177, 188], "threshold": null}, {"pattern": [137, 158], "threshold": null}, {"pattern": [132], "threshold": null}, {"pattern": [61, 134], "threshold": null}, {"pattern": [237], "threshold": null}, {"pattern": [13], "threshold": null}, {"pattern": [188], "threshold": null}, {"pattern": [184, 61], "threshold": null}, {"pattern": [230], "threshold": null}, {"pattern": [196, 103], "threshold": null}, {"pattern": [97, 101], "threshold": null}, {"pattern": [212, 86, 127], "threshold": null}, {"pattern": [56, 237], "threshold": null}, {"pattern": [16, 65], "threshold": null}, {"pattern": [196, 188, 173], "threshold": null}, {"pattern": [37, 38], "threshold": null}, {"pattern": [188, 38], "threshold": null}, {"pattern": [211, 86], "threshold": null}, {"pattern": [153, 100], "threshold": null}, {"pattern": [103], "threshold": null}, {"pattern": [158], "threshold": null}, {"pattern": [34, 38], "threshold": null}, {"pattern": [45], "threshold": null}, {"pattern": [215, 87], "threshold": null}]}]}