{"extra_info": {"version": "fallback_v1", "seed": 67}, "data": [{"config": {"code_name": "[CS CM CC][Len SSize MFit CAtom][GNone]", "population_size": 100, "evaluation_budget": 10000, "cluster_info_file_name": "C:\\Users\\gac8\\PycharmProjects\\PSSearch\\retail_forecasting_data_collection\\data\\cluster_info_250_random.pkl", "use_custom_sampling_operator": true, "use_custom_mutation_operator": true, "use_custom_crossover_operator": true, "use_custom_atomicity": true, "genome_threshold": null, "include_ps_len": true, "include_sample_quantity": true, "include_wasserstein_distance": false, "include_diff_median": false, "include_atomicity": true, "include_p_value": false, "include_mean_fitness": true, "include_variance": false}, "results": [{"pattern": [16, 86], "threshold": null}, {"pattern": [230], "threshold": null}, {"pattern": [184, 221], "threshold": null}, {"pattern": [16, 188], "threshold": null}, {"pattern": [237, 63], "threshold": null}, {"pattern": [88], "threshold": null}, {"pattern": [42, 132], "threshold": null}, {"pattern": [217, 132], "threshold": null}, {"pattern": [177, 132], "threshold": null}, {"pattern": [65], "threshold": null}, {"pattern": [132], "threshold": null}, {"pattern": [195, 239], "threshold": null}, {"pattern": [212, 13, 86], "threshold": null}, {"pattern": [54], "threshold": null}, {"pattern": [25], "threshold": null}, {"pattern": [188, 205], "threshold": null}, {"pattern": [158, 134], "threshold": null}, {"pattern": [217, 63], "threshold": null}, {"pattern": [212], "threshold": null}, {"pattern": [120], "threshold": null}, {"pattern": [34, 196], "threshold": null}, {"pattern": [34, 63], "threshold": null}, {"pattern": [25, 103], "threshold": null}, {"pattern": [162, 13], "threshold": null}, {"pattern": [158], "threshold": null}, {"pattern": [235, 132], "threshold": null}, {"pattern": [86], "threshold": null}, {"pattern": [25, 235], "threshold": null}, {"pattern": [188], "threshold": null}, {"pattern": [88, 27], "threshold": null}, {"pattern": [25, 86], "threshold": null}, {"pattern": [91, 158], "threshold": null}, {"pattern": [88, 188], "threshold": null}, {"pattern": [217, 13], "threshold": null}, {"pattern": [18, 63], "threshold": null}, {"pattern": [16, 215], "threshold": null}, {"pattern": [188, 13], "threshold": null}, {"pattern": [38, 95], "threshold": null}, {"pattern": [188, 221], "threshold": null}, {"pattern": [45], "threshold": null}, {"pattern": [93], "threshold": null}, {"pattern": [196], "threshold": null}, {"pattern": [237], "threshold": null}, {"pattern": [139, 103], "threshold": null}, {"pattern": [13], "threshold": null}, {"pattern": [103], "threshold": null}, {"pattern": [232, 205], "threshold": null}, {"pattern": [38, 87], "threshold": null}, {"pattern": [188, 237], "threshold": null}]}, {"config": {"code_name": "[CS CM CC][SSize MFit CAtom][GNone]", "population_size": 100, "evaluation_budget": 10000, "cluster_info_file_name": "C:\\Users\\gac8\\PycharmProjects\\PSSearch\\retail_forecasting_data_collection\\data\\cluster_info_250_random.pkl", "use_custom_sampling_operator": true, "use_custom_mutation_operator": true, "use_custom_crossover_operator": true, "use_custom_atomicity": true, "genome_threshold": null, "include_ps_len": false, "include_sample_quantity": true, "include_wasserstein_distance": false, "include_diff_median": false, "include_atomicity": true, "include_p_value": false, "include_mean_fitness": true, "include_variance": false}, "results": [{"pattern": [184, 132], "threshold": null}, {"pattern": [59, 245], "threshold": null}, {"pattern": [53, 158], "threshold": null}, {"pattern": [81, 165], "threshold": null}, {"pattern": [25, 86], "threshold": null}, {"pattern": [188], "threshold": null}, {"pattern": [13], "threshold": null}, {"pattern": [196], "threshold": null}, {"pattern": [233, 114], "threshold": null}, {"pattern": [202, 27], "threshold": null}, {"pattern": [132], "threshold": null}, {"pattern": [86], "threshold": null}, {"pattern": [86, 127], "threshold": null}, {"pattern": [25, 132], "threshold": null}, {"pattern": [49, 116], "threshold": null}, {"pattern": [16, 158], "threshold": null}, {"pattern": [33, 74], "threshold": null}, {"pattern": [16, 235], "threshold": null}, {"pattern": [132, 28], "threshold": null}, {"pattern": [212, 132], "threshold": null}, {"pattern": [158, 215], "threshold": null}, {"pattern": [42, 63], "threshold": null}, {"pattern": [103], "threshold": null}, {"pattern": [34, 245], "threshold": null}, {"pattern": [196, 180], "threshold": null}, {"pattern": [65], "threshold": null}, {"pattern": [65, 27], "threshold": null}, {"pattern": [171, 212], "threshold": null}, {"pattern": [237, 63], "threshold": null}, {"pattern": [224, 26], "threshold": null}, {"pattern": [212, 92], "threshold": null}, {"pattern": [204, 116], "threshold": null}, {"pattern": [95, 63], "threshold": null}, {"pattern": [25, 134], "threshold": null}, {"pattern": [91, 47], "threshold": null}, {"pattern": [212], "threshold": null}, {"pattern": [241, 180], "threshold": null}, {"pattern": [188, 63], "threshold": null}, {"pattern": [91, 215], "threshold": null}, {"pattern": [224, 244], "threshold": null}, {"pattern": [24, 86], "threshold": null}, {"pattern": [158], "threshold": null}, {"pattern": [88], "threshold": null}, {"pattern": [65, 237], "threshold": null}, {"pattern": [235, 63], "threshold": null}, {"pattern": [224, 65], "threshold": null}, {"pattern": [212, 188, 13, 86], "threshold": null}, {"pattern": [27, 63], "threshold": null}, {"pattern": [221, 55], "threshold": null}]}, {"config": {"code_name": "[CS CM CC][Len MFit CAtom][GNone]", "population_size": 100, "evaluation_budget": 10000, "cluster_info_file_name": "C:\\Users\\gac8\\PycharmProjects\\PSSearch\\retail_forecasting_data_collection\\data\\cluster_info_250_random.pkl", "use_custom_sampling_operator": true, "use_custom_mutation_operator": true, "use_custom_crossover_operator": true, "use_custom_atomicity": true, "genome_threshold": null, "include_ps_len": true, "include_sample_quantity": false, "include_wasserstein_distance": false, "include_diff_median": false, "include_atomicity": true, "include_p_value": false, "include_mean_fitness": true, "include_variance": false}, "results": [{"pattern": [205, 119], "threshold": null}, {"pattern": [38, 87], "threshold": null}, {"pattern": [116, 93], "threshold": null}, {"pattern": [88, 217], "threshold": null}, {"pattern": [132, 93], "threshold": null}, {"pattern": [190, 158], "threshold": null}, {"pattern": [120], "threshold": null}, {"pattern": [25, 52], "threshold": null}]}, {"config": {"code_name": "[CS CM CC][Len SSize CAtom][GNone]", "population_size": 100, "evaluation_budget": 10000, "cluster_info_file_name": "C:\\Users\\gac8\\PycharmProjects\\PSSearch\\retail_forecasting_data_collection\\data\\cluster_info_250_random.pkl", "use_custom_sampling_operator": true, "use_custom_mutation_operator": true, "use_custom_crossover_operator": true, "use_custom_atomicity": true, "genome_threshold": null, "include_ps_len": true, "include_sample_quantity": true, "include_wasserstein_distance": false, "include_diff_median": false, "include_atomicity": true, "include_p_value": false, "include_mean_fitness": false, "include_variance": false}, "results": [{"pattern": [56, 63], "threshold": null}, {"pattern": [212, 188], "threshold": null}, {"pattern": [38, 87], "threshold": null}, {"pattern": [188, 103], "threshold": null}, {"pattern": [188], "threshold": null}, {"pattern": [146, 212], "threshold": null}, {"pattern": [202, 43], "threshold": null}, {"pattern": [91, 215], "threshold": null}, {"pattern": [171, 212], "threshold": null}]}, {"config": {"code_name": "[CS CM CC][Len SSize MFit][GNone]", "population_size": 100, "evaluation_budget": 10000, "cluster_info_file_name": "C:\\Users\\gac8\\PycharmProjects\\PSSearch\\retail_forecasting_data_collection\\data\\cluster_info_250_random.pkl", "use_custom_sampling_operator": true, "use_custom_mutation_operator": true, "use_custom_crossover_operator": true, "use_custom_atomicity": true, "genome_threshold": null, "include_ps_len": true, "include_sample_quantity": true, "include_wasserstein_distance": false, "include_diff_median": false, "include_atomicity": false, "include_p_value": false, "include_mean_fitness": true, "include_variance": false}, "results": [{"pattern": [212], "threshold": null}, {"pattern": [188], "threshold": null}, {"pattern": [237], "threshold": null}, {"pattern": [16, 237], "threshold": null}, {"pattern": [45], "threshold": null}, {"pattern": [158], "threshold": null}, {"pattern": [13], "threshold": null}, {"pattern": [158, 215], "threshold": null}, {"pattern": [103], "threshold": null}, {"pattern": [88, 180], "threshold": null}, {"pattern": [88, 103], "threshold": null}, {"pattern": [196], "threshold": null}, {"pattern": [88], "threshold": null}, {"pattern": [132], "threshold": null}, {"pattern": [54], "threshold": null}, {"pattern": [13, 215], "threshold": null}, {"pattern": [86], "threshold": null}, {"pattern": [93], "threshold": null}, {"pattern": [25, 134], "threshold": null}, {"pattern": [13, 103], "threshold": null}, {"pattern": [180, 134], "threshold": null}, {"pattern": [230], "threshold": null}, {"pattern": [25], "threshold": null}, {"pattern": [65], "threshold": null}, {"pattern": [120], "threshold": null}, {"pattern": [158, 134], "threshold": null}]}, {"config": {"code_name": "[OS CM CC][Len SSize MFit CAtom][GNone]", "population_size": 100, "evaluation_budget": 10000, "cluster_info_file_name": "C:\\Users\\gac8\\PycharmProjects\\PSSearch\\retail_forecasting_data_collection\\data\\cluster_info_250_random.pkl", "use_custom_sampling_operator": false, "use_custom_mutation_operator": true, "use_custom_crossover_operator": true, "use_custom_atomicity": true, "genome_threshold": null, "include_ps_len": true, "include_sample_quantity": true, "include_wasserstein_distance": false, "include_diff_median": false, "include_atomicity": true, "include_p_value": false, "include_mean_fitness": true, "include_variance": false}, "results": [{"pattern": [65, 212], "threshold": null}, {"pattern": [230], "threshold": null}, {"pattern": [16, 167], "threshold": null}, {"pattern": [16, 241], "threshold": null}, {"pattern": [132, 86], "threshold": null}, {"pattern": [184, 30], "threshold": null}, {"pattern": [80, 52], "threshold": null}, {"pattern": [88], "threshold": null}, {"pattern": [217, 212], "threshold": null}, {"pattern": [139, 165], "threshold": null}, {"pattern": [65], "threshold": null}, {"pattern": [132], "threshold": null}, {"pattern": [25, 134], "threshold": null}, {"pattern": [34, 190], "threshold": null}, {"pattern": [237, 13], "threshold": null}, {"pattern": [54], "threshold": null}, {"pattern": [25], "threshold": null}, {"pattern": [33, 74], "threshold": null}, {"pattern": [188, 205], "threshold": null}, {"pattern": [18, 37], "threshold": null}, {"pattern": [27, 215], "threshold": null}, {"pattern": [90, 134], "threshold": null}, {"pattern": [90, 103], "threshold": null}, {"pattern": [212], "threshold": null}, {"pattern": [202, 19], "threshold": null}, {"pattern": [120], "threshold": null}, {"pattern": [52, 103], "threshold": null}, {"pattern": [86, 103], "threshold": null}, {"pattern": [212, 181], "threshold": null}, {"pattern": [158], "threshold": null}, {"pattern": [86], "threshold": null}, {"pattern": [188], "threshold": null}, {"pattern": [27, 180], "threshold": null}, {"pattern": [16, 248], "threshold": null}, {"pattern": [13, 158], "threshold": null}, {"pattern": [16, 139], "threshold": null}, {"pattern": [171, 158], "threshold": null}, {"pattern": [16, 92], "threshold": null}, {"pattern": [212, 4], "threshold": null}, {"pattern": [45], "threshold": null}, {"pattern": [93], "threshold": null}, {"pattern": [196], "threshold": null}, {"pattern": [18, 38], "threshold": null}, {"pattern": [217, 158], "threshold": null}, {"pattern": [13, 86], "threshold": null}, {"pattern": [237], "threshold": null}, {"pattern": [13], "threshold": null}, {"pattern": [103], "threshold": null}, {"pattern": [235, 134], "threshold": null}, {"pattern": [226, 76], "threshold": null}, {"pattern": [212, 158], "threshold": null}, {"pattern": [217, 103], "threshold": null}]}, {"config": {"code_name": "[CS OM CC][Len SSize MFit CAtom][GNone]", "population_size": 100, "evaluation_budget": 10000, "cluster_info_file_name": "C:\\Users\\gac8\\PycharmProjects\\PSSearch\\retail_forecasting_data_collection\\data\\cluster_info_250_random.pkl", "use_custom_sampling_operator": true, "use_custom_mutation_operator": false, "use_custom_crossover_operator": true, "use_custom_atomicity": true, "genome_threshold": null, "include_ps_len": true, "include_sample_quantity": true, "include_wasserstein_distance": false, "include_diff_median": false, "include_atomicity": true, "include_p_value": false, "include_mean_fitness": true, "include_variance": false}, "results": [{"pattern": [202, 215], "threshold": null}, {"pattern": [155, 134], "threshold": null}, {"pattern": [132, 212], "threshold": null}, {"pattern": [146, 43, 101], "threshold": null}, {"pattern": [74, 215], "threshold": null}, {"pattern": [196, 212, 63], "threshold": null}, {"pattern": [188, 87, 63], "threshold": null}, {"pattern": [86, 215], "threshold": null}, {"pattern": [132, 180], "threshold": null}, {"pattern": [217, 132], "threshold": null}, {"pattern": [171, 188], "threshold": null}, {"pattern": [196, 180, 13], "threshold": null}, {"pattern": [188, 212, 215], "threshold": null}, {"pattern": [171, 180], "threshold": null}, {"pattern": [13, 215], "threshold": null}, {"pattern": [196, 132, 13], "threshold": null}, {"pattern": [212, 132, 215], "threshold": null}, {"pattern": [249, 146, 43, 101], "threshold": null}, {"pattern": [34, 212, 63], "threshold": null}, {"pattern": [16, 132], "threshold": null}, {"pattern": [132], "threshold": null}, {"pattern": [63, 215], "threshold": null}, {"pattern": [248, 212, 215], "threshold": null}, {"pattern": [132, 215], "threshold": null}, {"pattern": [212, 215], "threshold": null}, {"pattern": [212, 158, 63], "threshold": null}, {"pattern": [180, 37], "threshold": null}, {"pattern": [241, 180], "threshold": null}, {"pattern": [34, 188, 63], "threshold": null}, {"pattern": [134, 215], "threshold": null}, {"pattern": [27, 215], "threshold": null}, {"pattern": [116, 212, 63], "threshold": null}, {"pattern": [196, 180, 215], "threshold": null}, {"pattern": [212], "threshold": null}, {"pattern": [237, 215], "threshold": null}, {"pattern": [146, 101], "threshold": null}, {"pattern": [180], "threshold": null}, {"pattern": [13, 86, 215], "threshold": null}, {"pattern": [34, 63], "threshold": null}, {"pattern": [212, 87, 63], "threshold": null}, {"pattern": [235, 63], "threshold": null}, {"pattern": [25, 215], "threshold": null}, {"pattern": [180, 215], "threshold": null}, {"pattern": [51, 215], "threshold": null}, {"pattern": [132, 212, 63], "threshold": null}, {"pattern": [86], "threshold": null}, {"pattern": [180, 237], "threshold": null}, {"pattern": [188], "threshold": null}, {"pattern": [180, 196, 212], "threshold": null}, {"pattern": [90, 237], "threshold": null}, {"pattern": [66, 134], "threshold": null}, {"pattern": [171, 180, 215], "threshold": null}, {"pattern": [158, 142], "threshold": null}, {"pattern": [217, 215], "threshold": null}, {"pattern": [158, 188, 86, 215], "threshold": null}, {"pattern": [65, 171, 180], "threshold": null}, {"pattern": [188, 215], "threshold": null}, {"pattern": [91, 212, 215], "threshold": null}, {"pattern": [12], "threshold": null}, {"pattern": [76, 61], "threshold": null}, {"pattern": [180, 188, 245], "threshold": null}, {"pattern": [180, 134], "threshold": null}, {"pattern": [180, 188], "threshold": null}, {"pattern": [226, 180], "threshold": null}, {"pattern": [212, 196, 180, 13], "threshold": null}, {"pattern": [237], "threshold": null}, {"pattern": [116, 212], "threshold": null}, {"pattern": [26, 215], "threshold": null}, {"pattern": [88, 132], "threshold": null}, {"pattern": [180, 188, 215], "threshold": null}, {"pattern": [212, 63], "threshold": null}, {"pattern": [132, 13], "threshold": null}, {"pattern": [134], "threshold": null}, {"pattern": [188, 86, 215], "threshold": null}, {"pattern": [196, 180], "threshold": null}, {"pattern": [249, 146, 101], "threshold": null}]}, {"config": {"code_name": "[CS CM OC][Len SSize MFit CAtom][GNone]", "population_size": 100, "evaluation_budget": 10000, "cluster_info_file_name": "C:\\Users\\gac8\\PycharmProjects\\PSSearch\\retail_forecasting_data_collection\\data\\cluster_info_250_random.pkl", "use_custom_sampling_operator": true, "use_custom_mutation_operator": true, "use_custom_crossover_operator": false, "use_custom_atomicity": true, "genome_threshold": null, "include_ps_len": true, "include_sample_quantity": true, "include_wasserstein_distance": false, "include_diff_median": false, "include_atomicity": true, "include_p_value": false, "include_mean_fitness": true, "include_variance": false}, "results": [{"pattern": [241, 215], "threshold": null}, {"pattern": [25, 116], "threshold": null}, {"pattern": [230], "threshold": null}, {"pattern": [248, 34], "threshold": null}, {"pattern": [88], "threshold": null}, {"pattern": [196, 102], "threshold": null}, {"pattern": [208, 103], "threshold": null}, {"pattern": [25, 52], "threshold": null}, {"pattern": [217, 212], "threshold": null}, {"pattern": [16, 151], "threshold": null}, {"pattern": [245, 47], "threshold": null}, {"pattern": [16, 204], "threshold": null}, {"pattern": [177, 132], "threshold": null}, {"pattern": [65, 27], "threshold": null}, {"pattern": [74, 35], "threshold": null}, {"pattern": [65], "threshold": null}, {"pattern": [201, 13], "threshold": null}, {"pattern": [177, 151], "threshold": null}, {"pattern": [132], "threshold": null}, {"pattern": [54], "threshold": null}, {"pattern": [25], "threshold": null}, {"pattern": [217, 116], "threshold": null}, {"pattern": [177, 247], "threshold": null}, {"pattern": [27, 188], "threshold": null}, {"pattern": [64, 202], "threshold": null}, {"pattern": [212], "threshold": null}, {"pattern": [120], "threshold": null}, {"pattern": [50, 90], "threshold": null}, {"pattern": [158], "threshold": null}, {"pattern": [16, 237], "threshold": null}, {"pattern": [86], "threshold": null}, {"pattern": [35, 68], "threshold": null}, {"pattern": [188], "threshold": null}, {"pattern": [241, 139], "threshold": null}, {"pattern": [132, 61], "threshold": null}, {"pattern": [139, 158], "threshold": null}, {"pattern": [171, 158], "threshold": null}, {"pattern": [76, 61], "threshold": null}, {"pattern": [16, 196], "threshold": null}, {"pattern": [116, 158], "threshold": null}, {"pattern": [34, 38], "threshold": null}, {"pattern": [188, 13], "threshold": null}, {"pattern": [217, 134], "threshold": null}, {"pattern": [74, 71], "threshold": null}, {"pattern": [221, 206], "threshold": null}, {"pattern": [45], "threshold": null}, {"pattern": [93], "threshold": null}, {"pattern": [196], "threshold": null}, {"pattern": [16, 235], "threshold": null}, {"pattern": [217, 158], "threshold": null}, {"pattern": [13, 86], "threshold": null}, {"pattern": [237], "threshold": null}, {"pattern": [196, 245], "threshold": null}, {"pattern": [13], "threshold": null}, {"pattern": [103], "threshold": null}, {"pattern": [147, 38], "threshold": null}, {"pattern": [116, 190], "threshold": null}, {"pattern": [212, 158], "threshold": null}, {"pattern": [109, 63], "threshold": null}]}]}