{"extra_info": {"version": "fallback_v1", "seed": 72}, "data": [{"config": {"code_name": "[CS CM CC][Len SSize MFit CAtom][GNone]", "population_size": 100, "evaluation_budget": 10000, "cluster_info_file_name": "C:\\Users\\gac8\\PycharmProjects\\PSSearch\\retail_forecasting_data_collection\\data\\cluster_info_250_random.pkl", "use_custom_sampling_operator": true, "use_custom_mutation_operator": true, "use_custom_crossover_operator": true, "use_custom_atomicity": true, "genome_threshold": null, "include_ps_len": true, "include_sample_quantity": true, "include_wasserstein_distance": false, "include_diff_median": false, "include_atomicity": true, "include_p_value": false, "include_mean_fitness": true, "include_variance": false}, "results": [{"pattern": [180, 158], "threshold": null}, {"pattern": [56, 246], "threshold": null}, {"pattern": [25], "threshold": null}, {"pattern": [137, 77], "threshold": null}, {"pattern": [235, 132], "threshold": null}, {"pattern": [169, 235], "threshold": null}, {"pattern": [171, 188], "threshold": null}, {"pattern": [196, 63], "threshold": null}, {"pattern": [88], "threshold": null}, {"pattern": [171, 212], "threshold": null}, {"pattern": [230], "threshold": null}, {"pattern": [241, 116], "threshold": null}, {"pattern": [134, 55], "threshold": null}, {"pattern": [196], "threshold": null}, {"pattern": [212, 132, 63], "threshold": null}, {"pattern": [132, 103], "threshold": null}, {"pattern": [45], "threshold": null}, {"pattern": [248, 52], "threshold": null}, {"pattern": [202, 132], "threshold": null}, {"pattern": [158], "threshold": null}, {"pattern": [158, 63], "threshold": null}, {"pattern": [54], "threshold": null}, {"pattern": [65], "threshold": null}, {"pattern": [134, 63], "threshold": null}, {"pattern": [241, 50], "threshold": null}, {"pattern": [188], "threshold": null}, {"pattern": [204, 92], "threshold": null}, {"pattern": [241, 53], "threshold": null}, {"pattern": [232, 119], "threshold": null}, {"pattern": [103], "threshold": null}, {"pattern": [132], "threshold": null}, {"pattern": [235, 215], "threshold": null}, {"pattern": [188, 86], "threshold": null}, {"pattern": [93], "threshold": null}, {"pattern": [27, 86], "threshold": null}, {"pattern": [235, 196], "threshold": null}, {"pattern": [215, 167], "threshold": null}, {"pattern": [162, 74], "threshold": null}, {"pattern": [86], "threshold": null}, {"pattern": [66, 63], "threshold": null}, {"pattern": [188, 151], "threshold": null}, {"pattern": [237], "threshold": null}, {"pattern": [212], "threshold": null}, {"pattern": [16, 167], "threshold": null}, {"pattern": [188, 180], "threshold": null}, {"pattern": [241, 103], "threshold": null}, {"pattern": [88, 134], "threshold": null}, {"pattern": [25, 13], "threshold": null}, {"pattern": [120], "threshold": null}, {"pattern": [91, 47], "threshold": null}, {"pattern": [13, 215], "threshold": null}, {"pattern": [25, 90], "threshold": null}, {"pattern": [13], "threshold": null}, {"pattern": [147, 38], "threshold": null}, {"pattern": [16, 92], "threshold": null}, {"pattern": [65, 158], "threshold": null}]}, {"config": {"code_name": "[CS CM CC][SSize MFit CAtom][GNone]", "population_size": 100, "evaluation_budget": 10000, "cluster_info_file_name": "C:\\Users\\gac8\\PycharmProjects\\PSSearch\\retail_forecasting_data_collection\\data\\cluster_info_250_random.pkl", "use_custom_sampling_operator": true, "use_custom_mutation_operator": true, "use_custom_crossover_operator": true, "use_custom_atomicity": true, "genome_threshold": null, "include_ps_len": false, "include_sample_quantity": true, "include_wasserstein_distance": false, "include_diff_median": false, "include_atomicity": true, "include_p_value": false, "include_mean_fitness": true, "include_variance": false}, "results": [{"pattern": [49, 109], "threshold": null}, {"pattern": [212], "threshold": null}, {"pattern": [83, 151], "threshold": null}, {"pattern": [162, 74], "threshold": null}, {"pattern": [24, 181], "threshold": null}, {"pattern": [88, 237], "threshold": null}, {"pattern": [208, 215], "threshold": null}, {"pattern": [16, 116], "threshold": null}, {"pattern": [13], "threshold": null}, {"pattern": [132, 69], "threshold": null}, {"pattern": [241, 180], "threshold": null}, {"pattern": [16, 235], "threshold": null}, {"pattern": [196], "threshold": null}, {"pattern": [190, 134], "threshold": null}, {"pattern": [16, 157], "threshold": null}, {"pattern": [13, 215], "threshold": null}, {"pattern": [212, 173], "threshold": null}, {"pattern": [25, 215], "threshold": null}, {"pattern": [34, 190], "threshold": null}, {"pattern": [103], "threshold": null}, {"pattern": [188, 158], "threshold": null}, {"pattern": [212, 196], "threshold": null}, {"pattern": [196, 86], "threshold": null}, {"pattern": [132, 158], "threshold": null}, {"pattern": [34, 212, 63], "threshold": null}, {"pattern": [65], "threshold": null}, {"pattern": [188], "threshold": null}, {"pattern": [67, 206], "threshold": null}, {"pattern": [158], "threshold": null}, {"pattern": [202, 162], "threshold": null}, {"pattern": [16, 237], "threshold": null}, {"pattern": [188, 93], "threshold": null}, {"pattern": [132, 157], "threshold": null}, {"pattern": [34, 87], "threshold": null}, {"pattern": [13, 86], "threshold": null}, {"pattern": [132], "threshold": null}, {"pattern": [86], "threshold": null}, {"pattern": [211, 134], "threshold": null}, {"pattern": [235, 55], "threshold": null}]}, {"config": {"code_name": "[CS CM CC][Len MFit CAtom][GNone]", "population_size": 100, "evaluation_budget": 10000, "cluster_info_file_name": "C:\\Users\\gac8\\PycharmProjects\\PSSearch\\retail_forecasting_data_collection\\data\\cluster_info_250_random.pkl", "use_custom_sampling_operator": true, "use_custom_mutation_operator": true, "use_custom_crossover_operator": true, "use_custom_atomicity": true, "genome_threshold": null, "include_ps_len": true, "include_sample_quantity": false, "include_wasserstein_distance": false, "include_diff_median": false, "include_atomicity": true, "include_p_value": false, "include_mean_fitness": true, "include_variance": false}, "results": [{"pattern": [249, 146], "threshold": null}, {"pattern": [86, 246], "threshold": null}, {"pattern": [232, 205], "threshold": null}, {"pattern": [232, 158], "threshold": null}, {"pattern": [241, 212, 86], "threshold": null}, {"pattern": [74, 35], "threshold": null}, {"pattern": [241, 53], "threshold": null}, {"pattern": [120], "threshold": null}, {"pattern": [147, 38], "threshold": null}]}, {"config": {"code_name": "[CS CM CC][Len SSize CAtom][GNone]", "population_size": 100, "evaluation_budget": 10000, "cluster_info_file_name": "C:\\Users\\gac8\\PycharmProjects\\PSSearch\\retail_forecasting_data_collection\\data\\cluster_info_250_random.pkl", "use_custom_sampling_operator": true, "use_custom_mutation_operator": true, "use_custom_crossover_operator": true, "use_custom_atomicity": true, "genome_threshold": null, "include_ps_len": true, "include_sample_quantity": true, "include_wasserstein_distance": false, "include_diff_median": false, "include_atomicity": true, "include_p_value": false, "include_mean_fitness": false, "include_variance": false}, "results": [{"pattern": [90, 188], "threshold": null}, {"pattern": [212, 180], "threshold": null}, {"pattern": [105, 205], "threshold": null}, {"pattern": [38, 87], "threshold": null}, {"pattern": [188], "threshold": null}, {"pattern": [69, 71], "threshold": null}, {"pattern": [34, 63], "threshold": null}]}, {"config": {"code_name": "[CS CM CC][Len SSize MFit][GNone]", "population_size": 100, "evaluation_budget": 10000, "cluster_info_file_name": "C:\\Users\\gac8\\PycharmProjects\\PSSearch\\retail_forecasting_data_collection\\data\\cluster_info_250_random.pkl", "use_custom_sampling_operator": true, "use_custom_mutation_operator": true, "use_custom_crossover_operator": true, "use_custom_atomicity": true, "genome_threshold": null, "include_ps_len": true, "include_sample_quantity": true, "include_wasserstein_distance": false, "include_diff_median": false, "include_atomicity": false, "include_p_value": false, "include_mean_fitness": true, "include_variance": false}, "results": [{"pattern": [230], "threshold": null}, {"pattern": [86], "threshold": null}, {"pattern": [13], "threshold": null}, {"pattern": [212, 158], "threshold": null}, {"pattern": [93], "threshold": null}, {"pattern": [211, 103], "threshold": null}, {"pattern": [88, 90], "threshold": null}, {"pattern": [88], "threshold": null}, {"pattern": [16, 38], "threshold": null}, {"pattern": [16, 241], "threshold": null}, {"pattern": [196], "threshold": null}, {"pattern": [120], "threshold": null}, {"pattern": [237], "threshold": null}, {"pattern": [90, 132], "threshold": null}, {"pattern": [61, 158], "threshold": null}, {"pattern": [25], "threshold": null}, {"pattern": [171, 13], "threshold": null}, {"pattern": [132], "threshold": null}, {"pattern": [158], "threshold": null}, {"pattern": [103], "threshold": null}, {"pattern": [65], "threshold": null}, {"pattern": [212], "threshold": null}, {"pattern": [45], "threshold": null}, {"pattern": [27, 158], "threshold": null}, {"pattern": [54], "threshold": null}, {"pattern": [188], "threshold": null}, {"pattern": [132, 63], "threshold": null}]}, {"config": {"code_name": "[OS CM CC][Len SSize MFit CAtom][GNone]", "population_size": 100, "evaluation_budget": 10000, "cluster_info_file_name": "C:\\Users\\gac8\\PycharmProjects\\PSSearch\\retail_forecasting_data_collection\\data\\cluster_info_250_random.pkl", "use_custom_sampling_operator": false, "use_custom_mutation_operator": true, "use_custom_crossover_operator": true, "use_custom_atomicity": true, "genome_threshold": null, "include_ps_len": true, "include_sample_quantity": true, "include_wasserstein_distance": false, "include_diff_median": false, "include_atomicity": true, "include_p_value": false, "include_mean_fitness": true, "include_variance": false}, "results": [{"pattern": [246, 63], "threshold": null}, {"pattern": [212, 135], "threshold": null}, {"pattern": [61, 134], "threshold": null}, {"pattern": [25], "threshold": null}, {"pattern": [248, 215], "threshold": null}, {"pattern": [76, 190], "threshold": null}, {"pattern": [146, 13], "threshold": null}, {"pattern": [88], "threshold": null}, {"pattern": [56, 212], "threshold": null}, {"pattern": [196, 181], "threshold": null}, {"pattern": [235, 52], "threshold": null}, {"pattern": [230], "threshold": null}, {"pattern": [134, 86], "threshold": null}, {"pattern": [196], "threshold": null}, {"pattern": [226, 221], "threshold": null}, {"pattern": [45], "threshold": null}, {"pattern": [221, 158], "threshold": null}, {"pattern": [158], "threshold": null}, {"pattern": [158, 86], "threshold": null}, {"pattern": [54], "threshold": null}, {"pattern": [65], "threshold": null}, {"pattern": [188], "threshold": null}, {"pattern": [211, 63], "threshold": null}, {"pattern": [151, 103], "threshold": null}, {"pattern": [103], "threshold": null}, {"pattern": [24, 90], "threshold": null}, {"pattern": [132], "threshold": null}, {"pattern": [33, 68], "threshold": null}, {"pattern": [232, 132], "threshold": null}, {"pattern": [93], "threshold": null}, {"pattern": [86], "threshold": null}, {"pattern": [237], "threshold": null}, {"pattern": [212], "threshold": null}, {"pattern": [232, 52], "threshold": null}, {"pattern": [16, 116], "threshold": null}, {"pattern": [120], "threshold": null}, {"pattern": [93, 13], "threshold": null}, {"pattern": [27, 134], "threshold": null}, {"pattern": [244, 158], "threshold": null}, {"pattern": [188, 167], "threshold": null}, {"pattern": [13], "threshold": null}, {"pattern": [164, 182], "threshold": null}]}, {"config": {"code_name": "[CS OM CC][Len SSize MFit CAtom][GNone]", "population_size": 100, "evaluation_budget": 10000, "cluster_info_file_name": "C:\\Users\\gac8\\PycharmProjects\\PSSearch\\retail_forecasting_data_collection\\data\\cluster_info_250_random.pkl", "use_custom_sampling_operator": true, "use_custom_mutation_operator": false, "use_custom_crossover_operator": true, "use_custom_atomicity": true, "genome_threshold": null, "include_ps_len": true, "include_sample_quantity": true, "include_wasserstein_distance": false, "include_diff_median": false, "include_atomicity": true, "include_p_value": false, "include_mean_fitness": true, "include_variance": false}, "results": [{"pattern": [13, 103], "threshold": null}, {"pattern": [171, 86, 215], "threshold": null}, {"pattern": [81, 132], "threshold": null}, {"pattern": [188, 86, 215], "threshold": null}, {"pattern": [241, 212], "threshold": null}, {"pattern": [25, 132], "threshold": null}, {"pattern": [188, 132], "threshold": null}, {"pattern": [90, 27], "threshold": null}, {"pattern": [188, 206], "threshold": null}, {"pattern": [88, 132], "threshold": null}, {"pattern": [241, 212, 86], "threshold": null}, {"pattern": [188, 13, 103], "threshold": null}, {"pattern": [177, 53], "threshold": null}, {"pattern": [25, 188, 103], "threshold": null}, {"pattern": [241, 86], "threshold": null}, {"pattern": [90, 188, 86], "threshold": null}, {"pattern": [27, 180, 13], "threshold": null}, {"pattern": [132, 244], "threshold": null}, {"pattern": [188, 196, 132], "threshold": null}, {"pattern": [25, 90, 188], "threshold": null}, {"pattern": [188, 134], "threshold": null}, {"pattern": [241, 90], "threshold": null}, {"pattern": [88, 188, 13], "threshold": null}, {"pattern": [65, 188, 86, 215], "threshold": null}, {"pattern": [88, 86, 215], "threshold": null}, {"pattern": [217, 237], "threshold": null}, {"pattern": [241, 13], "threshold": null}, {"pattern": [139, 188], "threshold": null}, {"pattern": [132, 188, 25], "threshold": null}, {"pattern": [51, 215], "threshold": null}, {"pattern": [217, 171], "threshold": null}, {"pattern": [132], "threshold": null}, {"pattern": [132, 90, 196, 188], "threshold": null}, {"pattern": [188, 86], "threshold": null}, {"pattern": [86], "threshold": null}, {"pattern": [27, 180], "threshold": null}, {"pattern": [90, 27, 13], "threshold": null}, {"pattern": [188, 167], "threshold": null}, {"pattern": [27, 188, 13, 86], "threshold": null}, {"pattern": [116, 188], "threshold": null}, {"pattern": [241, 188, 132], "threshold": null}, {"pattern": [27, 132], "threshold": null}, {"pattern": [25, 235, 188], "threshold": null}, {"pattern": [180, 188, 86, 215], "threshold": null}, {"pattern": [180, 188, 215], "threshold": null}, {"pattern": [88], "threshold": null}, {"pattern": [212, 27, 132], "threshold": null}, {"pattern": [88, 180], "threshold": null}, {"pattern": [188, 13, 86], "threshold": null}, {"pattern": [217, 90], "threshold": null}, {"pattern": [27, 204], "threshold": null}, {"pattern": [86, 215], "threshold": null}, {"pattern": [241, 50], "threshold": null}, {"pattern": [221, 215], "threshold": null}, {"pattern": [88, 215], "threshold": null}, {"pattern": [88, 188, 132], "threshold": null}, {"pattern": [188, 13, 215], "threshold": null}, {"pattern": [241, 212, 13], "threshold": null}, {"pattern": [212, 132, 244], "threshold": null}, {"pattern": [215, 188, 167], "threshold": null}, {"pattern": [188, 13], "threshold": null}, {"pattern": [103, 13, 215], "threshold": null}, {"pattern": [241, 132], "threshold": null}, {"pattern": [27, 13], "threshold": null}, {"pattern": [25, 188, 63], "threshold": null}, {"pattern": [215, 103], "threshold": null}, {"pattern": [217], "threshold": null}, {"pattern": [16, 27], "threshold": null}, {"pattern": [188], "threshold": null}, {"pattern": [52, 215], "threshold": null}, {"pattern": [132, 202, 188, 13], "threshold": null}, {"pattern": [103], "threshold": null}, {"pattern": [88, 188, 132, 13], "threshold": null}, {"pattern": [27, 86, 215], "threshold": null}, {"pattern": [188, 63], "threshold": null}, {"pattern": [212, 221, 215], "threshold": null}, {"pattern": [188, 132, 13], "threshold": null}, {"pattern": [196, 221, 215], "threshold": null}, {"pattern": [180, 188], "threshold": null}, {"pattern": [13, 215], "threshold": null}, {"pattern": [132, 13], "threshold": null}, {"pattern": [188, 132, 134], "threshold": null}]}, {"config": {"code_name": "[CS CM OC][Len SSize MFit CAtom][GNone]", "population_size": 100, "evaluation_budget": 10000, "cluster_info_file_name": "C:\\Users\\gac8\\PycharmProjects\\PSSearch\\retail_forecasting_data_collection\\data\\cluster_info_250_random.pkl", "use_custom_sampling_operator": true, "use_custom_mutation_operator": true, "use_custom_crossover_operator": false, "use_custom_atomicity": true, "genome_threshold": null, "include_ps_len": true, "include_sample_quantity": true, "include_wasserstein_distance": false, "include_diff_median": false, "include_atomicity": true, "include_p_value": false, "include_mean_fitness": true, "include_variance": false}, "results": [{"pattern": [235, 134], "threshold": null}, {"pattern": [25], "threshold": null}, {"pattern": [103, 55], "threshold": null}, {"pattern": [88], "threshold": null}, {"pattern": [180, 245], "threshold": null}, {"pattern": [171, 212], "threshold": null}, {"pattern": [230], "threshold": null}, {"pattern": [132, 190], "threshold": null}, {"pattern": [196], "threshold": null}, {"pattern": [180, 103], "threshold": null}, {"pattern": [45], "threshold": null}, {"pattern": [88, 212], "threshold": null}, {"pattern": [38, 63], "threshold": null}, {"pattern": [27, 204], "threshold": null}, {"pattern": [158], "threshold": null}, {"pattern": [34, 196], "threshold": null}, {"pattern": [54], "threshold": null}, {"pattern": [34, 237], "threshold": null}, {"pattern": [65], "threshold": null}, {"pattern": [196, 190], "threshold": null}, {"pattern": [188], "threshold": null}, {"pattern": [90, 188], "threshold": null}, {"pattern": [103], "threshold": null}, {"pattern": [241, 188], "threshold": null}, {"pattern": [132], "threshold": null}, {"pattern": [137, 116], "threshold": null}, {"pattern": [16, 34], "threshold": null}, {"pattern": [188, 63], "threshold": null}, {"pattern": [93], "threshold": null}, {"pattern": [56, 155], "threshold": null}, {"pattern": [65, 167], "threshold": null}, {"pattern": [65, 13], "threshold": null}, {"pattern": [86], "threshold": null}, {"pattern": [237], "threshold": null}, {"pattern": [212], "threshold": null}, {"pattern": [38, 103], "threshold": null}, {"pattern": [202, 103], "threshold": null}, {"pattern": [188, 180], "threshold": null}, {"pattern": [120], "threshold": null}, {"pattern": [212, 38], "threshold": null}, {"pattern": [224, 196], "threshold": null}, {"pattern": [132, 30], "threshold": null}, {"pattern": [13], "threshold": null}, {"pattern": [56, 38], "threshold": null}, {"pattern": [74, 13], "threshold": null}, {"pattern": [65, 158], "threshold": null}]}]}