{"extra_info": {"version": "fallback_v1", "seed": 99}, "data": [{"config": {"code_name": "[CS CM CC][Len SSize MFit CAtom][GNone]", "population_size": 100, "evaluation_budget": 10000, "cluster_info_file_name": "C:\\Users\\gac8\\PycharmProjects\\PSSearch\\retail_forecasting_data_collection\\data\\cluster_info_250_random.pkl", "use_custom_sampling_operator": true, "use_custom_mutation_operator": true, "use_custom_crossover_operator": true, "use_custom_atomicity": true, "genome_threshold": null, "include_ps_len": true, "include_sample_quantity": true, "include_wasserstein_distance": false, "include_diff_median": false, "include_atomicity": true, "include_p_value": false, "include_mean_fitness": true, "include_variance": false}, "results": [{"pattern": [153, 100], "threshold": null}, {"pattern": [61, 103], "threshold": null}, {"pattern": [188], "threshold": null}, {"pattern": [157, 103], "threshold": null}, {"pattern": [34, 215], "threshold": null}, {"pattern": [93], "threshold": null}, {"pattern": [65, 188, 158], "threshold": null}, {"pattern": [35, 235], "threshold": null}, {"pattern": [42, 63], "threshold": null}, {"pattern": [86], "threshold": null}, {"pattern": [233, 18], "threshold": null}, {"pattern": [27, 188], "threshold": null}, {"pattern": [13, 239], "threshold": null}, {"pattern": [88, 132], "threshold": null}, {"pattern": [13, 38], "threshold": null}, {"pattern": [217], "threshold": null}, {"pattern": [49, 215], "threshold": null}, {"pattern": [86, 103], "threshold": null}, {"pattern": [18, 205], "threshold": null}, {"pattern": [196, 86], "threshold": null}, {"pattern": [212, 167], "threshold": null}, {"pattern": [13], "threshold": null}, {"pattern": [209, 188], "threshold": null}, {"pattern": [25], "threshold": null}, {"pattern": [158], "threshold": null}, {"pattern": [196, 69], "threshold": null}, {"pattern": [50, 90], "threshold": null}, {"pattern": [103], "threshold": null}, {"pattern": [162, 30], "threshold": null}, {"pattern": [67, 206], "threshold": null}, {"pattern": [88, 217], "threshold": null}, {"pattern": [196], "threshold": null}, {"pattern": [16, 139], "threshold": null}, {"pattern": [196, 221], "threshold": null}, {"pattern": [120], "threshold": null}, {"pattern": [65], "threshold": null}, {"pattern": [24, 127], "threshold": null}, {"pattern": [230], "threshold": null}, {"pattern": [212], "threshold": null}, {"pattern": [237], "threshold": null}, {"pattern": [88], "threshold": null}, {"pattern": [74, 116], "threshold": null}, {"pattern": [204, 61], "threshold": null}, {"pattern": [54], "threshold": null}, {"pattern": [90, 158], "threshold": null}, {"pattern": [184, 87], "threshold": null}, {"pattern": [92, 63], "threshold": null}, {"pattern": [164, 215], "threshold": null}, {"pattern": [25, 103], "threshold": null}, {"pattern": [132], "threshold": null}, {"pattern": [232, 13], "threshold": null}, {"pattern": [33, 74], "threshold": null}, {"pattern": [151, 103], "threshold": null}, {"pattern": [196, 127], "threshold": null}, {"pattern": [220, 101], "threshold": null}, {"pattern": [88, 116], "threshold": null}, {"pattern": [56, 86], "threshold": null}, {"pattern": [45], "threshold": null}]}, {"config": {"code_name": "[CS CM CC][SSize MFit CAtom][GNone]", "population_size": 100, "evaluation_budget": 10000, "cluster_info_file_name": "C:\\Users\\gac8\\PycharmProjects\\PSSearch\\retail_forecasting_data_collection\\data\\cluster_info_250_random.pkl", "use_custom_sampling_operator": true, "use_custom_mutation_operator": true, "use_custom_crossover_operator": true, "use_custom_atomicity": true, "genome_threshold": null, "include_ps_len": false, "include_sample_quantity": true, "include_wasserstein_distance": false, "include_diff_median": false, "include_atomicity": true, "include_p_value": false, "include_mean_fitness": true, "include_variance": false}, "results": [{"pattern": [16, 241], "threshold": null}, {"pattern": [33, 75], "threshold": null}, {"pattern": [65, 196], "threshold": null}, {"pattern": [86], "threshold": null}, {"pattern": [188, 205], "threshold": null}, {"pattern": [132], "threshold": null}, {"pattern": [212, 221], "threshold": null}, {"pattern": [65, 245], "threshold": null}, {"pattern": [116, 63], "threshold": null}, {"pattern": [204, 63], "threshold": null}, {"pattern": [241, 63], "threshold": null}, {"pattern": [89, 244], "threshold": null}, {"pattern": [196], "threshold": null}, {"pattern": [74, 68], "threshold": null}, {"pattern": [103], "threshold": null}, {"pattern": [91, 158], "threshold": null}, {"pattern": [132, 247], "threshold": null}, {"pattern": [180, 103], "threshold": null}, {"pattern": [212], "threshold": null}, {"pattern": [249, 244], "threshold": null}, {"pattern": [188, 47], "threshold": null}, {"pattern": [196, 116], "threshold": null}, {"pattern": [34, 158], "threshold": null}, {"pattern": [186, 221], "threshold": null}, {"pattern": [88, 134], "threshold": null}, {"pattern": [226, 221], "threshold": null}, {"pattern": [132, 158], "threshold": null}, {"pattern": [233, 86], "threshold": null}, {"pattern": [116, 158], "threshold": null}, {"pattern": [158], "threshold": null}, {"pattern": [27, 63], "threshold": null}, {"pattern": [43, 149], "threshold": null}, {"pattern": [147, 77], "threshold": null}, {"pattern": [212, 215], "threshold": null}, {"pattern": [91, 212], "threshold": null}, {"pattern": [212, 37], "threshold": null}, {"pattern": [204, 158], "threshold": null}, {"pattern": [43, 212], "threshold": null}, {"pattern": [49, 77], "threshold": null}, {"pattern": [139, 116], "threshold": null}, {"pattern": [37, 158], "threshold": null}, {"pattern": [188], "threshold": null}, {"pattern": [212, 103], "threshold": null}, {"pattern": [65, 180], "threshold": null}, {"pattern": [192, 195], "threshold": null}, {"pattern": [212, 87], "threshold": null}, {"pattern": [158, 103], "threshold": null}, {"pattern": [65], "threshold": null}, {"pattern": [188, 158], "threshold": null}, {"pattern": [157, 158], "threshold": null}, {"pattern": [188, 69, 215], "threshold": null}, {"pattern": [184, 134], "threshold": null}, {"pattern": [158, 127], "threshold": null}, {"pattern": [13], "threshold": null}]}, {"config": {"code_name": "[CS CM CC][Len MFit CAtom][GNone]", "population_size": 100, "evaluation_budget": 10000, "cluster_info_file_name": "C:\\Users\\gac8\\PycharmProjects\\PSSearch\\retail_forecasting_data_collection\\data\\cluster_info_250_random.pkl", "use_custom_sampling_operator": true, "use_custom_mutation_operator": true, "use_custom_crossover_operator": true, "use_custom_atomicity": true, "genome_threshold": null, "include_ps_len": true, "include_sample_quantity": false, "include_wasserstein_distance": false, "include_diff_median": false, "include_atomicity": true, "include_p_value": false, "include_mean_fitness": true, "include_variance": false}, "results": [{"pattern": [237, 134], "threshold": null}, {"pattern": [16, 237], "threshold": null}, {"pattern": [120], "threshold": null}, {"pattern": [56, 246], "threshold": null}, {"pattern": [25, 103], "threshold": null}, {"pattern": [235, 188, 134], "threshold": null}, {"pattern": [232, 35], "threshold": null}, {"pattern": [155, 38], "threshold": null}]}, {"config": {"code_name": "[CS CM CC][Len SSize CAtom][GNone]", "population_size": 100, "evaluation_budget": 10000, "cluster_info_file_name": "C:\\Users\\gac8\\PycharmProjects\\PSSearch\\retail_forecasting_data_collection\\data\\cluster_info_250_random.pkl", "use_custom_sampling_operator": true, "use_custom_mutation_operator": true, "use_custom_crossover_operator": true, "use_custom_atomicity": true, "genome_threshold": null, "include_ps_len": true, "include_sample_quantity": true, "include_wasserstein_distance": false, "include_diff_median": false, "include_atomicity": true, "include_p_value": false, "include_mean_fitness": false, "include_variance": false}, "results": [{"pattern": [74, 68], "threshold": null}, {"pattern": [188], "threshold": null}, {"pattern": [188, 109], "threshold": null}, {"pattern": [202, 188], "threshold": null}, {"pattern": [212, 244], "threshold": null}, {"pattern": [64, 75], "threshold": null}, {"pattern": [50, 188], "threshold": null}, {"pattern": [188, 127], "threshold": null}, {"pattern": [97, 135], "threshold": null}, {"pattern": [209, 245], "threshold": null}]}, {"config": {"code_name": "[CS CM CC][Len SSize MFit][GNone]", "population_size": 100, "evaluation_budget": 10000, "cluster_info_file_name": "C:\\Users\\gac8\\PycharmProjects\\PSSearch\\retail_forecasting_data_collection\\data\\cluster_info_250_random.pkl", "use_custom_sampling_operator": true, "use_custom_mutation_operator": true, "use_custom_crossover_operator": true, "use_custom_atomicity": true, "genome_threshold": null, "include_ps_len": true, "include_sample_quantity": true, "include_wasserstein_distance": false, "include_diff_median": false, "include_atomicity": false, "include_p_value": false, "include_mean_fitness": true, "include_variance": false}, "results": [{"pattern": [25], "threshold": null}, {"pattern": [27, 215], "threshold": null}, {"pattern": [158], "threshold": null}, {"pattern": [54], "threshold": null}, {"pattern": [88], "threshold": null}, {"pattern": [230], "threshold": null}, {"pattern": [237], "threshold": null}, {"pattern": [25, 63], "threshold": null}, {"pattern": [45], "threshold": null}, {"pattern": [237, 13], "threshold": null}, {"pattern": [90, 196], "threshold": null}, {"pattern": [65], "threshold": null}, {"pattern": [196], "threshold": null}, {"pattern": [212], "threshold": null}, {"pattern": [120], "threshold": null}, {"pattern": [196, 86], "threshold": null}, {"pattern": [103], "threshold": null}, {"pattern": [93], "threshold": null}, {"pattern": [173, 86], "threshold": null}, {"pattern": [217], "threshold": null}, {"pattern": [74, 13], "threshold": null}, {"pattern": [180, 116], "threshold": null}, {"pattern": [86], "threshold": null}, {"pattern": [13], "threshold": null}, {"pattern": [212, 38], "threshold": null}, {"pattern": [188], "threshold": null}, {"pattern": [25, 158], "threshold": null}, {"pattern": [65, 158], "threshold": null}, {"pattern": [132], "threshold": null}]}, {"config": {"code_name": "[OS CM CC][Len SSize MFit CAtom][GNone]", "population_size": 100, "evaluation_budget": 10000, "cluster_info_file_name": "C:\\Users\\gac8\\PycharmProjects\\PSSearch\\retail_forecasting_data_collection\\data\\cluster_info_250_random.pkl", "use_custom_sampling_operator": false, "use_custom_mutation_operator": true, "use_custom_crossover_operator": true, "use_custom_atomicity": true, "genome_threshold": null, "include_ps_len": true, "include_sample_quantity": true, "include_wasserstein_distance": false, "include_diff_median": false, "include_atomicity": true, "include_p_value": false, "include_mean_fitness": true, "include_variance": false}, "results": [{"pattern": [196, 93], "threshold": null}, {"pattern": [188], "threshold": null}, {"pattern": [162, 13], "threshold": null}, {"pattern": [93], "threshold": null}, {"pattern": [196, 103], "threshold": null}, {"pattern": [86], "threshold": null}, {"pattern": [65, 134], "threshold": null}, {"pattern": [217], "threshold": null}, {"pattern": [235, 215], "threshold": null}, {"pattern": [16, 204], "threshold": null}, {"pattern": [13], "threshold": null}, {"pattern": [13, 86], "threshold": null}, {"pattern": [158], "threshold": null}, {"pattern": [212, 101], "threshold": null}, {"pattern": [25], "threshold": null}, {"pattern": [90, 27], "threshold": null}, {"pattern": [248, 235], "threshold": null}, {"pattern": [103], "threshold": null}, {"pattern": [132, 69], "threshold": null}, {"pattern": [196], "threshold": null}, {"pattern": [93, 103], "threshold": null}, {"pattern": [120], "threshold": null}, {"pattern": [65], "threshold": null}, {"pattern": [230], "threshold": null}, {"pattern": [202, 86], "threshold": null}, {"pattern": [18, 38], "threshold": null}, {"pattern": [212], "threshold": null}, {"pattern": [184, 63], "threshold": null}, {"pattern": [217, 132], "threshold": null}, {"pattern": [237], "threshold": null}, {"pattern": [88], "threshold": null}, {"pattern": [146, 195], "threshold": null}, {"pattern": [54], "threshold": null}, {"pattern": [116, 197], "threshold": null}, {"pattern": [86, 47], "threshold": null}, {"pattern": [91, 158], "threshold": null}, {"pattern": [16, 52], "threshold": null}, {"pattern": [235, 196], "threshold": null}, {"pattern": [235, 103], "threshold": null}, {"pattern": [184, 87], "threshold": null}, {"pattern": [25, 52], "threshold": null}, {"pattern": [90, 237], "threshold": null}, {"pattern": [16, 180], "threshold": null}, {"pattern": [132], "threshold": null}, {"pattern": [184, 30], "threshold": null}, {"pattern": [196, 102], "threshold": null}, {"pattern": [1, 188], "threshold": null}, {"pattern": [249, 43], "threshold": null}, {"pattern": [45], "threshold": null}, {"pattern": [65, 215], "threshold": null}]}, {"config": {"code_name": "[CS OM CC][Len SSize MFit CAtom][GNone]", "population_size": 100, "evaluation_budget": 10000, "cluster_info_file_name": "C:\\Users\\gac8\\PycharmProjects\\PSSearch\\retail_forecasting_data_collection\\data\\cluster_info_250_random.pkl", "use_custom_sampling_operator": true, "use_custom_mutation_operator": false, "use_custom_crossover_operator": true, "use_custom_atomicity": true, "genome_threshold": null, "include_ps_len": true, "include_sample_quantity": true, "include_wasserstein_distance": false, "include_diff_median": false, "include_atomicity": true, "include_p_value": false, "include_mean_fitness": true, "include_variance": false}, "results": [{"pattern": [249, 90, 146], "threshold": null}, {"pattern": [188, 86], "threshold": null}, {"pattern": [188], "threshold": null}, {"pattern": [171, 188], "threshold": null}, {"pattern": [196, 188, 63, 215], "threshold": null}, {"pattern": [241, 215], "threshold": null}, {"pattern": [196, 188, 86], "threshold": null}, {"pattern": [16, 212, 158], "threshold": null}, {"pattern": [25, 188, 116], "threshold": null}, {"pattern": [25, 116], "threshold": null}, {"pattern": [188, 212, 86], "threshold": null}, {"pattern": [88, 188], "threshold": null}, {"pattern": [93, 215], "threshold": null}, {"pattern": [86], "threshold": null}, {"pattern": [180, 212, 215], "threshold": null}, {"pattern": [162, 196], "threshold": null}, {"pattern": [27, 188, 86], "threshold": null}, {"pattern": [90, 196], "threshold": null}, {"pattern": [212, 215], "threshold": null}, {"pattern": [27, 196, 212], "threshold": null}, {"pattern": [90, 158, 215], "threshold": null}, {"pattern": [196, 188, 158, 215], "threshold": null}, {"pattern": [241, 188], "threshold": null}, {"pattern": [248, 212], "threshold": null}, {"pattern": [212, 167], "threshold": null}, {"pattern": [90, 196, 158], "threshold": null}, {"pattern": [90, 196, 86], "threshold": null}, {"pattern": [212, 196, 139], "threshold": null}, {"pattern": [25], "threshold": null}, {"pattern": [158], "threshold": null}, {"pattern": [55, 215], "threshold": null}, {"pattern": [241, 212, 188], "threshold": null}, {"pattern": [90, 43, 146], "threshold": null}, {"pattern": [196, 167], "threshold": null}, {"pattern": [212, 103, 215], "threshold": null}, {"pattern": [25, 212], "threshold": null}, {"pattern": [132, 188], "threshold": null}, {"pattern": [90, 103], "threshold": null}, {"pattern": [162, 196, 212], "threshold": null}, {"pattern": [90, 27, 86], "threshold": null}, {"pattern": [162, 212], "threshold": null}, {"pattern": [25, 139], "threshold": null}, {"pattern": [50, 86], "threshold": null}, {"pattern": [202, 196, 188, 215], "threshold": null}, {"pattern": [212, 221, 215], "threshold": null}, {"pattern": [212, 158], "threshold": null}, {"pattern": [25, 188, 86], "threshold": null}, {"pattern": [188, 215], "threshold": null}, {"pattern": [221, 215], "threshold": null}, {"pattern": [212], "threshold": null}, {"pattern": [188, 212], "threshold": null}, {"pattern": [90, 212, 158], "threshold": null}, {"pattern": [90, 215, 103], "threshold": null}, {"pattern": [188, 237, 215], "threshold": null}, {"pattern": [25, 212, 215], "threshold": null}, {"pattern": [196, 212], "threshold": null}, {"pattern": [196, 188, 215], "threshold": null}, {"pattern": [180, 188], "threshold": null}, {"pattern": [90, 164, 215], "threshold": null}, {"pattern": [90, 158], "threshold": null}, {"pattern": [188, 63, 215], "threshold": null}, {"pattern": [208, 171], "threshold": null}, {"pattern": [241], "threshold": null}, {"pattern": [196, 188, 13, 215], "threshold": null}, {"pattern": [27, 164], "threshold": null}, {"pattern": [49, 63], "threshold": null}, {"pattern": [27, 188, 196, 212], "threshold": null}, {"pattern": [212, 157], "threshold": null}]}, {"config": {"code_name": "[CS CM OC][Len SSize MFit CAtom][GNone]", "population_size": 100, "evaluation_budget": 10000, "cluster_info_file_name": "C:\\Users\\gac8\\PycharmProjects\\PSSearch\\retail_forecasting_data_collection\\data\\cluster_info_250_random.pkl", "use_custom_sampling_operator": true, "use_custom_mutation_operator": true, "use_custom_crossover_operator": false, "use_custom_atomicity": true, "genome_threshold": null, "include_ps_len": true, "include_sample_quantity": true, "include_wasserstein_distance": false, "include_diff_median": false, "include_atomicity": true, "include_p_value": false, "include_mean_fitness": true, "include_variance": false}, "results": [{"pattern": [205, 38], "threshold": null}, {"pattern": [188], "threshold": null}, {"pattern": [116, 103], "threshold": null}, {"pattern": [93], "threshold": null}, {"pattern": [97, 101], "threshold": null}, {"pattern": [225, 244], "threshold": null}, {"pattern": [232, 34], "threshold": null}, {"pattern": [86], "threshold": null}, {"pattern": [13, 215], "threshold": null}, {"pattern": [217, 86], "threshold": null}, {"pattern": [11, 109], "threshold": null}, {"pattern": [217], "threshold": null}, {"pattern": [16, 25], "threshold": null}, {"pattern": [13], "threshold": null}, {"pattern": [56, 205], "threshold": null}, {"pattern": [25], "threshold": null}, {"pattern": [158], "threshold": null}, {"pattern": [27, 222], "threshold": null}, {"pattern": [190, 63], "threshold": null}, {"pattern": [90, 27], "threshold": null}, {"pattern": [188, 87], "threshold": null}, {"pattern": [42, 13], "threshold": null}, {"pattern": [103], "threshold": null}, {"pattern": [177, 158], "threshold": null}, {"pattern": [196], "threshold": null}, {"pattern": [27, 158], "threshold": null}, {"pattern": [241, 86], "threshold": null}, {"pattern": [65], "threshold": null}, {"pattern": [205, 119], "threshold": null}, {"pattern": [120], "threshold": null}, {"pattern": [50, 86], "threshold": null}, {"pattern": [65, 42, 196], "threshold": null}, {"pattern": [230], "threshold": null}, {"pattern": [212, 221], "threshold": null}, {"pattern": [212], "threshold": null}, {"pattern": [90, 221], "threshold": null}, {"pattern": [180, 37], "threshold": null}, {"pattern": [212, 132], "threshold": null}, {"pattern": [237], "threshold": null}, {"pattern": [88], "threshold": null}, {"pattern": [54], "threshold": null}, {"pattern": [82, 77], "threshold": null}, {"pattern": [212, 53], "threshold": null}, {"pattern": [224, 244], "threshold": null}, {"pattern": [132, 93], "threshold": null}, {"pattern": [19, 171], "threshold": null}, {"pattern": [235, 134], "threshold": null}, {"pattern": [88, 63], "threshold": null}, {"pattern": [132], "threshold": null}, {"pattern": [16, 158], "threshold": null}, {"pattern": [146, 188], "threshold": null}, {"pattern": [34, 116], "threshold": null}, {"pattern": [45], "threshold": null}, {"pattern": [77, 37], "threshold": null}, {"pattern": [196, 116], "threshold": null}]}]}