{"extra_info": {"version": "fallback_v1", "seed": 64}, "data": [{"config": {"code_name": "[CS CM CC][Len SSize MFit CAtom][GNone]", "population_size": 100, "evaluation_budget": 10000, "cluster_info_file_name": "C:\\Users\\gac8\\PycharmProjects\\PSSearch\\retail_forecasting_data_collection\\data\\cluster_info_250_random.pkl", "use_custom_sampling_operator": true, "use_custom_mutation_operator": true, "use_custom_crossover_operator": true, "use_custom_atomicity": true, "genome_threshold": null, "include_ps_len": true, "include_sample_quantity": true, "include_wasserstein_distance": false, "include_diff_median": false, "include_atomicity": true, "include_p_value": false, "include_mean_fitness": true, "include_variance": false}, "results": [{"pattern": [212], "threshold": null}, {"pattern": [103], "threshold": null}, {"pattern": [45], "threshold": null}, {"pattern": [122, 11], "threshold": null}, {"pattern": [241, 103], "threshold": null}, {"pattern": [66, 63], "threshold": null}, {"pattern": [65, 13], "threshold": null}, {"pattern": [76, 190], "threshold": null}, {"pattern": [93], "threshold": null}, {"pattern": [196, 134], "threshold": null}, {"pattern": [88, 132], "threshold": null}, {"pattern": [180, 215], "threshold": null}, {"pattern": [237], "threshold": null}, {"pattern": [16, 158], "threshold": null}, {"pattern": [132, 30], "threshold": null}, {"pattern": [65, 245], "threshold": null}, {"pattern": [116, 190], "threshold": null}, {"pattern": [86], "threshold": null}, {"pattern": [34, 188], "threshold": null}, {"pattern": [91, 212], "threshold": null}, {"pattern": [241, 132], "threshold": null}, {"pattern": [232, 235], "threshold": null}, {"pattern": [18, 114], "threshold": null}, {"pattern": [188], "threshold": null}, {"pattern": [190, 63], "threshold": null}, {"pattern": [27, 188], "threshold": null}, {"pattern": [217, 212], "threshold": null}, {"pattern": [158, 127], "threshold": null}, {"pattern": [215, 103], "threshold": null}, {"pattern": [16, 116], "threshold": null}, {"pattern": [188, 13], "threshold": null}, {"pattern": [230], "threshold": null}, {"pattern": [248, 134], "threshold": null}, {"pattern": [196], "threshold": null}, {"pattern": [132], "threshold": null}, {"pattern": [158], "threshold": null}, {"pattern": [25, 177], "threshold": null}, {"pattern": [139, 188], "threshold": null}, {"pattern": [88], "threshold": null}, {"pattern": [193, 215], "threshold": null}, {"pattern": [132, 116], "threshold": null}, {"pattern": [49, 74], "threshold": null}, {"pattern": [25], "threshold": null}, {"pattern": [196, 167], "threshold": null}, {"pattern": [120], "threshold": null}, {"pattern": [217], "threshold": null}, {"pattern": [52, 119], "threshold": null}, {"pattern": [16, 132], "threshold": null}, {"pattern": [13], "threshold": null}, {"pattern": [65], "threshold": null}, {"pattern": [25, 132], "threshold": null}]}, {"config": {"code_name": "[CS CM CC][SSize MFit CAtom][GNone]", "population_size": 100, "evaluation_budget": 10000, "cluster_info_file_name": "C:\\Users\\gac8\\PycharmProjects\\PSSearch\\retail_forecasting_data_collection\\data\\cluster_info_250_random.pkl", "use_custom_sampling_operator": true, "use_custom_mutation_operator": true, "use_custom_crossover_operator": true, "use_custom_atomicity": true, "genome_threshold": null, "include_ps_len": false, "include_sample_quantity": true, "include_wasserstein_distance": false, "include_diff_median": false, "include_atomicity": true, "include_p_value": false, "include_mean_fitness": true, "include_variance": false}, "results": [{"pattern": [134, 103], "threshold": null}, {"pattern": [212, 132, 221], "threshold": null}, {"pattern": [16, 88], "threshold": null}, {"pattern": [16, 237], "threshold": null}, {"pattern": [212], "threshold": null}, {"pattern": [103], "threshold": null}, {"pattern": [204, 134], "threshold": null}, {"pattern": [82, 37], "threshold": null}, {"pattern": [61, 190], "threshold": null}, {"pattern": [51, 235], "threshold": null}, {"pattern": [202, 43], "threshold": null}, {"pattern": [16, 196], "threshold": null}, {"pattern": [16, 25], "threshold": null}, {"pattern": [221, 212, 13], "threshold": null}, {"pattern": [146, 86], "threshold": null}, {"pattern": [212, 69], "threshold": null}, {"pattern": [201, 195], "threshold": null}, {"pattern": [190, 87], "threshold": null}, {"pattern": [86], "threshold": null}, {"pattern": [188, 13], "threshold": null}, {"pattern": [212, 103], "threshold": null}, {"pattern": [24, 158], "threshold": null}, {"pattern": [188], "threshold": null}, {"pattern": [217, 237], "threshold": null}, {"pattern": [49, 196], "threshold": null}, {"pattern": [91, 215], "threshold": null}, {"pattern": [132, 13], "threshold": null}, {"pattern": [180, 134], "threshold": null}, {"pattern": [66, 109], "threshold": null}, {"pattern": [158], "threshold": null}, {"pattern": [67, 206], "threshold": null}, {"pattern": [13], "threshold": null}, {"pattern": [65], "threshold": null}, {"pattern": [232, 235], "threshold": null}, {"pattern": [188, 190], "threshold": null}, {"pattern": [88], "threshold": null}, {"pattern": [217, 63], "threshold": null}, {"pattern": [82, 77], "threshold": null}, {"pattern": [180, 63], "threshold": null}, {"pattern": [177, 90], "threshold": null}, {"pattern": [212, 93], "threshold": null}, {"pattern": [215, 103], "threshold": null}, {"pattern": [13, 134], "threshold": null}]}, {"config": {"code_name": "[CS CM CC][Len MFit CAtom][GNone]", "population_size": 100, "evaluation_budget": 10000, "cluster_info_file_name": "C:\\Users\\gac8\\PycharmProjects\\PSSearch\\retail_forecasting_data_collection\\data\\cluster_info_250_random.pkl", "use_custom_sampling_operator": true, "use_custom_mutation_operator": true, "use_custom_crossover_operator": true, "use_custom_atomicity": true, "genome_threshold": null, "include_ps_len": true, "include_sample_quantity": false, "include_wasserstein_distance": false, "include_diff_median": false, "include_atomicity": true, "include_p_value": false, "include_mean_fitness": true, "include_variance": false}, "results": [{"pattern": [35, 103], "threshold": null}, {"pattern": [120], "threshold": null}, {"pattern": [56, 246], "threshold": null}, {"pattern": [217, 158], "threshold": null}, {"pattern": [248, 76], "threshold": null}, {"pattern": [56, 114], "threshold": null}, {"pattern": [132, 93], "threshold": null}]}, {"config": {"code_name": "[CS CM CC][Len SSize CAtom][GNone]", "population_size": 100, "evaluation_budget": 10000, "cluster_info_file_name": "C:\\Users\\gac8\\PycharmProjects\\PSSearch\\retail_forecasting_data_collection\\data\\cluster_info_250_random.pkl", "use_custom_sampling_operator": true, "use_custom_mutation_operator": true, "use_custom_crossover_operator": true, "use_custom_atomicity": true, "genome_threshold": null, "include_ps_len": true, "include_sample_quantity": true, "include_wasserstein_distance": false, "include_diff_median": false, "include_atomicity": true, "include_p_value": false, "include_mean_fitness": false, "include_variance": false}, "results": [{"pattern": [4, 63], "threshold": null}, {"pattern": [91, 212], "threshold": null}, {"pattern": [56, 155], "threshold": null}, {"pattern": [188, 95], "threshold": null}, {"pattern": [177, 188], "threshold": null}, {"pattern": [35, 109], "threshold": null}, {"pattern": [188], "threshold": null}, {"pattern": [81, 196], "threshold": null}, {"pattern": [196, 13], "threshold": null}, {"pattern": [207, 119], "threshold": null}, {"pattern": [188, 101], "threshold": null}]}, {"config": {"code_name": "[CS CM CC][Len SSize MFit][GNone]", "population_size": 100, "evaluation_budget": 10000, "cluster_info_file_name": "C:\\Users\\gac8\\PycharmProjects\\PSSearch\\retail_forecasting_data_collection\\data\\cluster_info_250_random.pkl", "use_custom_sampling_operator": true, "use_custom_mutation_operator": true, "use_custom_crossover_operator": true, "use_custom_atomicity": true, "genome_threshold": null, "include_ps_len": true, "include_sample_quantity": true, "include_wasserstein_distance": false, "include_diff_median": false, "include_atomicity": false, "include_p_value": false, "include_mean_fitness": true, "include_variance": false}, "results": [{"pattern": [88, 196], "threshold": null}, {"pattern": [196], "threshold": null}, {"pattern": [217], "threshold": null}, {"pattern": [230], "threshold": null}, {"pattern": [180, 132], "threshold": null}, {"pattern": [25, 132], "threshold": null}, {"pattern": [241, 196], "threshold": null}, {"pattern": [13], "threshold": null}, {"pattern": [25], "threshold": null}, {"pattern": [88, 217], "threshold": null}, {"pattern": [86], "threshold": null}, {"pattern": [237, 158], "threshold": null}, {"pattern": [65, 27], "threshold": null}, {"pattern": [93], "threshold": null}, {"pattern": [212], "threshold": null}, {"pattern": [120], "threshold": null}, {"pattern": [158], "threshold": null}, {"pattern": [248, 134], "threshold": null}, {"pattern": [65], "threshold": null}, {"pattern": [188], "threshold": null}, {"pattern": [188, 86], "threshold": null}, {"pattern": [217, 86], "threshold": null}, {"pattern": [245, 13], "threshold": null}, {"pattern": [45], "threshold": null}, {"pattern": [103], "threshold": null}, {"pattern": [241, 158], "threshold": null}, {"pattern": [86, 63], "threshold": null}, {"pattern": [16, 25], "threshold": null}, {"pattern": [132], "threshold": null}, {"pattern": [90, 86], "threshold": null}, {"pattern": [237], "threshold": null}, {"pattern": [217, 188], "threshold": null}, {"pattern": [88], "threshold": null}]}, {"config": {"code_name": "[OS CM CC][Len SSize MFit CAtom][GNone]", "population_size": 100, "evaluation_budget": 10000, "cluster_info_file_name": "C:\\Users\\gac8\\PycharmProjects\\PSSearch\\retail_forecasting_data_collection\\data\\cluster_info_250_random.pkl", "use_custom_sampling_operator": false, "use_custom_mutation_operator": true, "use_custom_crossover_operator": true, "use_custom_atomicity": true, "genome_threshold": null, "include_ps_len": true, "include_sample_quantity": true, "include_wasserstein_distance": false, "include_diff_median": false, "include_atomicity": true, "include_p_value": false, "include_mean_fitness": true, "include_variance": false}, "results": [{"pattern": [212], "threshold": null}, {"pattern": [45], "threshold": null}, {"pattern": [103], "threshold": null}, {"pattern": [244, 13], "threshold": null}, {"pattern": [25, 215], "threshold": null}, {"pattern": [248, 151], "threshold": null}, {"pattern": [132, 134], "threshold": null}, {"pattern": [164, 77], "threshold": null}, {"pattern": [93], "threshold": null}, {"pattern": [196, 215], "threshold": null}, {"pattern": [232, 158], "threshold": null}, {"pattern": [38, 119], "threshold": null}, {"pattern": [237], "threshold": null}, {"pattern": [232, 105], "threshold": null}, {"pattern": [139, 158], "threshold": null}, {"pattern": [193, 13], "threshold": null}, {"pattern": [77, 37], "threshold": null}, {"pattern": [86], "threshold": null}, {"pattern": [184, 87], "threshold": null}, {"pattern": [244, 239], "threshold": null}, {"pattern": [188], "threshold": null}, {"pattern": [50, 188], "threshold": null}, {"pattern": [76, 61], "threshold": null}, {"pattern": [196], "threshold": null}, {"pattern": [88, 90], "threshold": null}, {"pattern": [230], "threshold": null}, {"pattern": [132], "threshold": null}, {"pattern": [158], "threshold": null}, {"pattern": [83, 151], "threshold": null}, {"pattern": [248, 26], "threshold": null}, {"pattern": [88], "threshold": null}, {"pattern": [177, 244], "threshold": null}, {"pattern": [90, 237], "threshold": null}, {"pattern": [74, 165], "threshold": null}, {"pattern": [25], "threshold": null}, {"pattern": [27, 215], "threshold": null}, {"pattern": [120], "threshold": null}, {"pattern": [93, 13], "threshold": null}, {"pattern": [217], "threshold": null}, {"pattern": [69, 63], "threshold": null}, {"pattern": [90, 103], "threshold": null}, {"pattern": [74, 215], "threshold": null}, {"pattern": [13], "threshold": null}, {"pattern": [65], "threshold": null}, {"pattern": [196, 13], "threshold": null}, {"pattern": [56, 155], "threshold": null}, {"pattern": [190, 134], "threshold": null}]}, {"config": {"code_name": "[CS OM CC][Len SSize MFit CAtom][GNone]", "population_size": 100, "evaluation_budget": 10000, "cluster_info_file_name": "C:\\Users\\gac8\\PycharmProjects\\PSSearch\\retail_forecasting_data_collection\\data\\cluster_info_250_random.pkl", "use_custom_sampling_operator": true, "use_custom_mutation_operator": false, "use_custom_crossover_operator": true, "use_custom_atomicity": true, "genome_threshold": null, "include_ps_len": true, "include_sample_quantity": true, "include_wasserstein_distance": false, "include_diff_median": false, "include_atomicity": true, "include_p_value": false, "include_mean_fitness": true, "include_variance": false}, "results": [{"pattern": [212], "threshold": null}, {"pattern": [217, 212, 86], "threshold": null}, {"pattern": [137], "threshold": null}, {"pattern": [212, 188, 13], "threshold": null}, {"pattern": [86, 212, 188, 158], "threshold": null}, {"pattern": [177, 212, 158], "threshold": null}, {"pattern": [188, 38], "threshold": null}, {"pattern": [13, 86], "threshold": null}, {"pattern": [158, 103], "threshold": null}, {"pattern": [241, 180, 188], "threshold": null}, {"pattern": [86, 215], "threshold": null}, {"pattern": [93, 103], "threshold": null}, {"pattern": [188, 13, 86], "threshold": null}, {"pattern": [212, 188, 86, 63], "threshold": null}, {"pattern": [196, 181], "threshold": null}, {"pattern": [188, 13], "threshold": null}, {"pattern": [88, 103], "threshold": null}, {"pattern": [86, 47], "threshold": null}, {"pattern": [209, 59, 245], "threshold": null}, {"pattern": [132, 188, 134, 103], "threshold": null}, {"pattern": [88, 188, 86], "threshold": null}, {"pattern": [188, 245, 158], "threshold": null}, {"pattern": [196, 86, 103], "threshold": null}, {"pattern": [103], "threshold": null}, {"pattern": [61, 86], "threshold": null}, {"pattern": [186], "threshold": null}, {"pattern": [137, 61], "threshold": null}, {"pattern": [90, 196, 188, 215], "threshold": null}, {"pattern": [212, 188, 158], "threshold": null}, {"pattern": [196, 13, 158], "threshold": null}, {"pattern": [188, 53, 158], "threshold": null}, {"pattern": [86], "threshold": null}, {"pattern": [186, 221], "threshold": null}, {"pattern": [241, 188], "threshold": null}, {"pattern": [212, 86, 103], "threshold": null}, {"pattern": [90, 188, 158], "threshold": null}, {"pattern": [237, 86], "threshold": null}, {"pattern": [81, 158], "threshold": null}, {"pattern": [211, 86], "threshold": null}, {"pattern": [217, 158], "threshold": null}, {"pattern": [132, 188, 13, 86], "threshold": null}, {"pattern": [188, 158, 63], "threshold": null}, {"pattern": [235, 158], "threshold": null}, {"pattern": [235, 132], "threshold": null}, {"pattern": [188, 103, 215], "threshold": null}, {"pattern": [188, 103], "threshold": null}, {"pattern": [188], "threshold": null}, {"pattern": [38], "threshold": null}, {"pattern": [181], "threshold": null}, {"pattern": [74, 103], "threshold": null}, {"pattern": [132], "threshold": null}, {"pattern": [158], "threshold": null}, {"pattern": [188, 86], "threshold": null}, {"pattern": [188, 245, 86], "threshold": null}, {"pattern": [241, 188, 158], "threshold": null}, {"pattern": [212, 158], "threshold": null}, {"pattern": [212, 86], "threshold": null}, {"pattern": [248, 158], "threshold": null}, {"pattern": [86, 38], "threshold": null}, {"pattern": [13, 158], "threshold": null}, {"pattern": [56, 86], "threshold": null}, {"pattern": [88, 188, 103], "threshold": null}, {"pattern": [116, 158, 188, 86], "threshold": null}, {"pattern": [188, 215], "threshold": null}, {"pattern": [180, 86], "threshold": null}, {"pattern": [93], "threshold": null}, {"pattern": [196, 188, 215], "threshold": null}, {"pattern": [38, 158], "threshold": null}, {"pattern": [50, 139], "threshold": null}, {"pattern": [177, 158], "threshold": null}, {"pattern": [90, 158, 188, 86], "threshold": null}, {"pattern": [81, 188, 63], "threshold": null}, {"pattern": [180, 86, 215], "threshold": null}, {"pattern": [158, 87], "threshold": null}, {"pattern": [132, 188, 103], "threshold": null}, {"pattern": [116, 188, 86], "threshold": null}, {"pattern": [188, 158], "threshold": null}, {"pattern": [116, 212, 158], "threshold": null}, {"pattern": [212, 188], "threshold": null}, {"pattern": [52, 119], "threshold": null}, {"pattern": [35, 103], "threshold": null}, {"pattern": [209, 59], "threshold": null}, {"pattern": [86, 103], "threshold": null}, {"pattern": [188, 86, 63], "threshold": null}]}, {"config": {"code_name": "[CS CM OC][Len SSize MFit CAtom][GNone]", "population_size": 100, "evaluation_budget": 10000, "cluster_info_file_name": "C:\\Users\\gac8\\PycharmProjects\\PSSearch\\retail_forecasting_data_collection\\data\\cluster_info_250_random.pkl", "use_custom_sampling_operator": true, "use_custom_mutation_operator": true, "use_custom_crossover_operator": false, "use_custom_atomicity": true, "genome_threshold": null, "include_ps_len": true, "include_sample_quantity": true, "include_wasserstein_distance": false, "include_diff_median": false, "include_atomicity": true, "include_p_value": false, "include_mean_fitness": true, "include_variance": false}, "results": [{"pattern": [212], "threshold": null}, {"pattern": [103], "threshold": null}, {"pattern": [45], "threshold": null}, {"pattern": [205, 63], "threshold": null}, {"pattern": [26, 215], "threshold": null}, {"pattern": [13, 215], "threshold": null}, {"pattern": [137, 61], "threshold": null}, {"pattern": [217, 158], "threshold": null}, {"pattern": [212, 215], "threshold": null}, {"pattern": [202, 235], "threshold": null}, {"pattern": [116, 103], "threshold": null}, {"pattern": [208, 158], "threshold": null}, {"pattern": [93], "threshold": null}, {"pattern": [196, 215], "threshold": null}, {"pattern": [169, 63], "threshold": null}, {"pattern": [188, 38], "threshold": null}, {"pattern": [237], "threshold": null}, {"pattern": [217, 13], "threshold": null}, {"pattern": [86], "threshold": null}, {"pattern": [188, 71], "threshold": null}, {"pattern": [49, 116], "threshold": null}, {"pattern": [162, 109], "threshold": null}, {"pattern": [188], "threshold": null}, {"pattern": [232, 52], "threshold": null}, {"pattern": [50, 139], "threshold": null}, {"pattern": [212, 93], "threshold": null}, {"pattern": [101, 135], "threshold": null}, {"pattern": [196], "threshold": null}, {"pattern": [230], "threshold": null}, {"pattern": [132], "threshold": null}, {"pattern": [158], "threshold": null}, {"pattern": [88, 237], "threshold": null}, {"pattern": [16, 237], "threshold": null}, {"pattern": [88], "threshold": null}, {"pattern": [11, 205], "threshold": null}, {"pattern": [61, 134], "threshold": null}, {"pattern": [205, 119], "threshold": null}, {"pattern": [196, 190], "threshold": null}, {"pattern": [195, 13], "threshold": null}, {"pattern": [16, 235], "threshold": null}, {"pattern": [25], "threshold": null}, {"pattern": [27, 215], "threshold": null}, {"pattern": [158, 215], "threshold": null}, {"pattern": [93, 13], "threshold": null}, {"pattern": [120], "threshold": null}, {"pattern": [38, 63], "threshold": null}, {"pattern": [217], "threshold": null}, {"pattern": [217, 90], "threshold": null}, {"pattern": [215, 63], "threshold": null}, {"pattern": [180, 63], "threshold": null}, {"pattern": [18, 205], "threshold": null}, {"pattern": [13], "threshold": null}, {"pattern": [65], "threshold": null}, {"pattern": [171, 86], "threshold": null}]}]}