{"extra_info": {"version": "fallback_v1", "seed": 82}, "data": [{"config": {"code_name": "[CS CM CC][Len SSize MFit CAtom][GNone]", "population_size": 100, "evaluation_budget": 10000, "cluster_info_file_name": "C:\\Users\\gac8\\PycharmProjects\\PSSearch\\retail_forecasting_data_collection\\data\\cluster_info_250_random.pkl", "use_custom_sampling_operator": true, "use_custom_mutation_operator": true, "use_custom_crossover_operator": true, "use_custom_atomicity": true, "genome_threshold": null, "include_ps_len": true, "include_sample_quantity": true, "include_wasserstein_distance": false, "include_diff_median": false, "include_atomicity": true, "include_p_value": false, "include_mean_fitness": true, "include_variance": false}, "results": [{"pattern": [18, 212], "threshold": null}, {"pattern": [212, 157], "threshold": null}, {"pattern": [27, 181], "threshold": null}, {"pattern": [50, 167], "threshold": null}, {"pattern": [132, 215], "threshold": null}, {"pattern": [205, 86], "threshold": null}, {"pattern": [91, 215], "threshold": null}, {"pattern": [212], "threshold": null}, {"pattern": [237, 134], "threshold": null}, {"pattern": [27, 171], "threshold": null}, {"pattern": [13], "threshold": null}, {"pattern": [88, 134], "threshold": null}, {"pattern": [16, 202], "threshold": null}, {"pattern": [50, 90], "threshold": null}, {"pattern": [180, 132], "threshold": null}, {"pattern": [188, 205], "threshold": null}, {"pattern": [188, 196, 180], "threshold": null}, {"pattern": [212, 167], "threshold": null}, {"pattern": [196], "threshold": null}, {"pattern": [120], "threshold": null}, {"pattern": [8, 19], "threshold": null}, {"pattern": [146, 101], "threshold": null}, {"pattern": [93], "threshold": null}, {"pattern": [188], "threshold": null}, {"pattern": [249, 195], "threshold": null}, {"pattern": [77, 134], "threshold": null}, {"pattern": [103], "threshold": null}, {"pattern": [202, 86], "threshold": null}, {"pattern": [196, 13], "threshold": null}, {"pattern": [86], "threshold": null}, {"pattern": [109, 38], "threshold": null}, {"pattern": [232, 52], "threshold": null}, {"pattern": [27, 221], "threshold": null}, {"pattern": [158], "threshold": null}, {"pattern": [237, 158], "threshold": null}, {"pattern": [90, 30], "threshold": null}, {"pattern": [25], "threshold": null}, {"pattern": [212, 246], "threshold": null}, {"pattern": [65], "threshold": null}, {"pattern": [16, 151], "threshold": null}, {"pattern": [16, 103], "threshold": null}, {"pattern": [16, 92], "threshold": null}, {"pattern": [81, 202], "threshold": null}, {"pattern": [56, 114], "threshold": null}, {"pattern": [45], "threshold": null}, {"pattern": [230], "threshold": null}, {"pattern": [35, 116], "threshold": null}, {"pattern": [26, 103], "threshold": null}, {"pattern": [88], "threshold": null}, {"pattern": [29, 13], "threshold": null}, {"pattern": [54], "threshold": null}, {"pattern": [224, 202], "threshold": null}, {"pattern": [132], "threshold": null}, {"pattern": [90, 132, 13], "threshold": null}, {"pattern": [237], "threshold": null}, {"pattern": [33, 75], "threshold": null}, {"pattern": [241, 167], "threshold": null}, {"pattern": [35, 52], "threshold": null}]}, {"config": {"code_name": "[CS CM CC][SSize MFit CAtom][GNone]", "population_size": 100, "evaluation_budget": 10000, "cluster_info_file_name": "C:\\Users\\gac8\\PycharmProjects\\PSSearch\\retail_forecasting_data_collection\\data\\cluster_info_250_random.pkl", "use_custom_sampling_operator": true, "use_custom_mutation_operator": true, "use_custom_crossover_operator": true, "use_custom_atomicity": true, "genome_threshold": null, "include_ps_len": false, "include_sample_quantity": true, "include_wasserstein_distance": false, "include_diff_median": false, "include_atomicity": true, "include_p_value": false, "include_mean_fitness": true, "include_variance": false}, "results": [{"pattern": [202, 27, 188], "threshold": null}, {"pattern": [132, 167], "threshold": null}, {"pattern": [13], "threshold": null}, {"pattern": [65, 131], "threshold": null}, {"pattern": [180, 134], "threshold": null}, {"pattern": [65], "threshold": null}, {"pattern": [212], "threshold": null}, {"pattern": [237, 158], "threshold": null}, {"pattern": [86], "threshold": null}, {"pattern": [162, 196], "threshold": null}, {"pattern": [103], "threshold": null}, {"pattern": [217, 134], "threshold": null}, {"pattern": [196, 215], "threshold": null}, {"pattern": [224, 177], "threshold": null}, {"pattern": [65, 86], "threshold": null}, {"pattern": [65, 212], "threshold": null}, {"pattern": [237], "threshold": null}, {"pattern": [171, 188, 86], "threshold": null}, {"pattern": [93, 215], "threshold": null}, {"pattern": [88, 202], "threshold": null}, {"pattern": [116, 134], "threshold": null}, {"pattern": [171, 188], "threshold": null}, {"pattern": [95, 63], "threshold": null}, {"pattern": [162, 221], "threshold": null}, {"pattern": [27, 181], "threshold": null}, {"pattern": [202, 180], "threshold": null}, {"pattern": [202, 188, 63], "threshold": null}, {"pattern": [196], "threshold": null}, {"pattern": [132], "threshold": null}, {"pattern": [248, 215], "threshold": null}, {"pattern": [221, 215], "threshold": null}, {"pattern": [27, 171], "threshold": null}, {"pattern": [88, 237], "threshold": null}, {"pattern": [61, 173], "threshold": null}, {"pattern": [232, 87], "threshold": null}, {"pattern": [201, 195], "threshold": null}, {"pattern": [188], "threshold": null}, {"pattern": [180, 173], "threshold": null}, {"pattern": [16, 134], "threshold": null}, {"pattern": [116, 167], "threshold": null}, {"pattern": [158], "threshold": null}, {"pattern": [59, 245], "threshold": null}, {"pattern": [65, 13], "threshold": null}, {"pattern": [188, 215], "threshold": null}, {"pattern": [64, 117], "threshold": null}]}, {"config": {"code_name": "[CS CM CC][Len MFit CAtom][GNone]", "population_size": 100, "evaluation_budget": 10000, "cluster_info_file_name": "C:\\Users\\gac8\\PycharmProjects\\PSSearch\\retail_forecasting_data_collection\\data\\cluster_info_250_random.pkl", "use_custom_sampling_operator": true, "use_custom_mutation_operator": true, "use_custom_crossover_operator": true, "use_custom_atomicity": true, "genome_threshold": null, "include_ps_len": true, "include_sample_quantity": false, "include_wasserstein_distance": false, "include_diff_median": false, "include_atomicity": true, "include_p_value": false, "include_mean_fitness": true, "include_variance": false}, "results": [{"pattern": [235, 134], "threshold": null}, {"pattern": [196, 102], "threshold": null}, {"pattern": [16, 237], "threshold": null}, {"pattern": [179, 71], "threshold": null}, {"pattern": [184, 87], "threshold": null}, {"pattern": [76, 61], "threshold": null}, {"pattern": [120], "threshold": null}]}, {"config": {"code_name": "[CS CM CC][Len SSize CAtom][GNone]", "population_size": 100, "evaluation_budget": 10000, "cluster_info_file_name": "C:\\Users\\gac8\\PycharmProjects\\PSSearch\\retail_forecasting_data_collection\\data\\cluster_info_250_random.pkl", "use_custom_sampling_operator": true, "use_custom_mutation_operator": true, "use_custom_crossover_operator": true, "use_custom_atomicity": true, "genome_threshold": null, "include_ps_len": true, "include_sample_quantity": true, "include_wasserstein_distance": false, "include_diff_median": false, "include_atomicity": true, "include_p_value": false, "include_mean_fitness": false, "include_variance": false}, "results": [{"pattern": [90, 188], "threshold": null}, {"pattern": [224, 65], "threshold": null}, {"pattern": [11, 109], "threshold": null}, {"pattern": [221, 61], "threshold": null}, {"pattern": [188, 71], "threshold": null}, {"pattern": [34, 151], "threshold": null}, {"pattern": [171, 47], "threshold": null}, {"pattern": [34, 188], "threshold": null}, {"pattern": [188], "threshold": null}]}, {"config": {"code_name": "[CS CM CC][Len SSize MFit][GNone]", "population_size": 100, "evaluation_budget": 10000, "cluster_info_file_name": "C:\\Users\\gac8\\PycharmProjects\\PSSearch\\retail_forecasting_data_collection\\data\\cluster_info_250_random.pkl", "use_custom_sampling_operator": true, "use_custom_mutation_operator": true, "use_custom_crossover_operator": true, "use_custom_atomicity": true, "genome_threshold": null, "include_ps_len": true, "include_sample_quantity": true, "include_wasserstein_distance": false, "include_diff_median": false, "include_atomicity": false, "include_p_value": false, "include_mean_fitness": true, "include_variance": false}, "results": [{"pattern": [54], "threshold": null}, {"pattern": [180, 164], "threshold": null}, {"pattern": [212], "threshold": null}, {"pattern": [230], "threshold": null}, {"pattern": [13], "threshold": null}, {"pattern": [86, 63], "threshold": null}, {"pattern": [103], "threshold": null}, {"pattern": [16, 212], "threshold": null}, {"pattern": [88], "threshold": null}, {"pattern": [25], "threshold": null}, {"pattern": [16, 132], "threshold": null}, {"pattern": [93], "threshold": null}, {"pattern": [16, 158], "threshold": null}, {"pattern": [196], "threshold": null}, {"pattern": [27, 215], "threshold": null}, {"pattern": [237, 215], "threshold": null}, {"pattern": [188], "threshold": null}, {"pattern": [212, 86], "threshold": null}, {"pattern": [132, 237], "threshold": null}, {"pattern": [132], "threshold": null}, {"pattern": [202, 158], "threshold": null}, {"pattern": [86], "threshold": null}, {"pattern": [237], "threshold": null}, {"pattern": [196, 134, 63], "threshold": null}, {"pattern": [158], "threshold": null}, {"pattern": [65], "threshold": null}, {"pattern": [45], "threshold": null}, {"pattern": [120], "threshold": null}, {"pattern": [49, 103], "threshold": null}]}, {"config": {"code_name": "[OS CM CC][Len SSize MFit CAtom][GNone]", "population_size": 100, "evaluation_budget": 10000, "cluster_info_file_name": "C:\\Users\\gac8\\PycharmProjects\\PSSearch\\retail_forecasting_data_collection\\data\\cluster_info_250_random.pkl", "use_custom_sampling_operator": false, "use_custom_mutation_operator": true, "use_custom_crossover_operator": true, "use_custom_atomicity": true, "genome_threshold": null, "include_ps_len": true, "include_sample_quantity": true, "include_wasserstein_distance": false, "include_diff_median": false, "include_atomicity": true, "include_p_value": false, "include_mean_fitness": true, "include_variance": false}, "results": [{"pattern": [18, 37], "threshold": null}, {"pattern": [212], "threshold": null}, {"pattern": [132, 30], "threshold": null}, {"pattern": [13], "threshold": null}, {"pattern": [180, 158], "threshold": null}, {"pattern": [27, 63], "threshold": null}, {"pattern": [212, 190], "threshold": null}, {"pattern": [74, 35], "threshold": null}, {"pattern": [196, 180], "threshold": null}, {"pattern": [212, 103], "threshold": null}, {"pattern": [180, 63], "threshold": null}, {"pattern": [180, 244], "threshold": null}, {"pattern": [196], "threshold": null}, {"pattern": [120], "threshold": null}, {"pattern": [25, 134], "threshold": null}, {"pattern": [93], "threshold": null}, {"pattern": [188], "threshold": null}, {"pattern": [103], "threshold": null}, {"pattern": [119, 87], "threshold": null}, {"pattern": [86], "threshold": null}, {"pattern": [158], "threshold": null}, {"pattern": [237], "threshold": null}, {"pattern": [147, 63], "threshold": null}, {"pattern": [25], "threshold": null}, {"pattern": [91, 188], "threshold": null}, {"pattern": [65], "threshold": null}, {"pattern": [139, 165], "threshold": null}, {"pattern": [81, 63], "threshold": null}, {"pattern": [45], "threshold": null}, {"pattern": [24, 86], "threshold": null}, {"pattern": [212, 116], "threshold": null}, {"pattern": [137, 77], "threshold": null}, {"pattern": [230], "threshold": null}, {"pattern": [196, 93], "threshold": null}, {"pattern": [88], "threshold": null}, {"pattern": [25, 90], "threshold": null}, {"pattern": [248, 63], "threshold": null}, {"pattern": [54], "threshold": null}, {"pattern": [34, 245], "threshold": null}, {"pattern": [132], "threshold": null}, {"pattern": [93, 13], "threshold": null}, {"pattern": [65, 241], "threshold": null}, {"pattern": [235, 158], "threshold": null}, {"pattern": [122, 205], "threshold": null}, {"pattern": [188, 151], "threshold": null}, {"pattern": [25, 215], "threshold": null}, {"pattern": [171, 188], "threshold": null}]}, {"config": {"code_name": "[CS OM CC][Len SSize MFit CAtom][GNone]", "population_size": 100, "evaluation_budget": 10000, "cluster_info_file_name": "C:\\Users\\gac8\\PycharmProjects\\PSSearch\\retail_forecasting_data_collection\\data\\cluster_info_250_random.pkl", "use_custom_sampling_operator": true, "use_custom_mutation_operator": false, "use_custom_crossover_operator": true, "use_custom_atomicity": true, "genome_threshold": null, "include_ps_len": true, "include_sample_quantity": true, "include_wasserstein_distance": false, "include_diff_median": false, "include_atomicity": true, "include_p_value": false, "include_mean_fitness": true, "include_variance": false}, "results": [{"pattern": [212, 63], "threshold": null}, {"pattern": [27, 181], "threshold": null}, {"pattern": [189], "threshold": null}, {"pattern": [212, 13, 63], "threshold": null}, {"pattern": [177, 53], "threshold": null}, {"pattern": [132, 215], "threshold": null}, {"pattern": [212], "threshold": null}, {"pattern": [132, 190], "threshold": null}, {"pattern": [212, 188, 190], "threshold": null}, {"pattern": [27], "threshold": null}, {"pattern": [116, 237], "threshold": null}, {"pattern": [217, 212], "threshold": null}, {"pattern": [38], "threshold": null}, {"pattern": [27, 86], "threshold": null}, {"pattern": [196, 61], "threshold": null}, {"pattern": [27, 55], "threshold": null}, {"pattern": [217, 215], "threshold": null}, {"pattern": [196], "threshold": null}, {"pattern": [212, 132], "threshold": null}, {"pattern": [196, 102], "threshold": null}, {"pattern": [102], "threshold": null}, {"pattern": [180, 132, 215], "threshold": null}, {"pattern": [132, 212, 63], "threshold": null}, {"pattern": [90, 212, 158], "threshold": null}, {"pattern": [27, 86, 215], "threshold": null}, {"pattern": [34, 180], "threshold": null}, {"pattern": [27, 245], "threshold": null}, {"pattern": [134, 38], "threshold": null}, {"pattern": [90, 212], "threshold": null}, {"pattern": [180, 212, 13], "threshold": null}, {"pattern": [116, 158], "threshold": null}, {"pattern": [155, 212], "threshold": null}, {"pattern": [180, 196, 212, 13], "threshold": null}, {"pattern": [212, 30, 63], "threshold": null}, {"pattern": [245, 190], "threshold": null}, {"pattern": [27, 215], "threshold": null}, {"pattern": [177, 90, 212], "threshold": null}, {"pattern": [16, 132], "threshold": null}, {"pattern": [27, 196], "threshold": null}, {"pattern": [180, 212, 103], "threshold": null}, {"pattern": [16, 212, 63], "threshold": null}, {"pattern": [27, 103], "threshold": null}, {"pattern": [180, 188, 212, 13], "threshold": null}, {"pattern": [180, 212], "threshold": null}, {"pattern": [190, 63], "threshold": null}, {"pattern": [180, 212, 63], "threshold": null}, {"pattern": [132], "threshold": null}, {"pattern": [90, 27, 212], "threshold": null}, {"pattern": [181], "threshold": null}, {"pattern": [190, 87], "threshold": null}, {"pattern": [27, 116], "threshold": null}, {"pattern": [116, 212, 63], "threshold": null}, {"pattern": [27, 188], "threshold": null}, {"pattern": [25, 212], "threshold": null}]}, {"config": {"code_name": "[CS CM OC][Len SSize MFit CAtom][GNone]", "population_size": 100, "evaluation_budget": 10000, "cluster_info_file_name": "C:\\Users\\gac8\\PycharmProjects\\PSSearch\\retail_forecasting_data_collection\\data\\cluster_info_250_random.pkl", "use_custom_sampling_operator": true, "use_custom_mutation_operator": true, "use_custom_crossover_operator": false, "use_custom_atomicity": true, "genome_threshold": null, "include_ps_len": true, "include_sample_quantity": true, "include_wasserstein_distance": false, "include_diff_median": false, "include_atomicity": true, "include_p_value": false, "include_mean_fitness": true, "include_variance": false}, "results": [{"pattern": [50, 92], "threshold": null}, {"pattern": [232, 103], "threshold": null}, {"pattern": [212], "threshold": null}, {"pattern": [232, 119], "threshold": null}, {"pattern": [217, 196], "threshold": null}, {"pattern": [202, 188], "threshold": null}, {"pattern": [209, 188], "threshold": null}, {"pattern": [61, 158], "threshold": null}, {"pattern": [177, 196], "threshold": null}, {"pattern": [13], "threshold": null}, {"pattern": [25, 235], "threshold": null}, {"pattern": [91, 158], "threshold": null}, {"pattern": [65, 237], "threshold": null}, {"pattern": [88, 13], "threshold": null}, {"pattern": [215, 63], "threshold": null}, {"pattern": [244, 13], "threshold": null}, {"pattern": [13, 86], "threshold": null}, {"pattern": [27, 132], "threshold": null}, {"pattern": [196], "threshold": null}, {"pattern": [120], "threshold": null}, {"pattern": [61, 63], "threshold": null}, {"pattern": [25, 202], "threshold": null}, {"pattern": [93], "threshold": null}, {"pattern": [188], "threshold": null}, {"pattern": [204, 158], "threshold": null}, {"pattern": [90, 171, 180], "threshold": null}, {"pattern": [103], "threshold": null}, {"pattern": [123, 13], "threshold": null}, {"pattern": [86], "threshold": null}, {"pattern": [165, 71], "threshold": null}, {"pattern": [158], "threshold": null}, {"pattern": [237], "threshold": null}, {"pattern": [25], "threshold": null}, {"pattern": [132, 158], "threshold": null}, {"pattern": [65], "threshold": null}, {"pattern": [217, 63], "threshold": null}, {"pattern": [45], "threshold": null}, {"pattern": [132, 86], "threshold": null}, {"pattern": [241, 188], "threshold": null}, {"pattern": [230], "threshold": null}, {"pattern": [88], "threshold": null}, {"pattern": [90, 134], "threshold": null}, {"pattern": [202, 142], "threshold": null}, {"pattern": [54], "threshold": null}, {"pattern": [212, 245], "threshold": null}, {"pattern": [224, 202], "threshold": null}, {"pattern": [132], "threshold": null}, {"pattern": [16, 204], "threshold": null}, {"pattern": [165, 47], "threshold": null}, {"pattern": [35, 132], "threshold": null}, {"pattern": [235, 158], "threshold": null}, {"pattern": [25, 212], "threshold": null}, {"pattern": [142, 47], "threshold": null}, {"pattern": [132, 237], "threshold": null}]}]}