{"extra_info": {"version": "fallback_v1", "seed": 10}, "data": [{"config": {"code_name": "[CS CM CC][Len SSize MFit CAtom][GNone]", "population_size": 100, "evaluation_budget": 10000, "cluster_info_file_name": "C:\\Users\\gac8\\PycharmProjects\\PSSearch\\retail_forecasting_data_collection\\data\\cluster_info_250_random.pkl", "use_custom_sampling_operator": true, "use_custom_mutation_operator": true, "use_custom_crossover_operator": true, "use_custom_atomicity": true, "genome_threshold": null, "include_ps_len": true, "include_sample_quantity": true, "include_wasserstein_distance": false, "include_diff_median": false, "include_atomicity": true, "include_p_value": false, "include_mean_fitness": true, "include_variance": false}, "results": [{"pattern": [204, 183], "threshold": null}, {"pattern": [193, 215], "threshold": null}, {"pattern": [230], "threshold": null}, {"pattern": [212, 93], "threshold": null}, {"pattern": [33, 68], "threshold": null}, {"pattern": [237], "threshold": null}, {"pattern": [132, 190], "threshold": null}, {"pattern": [205, 119], "threshold": null}, {"pattern": [71, 47], "threshold": null}, {"pattern": [134, 87], "threshold": null}, {"pattern": [241, 116], "threshold": null}, {"pattern": [211, 86], "threshold": null}, {"pattern": [146, 43, 13], "threshold": null}, {"pattern": [88], "threshold": null}, {"pattern": [25], "threshold": null}, {"pattern": [188], "threshold": null}, {"pattern": [65, 132], "threshold": null}, {"pattern": [193, 212], "threshold": null}, {"pattern": [65], "threshold": null}, {"pattern": [202, 27], "threshold": null}, {"pattern": [86], "threshold": null}, {"pattern": [25, 177], "threshold": null}, {"pattern": [232, 105], "threshold": null}, {"pattern": [103], "threshold": null}, {"pattern": [137, 77], "threshold": null}, {"pattern": [249, 101], "threshold": null}, {"pattern": [196], "threshold": null}, {"pattern": [212, 157], "threshold": null}, {"pattern": [45], "threshold": null}, {"pattern": [158], "threshold": null}, {"pattern": [16, 63], "threshold": null}, {"pattern": [188, 101], "threshold": null}, {"pattern": [16, 204], "threshold": null}, {"pattern": [132], "threshold": null}, {"pattern": [120], "threshold": null}, {"pattern": [195, 13], "threshold": null}, {"pattern": [171, 212], "threshold": null}, {"pattern": [196, 158], "threshold": null}, {"pattern": [212], "threshold": null}, {"pattern": [16, 197], "threshold": null}, {"pattern": [215, 196, 103], "threshold": null}, {"pattern": [188, 164], "threshold": null}, {"pattern": [30, 63], "threshold": null}, {"pattern": [13], "threshold": null}, {"pattern": [177, 188], "threshold": null}, {"pattern": [88, 134], "threshold": null}, {"pattern": [65, 131], "threshold": null}, {"pattern": [11, 109], "threshold": null}, {"pattern": [34, 87], "threshold": null}, {"pattern": [16, 158], "threshold": null}, {"pattern": [184, 212], "threshold": null}, {"pattern": [237, 86], "threshold": null}, {"pattern": [177, 244], "threshold": null}, {"pattern": [188, 86], "threshold": null}]}, {"config": {"code_name": "[CS CM CC][SSize MFit CAtom][GNone]", "population_size": 100, "evaluation_budget": 10000, "cluster_info_file_name": "C:\\Users\\gac8\\PycharmProjects\\PSSearch\\retail_forecasting_data_collection\\data\\cluster_info_250_random.pkl", "use_custom_sampling_operator": true, "use_custom_mutation_operator": true, "use_custom_crossover_operator": true, "use_custom_atomicity": true, "genome_threshold": null, "include_ps_len": false, "include_sample_quantity": true, "include_wasserstein_distance": false, "include_diff_median": false, "include_atomicity": true, "include_p_value": false, "include_mean_fitness": true, "include_variance": false}, "results": [{"pattern": [16, 134], "threshold": null}, {"pattern": [24, 158], "threshold": null}, {"pattern": [88, 237], "threshold": null}, {"pattern": [61, 190], "threshold": null}, {"pattern": [13], "threshold": null}, {"pattern": [217, 86], "threshold": null}, {"pattern": [196], "threshold": null}, {"pattern": [56, 63], "threshold": null}, {"pattern": [232, 132], "threshold": null}, {"pattern": [80, 52], "threshold": null}, {"pattern": [188, 86], "threshold": null}, {"pattern": [171, 188], "threshold": null}, {"pattern": [90, 221], "threshold": null}, {"pattern": [188], "threshold": null}, {"pattern": [212, 245], "threshold": null}, {"pattern": [212, 93], "threshold": null}, {"pattern": [66, 134], "threshold": null}, {"pattern": [132], "threshold": null}, {"pattern": [88], "threshold": null}, {"pattern": [90, 211], "threshold": null}, {"pattern": [188, 221], "threshold": null}, {"pattern": [69, 71], "threshold": null}, {"pattern": [86], "threshold": null}, {"pattern": [212], "threshold": null}, {"pattern": [212, 190], "threshold": null}, {"pattern": [65], "threshold": null}, {"pattern": [212, 132], "threshold": null}, {"pattern": [56, 155], "threshold": null}, {"pattern": [139, 188], "threshold": null}, {"pattern": [104, 142], "threshold": null}, {"pattern": [188, 134], "threshold": null}, {"pattern": [212, 134], "threshold": null}, {"pattern": [137, 196], "threshold": null}, {"pattern": [16, 188], "threshold": null}, {"pattern": [132, 134], "threshold": null}, {"pattern": [245, 190], "threshold": null}, {"pattern": [196, 180], "threshold": null}, {"pattern": [158], "threshold": null}, {"pattern": [215, 103], "threshold": null}]}, {"config": {"code_name": "[CS CM CC][Len MFit CAtom][GNone]", "population_size": 100, "evaluation_budget": 10000, "cluster_info_file_name": "C:\\Users\\gac8\\PycharmProjects\\PSSearch\\retail_forecasting_data_collection\\data\\cluster_info_250_random.pkl", "use_custom_sampling_operator": true, "use_custom_mutation_operator": true, "use_custom_crossover_operator": true, "use_custom_atomicity": true, "genome_threshold": null, "include_ps_len": true, "include_sample_quantity": false, "include_wasserstein_distance": false, "include_diff_median": false, "include_atomicity": true, "include_p_value": false, "include_mean_fitness": true, "include_variance": false}, "results": [{"pattern": [157, 158], "threshold": null}, {"pattern": [11, 119], "threshold": null}, {"pattern": [25, 52], "threshold": null}, {"pattern": [120], "threshold": null}, {"pattern": [192, 101], "threshold": null}, {"pattern": [49, 82], "threshold": null}, {"pattern": [16, 25], "threshold": null}]}, {"config": {"code_name": "[CS CM CC][Len SSize CAtom][GNone]", "population_size": 100, "evaluation_budget": 10000, "cluster_info_file_name": "C:\\Users\\gac8\\PycharmProjects\\PSSearch\\retail_forecasting_data_collection\\data\\cluster_info_250_random.pkl", "use_custom_sampling_operator": true, "use_custom_mutation_operator": true, "use_custom_crossover_operator": true, "use_custom_atomicity": true, "genome_threshold": null, "include_ps_len": true, "include_sample_quantity": true, "include_wasserstein_distance": false, "include_diff_median": false, "include_atomicity": true, "include_p_value": false, "include_mean_fitness": false, "include_variance": false}, "results": [{"pattern": [212, 180], "threshold": null}, {"pattern": [90, 212], "threshold": null}, {"pattern": [188, 180], "threshold": null}, {"pattern": [87, 63], "threshold": null}, {"pattern": [188], "threshold": null}, {"pattern": [69, 71], "threshold": null}, {"pattern": [244, 13], "threshold": null}, {"pattern": [80, 229], "threshold": null}]}, {"config": {"code_name": "[CS CM CC][Len SSize MFit][GNone]", "population_size": 100, "evaluation_budget": 10000, "cluster_info_file_name": "C:\\Users\\gac8\\PycharmProjects\\PSSearch\\retail_forecasting_data_collection\\data\\cluster_info_250_random.pkl", "use_custom_sampling_operator": true, "use_custom_mutation_operator": true, "use_custom_crossover_operator": true, "use_custom_atomicity": true, "genome_threshold": null, "include_ps_len": true, "include_sample_quantity": true, "include_wasserstein_distance": false, "include_diff_median": false, "include_atomicity": false, "include_p_value": false, "include_mean_fitness": true, "include_variance": false}, "results": [{"pattern": [103], "threshold": null}, {"pattern": [196, 132], "threshold": null}, {"pattern": [158], "threshold": null}, {"pattern": [88], "threshold": null}, {"pattern": [180, 237], "threshold": null}, {"pattern": [132], "threshold": null}, {"pattern": [27, 188], "threshold": null}, {"pattern": [212], "threshold": null}, {"pattern": [217, 212], "threshold": null}, {"pattern": [235, 132], "threshold": null}, {"pattern": [13], "threshold": null}, {"pattern": [208, 158], "threshold": null}, {"pattern": [196, 13], "threshold": null}, {"pattern": [45], "threshold": null}, {"pattern": [86], "threshold": null}, {"pattern": [120], "threshold": null}, {"pattern": [196, 38], "threshold": null}, {"pattern": [25], "threshold": null}, {"pattern": [212, 132], "threshold": null}, {"pattern": [180, 167], "threshold": null}, {"pattern": [196], "threshold": null}, {"pattern": [16, 212], "threshold": null}, {"pattern": [230], "threshold": null}, {"pattern": [65], "threshold": null}, {"pattern": [139, 196], "threshold": null}, {"pattern": [188], "threshold": null}, {"pattern": [202, 188], "threshold": null}, {"pattern": [237], "threshold": null}, {"pattern": [248, 158], "threshold": null}]}, {"config": {"code_name": "[OS CM CC][Len SSize MFit CAtom][GNone]", "population_size": 100, "evaluation_budget": 10000, "cluster_info_file_name": "C:\\Users\\gac8\\PycharmProjects\\PSSearch\\retail_forecasting_data_collection\\data\\cluster_info_250_random.pkl", "use_custom_sampling_operator": false, "use_custom_mutation_operator": true, "use_custom_crossover_operator": true, "use_custom_atomicity": true, "genome_threshold": null, "include_ps_len": true, "include_sample_quantity": true, "include_wasserstein_distance": false, "include_diff_median": false, "include_atomicity": true, "include_p_value": false, "include_mean_fitness": true, "include_variance": false}, "results": [{"pattern": [204, 183], "threshold": null}, {"pattern": [34, 4], "threshold": null}, {"pattern": [230], "threshold": null}, {"pattern": [74, 68], "threshold": null}, {"pattern": [212, 173], "threshold": null}, {"pattern": [237], "threshold": null}, {"pattern": [248, 215], "threshold": null}, {"pattern": [208, 171], "threshold": null}, {"pattern": [158, 38], "threshold": null}, {"pattern": [241, 132], "threshold": null}, {"pattern": [81, 196], "threshold": null}, {"pattern": [88], "threshold": null}, {"pattern": [25], "threshold": null}, {"pattern": [188], "threshold": null}, {"pattern": [235, 196], "threshold": null}, {"pattern": [212, 86, 215], "threshold": null}, {"pattern": [49, 74], "threshold": null}, {"pattern": [65], "threshold": null}, {"pattern": [13, 157], "threshold": null}, {"pattern": [164, 116], "threshold": null}, {"pattern": [86], "threshold": null}, {"pattern": [103], "threshold": null}, {"pattern": [16, 116], "threshold": null}, {"pattern": [116, 237], "threshold": null}, {"pattern": [196], "threshold": null}, {"pattern": [188, 100], "threshold": null}, {"pattern": [53, 158], "threshold": null}, {"pattern": [45], "threshold": null}, {"pattern": [158], "threshold": null}, {"pattern": [16, 235], "threshold": null}, {"pattern": [132], "threshold": null}, {"pattern": [120], "threshold": null}, {"pattern": [27, 222], "threshold": null}, {"pattern": [167, 103], "threshold": null}, {"pattern": [18, 205], "threshold": null}, {"pattern": [34, 103], "threshold": null}, {"pattern": [19, 13], "threshold": null}, {"pattern": [35, 68], "threshold": null}, {"pattern": [65, 180], "threshold": null}, {"pattern": [212], "threshold": null}, {"pattern": [13], "threshold": null}, {"pattern": [217, 90], "threshold": null}, {"pattern": [90, 235], "threshold": null}, {"pattern": [16, 34], "threshold": null}, {"pattern": [59, 245], "threshold": null}, {"pattern": [27, 61], "threshold": null}, {"pattern": [49, 116], "threshold": null}, {"pattern": [202, 13], "threshold": null}, {"pattern": [137, 63], "threshold": null}]}, {"config": {"code_name": "[CS OM CC][Len SSize MFit CAtom][GNone]", "population_size": 100, "evaluation_budget": 10000, "cluster_info_file_name": "C:\\Users\\gac8\\PycharmProjects\\PSSearch\\retail_forecasting_data_collection\\data\\cluster_info_250_random.pkl", "use_custom_sampling_operator": true, "use_custom_mutation_operator": false, "use_custom_crossover_operator": true, "use_custom_atomicity": true, "genome_threshold": null, "include_ps_len": true, "include_sample_quantity": true, "include_wasserstein_distance": false, "include_diff_median": false, "include_atomicity": true, "include_p_value": false, "include_mean_fitness": true, "include_variance": false}, "results": [{"pattern": [74], "threshold": null}, {"pattern": [188, 103], "threshold": null}, {"pattern": [188, 237, 158], "threshold": null}, {"pattern": [188, 237], "threshold": null}, {"pattern": [65, 134], "threshold": null}, {"pattern": [13, 134], "threshold": null}, {"pattern": [181, 103], "threshold": null}, {"pattern": [188], "threshold": null}, {"pattern": [25], "threshold": null}, {"pattern": [241, 134], "threshold": null}, {"pattern": [25, 188, 215], "threshold": null}, {"pattern": [217, 103], "threshold": null}, {"pattern": [34, 38], "threshold": null}, {"pattern": [26, 19], "threshold": null}, {"pattern": [188, 132, 13], "threshold": null}, {"pattern": [25, 134], "threshold": null}, {"pattern": [196, 103], "threshold": null}, {"pattern": [202, 86], "threshold": null}, {"pattern": [34, 190], "threshold": null}, {"pattern": [87, 103], "threshold": null}, {"pattern": [103], "threshold": null}, {"pattern": [132, 134], "threshold": null}, {"pattern": [134, 95], "threshold": null}, {"pattern": [188, 237, 63], "threshold": null}, {"pattern": [16, 134], "threshold": null}, {"pattern": [212, 38], "threshold": null}, {"pattern": [90, 212], "threshold": null}, {"pattern": [180, 212, 13], "threshold": null}, {"pattern": [158], "threshold": null}, {"pattern": [116, 212], "threshold": null}, {"pattern": [196, 188, 134], "threshold": null}, {"pattern": [27, 103], "threshold": null}, {"pattern": [86, 158], "threshold": null}, {"pattern": [158, 134], "threshold": null}, {"pattern": [19, 206], "threshold": null}, {"pattern": [188, 63, 103], "threshold": null}, {"pattern": [158, 188, 134], "threshold": null}, {"pattern": [132, 13, 134], "threshold": null}, {"pattern": [212, 13], "threshold": null}, {"pattern": [25, 90, 188], "threshold": null}, {"pattern": [212], "threshold": null}, {"pattern": [190, 134], "threshold": null}, {"pattern": [132, 13], "threshold": null}, {"pattern": [196, 86, 103], "threshold": null}, {"pattern": [134, 103], "threshold": null}, {"pattern": [196, 188], "threshold": null}, {"pattern": [34, 188, 38], "threshold": null}]}, {"config": {"code_name": "[CS CM OC][Len SSize MFit CAtom][GNone]", "population_size": 100, "evaluation_budget": 10000, "cluster_info_file_name": "C:\\Users\\gac8\\PycharmProjects\\PSSearch\\retail_forecasting_data_collection\\data\\cluster_info_250_random.pkl", "use_custom_sampling_operator": true, "use_custom_mutation_operator": true, "use_custom_crossover_operator": false, "use_custom_atomicity": true, "genome_threshold": null, "include_ps_len": true, "include_sample_quantity": true, "include_wasserstein_distance": false, "include_diff_median": false, "include_atomicity": true, "include_p_value": false, "include_mean_fitness": true, "include_variance": false}, "results": [{"pattern": [230], "threshold": null}, {"pattern": [221, 102], "threshold": null}, {"pattern": [237], "threshold": null}, {"pattern": [132, 190], "threshold": null}, {"pattern": [171, 86], "threshold": null}, {"pattern": [65, 245], "threshold": null}, {"pattern": [27, 132], "threshold": null}, {"pattern": [25], "threshold": null}, {"pattern": [88], "threshold": null}, {"pattern": [146, 39], "threshold": null}, {"pattern": [188], "threshold": null}, {"pattern": [180, 164], "threshold": null}, {"pattern": [248, 55], "threshold": null}, {"pattern": [204, 158], "threshold": null}, {"pattern": [155, 63], "threshold": null}, {"pattern": [65], "threshold": null}, {"pattern": [25, 13], "threshold": null}, {"pattern": [245, 86], "threshold": null}, {"pattern": [208, 86], "threshold": null}, {"pattern": [27, 188], "threshold": null}, {"pattern": [86], "threshold": null}, {"pattern": [38, 103], "threshold": null}, {"pattern": [171, 103], "threshold": null}, {"pattern": [196, 181], "threshold": null}, {"pattern": [103], "threshold": null}, {"pattern": [212, 188], "threshold": null}, {"pattern": [177, 13], "threshold": null}, {"pattern": [196, 188, 244], "threshold": null}, {"pattern": [212, 38], "threshold": null}, {"pattern": [248, 196], "threshold": null}, {"pattern": [59, 151], "threshold": null}, {"pattern": [196], "threshold": null}, {"pattern": [119, 103], "threshold": null}, {"pattern": [17, 30], "threshold": null}, {"pattern": [45], "threshold": null}, {"pattern": [158], "threshold": null}, {"pattern": [212, 116], "threshold": null}, {"pattern": [56, 237], "threshold": null}, {"pattern": [16, 204], "threshold": null}, {"pattern": [132], "threshold": null}, {"pattern": [120], "threshold": null}, {"pattern": [237, 215], "threshold": null}, {"pattern": [212, 13], "threshold": null}, {"pattern": [232, 87], "threshold": null}, {"pattern": [235, 119], "threshold": null}, {"pattern": [241, 103], "threshold": null}, {"pattern": [212], "threshold": null}, {"pattern": [13], "threshold": null}, {"pattern": [232, 207], "threshold": null}, {"pattern": [30, 63], "threshold": null}, {"pattern": [188, 151], "threshold": null}, {"pattern": [16, 158], "threshold": null}, {"pattern": [202, 215, 103], "threshold": null}, {"pattern": [155, 38], "threshold": null}, {"pattern": [190, 63], "threshold": null}]}]}