{"extra_info": {"version": "fallback_v1", "seed": 24}, "data": [{"config": {"code_name": "[CS CM CC][Len SSize MFit CAtom][GNone]", "population_size": 100, "evaluation_budget": 10000, "cluster_info_file_name": "C:\\Users\\gac8\\PycharmProjects\\PSSearch\\retail_forecasting_data_collection\\data\\cluster_info_250_random.pkl", "use_custom_sampling_operator": true, "use_custom_mutation_operator": true, "use_custom_crossover_operator": true, "use_custom_atomicity": true, "genome_threshold": null, "include_ps_len": true, "include_sample_quantity": true, "include_wasserstein_distance": false, "include_diff_median": false, "include_atomicity": true, "include_p_value": false, "include_mean_fitness": true, "include_variance": false}, "results": [{"pattern": [180, 103], "threshold": null}, {"pattern": [27, 132], "threshold": null}, {"pattern": [245, 190], "threshold": null}, {"pattern": [93, 215], "threshold": null}, {"pattern": [177, 196], "threshold": null}, {"pattern": [188, 205], "threshold": null}, {"pattern": [90, 103], "threshold": null}, {"pattern": [232, 30], "threshold": null}, {"pattern": [188, 13], "threshold": null}, {"pattern": [188], "threshold": null}, {"pattern": [230], "threshold": null}, {"pattern": [86], "threshold": null}, {"pattern": [103], "threshold": null}, {"pattern": [27, 61], "threshold": null}, {"pattern": [188, 116], "threshold": null}, {"pattern": [202, 235], "threshold": null}, {"pattern": [120], "threshold": null}, {"pattern": [177, 158], "threshold": null}, {"pattern": [195, 239], "threshold": null}, {"pattern": [61, 30], "threshold": null}, {"pattern": [158], "threshold": null}, {"pattern": [13], "threshold": null}, {"pattern": [188, 71], "threshold": null}, {"pattern": [65, 196], "threshold": null}, {"pattern": [212], "threshold": null}, {"pattern": [16, 134], "threshold": null}, {"pattern": [54], "threshold": null}, {"pattern": [90, 86], "threshold": null}, {"pattern": [132, 28], "threshold": null}, {"pattern": [88, 215], "threshold": null}, {"pattern": [196, 86, 215], "threshold": null}, {"pattern": [27, 103], "threshold": null}, {"pattern": [25], "threshold": null}, {"pattern": [45], "threshold": null}, {"pattern": [25, 215], "threshold": null}, {"pattern": [50, 196], "threshold": null}, {"pattern": [224, 215], "threshold": null}, {"pattern": [65], "threshold": null}, {"pattern": [171, 196], "threshold": null}, {"pattern": [209, 245], "threshold": null}, {"pattern": [24, 90], "threshold": null}, {"pattern": [74, 158], "threshold": null}, {"pattern": [188, 69], "threshold": null}, {"pattern": [16, 215], "threshold": null}, {"pattern": [241, 116], "threshold": null}, {"pattern": [132, 13], "threshold": null}, {"pattern": [65, 90], "threshold": null}, {"pattern": [88], "threshold": null}, {"pattern": [241, 86], "threshold": null}, {"pattern": [91, 212], "threshold": null}, {"pattern": [237], "threshold": null}, {"pattern": [217], "threshold": null}, {"pattern": [132], "threshold": null}]}, {"config": {"code_name": "[CS CM CC][SSize MFit CAtom][GNone]", "population_size": 100, "evaluation_budget": 10000, "cluster_info_file_name": "C:\\Users\\gac8\\PycharmProjects\\PSSearch\\retail_forecasting_data_collection\\data\\cluster_info_250_random.pkl", "use_custom_sampling_operator": true, "use_custom_mutation_operator": true, "use_custom_crossover_operator": true, "use_custom_atomicity": true, "genome_threshold": null, "include_ps_len": false, "include_sample_quantity": true, "include_wasserstein_distance": false, "include_diff_median": false, "include_atomicity": true, "include_p_value": false, "include_mean_fitness": true, "include_variance": false}, "results": [{"pattern": [25, 63], "threshold": null}, {"pattern": [65, 132], "threshold": null}, {"pattern": [162, 74], "threshold": null}, {"pattern": [25, 215], "threshold": null}, {"pattern": [157, 173], "threshold": null}, {"pattern": [188, 63], "threshold": null}, {"pattern": [132], "threshold": null}, {"pattern": [88, 237], "threshold": null}, {"pattern": [86], "threshold": null}, {"pattern": [162, 13], "threshold": null}, {"pattern": [86, 215], "threshold": null}, {"pattern": [25, 103], "threshold": null}, {"pattern": [212, 69], "threshold": null}, {"pattern": [90, 180], "threshold": null}, {"pattern": [35, 68], "threshold": null}, {"pattern": [192, 195], "threshold": null}, {"pattern": [171, 86], "threshold": null}, {"pattern": [212, 237], "threshold": null}, {"pattern": [188], "threshold": null}, {"pattern": [217, 158], "threshold": null}, {"pattern": [65, 245], "threshold": null}, {"pattern": [103], "threshold": null}, {"pattern": [88], "threshold": null}, {"pattern": [69, 29], "threshold": null}, {"pattern": [248, 25], "threshold": null}, {"pattern": [0, 1], "threshold": null}, {"pattern": [212, 132], "threshold": null}, {"pattern": [177, 188], "threshold": null}, {"pattern": [50, 167], "threshold": null}, {"pattern": [241, 202], "threshold": null}, {"pattern": [13], "threshold": null}, {"pattern": [34, 188], "threshold": null}, {"pattern": [212], "threshold": null}, {"pattern": [34, 87], "threshold": null}, {"pattern": [25, 134], "threshold": null}, {"pattern": [116, 167], "threshold": null}, {"pattern": [49, 77], "threshold": null}, {"pattern": [13, 158], "threshold": null}, {"pattern": [103, 55], "threshold": null}, {"pattern": [212, 164], "threshold": null}, {"pattern": [235, 103], "threshold": null}, {"pattern": [188, 132], "threshold": null}, {"pattern": [91, 47], "threshold": null}, {"pattern": [16, 90], "threshold": null}, {"pattern": [196, 158], "threshold": null}, {"pattern": [212, 188], "threshold": null}, {"pattern": [177, 244], "threshold": null}, {"pattern": [105, 205], "threshold": null}, {"pattern": [188, 237], "threshold": null}, {"pattern": [90, 86], "threshold": null}, {"pattern": [65], "threshold": null}, {"pattern": [208, 215], "threshold": null}]}, {"config": {"code_name": "[CS CM CC][Len MFit CAtom][GNone]", "population_size": 100, "evaluation_budget": 10000, "cluster_info_file_name": "C:\\Users\\gac8\\PycharmProjects\\PSSearch\\retail_forecasting_data_collection\\data\\cluster_info_250_random.pkl", "use_custom_sampling_operator": true, "use_custom_mutation_operator": true, "use_custom_crossover_operator": true, "use_custom_atomicity": true, "genome_threshold": null, "include_ps_len": true, "include_sample_quantity": false, "include_wasserstein_distance": false, "include_diff_median": false, "include_atomicity": true, "include_p_value": false, "include_mean_fitness": true, "include_variance": false}, "results": [{"pattern": [25, 134], "threshold": null}, {"pattern": [120], "threshold": null}, {"pattern": [61, 190], "threshold": null}, {"pattern": [184, 30], "threshold": null}, {"pattern": [90, 237], "threshold": null}, {"pattern": [232, 87], "threshold": null}, {"pattern": [116, 197], "threshold": null}]}, {"config": {"code_name": "[CS CM CC][Len SSize CAtom][GNone]", "population_size": 100, "evaluation_budget": 10000, "cluster_info_file_name": "C:\\Users\\gac8\\PycharmProjects\\PSSearch\\retail_forecasting_data_collection\\data\\cluster_info_250_random.pkl", "use_custom_sampling_operator": true, "use_custom_mutation_operator": true, "use_custom_crossover_operator": true, "use_custom_atomicity": true, "genome_threshold": null, "include_ps_len": true, "include_sample_quantity": true, "include_wasserstein_distance": false, "include_diff_median": false, "include_atomicity": true, "include_p_value": false, "include_mean_fitness": false, "include_variance": false}, "results": [{"pattern": [218, 51], "threshold": null}, {"pattern": [56, 155], "threshold": null}, {"pattern": [171, 212], "threshold": null}, {"pattern": [139, 165], "threshold": null}, {"pattern": [201, 195], "threshold": null}, {"pattern": [188, 132], "threshold": null}, {"pattern": [188], "threshold": null}, {"pattern": [134, 103], "threshold": null}, {"pattern": [88, 13], "threshold": null}]}, {"config": {"code_name": "[CS CM CC][Len SSize MFit][GNone]", "population_size": 100, "evaluation_budget": 10000, "cluster_info_file_name": "C:\\Users\\gac8\\PycharmProjects\\PSSearch\\retail_forecasting_data_collection\\data\\cluster_info_250_random.pkl", "use_custom_sampling_operator": true, "use_custom_mutation_operator": true, "use_custom_crossover_operator": true, "use_custom_atomicity": true, "genome_threshold": null, "include_ps_len": true, "include_sample_quantity": true, "include_wasserstein_distance": false, "include_diff_median": false, "include_atomicity": false, "include_p_value": false, "include_mean_fitness": true, "include_variance": false}, "results": [{"pattern": [86], "threshold": null}, {"pattern": [13], "threshold": null}, {"pattern": [16, 212], "threshold": null}, {"pattern": [132], "threshold": null}, {"pattern": [196, 158], "threshold": null}, {"pattern": [65], "threshold": null}, {"pattern": [158], "threshold": null}, {"pattern": [241, 212], "threshold": null}, {"pattern": [217, 171], "threshold": null}, {"pattern": [88], "threshold": null}, {"pattern": [103], "threshold": null}, {"pattern": [230], "threshold": null}, {"pattern": [217], "threshold": null}, {"pattern": [237], "threshold": null}, {"pattern": [212], "threshold": null}, {"pattern": [171, 158], "threshold": null}, {"pattern": [120], "threshold": null}, {"pattern": [25], "threshold": null}, {"pattern": [241, 90], "threshold": null}, {"pattern": [54], "threshold": null}, {"pattern": [45], "threshold": null}, {"pattern": [212, 180], "threshold": null}, {"pattern": [188], "threshold": null}, {"pattern": [25, 90], "threshold": null}, {"pattern": [171, 188], "threshold": null}, {"pattern": [65, 90], "threshold": null}, {"pattern": [217, 196], "threshold": null}]}, {"config": {"code_name": "[OS CM CC][Len SSize MFit CAtom][GNone]", "population_size": 100, "evaluation_budget": 10000, "cluster_info_file_name": "C:\\Users\\gac8\\PycharmProjects\\PSSearch\\retail_forecasting_data_collection\\data\\cluster_info_250_random.pkl", "use_custom_sampling_operator": false, "use_custom_mutation_operator": true, "use_custom_crossover_operator": true, "use_custom_atomicity": true, "genome_threshold": null, "include_ps_len": true, "include_sample_quantity": true, "include_wasserstein_distance": false, "include_diff_median": false, "include_atomicity": true, "include_p_value": false, "include_mean_fitness": true, "include_variance": false}, "results": [{"pattern": [188], "threshold": null}, {"pattern": [86], "threshold": null}, {"pattern": [61, 86], "threshold": null}, {"pattern": [155, 212], "threshold": null}, {"pattern": [230], "threshold": null}, {"pattern": [103], "threshold": null}, {"pattern": [97, 43], "threshold": null}, {"pattern": [202, 212], "threshold": null}, {"pattern": [16, 202], "threshold": null}, {"pattern": [120], "threshold": null}, {"pattern": [132], "threshold": null}, {"pattern": [137, 61], "threshold": null}, {"pattern": [212, 151], "threshold": null}, {"pattern": [16, 180], "threshold": null}, {"pattern": [204, 63], "threshold": null}, {"pattern": [25, 212], "threshold": null}, {"pattern": [51, 215], "threshold": null}, {"pattern": [158], "threshold": null}, {"pattern": [212, 87], "threshold": null}, {"pattern": [74, 35], "threshold": null}, {"pattern": [13], "threshold": null}, {"pattern": [212], "threshold": null}, {"pattern": [54], "threshold": null}, {"pattern": [171, 212, 103], "threshold": null}, {"pattern": [132, 134], "threshold": null}, {"pattern": [27, 103], "threshold": null}, {"pattern": [188, 157], "threshold": null}, {"pattern": [25], "threshold": null}, {"pattern": [53, 158], "threshold": null}, {"pattern": [90, 235], "threshold": null}, {"pattern": [45], "threshold": null}, {"pattern": [181, 103], "threshold": null}, {"pattern": [43, 212], "threshold": null}, {"pattern": [65], "threshold": null}, {"pattern": [171, 196], "threshold": null}, {"pattern": [235, 63], "threshold": null}, {"pattern": [132, 102], "threshold": null}, {"pattern": [221, 61], "threshold": null}, {"pattern": [18, 116], "threshold": null}, {"pattern": [188, 215], "threshold": null}, {"pattern": [81, 244], "threshold": null}, {"pattern": [65, 131], "threshold": null}, {"pattern": [88], "threshold": null}, {"pattern": [226, 131], "threshold": null}, {"pattern": [173, 158], "threshold": null}, {"pattern": [184, 61], "threshold": null}, {"pattern": [237], "threshold": null}, {"pattern": [202, 134], "threshold": null}, {"pattern": [25, 30], "threshold": null}, {"pattern": [202, 171], "threshold": null}, {"pattern": [217], "threshold": null}, {"pattern": [202, 47], "threshold": null}, {"pattern": [235, 215], "threshold": null}]}, {"config": {"code_name": "[CS OM CC][Len SSize MFit CAtom][GNone]", "population_size": 100, "evaluation_budget": 10000, "cluster_info_file_name": "C:\\Users\\gac8\\PycharmProjects\\PSSearch\\retail_forecasting_data_collection\\data\\cluster_info_250_random.pkl", "use_custom_sampling_operator": true, "use_custom_mutation_operator": false, "use_custom_crossover_operator": true, "use_custom_atomicity": true, "genome_threshold": null, "include_ps_len": true, "include_sample_quantity": true, "include_wasserstein_distance": false, "include_diff_median": false, "include_atomicity": true, "include_p_value": false, "include_mean_fitness": true, "include_variance": false}, "results": [{"pattern": [235, 132], "threshold": null}, {"pattern": [64, 132], "threshold": null}, {"pattern": [16, 25, 188], "threshold": null}, {"pattern": [196, 237], "threshold": null}, {"pattern": [188], "threshold": null}, {"pattern": [188, 158, 196, 86], "threshold": null}, {"pattern": [86], "threshold": null}, {"pattern": [212, 158, 196, 86], "threshold": null}, {"pattern": [196, 13, 86, 215], "threshold": null}, {"pattern": [16, 188], "threshold": null}, {"pattern": [172, 116], "threshold": null}, {"pattern": [25, 196], "threshold": null}, {"pattern": [188, 38], "threshold": null}, {"pattern": [19, 13], "threshold": null}, {"pattern": [188, 116], "threshold": null}, {"pattern": [90, 188, 86], "threshold": null}, {"pattern": [81, 173], "threshold": null}, {"pattern": [65, 188, 13, 215], "threshold": null}, {"pattern": [13, 86], "threshold": null}, {"pattern": [16, 116, 212, 188], "threshold": null}, {"pattern": [202, 196, 86], "threshold": null}, {"pattern": [188, 180, 86], "threshold": null}, {"pattern": [90, 237], "threshold": null}, {"pattern": [33, 75], "threshold": null}, {"pattern": [50, 188], "threshold": null}, {"pattern": [188, 132], "threshold": null}, {"pattern": [196, 158], "threshold": null}, {"pattern": [158, 196, 86], "threshold": null}, {"pattern": [65, 188], "threshold": null}, {"pattern": [212, 196, 86], "threshold": null}, {"pattern": [188, 71], "threshold": null}, {"pattern": [25, 86], "threshold": null}, {"pattern": [65, 158, 86], "threshold": null}, {"pattern": [25, 63], "threshold": null}, {"pattern": [132, 134], "threshold": null}, {"pattern": [196, 13, 86], "threshold": null}, {"pattern": [212, 180, 86], "threshold": null}, {"pattern": [173], "threshold": null}, {"pattern": [139, 188], "threshold": null}, {"pattern": [171, 180, 86], "threshold": null}, {"pattern": [25], "threshold": null}, {"pattern": [196, 86, 63], "threshold": null}, {"pattern": [65, 86], "threshold": null}, {"pattern": [65], "threshold": null}, {"pattern": [177, 188], "threshold": null}, {"pattern": [16, 25], "threshold": null}, {"pattern": [180, 86], "threshold": null}, {"pattern": [13, 86, 215], "threshold": null}, {"pattern": [132, 237], "threshold": null}, {"pattern": [180, 171, 188, 86], "threshold": null}, {"pattern": [16, 188, 212], "threshold": null}, {"pattern": [136, 132], "threshold": null}, {"pattern": [50, 13, 86], "threshold": null}, {"pattern": [171, 188], "threshold": null}, {"pattern": [180, 13, 86], "threshold": null}, {"pattern": [19, 206], "threshold": null}, {"pattern": [196, 86], "threshold": null}, {"pattern": [16, 116, 188], "threshold": null}, {"pattern": [188, 132, 215], "threshold": null}, {"pattern": [90, 188], "threshold": null}, {"pattern": [212, 237], "threshold": null}, {"pattern": [237], "threshold": null}, {"pattern": [132], "threshold": null}, {"pattern": [19], "threshold": null}, {"pattern": [65, 188, 13], "threshold": null}]}, {"config": {"code_name": "[CS CM OC][Len SSize MFit CAtom][GNone]", "population_size": 100, "evaluation_budget": 10000, "cluster_info_file_name": "C:\\Users\\gac8\\PycharmProjects\\PSSearch\\retail_forecasting_data_collection\\data\\cluster_info_250_random.pkl", "use_custom_sampling_operator": true, "use_custom_mutation_operator": true, "use_custom_crossover_operator": false, "use_custom_atomicity": true, "genome_threshold": null, "include_ps_len": true, "include_sample_quantity": true, "include_wasserstein_distance": false, "include_diff_median": false, "include_atomicity": true, "include_p_value": false, "include_mean_fitness": true, "include_variance": false}, "results": [{"pattern": [13, 87], "threshold": null}, {"pattern": [245, 47], "threshold": null}, {"pattern": [81, 63], "threshold": null}, {"pattern": [212, 116], "threshold": null}, {"pattern": [188], "threshold": null}, {"pattern": [86], "threshold": null}, {"pattern": [16, 164], "threshold": null}, {"pattern": [230], "threshold": null}, {"pattern": [208, 47], "threshold": null}, {"pattern": [103], "threshold": null}, {"pattern": [13, 158], "threshold": null}, {"pattern": [81, 69], "threshold": null}, {"pattern": [120], "threshold": null}, {"pattern": [132], "threshold": null}, {"pattern": [171, 13, 215], "threshold": null}, {"pattern": [27, 180], "threshold": null}, {"pattern": [86, 103], "threshold": null}, {"pattern": [233, 37], "threshold": null}, {"pattern": [81, 26], "threshold": null}, {"pattern": [180, 63], "threshold": null}, {"pattern": [132, 93], "threshold": null}, {"pattern": [158], "threshold": null}, {"pattern": [212, 87], "threshold": null}, {"pattern": [160, 245], "threshold": null}, {"pattern": [27, 204], "threshold": null}, {"pattern": [13], "threshold": null}, {"pattern": [52, 205], "threshold": null}, {"pattern": [164, 77], "threshold": null}, {"pattern": [212], "threshold": null}, {"pattern": [54], "threshold": null}, {"pattern": [90, 86], "threshold": null}, {"pattern": [186, 196], "threshold": null}, {"pattern": [18, 119], "threshold": null}, {"pattern": [196, 102], "threshold": null}, {"pattern": [132, 190], "threshold": null}, {"pattern": [25], "threshold": null}, {"pattern": [65, 212], "threshold": null}, {"pattern": [202, 43], "threshold": null}, {"pattern": [45], "threshold": null}, {"pattern": [195, 135], "threshold": null}, {"pattern": [65], "threshold": null}, {"pattern": [13, 103], "threshold": null}, {"pattern": [212, 158], "threshold": null}, {"pattern": [24, 158], "threshold": null}, {"pattern": [16, 74], "threshold": null}, {"pattern": [226, 180], "threshold": null}, {"pattern": [88], "threshold": null}, {"pattern": [184, 61], "threshold": null}, {"pattern": [237], "threshold": null}, {"pattern": [16, 139], "threshold": null}, {"pattern": [217, 90], "threshold": null}, {"pattern": [217], "threshold": null}, {"pattern": [180, 158], "threshold": null}, {"pattern": [162, 91], "threshold": null}]}]}