{"extra_info": {"version": "fallback_v1", "seed": 21}, "data": [{"config": {"code_name": "[CS CM CC][Len SSize MFit CAtom][GNone]", "population_size": 100, "evaluation_budget": 10000, "cluster_info_file_name": "C:\\Users\\gac8\\PycharmProjects\\PSSearch\\retail_forecasting_data_collection\\data\\cluster_info_250_random.pkl", "use_custom_sampling_operator": true, "use_custom_mutation_operator": true, "use_custom_crossover_operator": true, "use_custom_atomicity": true, "genome_threshold": null, "include_ps_len": true, "include_sample_quantity": true, "include_wasserstein_distance": false, "include_diff_median": false, "include_atomicity": true, "include_p_value": false, "include_mean_fitness": true, "include_variance": false}, "results": [{"pattern": [205, 77], "threshold": null}, {"pattern": [132], "threshold": null}, {"pattern": [16, 180], "threshold": null}, {"pattern": [177, 103], "threshold": null}, {"pattern": [190, 158], "threshold": null}, {"pattern": [38, 87], "threshold": null}, {"pattern": [27, 132], "threshold": null}, {"pattern": [88, 134], "threshold": null}, {"pattern": [237], "threshold": null}, {"pattern": [34, 63], "threshold": null}, {"pattern": [16, 74], "threshold": null}, {"pattern": [18, 63], "threshold": null}, {"pattern": [90, 188], "threshold": null}, {"pattern": [65], "threshold": null}, {"pattern": [13], "threshold": null}, {"pattern": [103], "threshold": null}, {"pattern": [88, 27], "threshold": null}, {"pattern": [212, 93], "threshold": null}, {"pattern": [132, 87], "threshold": null}, {"pattern": [101, 62], "threshold": null}, {"pattern": [226, 180], "threshold": null}, {"pattern": [54], "threshold": null}, {"pattern": [4, 63], "threshold": null}, {"pattern": [232, 52], "threshold": null}, {"pattern": [65, 86], "threshold": null}, {"pattern": [158], "threshold": null}, {"pattern": [212], "threshold": null}, {"pattern": [230], "threshold": null}, {"pattern": [217, 132], "threshold": null}, {"pattern": [212, 167], "threshold": null}, {"pattern": [212, 196], "threshold": null}, {"pattern": [16, 132], "threshold": null}, {"pattern": [241, 245], "threshold": null}, {"pattern": [241, 50], "threshold": null}, {"pattern": [180, 158], "threshold": null}, {"pattern": [120], "threshold": null}, {"pattern": [224, 215], "threshold": null}, {"pattern": [65, 171, 103], "threshold": null}, {"pattern": [33, 162], "threshold": null}, {"pattern": [29, 86], "threshold": null}, {"pattern": [155, 63], "threshold": null}, {"pattern": [237, 63], "threshold": null}, {"pattern": [88], "threshold": null}, {"pattern": [45], "threshold": null}, {"pattern": [86], "threshold": null}, {"pattern": [202, 212], "threshold": null}, {"pattern": [188], "threshold": null}, {"pattern": [196], "threshold": null}, {"pattern": [25], "threshold": null}]}, {"config": {"code_name": "[CS CM CC][SSize MFit CAtom][GNone]", "population_size": 100, "evaluation_budget": 10000, "cluster_info_file_name": "C:\\Users\\gac8\\PycharmProjects\\PSSearch\\retail_forecasting_data_collection\\data\\cluster_info_250_random.pkl", "use_custom_sampling_operator": true, "use_custom_mutation_operator": true, "use_custom_crossover_operator": true, "use_custom_atomicity": true, "genome_threshold": null, "include_ps_len": false, "include_sample_quantity": true, "include_wasserstein_distance": false, "include_diff_median": false, "include_atomicity": true, "include_p_value": false, "include_mean_fitness": true, "include_variance": false}, "results": [{"pattern": [212, 188], "threshold": null}, {"pattern": [217, 86], "threshold": null}, {"pattern": [193, 13], "threshold": null}, {"pattern": [211, 103], "threshold": null}, {"pattern": [217, 180], "threshold": null}, {"pattern": [13], "threshold": null}, {"pattern": [177, 158], "threshold": null}, {"pattern": [212], "threshold": null}, {"pattern": [188, 244], "threshold": null}, {"pattern": [43, 101], "threshold": null}, {"pattern": [16, 202], "threshold": null}, {"pattern": [132], "threshold": null}, {"pattern": [232, 119], "threshold": null}, {"pattern": [196, 180], "threshold": null}, {"pattern": [196], "threshold": null}, {"pattern": [119, 63], "threshold": null}, {"pattern": [27, 134], "threshold": null}, {"pattern": [188], "threshold": null}, {"pattern": [25], "threshold": null}, {"pattern": [132, 157], "threshold": null}, {"pattern": [186, 13], "threshold": null}, {"pattern": [88, 188], "threshold": null}, {"pattern": [132, 134], "threshold": null}, {"pattern": [180, 132], "threshold": null}, {"pattern": [209, 59], "threshold": null}, {"pattern": [188, 52], "threshold": null}, {"pattern": [103], "threshold": null}, {"pattern": [88], "threshold": null}, {"pattern": [49, 63], "threshold": null}, {"pattern": [86], "threshold": null}, {"pattern": [65], "threshold": null}, {"pattern": [81, 235], "threshold": null}, {"pattern": [132, 158], "threshold": null}, {"pattern": [202, 53], "threshold": null}, {"pattern": [158], "threshold": null}, {"pattern": [190, 87], "threshold": null}, {"pattern": [155, 134], "threshold": null}, {"pattern": [212, 135], "threshold": null}, {"pattern": [132, 87], "threshold": null}, {"pattern": [61, 190], "threshold": null}, {"pattern": [217, 103], "threshold": null}, {"pattern": [158, 103], "threshold": null}, {"pattern": [88, 103], "threshold": null}, {"pattern": [235, 119], "threshold": null}, {"pattern": [248, 212], "threshold": null}, {"pattern": [92, 158], "threshold": null}, {"pattern": [196, 93], "threshold": null}]}, {"config": {"code_name": "[CS CM CC][Len MFit CAtom][GNone]", "population_size": 100, "evaluation_budget": 10000, "cluster_info_file_name": "C:\\Users\\gac8\\PycharmProjects\\PSSearch\\retail_forecasting_data_collection\\data\\cluster_info_250_random.pkl", "use_custom_sampling_operator": true, "use_custom_mutation_operator": true, "use_custom_crossover_operator": true, "use_custom_atomicity": true, "genome_threshold": null, "include_ps_len": true, "include_sample_quantity": false, "include_wasserstein_distance": false, "include_diff_median": false, "include_atomicity": true, "include_p_value": false, "include_mean_fitness": true, "include_variance": false}, "results": [{"pattern": [215, 132, 103], "threshold": null}, {"pattern": [195, 239], "threshold": null}, {"pattern": [184, 221], "threshold": null}, {"pattern": [61, 190], "threshold": null}, {"pattern": [25, 158], "threshold": null}, {"pattern": [120], "threshold": null}]}, {"config": {"code_name": "[CS CM CC][Len SSize CAtom][GNone]", "population_size": 100, "evaluation_budget": 10000, "cluster_info_file_name": "C:\\Users\\gac8\\PycharmProjects\\PSSearch\\retail_forecasting_data_collection\\data\\cluster_info_250_random.pkl", "use_custom_sampling_operator": true, "use_custom_mutation_operator": true, "use_custom_crossover_operator": true, "use_custom_atomicity": true, "genome_threshold": null, "include_ps_len": true, "include_sample_quantity": true, "include_wasserstein_distance": false, "include_diff_median": false, "include_atomicity": true, "include_p_value": false, "include_mean_fitness": false, "include_variance": false}, "results": [{"pattern": [10, 82], "threshold": null}, {"pattern": [188], "threshold": null}, {"pattern": [212, 237], "threshold": null}, {"pattern": [244, 239], "threshold": null}, {"pattern": [38, 63], "threshold": null}, {"pattern": [171, 212], "threshold": null}, {"pattern": [50, 245], "threshold": null}, {"pattern": [188, 47], "threshold": null}]}, {"config": {"code_name": "[CS CM CC][Len SSize MFit][GNone]", "population_size": 100, "evaluation_budget": 10000, "cluster_info_file_name": "C:\\Users\\gac8\\PycharmProjects\\PSSearch\\retail_forecasting_data_collection\\data\\cluster_info_250_random.pkl", "use_custom_sampling_operator": true, "use_custom_mutation_operator": true, "use_custom_crossover_operator": true, "use_custom_atomicity": true, "genome_threshold": null, "include_ps_len": true, "include_sample_quantity": true, "include_wasserstein_distance": false, "include_diff_median": false, "include_atomicity": false, "include_p_value": false, "include_mean_fitness": true, "include_variance": false}, "results": [{"pattern": [120], "threshold": null}, {"pattern": [158], "threshold": null}, {"pattern": [65, 25], "threshold": null}, {"pattern": [196], "threshold": null}, {"pattern": [158, 134], "threshold": null}, {"pattern": [25], "threshold": null}, {"pattern": [25, 86], "threshold": null}, {"pattern": [180, 86], "threshold": null}, {"pattern": [196, 93], "threshold": null}, {"pattern": [196, 180], "threshold": null}, {"pattern": [202, 215], "threshold": null}, {"pattern": [230], "threshold": null}, {"pattern": [196, 103], "threshold": null}, {"pattern": [237], "threshold": null}, {"pattern": [65], "threshold": null}, {"pattern": [86], "threshold": null}, {"pattern": [212, 188, 215], "threshold": null}, {"pattern": [90, 212], "threshold": null}, {"pattern": [13], "threshold": null}, {"pattern": [171, 212], "threshold": null}, {"pattern": [54], "threshold": null}, {"pattern": [134, 103], "threshold": null}, {"pattern": [132], "threshold": null}, {"pattern": [88], "threshold": null}, {"pattern": [103], "threshold": null}, {"pattern": [188], "threshold": null}, {"pattern": [45], "threshold": null}, {"pattern": [212], "threshold": null}, {"pattern": [25, 132], "threshold": null}, {"pattern": [188, 132, 221], "threshold": null}, {"pattern": [132, 13], "threshold": null}, {"pattern": [212, 188], "threshold": null}]}, {"config": {"code_name": "[OS CM CC][Len SSize MFit CAtom][GNone]", "population_size": 100, "evaluation_budget": 10000, "cluster_info_file_name": "C:\\Users\\gac8\\PycharmProjects\\PSSearch\\retail_forecasting_data_collection\\data\\cluster_info_250_random.pkl", "use_custom_sampling_operator": false, "use_custom_mutation_operator": true, "use_custom_crossover_operator": true, "use_custom_atomicity": true, "genome_threshold": null, "include_ps_len": true, "include_sample_quantity": true, "include_wasserstein_distance": false, "include_diff_median": false, "include_atomicity": true, "include_p_value": false, "include_mean_fitness": true, "include_variance": false}, "results": [{"pattern": [132], "threshold": null}, {"pattern": [134, 63], "threshold": null}, {"pattern": [237], "threshold": null}, {"pattern": [13, 103], "threshold": null}, {"pattern": [27, 103], "threshold": null}, {"pattern": [167, 103], "threshold": null}, {"pattern": [88, 237], "threshold": null}, {"pattern": [217, 158], "threshold": null}, {"pattern": [132, 158], "threshold": null}, {"pattern": [56, 155], "threshold": null}, {"pattern": [65], "threshold": null}, {"pattern": [13], "threshold": null}, {"pattern": [103], "threshold": null}, {"pattern": [25, 235], "threshold": null}, {"pattern": [139, 180], "threshold": null}, {"pattern": [13, 158], "threshold": null}, {"pattern": [224, 212], "threshold": null}, {"pattern": [196, 181], "threshold": null}, {"pattern": [139, 103], "threshold": null}, {"pattern": [54], "threshold": null}, {"pattern": [81, 196], "threshold": null}, {"pattern": [184, 30], "threshold": null}, {"pattern": [158], "threshold": null}, {"pattern": [212], "threshold": null}, {"pattern": [230], "threshold": null}, {"pattern": [202, 13], "threshold": null}, {"pattern": [116, 87], "threshold": null}, {"pattern": [237, 103], "threshold": null}, {"pattern": [25, 103], "threshold": null}, {"pattern": [188, 158], "threshold": null}, {"pattern": [120], "threshold": null}, {"pattern": [244, 47], "threshold": null}, {"pattern": [177, 196], "threshold": null}, {"pattern": [16, 212], "threshold": null}, {"pattern": [132, 244], "threshold": null}, {"pattern": [88], "threshold": null}, {"pattern": [45], "threshold": null}, {"pattern": [86], "threshold": null}, {"pattern": [188], "threshold": null}, {"pattern": [196], "threshold": null}, {"pattern": [25], "threshold": null}]}, {"config": {"code_name": "[CS OM CC][Len SSize MFit CAtom][GNone]", "population_size": 100, "evaluation_budget": 10000, "cluster_info_file_name": "C:\\Users\\gac8\\PycharmProjects\\PSSearch\\retail_forecasting_data_collection\\data\\cluster_info_250_random.pkl", "use_custom_sampling_operator": true, "use_custom_mutation_operator": false, "use_custom_crossover_operator": true, "use_custom_atomicity": true, "genome_threshold": null, "include_ps_len": true, "include_sample_quantity": true, "include_wasserstein_distance": false, "include_diff_median": false, "include_atomicity": true, "include_p_value": false, "include_mean_fitness": true, "include_variance": false}, "results": [{"pattern": [132, 235, 188], "threshold": null}, {"pattern": [188, 180, 86], "threshold": null}, {"pattern": [132, 188, 158, 215], "threshold": null}, {"pattern": [188, 196, 116, 86], "threshold": null}, {"pattern": [171, 132], "threshold": null}, {"pattern": [116, 235, 188], "threshold": null}, {"pattern": [18, 77], "threshold": null}, {"pattern": [188, 63], "threshold": null}, {"pattern": [81], "threshold": null}, {"pattern": [196, 16, 212, 188], "threshold": null}, {"pattern": [212, 188, 103], "threshold": null}, {"pattern": [8, 19], "threshold": null}, {"pattern": [116, 74, 188], "threshold": null}, {"pattern": [132, 188, 134], "threshold": null}, {"pattern": [202, 188, 86], "threshold": null}, {"pattern": [132, 188], "threshold": null}, {"pattern": [248, 26], "threshold": null}, {"pattern": [65, 196, 188], "threshold": null}, {"pattern": [65, 188, 132, 86], "threshold": null}, {"pattern": [188, 13, 86, 215], "threshold": null}, {"pattern": [235, 188], "threshold": null}, {"pattern": [116, 188, 167], "threshold": null}, {"pattern": [65, 188, 180, 132], "threshold": null}, {"pattern": [65, 188], "threshold": null}, {"pattern": [26, 19], "threshold": null}, {"pattern": [26, 196], "threshold": null}, {"pattern": [215, 188, 63], "threshold": null}, {"pattern": [188, 86, 215], "threshold": null}, {"pattern": [132, 188, 158], "threshold": null}, {"pattern": [132, 13, 215], "threshold": null}, {"pattern": [217, 116], "threshold": null}, {"pattern": [188, 190], "threshold": null}, {"pattern": [188, 167], "threshold": null}, {"pattern": [177, 188], "threshold": null}, {"pattern": [65, 188, 132, 103], "threshold": null}, {"pattern": [65, 132, 188], "threshold": null}, {"pattern": [132, 215], "threshold": null}, {"pattern": [35, 68], "threshold": null}, {"pattern": [235], "threshold": null}, {"pattern": [212, 188], "threshold": null}, {"pattern": [68, 215], "threshold": null}, {"pattern": [188, 4, 63], "threshold": null}, {"pattern": [188, 92], "threshold": null}, {"pattern": [202, 116], "threshold": null}, {"pattern": [188, 61], "threshold": null}, {"pattern": [88, 188, 212, 103], "threshold": null}, {"pattern": [188, 63, 86, 215], "threshold": null}, {"pattern": [116, 212, 188, 86], "threshold": null}, {"pattern": [188, 103], "threshold": null}, {"pattern": [188, 86], "threshold": null}, {"pattern": [208, 188], "threshold": null}, {"pattern": [188, 190, 63], "threshold": null}, {"pattern": [132, 188, 244, 103], "threshold": null}, {"pattern": [177, 212, 188], "threshold": null}, {"pattern": [188, 13], "threshold": null}, {"pattern": [132, 188, 103], "threshold": null}, {"pattern": [132, 86, 215], "threshold": null}, {"pattern": [56, 188, 86], "threshold": null}, {"pattern": [8, 188], "threshold": null}, {"pattern": [208, 188, 47], "threshold": null}, {"pattern": [27, 19], "threshold": null}, {"pattern": [67, 77], "threshold": null}, {"pattern": [196, 63], "threshold": null}, {"pattern": [164, 212, 188], "threshold": null}, {"pattern": [65, 188, 171, 180], "threshold": null}, {"pattern": [65, 188, 25], "threshold": null}, {"pattern": [202, 212, 188, 86], "threshold": null}, {"pattern": [248, 116], "threshold": null}, {"pattern": [235, 86], "threshold": null}, {"pattern": [35], "threshold": null}, {"pattern": [116, 188], "threshold": null}, {"pattern": [204, 188], "threshold": null}, {"pattern": [196, 212, 188], "threshold": null}, {"pattern": [81, 235], "threshold": null}, {"pattern": [188, 86, 95], "threshold": null}, {"pattern": [116, 13], "threshold": null}, {"pattern": [116, 188, 38], "threshold": null}, {"pattern": [235, 116], "threshold": null}, {"pattern": [188, 206], "threshold": null}, {"pattern": [212, 188, 134], "threshold": null}, {"pattern": [68], "threshold": null}, {"pattern": [188, 134, 63], "threshold": null}, {"pattern": [180, 212, 188, 86], "threshold": null}, {"pattern": [188, 109], "threshold": null}, {"pattern": [132, 212, 188, 103], "threshold": null}, {"pattern": [212, 188, 86], "threshold": null}, {"pattern": [65, 180, 188], "threshold": null}, {"pattern": [65, 25], "threshold": null}, {"pattern": [19, 86], "threshold": null}, {"pattern": [188, 132, 215], "threshold": null}, {"pattern": [116], "threshold": null}, {"pattern": [132, 212, 188, 215], "threshold": null}, {"pattern": [188], "threshold": null}]}, {"config": {"code_name": "[CS CM OC][Len SSize MFit CAtom][GNone]", "population_size": 100, "evaluation_budget": 10000, "cluster_info_file_name": "C:\\Users\\gac8\\PycharmProjects\\PSSearch\\retail_forecasting_data_collection\\data\\cluster_info_250_random.pkl", "use_custom_sampling_operator": true, "use_custom_mutation_operator": true, "use_custom_crossover_operator": false, "use_custom_atomicity": true, "genome_threshold": null, "include_ps_len": true, "include_sample_quantity": true, "include_wasserstein_distance": false, "include_diff_median": false, "include_atomicity": true, "include_p_value": false, "include_mean_fitness": true, "include_variance": false}, "results": [{"pattern": [132], "threshold": null}, {"pattern": [241, 212], "threshold": null}, {"pattern": [181, 158], "threshold": null}, {"pattern": [26, 196], "threshold": null}, {"pattern": [188, 221], "threshold": null}, {"pattern": [172, 116], "threshold": null}, {"pattern": [237], "threshold": null}, {"pattern": [16, 74], "threshold": null}, {"pattern": [177, 132], "threshold": null}, {"pattern": [211, 132], "threshold": null}, {"pattern": [208, 50], "threshold": null}, {"pattern": [208, 171], "threshold": null}, {"pattern": [188, 167], "threshold": null}, {"pattern": [65], "threshold": null}, {"pattern": [13], "threshold": null}, {"pattern": [188, 13], "threshold": null}, {"pattern": [103], "threshold": null}, {"pattern": [196, 103], "threshold": null}, {"pattern": [182, 86], "threshold": null}, {"pattern": [202, 43], "threshold": null}, {"pattern": [25, 245], "threshold": null}, {"pattern": [54], "threshold": null}, {"pattern": [139, 188], "threshold": null}, {"pattern": [56, 246], "threshold": null}, {"pattern": [201, 195], "threshold": null}, {"pattern": [217, 180], "threshold": null}, {"pattern": [16, 139], "threshold": null}, {"pattern": [158], "threshold": null}, {"pattern": [245, 158], "threshold": null}, {"pattern": [212], "threshold": null}, {"pattern": [230], "threshold": null}, {"pattern": [188, 47], "threshold": null}, {"pattern": [241, 90], "threshold": null}, {"pattern": [65, 180], "threshold": null}, {"pattern": [120], "threshold": null}, {"pattern": [158, 127], "threshold": null}, {"pattern": [244, 247], "threshold": null}, {"pattern": [69, 71], "threshold": null}, {"pattern": [116, 167], "threshold": null}, {"pattern": [88], "threshold": null}, {"pattern": [56, 237], "threshold": null}, {"pattern": [45], "threshold": null}, {"pattern": [25, 86], "threshold": null}, {"pattern": [86], "threshold": null}, {"pattern": [177, 212], "threshold": null}, {"pattern": [56, 63], "threshold": null}, {"pattern": [188], "threshold": null}, {"pattern": [196], "threshold": null}, {"pattern": [25], "threshold": null}, {"pattern": [208, 215], "threshold": null}]}]}