{"extra_info": {"version": "fallback_v1", "seed": 37}, "data": [{"config": {"code_name": "[CS CM CC][Len SSize MFit CAtom][GNone]", "population_size": 100, "evaluation_budget": 10000, "cluster_info_file_name": "C:\\Users\\gac8\\PycharmProjects\\PSSearch\\retail_forecasting_data_collection\\data\\cluster_info_250_random.pkl", "use_custom_sampling_operator": true, "use_custom_mutation_operator": true, "use_custom_crossover_operator": true, "use_custom_atomicity": true, "genome_threshold": null, "include_ps_len": true, "include_sample_quantity": true, "include_wasserstein_distance": false, "include_diff_median": false, "include_atomicity": true, "include_p_value": false, "include_mean_fitness": true, "include_variance": false}, "results": [{"pattern": [146, 188], "threshold": null}, {"pattern": [158], "threshold": null}, {"pattern": [65, 158], "threshold": null}, {"pattern": [65, 13], "threshold": null}, {"pattern": [45], "threshold": null}, {"pattern": [103], "threshold": null}, {"pattern": [56, 86], "threshold": null}, {"pattern": [177, 221], "threshold": null}, {"pattern": [132, 237], "threshold": null}, {"pattern": [180, 132], "threshold": null}, {"pattern": [139, 215], "threshold": null}, {"pattern": [120], "threshold": null}, {"pattern": [61, 134], "threshold": null}, {"pattern": [13], "threshold": null}, {"pattern": [188], "threshold": null}, {"pattern": [42, 38], "threshold": null}, {"pattern": [217], "threshold": null}, {"pattern": [208, 215], "threshold": null}, {"pattern": [88, 215], "threshold": null}, {"pattern": [93], "threshold": null}, {"pattern": [91, 215], "threshold": null}, {"pattern": [88], "threshold": null}, {"pattern": [50, 47], "threshold": null}, {"pattern": [212], "threshold": null}, {"pattern": [157, 86], "threshold": null}, {"pattern": [54], "threshold": null}, {"pattern": [25], "threshold": null}, {"pattern": [224, 81], "threshold": null}, {"pattern": [171, 86], "threshold": null}, {"pattern": [230], "threshold": null}, {"pattern": [38, 87], "threshold": null}, {"pattern": [65], "threshold": null}, {"pattern": [86], "threshold": null}, {"pattern": [25, 215], "threshold": null}, {"pattern": [196, 132], "threshold": null}, {"pattern": [212, 30], "threshold": null}, {"pattern": [196], "threshold": null}, {"pattern": [237], "threshold": null}, {"pattern": [25, 116], "threshold": null}, {"pattern": [65, 167], "threshold": null}, {"pattern": [56, 237], "threshold": null}, {"pattern": [188, 151], "threshold": null}, {"pattern": [132], "threshold": null}, {"pattern": [13, 181], "threshold": null}]}, {"config": {"code_name": "[CS CM CC][SSize MFit CAtom][GNone]", "population_size": 100, "evaluation_budget": 10000, "cluster_info_file_name": "C:\\Users\\gac8\\PycharmProjects\\PSSearch\\retail_forecasting_data_collection\\data\\cluster_info_250_random.pkl", "use_custom_sampling_operator": true, "use_custom_mutation_operator": true, "use_custom_crossover_operator": true, "use_custom_atomicity": true, "genome_threshold": null, "include_ps_len": false, "include_sample_quantity": true, "include_wasserstein_distance": false, "include_diff_median": false, "include_atomicity": true, "include_p_value": false, "include_mean_fitness": true, "include_variance": false}, "results": [{"pattern": [81, 235], "threshold": null}, {"pattern": [53, 158], "threshold": null}, {"pattern": [232, 119], "threshold": null}, {"pattern": [158], "threshold": null}, {"pattern": [33, 75], "threshold": null}, {"pattern": [86], "threshold": null}, {"pattern": [61, 134], "threshold": null}, {"pattern": [196], "threshold": null}, {"pattern": [171, 188], "threshold": null}, {"pattern": [164, 103], "threshold": null}, {"pattern": [212], "threshold": null}, {"pattern": [13], "threshold": null}, {"pattern": [196, 132], "threshold": null}, {"pattern": [241, 180], "threshold": null}, {"pattern": [25, 196], "threshold": null}, {"pattern": [132], "threshold": null}, {"pattern": [37, 86], "threshold": null}, {"pattern": [42, 63], "threshold": null}, {"pattern": [27, 157], "threshold": null}, {"pattern": [25], "threshold": null}, {"pattern": [132, 93], "threshold": null}, {"pattern": [237], "threshold": null}, {"pattern": [65, 158], "threshold": null}, {"pattern": [90, 235], "threshold": null}, {"pattern": [87, 63], "threshold": null}, {"pattern": [237, 134], "threshold": null}, {"pattern": [235, 13], "threshold": null}, {"pattern": [91, 158], "threshold": null}, {"pattern": [90, 212], "threshold": null}, {"pattern": [27, 86], "threshold": null}, {"pattern": [132, 221], "threshold": null}, {"pattern": [171, 132], "threshold": null}, {"pattern": [233, 82], "threshold": null}, {"pattern": [184, 87], "threshold": null}, {"pattern": [188], "threshold": null}, {"pattern": [65, 245], "threshold": null}, {"pattern": [65, 212], "threshold": null}, {"pattern": [139, 165], "threshold": null}, {"pattern": [88, 116], "threshold": null}, {"pattern": [193, 188, 180], "threshold": null}, {"pattern": [241, 86], "threshold": null}, {"pattern": [188, 158], "threshold": null}, {"pattern": [180, 237], "threshold": null}, {"pattern": [212, 134], "threshold": null}, {"pattern": [65], "threshold": null}, {"pattern": [34, 38], "threshold": null}, {"pattern": [103], "threshold": null}]}, {"config": {"code_name": "[CS CM CC][Len MFit CAtom][GNone]", "population_size": 100, "evaluation_budget": 10000, "cluster_info_file_name": "C:\\Users\\gac8\\PycharmProjects\\PSSearch\\retail_forecasting_data_collection\\data\\cluster_info_250_random.pkl", "use_custom_sampling_operator": true, "use_custom_mutation_operator": true, "use_custom_crossover_operator": true, "use_custom_atomicity": true, "genome_threshold": null, "include_ps_len": true, "include_sample_quantity": false, "include_wasserstein_distance": false, "include_diff_median": false, "include_atomicity": true, "include_p_value": false, "include_mean_fitness": true, "include_variance": false}, "results": [{"pattern": [25, 63], "threshold": null}, {"pattern": [232, 35], "threshold": null}, {"pattern": [180, 237], "threshold": null}, {"pattern": [120], "threshold": null}, {"pattern": [25, 134], "threshold": null}, {"pattern": [25, 235], "threshold": null}, {"pattern": [122, 11], "threshold": null}, {"pattern": [184, 30], "threshold": null}]}, {"config": {"code_name": "[CS CM CC][Len SSize CAtom][GNone]", "population_size": 100, "evaluation_budget": 10000, "cluster_info_file_name": "C:\\Users\\gac8\\PycharmProjects\\PSSearch\\retail_forecasting_data_collection\\data\\cluster_info_250_random.pkl", "use_custom_sampling_operator": true, "use_custom_mutation_operator": true, "use_custom_crossover_operator": true, "use_custom_atomicity": true, "genome_threshold": null, "include_ps_len": true, "include_sample_quantity": true, "include_wasserstein_distance": false, "include_diff_median": false, "include_atomicity": true, "include_p_value": false, "include_mean_fitness": false, "include_variance": false}, "results": [{"pattern": [90, 188], "threshold": null}, {"pattern": [249, 43], "threshold": null}, {"pattern": [88, 212], "threshold": null}, {"pattern": [158, 215], "threshold": null}, {"pattern": [171, 188], "threshold": null}, {"pattern": [188], "threshold": null}, {"pattern": [34, 188], "threshold": null}, {"pattern": [43, 149], "threshold": null}, {"pattern": [160, 245], "threshold": null}, {"pattern": [100, 13], "threshold": null}]}, {"config": {"code_name": "[CS CM CC][Len SSize MFit][GNone]", "population_size": 100, "evaluation_budget": 10000, "cluster_info_file_name": "C:\\Users\\gac8\\PycharmProjects\\PSSearch\\retail_forecasting_data_collection\\data\\cluster_info_250_random.pkl", "use_custom_sampling_operator": true, "use_custom_mutation_operator": true, "use_custom_crossover_operator": true, "use_custom_atomicity": true, "genome_threshold": null, "include_ps_len": true, "include_sample_quantity": true, "include_wasserstein_distance": false, "include_diff_median": false, "include_atomicity": false, "include_p_value": false, "include_mean_fitness": true, "include_variance": false}, "results": [{"pattern": [241, 134], "threshold": null}, {"pattern": [103], "threshold": null}, {"pattern": [188, 13], "threshold": null}, {"pattern": [241, 188, 215], "threshold": null}, {"pattern": [65], "threshold": null}, {"pattern": [25], "threshold": null}, {"pattern": [16, 132], "threshold": null}, {"pattern": [212, 38], "threshold": null}, {"pattern": [212], "threshold": null}, {"pattern": [196], "threshold": null}, {"pattern": [54], "threshold": null}, {"pattern": [217], "threshold": null}, {"pattern": [180, 132], "threshold": null}, {"pattern": [188, 95], "threshold": null}, {"pattern": [158], "threshold": null}, {"pattern": [88], "threshold": null}, {"pattern": [188, 102], "threshold": null}, {"pattern": [93], "threshold": null}, {"pattern": [237], "threshold": null}, {"pattern": [132], "threshold": null}, {"pattern": [25, 86], "threshold": null}, {"pattern": [230], "threshold": null}, {"pattern": [188], "threshold": null}, {"pattern": [237, 134], "threshold": null}, {"pattern": [86], "threshold": null}, {"pattern": [13], "threshold": null}, {"pattern": [120], "threshold": null}, {"pattern": [45], "threshold": null}]}, {"config": {"code_name": "[OS CM CC][Len SSize MFit CAtom][GNone]", "population_size": 100, "evaluation_budget": 10000, "cluster_info_file_name": "C:\\Users\\gac8\\PycharmProjects\\PSSearch\\retail_forecasting_data_collection\\data\\cluster_info_250_random.pkl", "use_custom_sampling_operator": false, "use_custom_mutation_operator": true, "use_custom_crossover_operator": true, "use_custom_atomicity": true, "genome_threshold": null, "include_ps_len": true, "include_sample_quantity": true, "include_wasserstein_distance": false, "include_diff_median": false, "include_atomicity": true, "include_p_value": false, "include_mean_fitness": true, "include_variance": false}, "results": [{"pattern": [180, 13], "threshold": null}, {"pattern": [132, 61], "threshold": null}, {"pattern": [158], "threshold": null}, {"pattern": [217, 132], "threshold": null}, {"pattern": [10, 82], "threshold": null}, {"pattern": [232, 109], "threshold": null}, {"pattern": [45], "threshold": null}, {"pattern": [25, 158], "threshold": null}, {"pattern": [235, 119], "threshold": null}, {"pattern": [196, 181], "threshold": null}, {"pattern": [188, 245], "threshold": null}, {"pattern": [103], "threshold": null}, {"pattern": [56, 86], "threshold": null}, {"pattern": [180, 132], "threshold": null}, {"pattern": [120], "threshold": null}, {"pattern": [184, 87], "threshold": null}, {"pattern": [188, 103], "threshold": null}, {"pattern": [13], "threshold": null}, {"pattern": [188], "threshold": null}, {"pattern": [217], "threshold": null}, {"pattern": [93], "threshold": null}, {"pattern": [16, 167], "threshold": null}, {"pattern": [119, 63], "threshold": null}, {"pattern": [88], "threshold": null}, {"pattern": [81, 180], "threshold": null}, {"pattern": [212], "threshold": null}, {"pattern": [169, 235], "threshold": null}, {"pattern": [132], "threshold": null}, {"pattern": [54], "threshold": null}, {"pattern": [13, 158], "threshold": null}, {"pattern": [25], "threshold": null}, {"pattern": [212, 127], "threshold": null}, {"pattern": [25, 103], "threshold": null}, {"pattern": [230], "threshold": null}, {"pattern": [205, 77], "threshold": null}, {"pattern": [74, 116], "threshold": null}, {"pattern": [188, 180], "threshold": null}, {"pattern": [65], "threshold": null}, {"pattern": [86], "threshold": null}, {"pattern": [196], "threshold": null}, {"pattern": [237], "threshold": null}, {"pattern": [27, 196], "threshold": null}, {"pattern": [34, 4], "threshold": null}, {"pattern": [100, 222], "threshold": null}, {"pattern": [27, 132], "threshold": null}, {"pattern": [11, 77], "threshold": null}, {"pattern": [88, 132], "threshold": null}, {"pattern": [212, 116], "threshold": null}, {"pattern": [88, 158], "threshold": null}, {"pattern": [25, 212], "threshold": null}, {"pattern": [25, 90], "threshold": null}, {"pattern": [220, 101], "threshold": null}]}, {"config": {"code_name": "[CS OM CC][Len SSize MFit CAtom][GNone]", "population_size": 100, "evaluation_budget": 10000, "cluster_info_file_name": "C:\\Users\\gac8\\PycharmProjects\\PSSearch\\retail_forecasting_data_collection\\data\\cluster_info_250_random.pkl", "use_custom_sampling_operator": true, "use_custom_mutation_operator": false, "use_custom_crossover_operator": true, "use_custom_atomicity": true, "genome_threshold": null, "include_ps_len": true, "include_sample_quantity": true, "include_wasserstein_distance": false, "include_diff_median": false, "include_atomicity": true, "include_p_value": false, "include_mean_fitness": true, "include_variance": false}, "results": [{"pattern": [86, 215], "threshold": null}, {"pattern": [212, 188, 171], "threshold": null}, {"pattern": [181], "threshold": null}, {"pattern": [25, 188], "threshold": null}, {"pattern": [181, 215], "threshold": null}, {"pattern": [90, 188, 86], "threshold": null}, {"pattern": [33, 74], "threshold": null}, {"pattern": [162, 74], "threshold": null}, {"pattern": [188, 103], "threshold": null}, {"pattern": [180, 171, 212], "threshold": null}, {"pattern": [188], "threshold": null}, {"pattern": [88, 188], "threshold": null}, {"pattern": [196, 188, 237], "threshold": null}, {"pattern": [217, 188, 237], "threshold": null}, {"pattern": [173], "threshold": null}, {"pattern": [202, 196, 188, 215], "threshold": null}, {"pattern": [88, 188, 215], "threshold": null}, {"pattern": [230], "threshold": null}, {"pattern": [139, 92], "threshold": null}, {"pattern": [34, 188], "threshold": null}, {"pattern": [188, 237], "threshold": null}, {"pattern": [61, 215], "threshold": null}, {"pattern": [103, 212, 13, 215], "threshold": null}, {"pattern": [132, 188, 63], "threshold": null}, {"pattern": [202, 158], "threshold": null}, {"pattern": [88, 188, 13], "threshold": null}, {"pattern": [215, 188, 103], "threshold": null}, {"pattern": [132, 196, 188], "threshold": null}, {"pattern": [65, 173], "threshold": null}, {"pattern": [27, 212, 188], "threshold": null}, {"pattern": [196, 202, 212, 188], "threshold": null}, {"pattern": [171, 212], "threshold": null}, {"pattern": [53, 215], "threshold": null}, {"pattern": [196, 188], "threshold": null}, {"pattern": [188, 116, 158], "threshold": null}, {"pattern": [209, 245], "threshold": null}, {"pattern": [25, 188, 63], "threshold": null}, {"pattern": [193], "threshold": null}, {"pattern": [184, 215], "threshold": null}, {"pattern": [160, 188, 245], "threshold": null}, {"pattern": [34, 188, 158], "threshold": null}, {"pattern": [50, 188], "threshold": null}, {"pattern": [177, 188], "threshold": null}, {"pattern": [202, 196, 188], "threshold": null}, {"pattern": [188, 245], "threshold": null}, {"pattern": [215, 212, 188, 103], "threshold": null}, {"pattern": [27, 188, 158], "threshold": null}, {"pattern": [116, 212, 188], "threshold": null}, {"pattern": [25, 188, 134], "threshold": null}, {"pattern": [188, 63], "threshold": null}, {"pattern": [169, 215], "threshold": null}, {"pattern": [88, 188, 103], "threshold": null}, {"pattern": [188, 158], "threshold": null}, {"pattern": [180, 202, 196, 188], "threshold": null}, {"pattern": [16, 74], "threshold": null}, {"pattern": [90, 188], "threshold": null}, {"pattern": [81, 173], "threshold": null}, {"pattern": [132, 202, 196, 188], "threshold": null}, {"pattern": [25, 196, 188], "threshold": null}, {"pattern": [180, 188, 86, 215], "threshold": null}, {"pattern": [188, 132, 215], "threshold": null}, {"pattern": [30, 63], "threshold": null}, {"pattern": [212, 188], "threshold": null}, {"pattern": [241, 188, 158], "threshold": null}, {"pattern": [116, 25, 188], "threshold": null}, {"pattern": [188, 86, 215], "threshold": null}, {"pattern": [215], "threshold": null}, {"pattern": [180, 173], "threshold": null}, {"pattern": [188, 134, 103], "threshold": null}, {"pattern": [45], "threshold": null}, {"pattern": [215, 188, 86, 103], "threshold": null}, {"pattern": [173, 63], "threshold": null}, {"pattern": [235, 188, 103], "threshold": null}, {"pattern": [237, 215], "threshold": null}, {"pattern": [88, 188, 13, 215], "threshold": null}, {"pattern": [215, 103], "threshold": null}, {"pattern": [180, 188, 215], "threshold": null}, {"pattern": [212, 103, 215, 188, 13], "threshold": null}, {"pattern": [202, 188, 158], "threshold": null}, {"pattern": [202, 212, 188], "threshold": null}, {"pattern": [88, 132, 188], "threshold": null}, {"pattern": [188, 158, 103], "threshold": null}, {"pattern": [217, 212, 188], "threshold": null}, {"pattern": [237], "threshold": null}, {"pattern": [212, 237], "threshold": null}, {"pattern": [188, 237, 158], "threshold": null}, {"pattern": [180, 188, 158], "threshold": null}, {"pattern": [116, 188], "threshold": null}, {"pattern": [132, 215], "threshold": null}, {"pattern": [25, 90], "threshold": null}]}, {"config": {"code_name": "[CS CM OC][Len SSize MFit CAtom][GNone]", "population_size": 100, "evaluation_budget": 10000, "cluster_info_file_name": "C:\\Users\\gac8\\PycharmProjects\\PSSearch\\retail_forecasting_data_collection\\data\\cluster_info_250_random.pkl", "use_custom_sampling_operator": true, "use_custom_mutation_operator": true, "use_custom_crossover_operator": false, "use_custom_atomicity": true, "genome_threshold": null, "include_ps_len": true, "include_sample_quantity": true, "include_wasserstein_distance": false, "include_diff_median": false, "include_atomicity": true, "include_p_value": false, "include_mean_fitness": true, "include_variance": false}, "results": [{"pattern": [25, 235], "threshold": null}, {"pattern": [158], "threshold": null}, {"pattern": [65, 158], "threshold": null}, {"pattern": [45], "threshold": null}, {"pattern": [212, 103], "threshold": null}, {"pattern": [34, 116], "threshold": null}, {"pattern": [103], "threshold": null}, {"pattern": [81, 188, 215], "threshold": null}, {"pattern": [120], "threshold": null}, {"pattern": [188, 103], "threshold": null}, {"pattern": [13], "threshold": null}, {"pattern": [188], "threshold": null}, {"pattern": [217], "threshold": null}, {"pattern": [93], "threshold": null}, {"pattern": [88], "threshold": null}, {"pattern": [212], "threshold": null}, {"pattern": [225, 103], "threshold": null}, {"pattern": [16, 241], "threshold": null}, {"pattern": [16, 63], "threshold": null}, {"pattern": [235, 134], "threshold": null}, {"pattern": [54], "threshold": null}, {"pattern": [25], "threshold": null}, {"pattern": [221, 215], "threshold": null}, {"pattern": [190, 158], "threshold": null}, {"pattern": [204, 86], "threshold": null}, {"pattern": [116, 237], "threshold": null}, {"pattern": [65, 215], "threshold": null}, {"pattern": [230], "threshold": null}, {"pattern": [34, 134], "threshold": null}, {"pattern": [180, 103], "threshold": null}, {"pattern": [65], "threshold": null}, {"pattern": [86], "threshold": null}, {"pattern": [196], "threshold": null}, {"pattern": [248, 103], "threshold": null}, {"pattern": [237], "threshold": null}, {"pattern": [25, 13], "threshold": null}, {"pattern": [50, 188], "threshold": null}, {"pattern": [16, 132], "threshold": null}, {"pattern": [132], "threshold": null}, {"pattern": [87, 63], "threshold": null}, {"pattern": [90, 132], "threshold": null}]}]}