{"extra_info": {"version": "fallback_v1", "seed": 42}, "data": [{"config": {"code_name": "[CS CM CC][Len SSize MFit CAtom][GNone]", "population_size": 100, "evaluation_budget": 10000, "cluster_info_file_name": "C:\\Users\\gac8\\PycharmProjects\\PSSearch\\retail_forecasting_data_collection\\data\\cluster_info_250_random.pkl", "use_custom_sampling_operator": true, "use_custom_mutation_operator": true, "use_custom_crossover_operator": true, "use_custom_atomicity": true, "genome_threshold": null, "include_ps_len": true, "include_sample_quantity": true, "include_wasserstein_distance": false, "include_diff_median": false, "include_atomicity": true, "include_p_value": false, "include_mean_fitness": true, "include_variance": false}, "results": [{"pattern": [86], "threshold": null}, {"pattern": [177, 244], "threshold": null}, {"pattern": [65], "threshold": null}, {"pattern": [16, 151], "threshold": null}, {"pattern": [56, 95], "threshold": null}, {"pattern": [103], "threshold": null}, {"pattern": [196, 158], "threshold": null}, {"pattern": [88], "threshold": null}, {"pattern": [196, 188], "threshold": null}, {"pattern": [16, 87], "threshold": null}, {"pattern": [202, 86], "threshold": null}, {"pattern": [93], "threshold": null}, {"pattern": [212, 158], "threshold": null}, {"pattern": [27, 132], "threshold": null}, {"pattern": [232, 235], "threshold": null}, {"pattern": [207, 119], "threshold": null}, {"pattern": [204, 183], "threshold": null}, {"pattern": [90, 27], "threshold": null}, {"pattern": [190, 63], "threshold": null}, {"pattern": [212, 87], "threshold": null}, {"pattern": [119, 103], "threshold": null}, {"pattern": [171, 188], "threshold": null}, {"pattern": [132, 190], "threshold": null}, {"pattern": [49, 13], "threshold": null}, {"pattern": [208, 141], "threshold": null}, {"pattern": [120], "threshold": null}, {"pattern": [132], "threshold": null}, {"pattern": [248, 215], "threshold": null}, {"pattern": [54], "threshold": null}, {"pattern": [38, 119], "threshold": null}, {"pattern": [45], "threshold": null}, {"pattern": [202, 212], "threshold": null}, {"pattern": [101, 62], "threshold": null}, {"pattern": [188], "threshold": null}, {"pattern": [50, 47], "threshold": null}, {"pattern": [25], "threshold": null}, {"pattern": [27, 196], "threshold": null}, {"pattern": [202, 221], "threshold": null}, {"pattern": [13], "threshold": null}, {"pattern": [212], "threshold": null}, {"pattern": [211, 196], "threshold": null}, {"pattern": [56, 114], "threshold": null}, {"pattern": [42, 63], "threshold": null}, {"pattern": [16, 196], "threshold": null}, {"pattern": [237], "threshold": null}, {"pattern": [25, 188], "threshold": null}, {"pattern": [35, 132], "threshold": null}, {"pattern": [25, 212], "threshold": null}, {"pattern": [188, 86], "threshold": null}, {"pattern": [217], "threshold": null}, {"pattern": [13, 157], "threshold": null}, {"pattern": [158], "threshold": null}, {"pattern": [8, 19], "threshold": null}, {"pattern": [196, 237], "threshold": null}, {"pattern": [52, 205], "threshold": null}, {"pattern": [188, 63], "threshold": null}, {"pattern": [25, 177], "threshold": null}, {"pattern": [188, 38], "threshold": null}, {"pattern": [177, 202], "threshold": null}]}, {"config": {"code_name": "[CS CM CC][SSize MFit CAtom][GNone]", "population_size": 100, "evaluation_budget": 10000, "cluster_info_file_name": "C:\\Users\\gac8\\PycharmProjects\\PSSearch\\retail_forecasting_data_collection\\data\\cluster_info_250_random.pkl", "use_custom_sampling_operator": true, "use_custom_mutation_operator": true, "use_custom_crossover_operator": true, "use_custom_atomicity": true, "genome_threshold": null, "include_ps_len": false, "include_sample_quantity": true, "include_wasserstein_distance": false, "include_diff_median": false, "include_atomicity": true, "include_p_value": false, "include_mean_fitness": true, "include_variance": false}, "results": [{"pattern": [158, 63], "threshold": null}, {"pattern": [188, 103, 63], "threshold": null}, {"pattern": [213, 215], "threshold": null}, {"pattern": [235, 52], "threshold": null}, {"pattern": [217, 180], "threshold": null}, {"pattern": [146, 195], "threshold": null}, {"pattern": [153, 100], "threshold": null}, {"pattern": [77, 37], "threshold": null}, {"pattern": [158], "threshold": null}, {"pattern": [134, 103], "threshold": null}, {"pattern": [90, 27], "threshold": null}, {"pattern": [241, 196], "threshold": null}, {"pattern": [202, 235], "threshold": null}, {"pattern": [103], "threshold": null}, {"pattern": [212, 103], "threshold": null}, {"pattern": [204, 132], "threshold": null}, {"pattern": [212, 182], "threshold": null}, {"pattern": [81, 165], "threshold": null}, {"pattern": [65, 177], "threshold": null}, {"pattern": [188], "threshold": null}, {"pattern": [212], "threshold": null}, {"pattern": [86], "threshold": null}, {"pattern": [35, 235], "threshold": null}, {"pattern": [188, 244], "threshold": null}, {"pattern": [180, 37], "threshold": null}, {"pattern": [88], "threshold": null}, {"pattern": [80, 229], "threshold": null}, {"pattern": [202, 103], "threshold": null}, {"pattern": [65, 202], "threshold": null}, {"pattern": [232, 134], "threshold": null}, {"pattern": [56, 205], "threshold": null}, {"pattern": [196, 132], "threshold": null}, {"pattern": [76, 29], "threshold": null}, {"pattern": [132, 244], "threshold": null}, {"pattern": [245, 215], "threshold": null}, {"pattern": [132], "threshold": null}, {"pattern": [64, 75], "threshold": null}, {"pattern": [81, 158], "threshold": null}, {"pattern": [93, 103], "threshold": null}, {"pattern": [13], "threshold": null}, {"pattern": [196, 90, 188, 132], "threshold": null}, {"pattern": [65], "threshold": null}, {"pattern": [34, 63], "threshold": null}, {"pattern": [69, 215], "threshold": null}, {"pattern": [19, 158], "threshold": null}]}, {"config": {"code_name": "[CS CM CC][Len MFit CAtom][GNone]", "population_size": 100, "evaluation_budget": 10000, "cluster_info_file_name": "C:\\Users\\gac8\\PycharmProjects\\PSSearch\\retail_forecasting_data_collection\\data\\cluster_info_250_random.pkl", "use_custom_sampling_operator": true, "use_custom_mutation_operator": true, "use_custom_crossover_operator": true, "use_custom_atomicity": true, "genome_threshold": null, "include_ps_len": true, "include_sample_quantity": false, "include_wasserstein_distance": false, "include_diff_median": false, "include_atomicity": true, "include_p_value": false, "include_mean_fitness": true, "include_variance": false}, "results": [{"pattern": [221, 87], "threshold": null}, {"pattern": [18, 37], "threshold": null}, {"pattern": [245, 53], "threshold": null}, {"pattern": [217, 158], "threshold": null}, {"pattern": [25, 202], "threshold": null}, {"pattern": [215, 86, 63], "threshold": null}, {"pattern": [212, 38], "threshold": null}, {"pattern": [205, 109], "threshold": null}, {"pattern": [69, 29], "threshold": null}, {"pattern": [116, 197], "threshold": null}, {"pattern": [232, 38], "threshold": null}, {"pattern": [241, 116], "threshold": null}, {"pattern": [120], "threshold": null}]}, {"config": {"code_name": "[CS CM CC][Len SSize CAtom][GNone]", "population_size": 100, "evaluation_budget": 10000, "cluster_info_file_name": "C:\\Users\\gac8\\PycharmProjects\\PSSearch\\retail_forecasting_data_collection\\data\\cluster_info_250_random.pkl", "use_custom_sampling_operator": true, "use_custom_mutation_operator": true, "use_custom_crossover_operator": true, "use_custom_atomicity": true, "genome_threshold": null, "include_ps_len": true, "include_sample_quantity": true, "include_wasserstein_distance": false, "include_diff_median": false, "include_atomicity": true, "include_p_value": false, "include_mean_fitness": false, "include_variance": false}, "results": [{"pattern": [192, 195], "threshold": null}, {"pattern": [212, 237], "threshold": null}, {"pattern": [212, 132], "threshold": null}, {"pattern": [188], "threshold": null}, {"pattern": [97, 146], "threshold": null}, {"pattern": [180, 215], "threshold": null}, {"pattern": [209, 151], "threshold": null}, {"pattern": [212, 103], "threshold": null}, {"pattern": [56, 246], "threshold": null}, {"pattern": [196, 86], "threshold": null}, {"pattern": [184, 63], "threshold": null}, {"pattern": [217, 212], "threshold": null}, {"pattern": [16, 139], "threshold": null}, {"pattern": [116, 167], "threshold": null}]}, {"config": {"code_name": "[CS CM CC][Len SSize MFit][GNone]", "population_size": 100, "evaluation_budget": 10000, "cluster_info_file_name": "C:\\Users\\gac8\\PycharmProjects\\PSSearch\\retail_forecasting_data_collection\\data\\cluster_info_250_random.pkl", "use_custom_sampling_operator": true, "use_custom_mutation_operator": true, "use_custom_crossover_operator": true, "use_custom_atomicity": true, "genome_threshold": null, "include_ps_len": true, "include_sample_quantity": true, "include_wasserstein_distance": false, "include_diff_median": false, "include_atomicity": false, "include_p_value": false, "include_mean_fitness": true, "include_variance": false}, "results": [{"pattern": [16, 188], "threshold": null}, {"pattern": [50, 86], "threshold": null}, {"pattern": [132], "threshold": null}, {"pattern": [157, 158], "threshold": null}, {"pattern": [180, 103], "threshold": null}, {"pattern": [132, 237], "threshold": null}, {"pattern": [158], "threshold": null}, {"pattern": [65, 196], "threshold": null}, {"pattern": [86], "threshold": null}, {"pattern": [188], "threshold": null}, {"pattern": [25], "threshold": null}, {"pattern": [103], "threshold": null}, {"pattern": [61, 158], "threshold": null}, {"pattern": [25, 212], "threshold": null}, {"pattern": [188, 132], "threshold": null}, {"pattern": [88], "threshold": null}, {"pattern": [132, 215], "threshold": null}, {"pattern": [45], "threshold": null}, {"pattern": [88, 13], "threshold": null}, {"pattern": [212], "threshold": null}, {"pattern": [93], "threshold": null}, {"pattern": [120], "threshold": null}, {"pattern": [65], "threshold": null}, {"pattern": [27, 212, 86], "threshold": null}, {"pattern": [217], "threshold": null}, {"pattern": [54], "threshold": null}, {"pattern": [212, 158], "threshold": null}, {"pattern": [237], "threshold": null}]}, {"config": {"code_name": "[OS CM CC][Len SSize MFit CAtom][GNone]", "population_size": 100, "evaluation_budget": 10000, "cluster_info_file_name": "C:\\Users\\gac8\\PycharmProjects\\PSSearch\\retail_forecasting_data_collection\\data\\cluster_info_250_random.pkl", "use_custom_sampling_operator": false, "use_custom_mutation_operator": true, "use_custom_crossover_operator": true, "use_custom_atomicity": true, "genome_threshold": null, "include_ps_len": true, "include_sample_quantity": true, "include_wasserstein_distance": false, "include_diff_median": false, "include_atomicity": true, "include_p_value": false, "include_mean_fitness": true, "include_variance": false}, "results": [{"pattern": [27, 245], "threshold": null}, {"pattern": [86], "threshold": null}, {"pattern": [65], "threshold": null}, {"pattern": [193, 157], "threshold": null}, {"pattern": [103], "threshold": null}, {"pattern": [221, 30], "threshold": null}, {"pattern": [49, 74], "threshold": null}, {"pattern": [88], "threshold": null}, {"pattern": [190, 87], "threshold": null}, {"pattern": [87, 63], "threshold": null}, {"pattern": [93], "threshold": null}, {"pattern": [212, 246], "threshold": null}, {"pattern": [116, 237], "threshold": null}, {"pattern": [212, 180], "threshold": null}, {"pattern": [177, 86], "threshold": null}, {"pattern": [65, 211], "threshold": null}, {"pattern": [190, 215], "threshold": null}, {"pattern": [120], "threshold": null}, {"pattern": [132], "threshold": null}, {"pattern": [54], "threshold": null}, {"pattern": [13, 215], "threshold": null}, {"pattern": [90, 212, 182], "threshold": null}, {"pattern": [45], "threshold": null}, {"pattern": [217, 132], "threshold": null}, {"pattern": [91, 86], "threshold": null}, {"pattern": [13, 181], "threshold": null}, {"pattern": [188], "threshold": null}, {"pattern": [25], "threshold": null}, {"pattern": [241, 167], "threshold": null}, {"pattern": [224, 196], "threshold": null}, {"pattern": [13], "threshold": null}, {"pattern": [241, 50], "threshold": null}, {"pattern": [34, 116], "threshold": null}, {"pattern": [212], "threshold": null}, {"pattern": [195, 239], "threshold": null}, {"pattern": [237], "threshold": null}, {"pattern": [13, 157], "threshold": null}, {"pattern": [205, 37], "threshold": null}, {"pattern": [25, 202], "threshold": null}, {"pattern": [56, 63], "threshold": null}, {"pattern": [158], "threshold": null}, {"pattern": [217], "threshold": null}, {"pattern": [237, 86], "threshold": null}, {"pattern": [224, 188], "threshold": null}, {"pattern": [212, 197], "threshold": null}, {"pattern": [188, 63], "threshold": null}, {"pattern": [196, 157], "threshold": null}, {"pattern": [65, 188], "threshold": null}, {"pattern": [241, 34], "threshold": null}]}, {"config": {"code_name": "[CS OM CC][Len SSize MFit CAtom][GNone]", "population_size": 100, "evaluation_budget": 10000, "cluster_info_file_name": "C:\\Users\\gac8\\PycharmProjects\\PSSearch\\retail_forecasting_data_collection\\data\\cluster_info_250_random.pkl", "use_custom_sampling_operator": true, "use_custom_mutation_operator": false, "use_custom_crossover_operator": true, "use_custom_atomicity": true, "genome_threshold": null, "include_ps_len": true, "include_sample_quantity": true, "include_wasserstein_distance": false, "include_diff_median": false, "include_atomicity": true, "include_p_value": false, "include_mean_fitness": true, "include_variance": false}, "results": [{"pattern": [93, 13], "threshold": null}, {"pattern": [212, 13], "threshold": null}, {"pattern": [65, 212, 196], "threshold": null}, {"pattern": [74, 116], "threshold": null}, {"pattern": [212, 158], "threshold": null}, {"pattern": [212, 134], "threshold": null}, {"pattern": [65, 212], "threshold": null}, {"pattern": [180], "threshold": null}, {"pattern": [25, 134], "threshold": null}, {"pattern": [65, 116, 86], "threshold": null}, {"pattern": [177, 132], "threshold": null}, {"pattern": [130, 13], "threshold": null}, {"pattern": [212, 132], "threshold": null}, {"pattern": [25, 13], "threshold": null}, {"pattern": [25, 158], "threshold": null}, {"pattern": [212, 196, 158], "threshold": null}, {"pattern": [132, 212, 196], "threshold": null}, {"pattern": [188, 13], "threshold": null}, {"pattern": [13, 167], "threshold": null}, {"pattern": [224, 212, 196], "threshold": null}, {"pattern": [132], "threshold": null}, {"pattern": [232, 132], "threshold": null}, {"pattern": [171, 212], "threshold": null}, {"pattern": [25, 132], "threshold": null}, {"pattern": [201, 13], "threshold": null}, {"pattern": [25, 215], "threshold": null}, {"pattern": [53], "threshold": null}, {"pattern": [244, 13], "threshold": null}, {"pattern": [132, 158], "threshold": null}, {"pattern": [188, 13, 103], "threshold": null}, {"pattern": [188, 212], "threshold": null}, {"pattern": [134], "threshold": null}, {"pattern": [13, 181], "threshold": null}, {"pattern": [196, 116], "threshold": null}, {"pattern": [212, 132, 13], "threshold": null}, {"pattern": [188, 212, 103], "threshold": null}, {"pattern": [25], "threshold": null}, {"pattern": [116, 212], "threshold": null}, {"pattern": [212, 221, 63], "threshold": null}, {"pattern": [13], "threshold": null}, {"pattern": [212], "threshold": null}, {"pattern": [116, 188, 212], "threshold": null}, {"pattern": [188, 212, 134], "threshold": null}, {"pattern": [81, 188, 212], "threshold": null}, {"pattern": [212, 13, 103], "threshold": null}, {"pattern": [196, 212, 134], "threshold": null}, {"pattern": [212, 237], "threshold": null}, {"pattern": [16, 212, 158], "threshold": null}, {"pattern": [212, 188, 63, 103], "threshold": null}, {"pattern": [212, 196], "threshold": null}, {"pattern": [16, 188, 13], "threshold": null}, {"pattern": [132, 188, 13], "threshold": null}, {"pattern": [132, 188, 212, 215], "threshold": null}, {"pattern": [8, 19], "threshold": null}, {"pattern": [215], "threshold": null}, {"pattern": [132, 215], "threshold": null}, {"pattern": [212, 38], "threshold": null}, {"pattern": [132, 116], "threshold": null}, {"pattern": [132, 188, 212], "threshold": null}, {"pattern": [16, 212], "threshold": null}, {"pattern": [177, 202], "threshold": null}]}, {"config": {"code_name": "[CS CM OC][Len SSize MFit CAtom][GNone]", "population_size": 100, "evaluation_budget": 10000, "cluster_info_file_name": "C:\\Users\\gac8\\PycharmProjects\\PSSearch\\retail_forecasting_data_collection\\data\\cluster_info_250_random.pkl", "use_custom_sampling_operator": true, "use_custom_mutation_operator": true, "use_custom_crossover_operator": false, "use_custom_atomicity": true, "genome_threshold": null, "include_ps_len": true, "include_sample_quantity": true, "include_wasserstein_distance": false, "include_diff_median": false, "include_atomicity": true, "include_p_value": false, "include_mean_fitness": true, "include_variance": false}, "results": [{"pattern": [27, 61], "threshold": null}, {"pattern": [184, 87], "threshold": null}, {"pattern": [86], "threshold": null}, {"pattern": [65], "threshold": null}, {"pattern": [103], "threshold": null}, {"pattern": [221, 30], "threshold": null}, {"pattern": [184, 27], "threshold": null}, {"pattern": [88], "threshold": null}, {"pattern": [212, 158], "threshold": null}, {"pattern": [93], "threshold": null}, {"pattern": [180, 215], "threshold": null}, {"pattern": [177, 158], "threshold": null}, {"pattern": [212, 37], "threshold": null}, {"pattern": [137, 61], "threshold": null}, {"pattern": [188, 132], "threshold": null}, {"pattern": [27, 158], "threshold": null}, {"pattern": [34, 63], "threshold": null}, {"pattern": [120], "threshold": null}, {"pattern": [132], "threshold": null}, {"pattern": [137, 134], "threshold": null}, {"pattern": [54], "threshold": null}, {"pattern": [45], "threshold": null}, {"pattern": [132, 103], "threshold": null}, {"pattern": [19, 158], "threshold": null}, {"pattern": [16, 164], "threshold": null}, {"pattern": [221, 61], "threshold": null}, {"pattern": [188], "threshold": null}, {"pattern": [25], "threshold": null}, {"pattern": [16, 241], "threshold": null}, {"pattern": [235, 63], "threshold": null}, {"pattern": [188, 116, 190], "threshold": null}, {"pattern": [13], "threshold": null}, {"pattern": [18, 92], "threshold": null}, {"pattern": [212], "threshold": null}, {"pattern": [88, 90], "threshold": null}, {"pattern": [88, 27], "threshold": null}, {"pattern": [237], "threshold": null}, {"pattern": [180, 164], "threshold": null}, {"pattern": [65, 171, 212], "threshold": null}, {"pattern": [137, 63], "threshold": null}, {"pattern": [217], "threshold": null}, {"pattern": [209, 188], "threshold": null}, {"pattern": [158], "threshold": null}, {"pattern": [116, 215], "threshold": null}, {"pattern": [184, 30], "threshold": null}, {"pattern": [212, 27, 188], "threshold": null}, {"pattern": [132, 157], "threshold": null}]}]}