{"extra_info": {"version": "fallback_v1", "seed": 83}, "data": [{"config": {"code_name": "[CS CM CC][Len SSize MFit CAtom][GNone]", "population_size": 100, "evaluation_budget": 10000, "cluster_info_file_name": "C:\\Users\\gac8\\PycharmProjects\\PSSearch\\retail_forecasting_data_collection\\data\\cluster_info_250_random.pkl", "use_custom_sampling_operator": true, "use_custom_mutation_operator": true, "use_custom_crossover_operator": true, "use_custom_atomicity": true, "genome_threshold": null, "include_ps_len": true, "include_sample_quantity": true, "include_wasserstein_distance": false, "include_diff_median": false, "include_atomicity": true, "include_p_value": false, "include_mean_fitness": true, "include_variance": false}, "results": [{"pattern": [230], "threshold": null}, {"pattern": [248, 25], "threshold": null}, {"pattern": [90, 13], "threshold": null}, {"pattern": [88], "threshold": null}, {"pattern": [88, 134], "threshold": null}, {"pattern": [211, 134], "threshold": null}, {"pattern": [202, 235], "threshold": null}, {"pattern": [27, 86], "threshold": null}, {"pattern": [137, 158], "threshold": null}, {"pattern": [162, 196], "threshold": null}, {"pattern": [241, 196], "threshold": null}, {"pattern": [237], "threshold": null}, {"pattern": [69, 157], "threshold": null}, {"pattern": [116, 158], "threshold": null}, {"pattern": [249, 146], "threshold": null}, {"pattern": [1, 78], "threshold": null}, {"pattern": [212, 116], "threshold": null}, {"pattern": [134, 55], "threshold": null}, {"pattern": [205, 77], "threshold": null}, {"pattern": [25], "threshold": null}, {"pattern": [188], "threshold": null}, {"pattern": [188, 132], "threshold": null}, {"pattern": [232, 34], "threshold": null}, {"pattern": [120], "threshold": null}, {"pattern": [103], "threshold": null}, {"pattern": [45], "threshold": null}, {"pattern": [13], "threshold": null}, {"pattern": [65, 212, 188], "threshold": null}, {"pattern": [101, 62], "threshold": null}, {"pattern": [103, 87], "threshold": null}, {"pattern": [54], "threshold": null}, {"pattern": [192, 101], "threshold": null}, {"pattern": [74, 103], "threshold": null}, {"pattern": [158], "threshold": null}, {"pattern": [65, 158], "threshold": null}, {"pattern": [65], "threshold": null}, {"pattern": [122, 11], "threshold": null}, {"pattern": [177, 188], "threshold": null}, {"pattern": [50, 139], "threshold": null}, {"pattern": [132], "threshold": null}, {"pattern": [157, 173], "threshold": null}, {"pattern": [132, 87], "threshold": null}, {"pattern": [212], "threshold": null}, {"pattern": [204, 116], "threshold": null}, {"pattern": [65, 25], "threshold": null}, {"pattern": [212, 93], "threshold": null}, {"pattern": [50, 92], "threshold": null}, {"pattern": [212, 182], "threshold": null}, {"pattern": [237, 86], "threshold": null}, {"pattern": [212, 245, 215], "threshold": null}, {"pattern": [104, 142], "threshold": null}, {"pattern": [196], "threshold": null}, {"pattern": [86], "threshold": null}]}, {"config": {"code_name": "[CS CM CC][SSize MFit CAtom][GNone]", "population_size": 100, "evaluation_budget": 10000, "cluster_info_file_name": "C:\\Users\\gac8\\PycharmProjects\\PSSearch\\retail_forecasting_data_collection\\data\\cluster_info_250_random.pkl", "use_custom_sampling_operator": true, "use_custom_mutation_operator": true, "use_custom_crossover_operator": true, "use_custom_atomicity": true, "genome_threshold": null, "include_ps_len": false, "include_sample_quantity": true, "include_wasserstein_distance": false, "include_diff_median": false, "include_atomicity": true, "include_p_value": false, "include_mean_fitness": true, "include_variance": false}, "results": [{"pattern": [235, 103], "threshold": null}, {"pattern": [123, 13], "threshold": null}, {"pattern": [205, 37], "threshold": null}, {"pattern": [27, 134], "threshold": null}, {"pattern": [205, 38], "threshold": null}, {"pattern": [116, 109], "threshold": null}, {"pattern": [56, 205], "threshold": null}, {"pattern": [212, 93], "threshold": null}, {"pattern": [35, 68], "threshold": null}, {"pattern": [158, 215], "threshold": null}, {"pattern": [26, 19], "threshold": null}, {"pattern": [196, 86], "threshold": null}, {"pattern": [184, 87], "threshold": null}, {"pattern": [237], "threshold": null}, {"pattern": [212], "threshold": null}, {"pattern": [188, 116], "threshold": null}, {"pattern": [226, 63], "threshold": null}, {"pattern": [180, 116], "threshold": null}, {"pattern": [18, 119], "threshold": null}, {"pattern": [65, 13], "threshold": null}, {"pattern": [18, 34], "threshold": null}, {"pattern": [196, 13], "threshold": null}, {"pattern": [16, 52], "threshold": null}, {"pattern": [77, 37], "threshold": null}, {"pattern": [146, 195], "threshold": null}, {"pattern": [88, 196, 86], "threshold": null}, {"pattern": [188], "threshold": null}, {"pattern": [212, 86], "threshold": null}, {"pattern": [158], "threshold": null}, {"pattern": [158, 142], "threshold": null}, {"pattern": [86], "threshold": null}, {"pattern": [204, 134], "threshold": null}, {"pattern": [13], "threshold": null}, {"pattern": [196], "threshold": null}, {"pattern": [132, 103], "threshold": null}, {"pattern": [103], "threshold": null}, {"pattern": [188, 132], "threshold": null}, {"pattern": [56, 237], "threshold": null}, {"pattern": [241, 34], "threshold": null}, {"pattern": [217, 90], "threshold": null}, {"pattern": [244, 158], "threshold": null}, {"pattern": [134, 63], "threshold": null}, {"pattern": [65], "threshold": null}]}, {"config": {"code_name": "[CS CM CC][Len MFit CAtom][GNone]", "population_size": 100, "evaluation_budget": 10000, "cluster_info_file_name": "C:\\Users\\gac8\\PycharmProjects\\PSSearch\\retail_forecasting_data_collection\\data\\cluster_info_250_random.pkl", "use_custom_sampling_operator": true, "use_custom_mutation_operator": true, "use_custom_crossover_operator": true, "use_custom_atomicity": true, "genome_threshold": null, "include_ps_len": true, "include_sample_quantity": false, "include_wasserstein_distance": false, "include_diff_median": false, "include_atomicity": true, "include_p_value": false, "include_mean_fitness": true, "include_variance": false}, "results": [{"pattern": [88, 237], "threshold": null}, {"pattern": [35, 68], "threshold": null}, {"pattern": [120], "threshold": null}, {"pattern": [184, 87], "threshold": null}, {"pattern": [235, 158], "threshold": null}]}, {"config": {"code_name": "[CS CM CC][Len SSize CAtom][GNone]", "population_size": 100, "evaluation_budget": 10000, "cluster_info_file_name": "C:\\Users\\gac8\\PycharmProjects\\PSSearch\\retail_forecasting_data_collection\\data\\cluster_info_250_random.pkl", "use_custom_sampling_operator": true, "use_custom_mutation_operator": true, "use_custom_crossover_operator": true, "use_custom_atomicity": true, "genome_threshold": null, "include_ps_len": true, "include_sample_quantity": true, "include_wasserstein_distance": false, "include_diff_median": false, "include_atomicity": true, "include_p_value": false, "include_mean_fitness": false, "include_variance": false}, "results": [{"pattern": [4, 63], "threshold": null}, {"pattern": [188, 63], "threshold": null}, {"pattern": [196, 188], "threshold": null}, {"pattern": [244, 13], "threshold": null}, {"pattern": [188], "threshold": null}, {"pattern": [177, 244], "threshold": null}, {"pattern": [212, 63], "threshold": null}, {"pattern": [27, 13], "threshold": null}, {"pattern": [208, 50], "threshold": null}]}, {"config": {"code_name": "[CS CM CC][Len SSize MFit][GNone]", "population_size": 100, "evaluation_budget": 10000, "cluster_info_file_name": "C:\\Users\\gac8\\PycharmProjects\\PSSearch\\retail_forecasting_data_collection\\data\\cluster_info_250_random.pkl", "use_custom_sampling_operator": true, "use_custom_mutation_operator": true, "use_custom_crossover_operator": true, "use_custom_atomicity": true, "genome_threshold": null, "include_ps_len": true, "include_sample_quantity": true, "include_wasserstein_distance": false, "include_diff_median": false, "include_atomicity": false, "include_p_value": false, "include_mean_fitness": true, "include_variance": false}, "results": [{"pattern": [188, 86], "threshold": null}, {"pattern": [196], "threshold": null}, {"pattern": [88], "threshold": null}, {"pattern": [25], "threshold": null}, {"pattern": [180, 237], "threshold": null}, {"pattern": [230], "threshold": null}, {"pattern": [237], "threshold": null}, {"pattern": [158, 132, 86], "threshold": null}, {"pattern": [158], "threshold": null}, {"pattern": [188, 180], "threshold": null}, {"pattern": [45], "threshold": null}, {"pattern": [13, 103], "threshold": null}, {"pattern": [13], "threshold": null}, {"pattern": [103], "threshold": null}, {"pattern": [54], "threshold": null}, {"pattern": [34, 215], "threshold": null}, {"pattern": [86], "threshold": null}, {"pattern": [132], "threshold": null}, {"pattern": [212], "threshold": null}, {"pattern": [188], "threshold": null}, {"pattern": [120], "threshold": null}, {"pattern": [65], "threshold": null}, {"pattern": [90, 116], "threshold": null}, {"pattern": [237, 86], "threshold": null}, {"pattern": [81, 215], "threshold": null}]}, {"config": {"code_name": "[OS CM CC][Len SSize MFit CAtom][GNone]", "population_size": 100, "evaluation_budget": 10000, "cluster_info_file_name": "C:\\Users\\gac8\\PycharmProjects\\PSSearch\\retail_forecasting_data_collection\\data\\cluster_info_250_random.pkl", "use_custom_sampling_operator": false, "use_custom_mutation_operator": true, "use_custom_crossover_operator": true, "use_custom_atomicity": true, "genome_threshold": null, "include_ps_len": true, "include_sample_quantity": true, "include_wasserstein_distance": false, "include_diff_median": false, "include_atomicity": true, "include_p_value": false, "include_mean_fitness": true, "include_variance": false}, "results": [{"pattern": [230], "threshold": null}, {"pattern": [88, 116], "threshold": null}, {"pattern": [88], "threshold": null}, {"pattern": [208, 188], "threshold": null}, {"pattern": [209, 245], "threshold": null}, {"pattern": [134, 87], "threshold": null}, {"pattern": [74, 158], "threshold": null}, {"pattern": [86, 127], "threshold": null}, {"pattern": [237], "threshold": null}, {"pattern": [241, 90], "threshold": null}, {"pattern": [16, 65], "threshold": null}, {"pattern": [188, 182], "threshold": null}, {"pattern": [119, 63], "threshold": null}, {"pattern": [180, 215], "threshold": null}, {"pattern": [25], "threshold": null}, {"pattern": [132, 103], "threshold": null}, {"pattern": [188], "threshold": null}, {"pattern": [120], "threshold": null}, {"pattern": [232, 30], "threshold": null}, {"pattern": [188, 244], "threshold": null}, {"pattern": [165, 63], "threshold": null}, {"pattern": [103], "threshold": null}, {"pattern": [45], "threshold": null}, {"pattern": [13], "threshold": null}, {"pattern": [65, 237], "threshold": null}, {"pattern": [54], "threshold": null}, {"pattern": [211, 212], "threshold": null}, {"pattern": [158], "threshold": null}, {"pattern": [65], "threshold": null}, {"pattern": [241, 202], "threshold": null}, {"pattern": [248, 196], "threshold": null}, {"pattern": [34, 87], "threshold": null}, {"pattern": [65, 13], "threshold": null}, {"pattern": [204, 63], "threshold": null}, {"pattern": [132], "threshold": null}, {"pattern": [248, 235], "threshold": null}, {"pattern": [245, 190], "threshold": null}, {"pattern": [212], "threshold": null}, {"pattern": [65, 25], "threshold": null}, {"pattern": [24, 158], "threshold": null}, {"pattern": [90, 27], "threshold": null}, {"pattern": [184, 63], "threshold": null}, {"pattern": [27, 63], "threshold": null}, {"pattern": [232, 87], "threshold": null}, {"pattern": [27, 157], "threshold": null}, {"pattern": [86, 38], "threshold": null}, {"pattern": [217, 180], "threshold": null}, {"pattern": [65, 27], "threshold": null}, {"pattern": [196], "threshold": null}, {"pattern": [86], "threshold": null}]}, {"config": {"code_name": "[CS OM CC][Len SSize MFit CAtom][GNone]", "population_size": 100, "evaluation_budget": 10000, "cluster_info_file_name": "C:\\Users\\gac8\\PycharmProjects\\PSSearch\\retail_forecasting_data_collection\\data\\cluster_info_250_random.pkl", "use_custom_sampling_operator": true, "use_custom_mutation_operator": false, "use_custom_crossover_operator": true, "use_custom_atomicity": true, "genome_threshold": null, "include_ps_len": true, "include_sample_quantity": true, "include_wasserstein_distance": false, "include_diff_median": false, "include_atomicity": true, "include_p_value": false, "include_mean_fitness": true, "include_variance": false}, "results": [{"pattern": [181, 158], "threshold": null}, {"pattern": [230], "threshold": null}, {"pattern": [248, 158], "threshold": null}, {"pattern": [132, 13, 215], "threshold": null}, {"pattern": [217], "threshold": null}, {"pattern": [202, 167], "threshold": null}, {"pattern": [235, 215], "threshold": null}, {"pattern": [25, 202], "threshold": null}, {"pattern": [88, 188], "threshold": null}, {"pattern": [158, 86], "threshold": null}, {"pattern": [215], "threshold": null}, {"pattern": [162, 215], "threshold": null}, {"pattern": [158, 103], "threshold": null}, {"pattern": [88, 188, 13, 103], "threshold": null}, {"pattern": [212, 188, 13, 103], "threshold": null}, {"pattern": [212, 103], "threshold": null}, {"pattern": [91, 196, 215], "threshold": null}, {"pattern": [132, 188, 215], "threshold": null}, {"pattern": [196, 188, 215], "threshold": null}, {"pattern": [241, 196], "threshold": null}, {"pattern": [188, 215], "threshold": null}, {"pattern": [132, 103, 215], "threshold": null}, {"pattern": [196, 188, 63], "threshold": null}, {"pattern": [88, 215], "threshold": null}, {"pattern": [177, 188, 215], "threshold": null}, {"pattern": [61, 215], "threshold": null}, {"pattern": [13, 215], "threshold": null}, {"pattern": [241, 196, 188], "threshold": null}, {"pattern": [180, 103], "threshold": null}, {"pattern": [132, 13], "threshold": null}, {"pattern": [196, 188], "threshold": null}, {"pattern": [212, 86, 103], "threshold": null}, {"pattern": [164, 188], "threshold": null}, {"pattern": [103, 13, 215], "threshold": null}, {"pattern": [132, 103], "threshold": null}, {"pattern": [217, 13], "threshold": null}, {"pattern": [188], "threshold": null}, {"pattern": [103], "threshold": null}, {"pattern": [202, 221], "threshold": null}, {"pattern": [217, 63], "threshold": null}, {"pattern": [116, 74, 188], "threshold": null}, {"pattern": [16, 158], "threshold": null}, {"pattern": [196, 215], "threshold": null}, {"pattern": [74, 103], "threshold": null}, {"pattern": [212, 158, 63], "threshold": null}, {"pattern": [158], "threshold": null}, {"pattern": [188, 103], "threshold": null}, {"pattern": [208, 158], "threshold": null}, {"pattern": [248, 215], "threshold": null}, {"pattern": [53, 158], "threshold": null}, {"pattern": [177, 188], "threshold": null}, {"pattern": [212, 13, 86, 103], "threshold": null}, {"pattern": [65, 196, 188], "threshold": null}, {"pattern": [88, 132, 13], "threshold": null}, {"pattern": [16, 74], "threshold": null}, {"pattern": [217, 212], "threshold": null}, {"pattern": [92, 158], "threshold": null}, {"pattern": [177, 158], "threshold": null}, {"pattern": [202], "threshold": null}, {"pattern": [188, 13, 86, 103], "threshold": null}, {"pattern": [158, 167], "threshold": null}, {"pattern": [188, 71], "threshold": null}, {"pattern": [27, 13, 215], "threshold": null}, {"pattern": [74, 116], "threshold": null}, {"pattern": [158, 63], "threshold": null}, {"pattern": [202, 188, 215], "threshold": null}, {"pattern": [158, 215], "threshold": null}, {"pattern": [59, 151], "threshold": null}, {"pattern": [65, 196, 188, 86], "threshold": null}, {"pattern": [27, 158], "threshold": null}, {"pattern": [13], "threshold": null}, {"pattern": [177, 196, 215], "threshold": null}, {"pattern": [188, 13, 103], "threshold": null}]}, {"config": {"code_name": "[CS CM OC][Len SSize MFit CAtom][GNone]", "population_size": 100, "evaluation_budget": 10000, "cluster_info_file_name": "C:\\Users\\gac8\\PycharmProjects\\PSSearch\\retail_forecasting_data_collection\\data\\cluster_info_250_random.pkl", "use_custom_sampling_operator": true, "use_custom_mutation_operator": true, "use_custom_crossover_operator": false, "use_custom_atomicity": true, "genome_threshold": null, "include_ps_len": true, "include_sample_quantity": true, "include_wasserstein_distance": false, "include_diff_median": false, "include_atomicity": true, "include_p_value": false, "include_mean_fitness": true, "include_variance": false}, "results": [{"pattern": [230], "threshold": null}, {"pattern": [90, 13], "threshold": null}, {"pattern": [88], "threshold": null}, {"pattern": [153, 196], "threshold": null}, {"pattern": [188, 221, 158], "threshold": null}, {"pattern": [76, 61], "threshold": null}, {"pattern": [188, 69], "threshold": null}, {"pattern": [241, 86], "threshold": null}, {"pattern": [237], "threshold": null}, {"pattern": [42, 188], "threshold": null}, {"pattern": [212, 196, 13, 158], "threshold": null}, {"pattern": [16, 241], "threshold": null}, {"pattern": [244, 47], "threshold": null}, {"pattern": [25], "threshold": null}, {"pattern": [132, 103], "threshold": null}, {"pattern": [188], "threshold": null}, {"pattern": [120], "threshold": null}, {"pattern": [61, 190], "threshold": null}, {"pattern": [103], "threshold": null}, {"pattern": [45], "threshold": null}, {"pattern": [13], "threshold": null}, {"pattern": [195, 135], "threshold": null}, {"pattern": [196], "threshold": null}, {"pattern": [54], "threshold": null}, {"pattern": [188, 158], "threshold": null}, {"pattern": [158], "threshold": null}, {"pattern": [25, 103], "threshold": null}, {"pattern": [65], "threshold": null}, {"pattern": [177, 90], "threshold": null}, {"pattern": [208, 86], "threshold": null}, {"pattern": [53, 158], "threshold": null}, {"pattern": [132], "threshold": null}, {"pattern": [27, 180], "threshold": null}, {"pattern": [34, 13], "threshold": null}, {"pattern": [217, 212], "threshold": null}, {"pattern": [233, 114], "threshold": null}, {"pattern": [245, 158], "threshold": null}, {"pattern": [212], "threshold": null}, {"pattern": [88, 63], "threshold": null}, {"pattern": [81, 180], "threshold": null}, {"pattern": [226, 180], "threshold": null}, {"pattern": [232, 235], "threshold": null}, {"pattern": [177, 132], "threshold": null}, {"pattern": [196, 86], "threshold": null}, {"pattern": [86], "threshold": null}, {"pattern": [0, 229], "threshold": null}, {"pattern": [241, 212, 196], "threshold": null}, {"pattern": [50, 188], "threshold": null}]}]}