{"extra_info": {"version": "fallback_v1", "seed": 58}, "data": [{"config": {"code_name": "[CS CM CC][Len SSize MFit CAtom][GNone]", "population_size": 100, "evaluation_budget": 10000, "cluster_info_file_name": "C:\\Users\\gac8\\PycharmProjects\\PSSearch\\retail_forecasting_data_collection\\data\\cluster_info_250_random.pkl", "use_custom_sampling_operator": true, "use_custom_mutation_operator": true, "use_custom_crossover_operator": true, "use_custom_atomicity": true, "genome_threshold": null, "include_ps_len": true, "include_sample_quantity": true, "include_wasserstein_distance": false, "include_diff_median": false, "include_atomicity": true, "include_p_value": false, "include_mean_fitness": true, "include_variance": false}, "results": [{"pattern": [188, 13], "threshold": null}, {"pattern": [27, 215], "threshold": null}, {"pattern": [184, 87], "threshold": null}, {"pattern": [18, 37], "threshold": null}, {"pattern": [88], "threshold": null}, {"pattern": [212, 164], "threshold": null}, {"pattern": [24, 212], "threshold": null}, {"pattern": [88, 116], "threshold": null}, {"pattern": [158, 215], "threshold": null}, {"pattern": [248, 196, 188], "threshold": null}, {"pattern": [61, 173], "threshold": null}, {"pattern": [100, 158], "threshold": null}, {"pattern": [212], "threshold": null}, {"pattern": [217], "threshold": null}, {"pattern": [193, 212], "threshold": null}, {"pattern": [45], "threshold": null}, {"pattern": [103], "threshold": null}, {"pattern": [56, 158], "threshold": null}, {"pattern": [232, 235], "threshold": null}, {"pattern": [212, 87], "threshold": null}, {"pattern": [13, 215], "threshold": null}, {"pattern": [184, 30], "threshold": null}, {"pattern": [241, 215], "threshold": null}, {"pattern": [13], "threshold": null}, {"pattern": [158], "threshold": null}, {"pattern": [164, 158], "threshold": null}, {"pattern": [13, 86], "threshold": null}, {"pattern": [24, 158], "threshold": null}, {"pattern": [188], "threshold": null}, {"pattern": [132], "threshold": null}, {"pattern": [16, 87], "threshold": null}, {"pattern": [137, 86], "threshold": null}, {"pattern": [120], "threshold": null}, {"pattern": [217, 158], "threshold": null}, {"pattern": [86], "threshold": null}, {"pattern": [177, 212], "threshold": null}, {"pattern": [232, 25], "threshold": null}, {"pattern": [241, 188, 215], "threshold": null}, {"pattern": [232, 139], "threshold": null}, {"pattern": [65], "threshold": null}, {"pattern": [34, 215], "threshold": null}, {"pattern": [196, 77], "threshold": null}, {"pattern": [204, 196], "threshold": null}, {"pattern": [237], "threshold": null}, {"pattern": [116, 87], "threshold": null}, {"pattern": [155, 63], "threshold": null}, {"pattern": [241, 182], "threshold": null}, {"pattern": [56, 38], "threshold": null}, {"pattern": [25], "threshold": null}, {"pattern": [54], "threshold": null}, {"pattern": [88, 215], "threshold": null}, {"pattern": [164, 132], "threshold": null}, {"pattern": [215, 103], "threshold": null}, {"pattern": [196], "threshold": null}, {"pattern": [204, 92], "threshold": null}, {"pattern": [13, 239], "threshold": null}, {"pattern": [33, 75], "threshold": null}]}, {"config": {"code_name": "[CS CM CC][SSize MFit CAtom][GNone]", "population_size": 100, "evaluation_budget": 10000, "cluster_info_file_name": "C:\\Users\\gac8\\PycharmProjects\\PSSearch\\retail_forecasting_data_collection\\data\\cluster_info_250_random.pkl", "use_custom_sampling_operator": true, "use_custom_mutation_operator": true, "use_custom_crossover_operator": true, "use_custom_atomicity": true, "genome_threshold": null, "include_ps_len": false, "include_sample_quantity": true, "include_wasserstein_distance": false, "include_diff_median": false, "include_atomicity": true, "include_p_value": false, "include_mean_fitness": true, "include_variance": false}, "results": [{"pattern": [90, 180, 215], "threshold": null}, {"pattern": [212], "threshold": null}, {"pattern": [65], "threshold": null}, {"pattern": [86, 63], "threshold": null}, {"pattern": [171, 215], "threshold": null}, {"pattern": [188, 237], "threshold": null}, {"pattern": [217], "threshold": null}, {"pattern": [16, 237], "threshold": null}, {"pattern": [16, 116], "threshold": null}, {"pattern": [237], "threshold": null}, {"pattern": [88, 86], "threshold": null}, {"pattern": [61, 190], "threshold": null}, {"pattern": [237, 158], "threshold": null}, {"pattern": [139, 188], "threshold": null}, {"pattern": [25], "threshold": null}, {"pattern": [13], "threshold": null}, {"pattern": [196, 188], "threshold": null}, {"pattern": [88], "threshold": null}, {"pattern": [188, 71], "threshold": null}, {"pattern": [217, 86], "threshold": null}, {"pattern": [132, 61], "threshold": null}, {"pattern": [86], "threshold": null}, {"pattern": [217, 212], "threshold": null}, {"pattern": [217, 90], "threshold": null}, {"pattern": [132], "threshold": null}, {"pattern": [34, 116], "threshold": null}, {"pattern": [27, 61], "threshold": null}, {"pattern": [42, 188], "threshold": null}, {"pattern": [155, 38], "threshold": null}, {"pattern": [16, 52], "threshold": null}, {"pattern": [137, 134], "threshold": null}, {"pattern": [134, 103], "threshold": null}, {"pattern": [196], "threshold": null}, {"pattern": [158], "threshold": null}, {"pattern": [232, 52], "threshold": null}, {"pattern": [38, 63], "threshold": null}, {"pattern": [188, 127], "threshold": null}, {"pattern": [164, 13], "threshold": null}, {"pattern": [204, 61], "threshold": null}, {"pattern": [235, 158], "threshold": null}, {"pattern": [190, 134], "threshold": null}, {"pattern": [188], "threshold": null}, {"pattern": [241, 196], "threshold": null}]}, {"config": {"code_name": "[CS CM CC][Len MFit CAtom][GNone]", "population_size": 100, "evaluation_budget": 10000, "cluster_info_file_name": "C:\\Users\\gac8\\PycharmProjects\\PSSearch\\retail_forecasting_data_collection\\data\\cluster_info_250_random.pkl", "use_custom_sampling_operator": true, "use_custom_mutation_operator": true, "use_custom_crossover_operator": true, "use_custom_atomicity": true, "genome_threshold": null, "include_ps_len": true, "include_sample_quantity": false, "include_wasserstein_distance": false, "include_diff_median": false, "include_atomicity": true, "include_p_value": false, "include_mean_fitness": true, "include_variance": false}, "results": [{"pattern": [34, 4], "threshold": null}, {"pattern": [204, 61], "threshold": null}, {"pattern": [248, 25], "threshold": null}, {"pattern": [120], "threshold": null}, {"pattern": [35, 109], "threshold": null}, {"pattern": [190, 103], "threshold": null}, {"pattern": [25, 90, 188], "threshold": null}, {"pattern": [180, 237], "threshold": null}, {"pattern": [38, 87], "threshold": null}]}, {"config": {"code_name": "[CS CM CC][Len SSize CAtom][GNone]", "population_size": 100, "evaluation_budget": 10000, "cluster_info_file_name": "C:\\Users\\gac8\\PycharmProjects\\PSSearch\\retail_forecasting_data_collection\\data\\cluster_info_250_random.pkl", "use_custom_sampling_operator": true, "use_custom_mutation_operator": true, "use_custom_crossover_operator": true, "use_custom_atomicity": true, "genome_threshold": null, "include_ps_len": true, "include_sample_quantity": true, "include_wasserstein_distance": false, "include_diff_median": false, "include_atomicity": true, "include_p_value": false, "include_mean_fitness": false, "include_variance": false}, "results": [{"pattern": [65, 212], "threshold": null}, {"pattern": [188], "threshold": null}, {"pattern": [80, 52], "threshold": null}, {"pattern": [202, 188], "threshold": null}, {"pattern": [188, 38], "threshold": null}, {"pattern": [43, 101], "threshold": null}, {"pattern": [188, 116], "threshold": null}, {"pattern": [171, 86], "threshold": null}]}, {"config": {"code_name": "[CS CM CC][Len SSize MFit][GNone]", "population_size": 100, "evaluation_budget": 10000, "cluster_info_file_name": "C:\\Users\\gac8\\PycharmProjects\\PSSearch\\retail_forecasting_data_collection\\data\\cluster_info_250_random.pkl", "use_custom_sampling_operator": true, "use_custom_mutation_operator": true, "use_custom_crossover_operator": true, "use_custom_atomicity": true, "genome_threshold": null, "include_ps_len": true, "include_sample_quantity": true, "include_wasserstein_distance": false, "include_diff_median": false, "include_atomicity": false, "include_p_value": false, "include_mean_fitness": true, "include_variance": false}, "results": [{"pattern": [88], "threshold": null}, {"pattern": [158, 103], "threshold": null}, {"pattern": [45], "threshold": null}, {"pattern": [132], "threshold": null}, {"pattern": [86], "threshold": null}, {"pattern": [120], "threshold": null}, {"pattern": [202, 215], "threshold": null}, {"pattern": [65, 90], "threshold": null}, {"pattern": [65], "threshold": null}, {"pattern": [88, 158], "threshold": null}, {"pattern": [217], "threshold": null}, {"pattern": [188], "threshold": null}, {"pattern": [90, 86], "threshold": null}, {"pattern": [103], "threshold": null}, {"pattern": [25, 245], "threshold": null}, {"pattern": [241, 13], "threshold": null}, {"pattern": [88, 63], "threshold": null}, {"pattern": [54], "threshold": null}, {"pattern": [25], "threshold": null}, {"pattern": [196, 103], "threshold": null}, {"pattern": [196], "threshold": null}, {"pattern": [13], "threshold": null}, {"pattern": [212], "threshold": null}, {"pattern": [88, 188], "threshold": null}, {"pattern": [65, 212], "threshold": null}, {"pattern": [13, 158], "threshold": null}, {"pattern": [237], "threshold": null}, {"pattern": [158], "threshold": null}]}, {"config": {"code_name": "[OS CM CC][Len SSize MFit CAtom][GNone]", "population_size": 100, "evaluation_budget": 10000, "cluster_info_file_name": "C:\\Users\\gac8\\PycharmProjects\\PSSearch\\retail_forecasting_data_collection\\data\\cluster_info_250_random.pkl", "use_custom_sampling_operator": false, "use_custom_mutation_operator": true, "use_custom_crossover_operator": true, "use_custom_atomicity": true, "genome_threshold": null, "include_ps_len": true, "include_sample_quantity": true, "include_wasserstein_distance": false, "include_diff_median": false, "include_atomicity": true, "include_p_value": false, "include_mean_fitness": true, "include_variance": false}, "results": [{"pattern": [34, 190], "threshold": null}, {"pattern": [90, 171, 86], "threshold": null}, {"pattern": [204, 158], "threshold": null}, {"pattern": [91, 158], "threshold": null}, {"pattern": [88], "threshold": null}, {"pattern": [162, 158], "threshold": null}, {"pattern": [181, 158], "threshold": null}, {"pattern": [61, 173], "threshold": null}, {"pattern": [212, 86], "threshold": null}, {"pattern": [212], "threshold": null}, {"pattern": [217], "threshold": null}, {"pattern": [49, 188], "threshold": null}, {"pattern": [45], "threshold": null}, {"pattern": [132, 158], "threshold": null}, {"pattern": [103], "threshold": null}, {"pattern": [34, 63], "threshold": null}, {"pattern": [134, 55], "threshold": null}, {"pattern": [13], "threshold": null}, {"pattern": [158], "threshold": null}, {"pattern": [105, 207], "threshold": null}, {"pattern": [76, 190], "threshold": null}, {"pattern": [35, 109], "threshold": null}, {"pattern": [217, 180], "threshold": null}, {"pattern": [13, 30], "threshold": null}, {"pattern": [81, 153], "threshold": null}, {"pattern": [188], "threshold": null}, {"pattern": [132], "threshold": null}, {"pattern": [90, 146], "threshold": null}, {"pattern": [27, 86], "threshold": null}, {"pattern": [120], "threshold": null}, {"pattern": [139, 165], "threshold": null}, {"pattern": [241, 116], "threshold": null}, {"pattern": [11, 205], "threshold": null}, {"pattern": [86], "threshold": null}, {"pattern": [241, 63], "threshold": null}, {"pattern": [25, 196], "threshold": null}, {"pattern": [65], "threshold": null}, {"pattern": [38, 87], "threshold": null}, {"pattern": [237, 103], "threshold": null}, {"pattern": [237], "threshold": null}, {"pattern": [224, 212], "threshold": null}, {"pattern": [235, 188], "threshold": null}, {"pattern": [25], "threshold": null}, {"pattern": [54], "threshold": null}, {"pattern": [193, 13], "threshold": null}, {"pattern": [116, 190], "threshold": null}, {"pattern": [180, 63], "threshold": null}, {"pattern": [53, 215], "threshold": null}, {"pattern": [196], "threshold": null}, {"pattern": [202, 103], "threshold": null}, {"pattern": [17, 30], "threshold": null}]}, {"config": {"code_name": "[CS OM CC][Len SSize MFit CAtom][GNone]", "population_size": 100, "evaluation_budget": 10000, "cluster_info_file_name": "C:\\Users\\gac8\\PycharmProjects\\PSSearch\\retail_forecasting_data_collection\\data\\cluster_info_250_random.pkl", "use_custom_sampling_operator": true, "use_custom_mutation_operator": false, "use_custom_crossover_operator": true, "use_custom_atomicity": true, "genome_threshold": null, "include_ps_len": true, "include_sample_quantity": true, "include_wasserstein_distance": false, "include_diff_median": false, "include_atomicity": true, "include_p_value": false, "include_mean_fitness": true, "include_variance": false}, "results": [{"pattern": [196, 180, 171, 188], "threshold": null}, {"pattern": [88, 188, 132], "threshold": null}, {"pattern": [188, 92], "threshold": null}, {"pattern": [241, 212], "threshold": null}, {"pattern": [180, 212, 86], "threshold": null}, {"pattern": [25, 86], "threshold": null}, {"pattern": [25, 188, 13], "threshold": null}, {"pattern": [212, 237], "threshold": null}, {"pattern": [212, 86], "threshold": null}, {"pattern": [27, 204], "threshold": null}, {"pattern": [212], "threshold": null}, {"pattern": [217], "threshold": null}, {"pattern": [241, 188, 132], "threshold": null}, {"pattern": [188, 13, 86], "threshold": null}, {"pattern": [132, 188, 13, 215], "threshold": null}, {"pattern": [65, 50, 188, 86], "threshold": null}, {"pattern": [171, 188, 86], "threshold": null}, {"pattern": [65, 132, 188, 13], "threshold": null}, {"pattern": [132, 196, 188, 215], "threshold": null}, {"pattern": [202, 188, 86], "threshold": null}, {"pattern": [132, 90, 188], "threshold": null}, {"pattern": [188, 132, 86], "threshold": null}, {"pattern": [132, 188, 13], "threshold": null}, {"pattern": [217, 202], "threshold": null}, {"pattern": [241, 158], "threshold": null}, {"pattern": [184, 221], "threshold": null}, {"pattern": [132, 212], "threshold": null}, {"pattern": [65, 188, 196], "threshold": null}, {"pattern": [188, 171, 132, 86], "threshold": null}, {"pattern": [27], "threshold": null}, {"pattern": [25, 188], "threshold": null}, {"pattern": [217, 196, 188], "threshold": null}, {"pattern": [188, 196, 132], "threshold": null}, {"pattern": [241, 50], "threshold": null}, {"pattern": [188], "threshold": null}, {"pattern": [171, 188], "threshold": null}, {"pattern": [50, 86], "threshold": null}, {"pattern": [241, 116], "threshold": null}, {"pattern": [16, 212, 86], "threshold": null}, {"pattern": [217, 158], "threshold": null}, {"pattern": [188, 190], "threshold": null}, {"pattern": [241, 132], "threshold": null}, {"pattern": [212, 93], "threshold": null}, {"pattern": [56, 204], "threshold": null}, {"pattern": [180, 171, 196], "threshold": null}, {"pattern": [188, 237], "threshold": null}, {"pattern": [86], "threshold": null}, {"pattern": [241], "threshold": null}, {"pattern": [212, 237, 86], "threshold": null}, {"pattern": [188, 86], "threshold": null}, {"pattern": [188, 205], "threshold": null}, {"pattern": [180, 188, 86], "threshold": null}, {"pattern": [188, 71], "threshold": null}, {"pattern": [16, 180], "threshold": null}, {"pattern": [217, 196], "threshold": null}, {"pattern": [217, 212], "threshold": null}, {"pattern": [241, 86], "threshold": null}, {"pattern": [65, 188, 86], "threshold": null}, {"pattern": [241, 90], "threshold": null}, {"pattern": [188, 132], "threshold": null}, {"pattern": [50, 188, 86], "threshold": null}, {"pattern": [188, 215], "threshold": null}, {"pattern": [188, 237, 158], "threshold": null}, {"pattern": [105, 188, 205], "threshold": null}, {"pattern": [208, 212], "threshold": null}, {"pattern": [217, 116], "threshold": null}, {"pattern": [188, 86, 92], "threshold": null}, {"pattern": [232, 188, 87], "threshold": null}]}, {"config": {"code_name": "[CS CM OC][Len SSize MFit CAtom][GNone]", "population_size": 100, "evaluation_budget": 10000, "cluster_info_file_name": "C:\\Users\\gac8\\PycharmProjects\\PSSearch\\retail_forecasting_data_collection\\data\\cluster_info_250_random.pkl", "use_custom_sampling_operator": true, "use_custom_mutation_operator": true, "use_custom_crossover_operator": false, "use_custom_atomicity": true, "genome_threshold": null, "include_ps_len": true, "include_sample_quantity": true, "include_wasserstein_distance": false, "include_diff_median": false, "include_atomicity": true, "include_p_value": false, "include_mean_fitness": true, "include_variance": false}, "results": [{"pattern": [232, 132], "threshold": null}, {"pattern": [202, 47], "threshold": null}, {"pattern": [88], "threshold": null}, {"pattern": [25, 90], "threshold": null}, {"pattern": [82, 134], "threshold": null}, {"pattern": [93, 86], "threshold": null}, {"pattern": [202, 182], "threshold": null}, {"pattern": [164, 215], "threshold": null}, {"pattern": [65, 13], "threshold": null}, {"pattern": [212], "threshold": null}, {"pattern": [212, 246], "threshold": null}, {"pattern": [217], "threshold": null}, {"pattern": [45], "threshold": null}, {"pattern": [103], "threshold": null}, {"pattern": [245, 103], "threshold": null}, {"pattern": [232, 235], "threshold": null}, {"pattern": [81, 42], "threshold": null}, {"pattern": [35, 235], "threshold": null}, {"pattern": [241, 91], "threshold": null}, {"pattern": [13], "threshold": null}, {"pattern": [158], "threshold": null}, {"pattern": [90, 158], "threshold": null}, {"pattern": [212, 77], "threshold": null}, {"pattern": [43, 212], "threshold": null}, {"pattern": [65, 196], "threshold": null}, {"pattern": [204, 61], "threshold": null}, {"pattern": [188], "threshold": null}, {"pattern": [132], "threshold": null}, {"pattern": [120], "threshold": null}, {"pattern": [34, 188], "threshold": null}, {"pattern": [88, 158], "threshold": null}, {"pattern": [86], "threshold": null}, {"pattern": [13, 222], "threshold": null}, {"pattern": [177, 188], "threshold": null}, {"pattern": [65], "threshold": null}, {"pattern": [196, 13], "threshold": null}, {"pattern": [196, 135], "threshold": null}, {"pattern": [237], "threshold": null}, {"pattern": [50, 92], "threshold": null}, {"pattern": [188, 95], "threshold": null}, {"pattern": [25], "threshold": null}, {"pattern": [91, 212], "threshold": null}, {"pattern": [139, 92], "threshold": null}, {"pattern": [54], "threshold": null}, {"pattern": [105, 205], "threshold": null}, {"pattern": [196], "threshold": null}, {"pattern": [204, 92], "threshold": null}, {"pattern": [212, 127], "threshold": null}]}]}