{"extra_info": {"version": "fallback_v1", "seed": 23}, "data": [{"config": {"code_name": "[CS CM CC][Len SSize MFit CAtom][GNone]", "population_size": 100, "evaluation_budget": 10000, "cluster_info_file_name": "C:\\Users\\gac8\\PycharmProjects\\PSSearch\\retail_forecasting_data_collection\\data\\cluster_info_250_random.pkl", "use_custom_sampling_operator": true, "use_custom_mutation_operator": true, "use_custom_crossover_operator": true, "use_custom_atomicity": true, "genome_threshold": null, "include_ps_len": true, "include_sample_quantity": true, "include_wasserstein_distance": false, "include_diff_median": false, "include_atomicity": true, "include_p_value": false, "include_mean_fitness": true, "include_variance": false}, "results": [{"pattern": [50, 158], "threshold": null}, {"pattern": [188, 205], "threshold": null}, {"pattern": [37, 38], "threshold": null}, {"pattern": [25, 215], "threshold": null}, {"pattern": [11, 77], "threshold": null}, {"pattern": [81, 153], "threshold": null}, {"pattern": [167, 63], "threshold": null}, {"pattern": [158], "threshold": null}, {"pattern": [241, 180], "threshold": null}, {"pattern": [232, 105], "threshold": null}, {"pattern": [13], "threshold": null}, {"pattern": [26, 19], "threshold": null}, {"pattern": [208, 141], "threshold": null}, {"pattern": [132], "threshold": null}, {"pattern": [90, 188], "threshold": null}, {"pattern": [66, 116], "threshold": null}, {"pattern": [76, 173], "threshold": null}, {"pattern": [65, 221], "threshold": null}, {"pattern": [86], "threshold": null}, {"pattern": [77, 119], "threshold": null}, {"pattern": [177, 91], "threshold": null}, {"pattern": [37, 182], "threshold": null}, {"pattern": [153, 163], "threshold": null}, {"pattern": [81, 63], "threshold": null}, {"pattern": [65], "threshold": null}, {"pattern": [25], "threshold": null}, {"pattern": [120], "threshold": null}, {"pattern": [54], "threshold": null}, {"pattern": [180, 86], "threshold": null}, {"pattern": [16, 27], "threshold": null}, {"pattern": [173, 158], "threshold": null}, {"pattern": [45], "threshold": null}, {"pattern": [13, 189], "threshold": null}, {"pattern": [188], "threshold": null}, {"pattern": [202, 212], "threshold": null}, {"pattern": [90, 86], "threshold": null}, {"pattern": [88], "threshold": null}, {"pattern": [196, 132], "threshold": null}, {"pattern": [90, 221], "threshold": null}, {"pattern": [212, 188], "threshold": null}, {"pattern": [212], "threshold": null}, {"pattern": [69, 165], "threshold": null}, {"pattern": [103], "threshold": null}, {"pattern": [224, 100], "threshold": null}, {"pattern": [74, 103], "threshold": null}, {"pattern": [237], "threshold": null}, {"pattern": [196, 134], "threshold": null}, {"pattern": [230], "threshold": null}]}, {"config": {"code_name": "[CS CM CC][SSize MFit CAtom][GNone]", "population_size": 100, "evaluation_budget": 10000, "cluster_info_file_name": "C:\\Users\\gac8\\PycharmProjects\\PSSearch\\retail_forecasting_data_collection\\data\\cluster_info_250_random.pkl", "use_custom_sampling_operator": true, "use_custom_mutation_operator": true, "use_custom_crossover_operator": true, "use_custom_atomicity": true, "genome_threshold": null, "include_ps_len": false, "include_sample_quantity": true, "include_wasserstein_distance": false, "include_diff_median": false, "include_atomicity": true, "include_p_value": false, "include_mean_fitness": true, "include_variance": false}, "results": [{"pattern": [188, 245], "threshold": null}, {"pattern": [132], "threshold": null}, {"pattern": [51, 215], "threshold": null}, {"pattern": [50, 212, 158], "threshold": null}, {"pattern": [188], "threshold": null}, {"pattern": [25, 132], "threshold": null}, {"pattern": [29, 13], "threshold": null}, {"pattern": [188, 167], "threshold": null}, {"pattern": [196, 132], "threshold": null}, {"pattern": [248, 134], "threshold": null}, {"pattern": [139, 92], "threshold": null}, {"pattern": [158], "threshold": null}, {"pattern": [244, 158], "threshold": null}, {"pattern": [65], "threshold": null}, {"pattern": [162, 196], "threshold": null}, {"pattern": [188, 116], "threshold": null}, {"pattern": [188, 132], "threshold": null}, {"pattern": [38, 87], "threshold": null}, {"pattern": [215, 63], "threshold": null}, {"pattern": [196, 13], "threshold": null}, {"pattern": [122, 109], "threshold": null}, {"pattern": [88, 188], "threshold": null}, {"pattern": [224, 196], "threshold": null}, {"pattern": [88, 171], "threshold": null}, {"pattern": [132, 86], "threshold": null}, {"pattern": [235, 132], "threshold": null}, {"pattern": [13], "threshold": null}, {"pattern": [103], "threshold": null}, {"pattern": [134, 63], "threshold": null}, {"pattern": [49, 116], "threshold": null}, {"pattern": [137, 134], "threshold": null}, {"pattern": [86], "threshold": null}, {"pattern": [209, 34], "threshold": null}, {"pattern": [16, 212], "threshold": null}, {"pattern": [90, 237], "threshold": null}, {"pattern": [88], "threshold": null}, {"pattern": [202, 158], "threshold": null}, {"pattern": [116, 158], "threshold": null}, {"pattern": [204, 92], "threshold": null}, {"pattern": [212], "threshold": null}, {"pattern": [215, 13, 63], "threshold": null}]}, {"config": {"code_name": "[CS CM CC][Len MFit CAtom][GNone]", "population_size": 100, "evaluation_budget": 10000, "cluster_info_file_name": "C:\\Users\\gac8\\PycharmProjects\\PSSearch\\retail_forecasting_data_collection\\data\\cluster_info_250_random.pkl", "use_custom_sampling_operator": true, "use_custom_mutation_operator": true, "use_custom_crossover_operator": true, "use_custom_atomicity": true, "genome_threshold": null, "include_ps_len": true, "include_sample_quantity": false, "include_wasserstein_distance": false, "include_diff_median": false, "include_atomicity": true, "include_p_value": false, "include_mean_fitness": true, "include_variance": false}, "results": [{"pattern": [25, 134], "threshold": null}, {"pattern": [4, 63], "threshold": null}, {"pattern": [25, 235], "threshold": null}, {"pattern": [120], "threshold": null}, {"pattern": [217, 134], "threshold": null}, {"pattern": [51, 213], "threshold": null}]}, {"config": {"code_name": "[CS CM CC][Len SSize CAtom][GNone]", "population_size": 100, "evaluation_budget": 10000, "cluster_info_file_name": "C:\\Users\\gac8\\PycharmProjects\\PSSearch\\retail_forecasting_data_collection\\data\\cluster_info_250_random.pkl", "use_custom_sampling_operator": true, "use_custom_mutation_operator": true, "use_custom_crossover_operator": true, "use_custom_atomicity": true, "genome_threshold": null, "include_ps_len": true, "include_sample_quantity": true, "include_wasserstein_distance": false, "include_diff_median": false, "include_atomicity": true, "include_p_value": false, "include_mean_fitness": false, "include_variance": false}, "results": [{"pattern": [38, 63], "threshold": null}, {"pattern": [232, 35], "threshold": null}, {"pattern": [188, 116], "threshold": null}, {"pattern": [188, 205], "threshold": null}, {"pattern": [122, 109], "threshold": null}, {"pattern": [188], "threshold": null}, {"pattern": [212, 86], "threshold": null}, {"pattern": [202, 91], "threshold": null}, {"pattern": [188, 71], "threshold": null}]}, {"config": {"code_name": "[CS CM CC][Len SSize MFit][GNone]", "population_size": 100, "evaluation_budget": 10000, "cluster_info_file_name": "C:\\Users\\gac8\\PycharmProjects\\PSSearch\\retail_forecasting_data_collection\\data\\cluster_info_250_random.pkl", "use_custom_sampling_operator": true, "use_custom_mutation_operator": true, "use_custom_crossover_operator": true, "use_custom_atomicity": true, "genome_threshold": null, "include_ps_len": true, "include_sample_quantity": true, "include_wasserstein_distance": false, "include_diff_median": false, "include_atomicity": false, "include_p_value": false, "include_mean_fitness": true, "include_variance": false}, "results": [{"pattern": [90, 171], "threshold": null}, {"pattern": [25], "threshold": null}, {"pattern": [237, 158], "threshold": null}, {"pattern": [188], "threshold": null}, {"pattern": [86], "threshold": null}, {"pattern": [158], "threshold": null}, {"pattern": [50, 158], "threshold": null}, {"pattern": [212], "threshold": null}, {"pattern": [91, 13], "threshold": null}, {"pattern": [54], "threshold": null}, {"pattern": [45], "threshold": null}, {"pattern": [230], "threshold": null}, {"pattern": [13], "threshold": null}, {"pattern": [88], "threshold": null}, {"pattern": [132], "threshold": null}, {"pattern": [90, 245], "threshold": null}, {"pattern": [16, 103], "threshold": null}, {"pattern": [164, 158], "threshold": null}, {"pattern": [237], "threshold": null}, {"pattern": [217, 188], "threshold": null}, {"pattern": [103], "threshold": null}, {"pattern": [65], "threshold": null}, {"pattern": [120], "threshold": null}]}, {"config": {"code_name": "[OS CM CC][Len SSize MFit CAtom][GNone]", "population_size": 100, "evaluation_budget": 10000, "cluster_info_file_name": "C:\\Users\\gac8\\PycharmProjects\\PSSearch\\retail_forecasting_data_collection\\data\\cluster_info_250_random.pkl", "use_custom_sampling_operator": false, "use_custom_mutation_operator": true, "use_custom_crossover_operator": true, "use_custom_atomicity": true, "genome_threshold": null, "include_ps_len": true, "include_sample_quantity": true, "include_wasserstein_distance": false, "include_diff_median": false, "include_atomicity": true, "include_p_value": false, "include_mean_fitness": true, "include_variance": false}, "results": [{"pattern": [169, 235], "threshold": null}, {"pattern": [93, 13], "threshold": null}, {"pattern": [65, 42], "threshold": null}, {"pattern": [235, 132], "threshold": null}, {"pattern": [188, 221], "threshold": null}, {"pattern": [86, 95], "threshold": null}, {"pattern": [237, 86], "threshold": null}, {"pattern": [158], "threshold": null}, {"pattern": [171, 13], "threshold": null}, {"pattern": [86, 103], "threshold": null}, {"pattern": [221, 206], "threshold": null}, {"pattern": [65, 188], "threshold": null}, {"pattern": [13], "threshold": null}, {"pattern": [179, 71], "threshold": null}, {"pattern": [139, 188], "threshold": null}, {"pattern": [132], "threshold": null}, {"pattern": [212, 237], "threshold": null}, {"pattern": [61, 190], "threshold": null}, {"pattern": [86], "threshold": null}, {"pattern": [212, 164], "threshold": null}, {"pattern": [237, 158], "threshold": null}, {"pattern": [232, 205], "threshold": null}, {"pattern": [65], "threshold": null}, {"pattern": [25], "threshold": null}, {"pattern": [134, 103], "threshold": null}, {"pattern": [120], "threshold": null}, {"pattern": [54], "threshold": null}, {"pattern": [56, 237], "threshold": null}, {"pattern": [45], "threshold": null}, {"pattern": [188], "threshold": null}, {"pattern": [88], "threshold": null}, {"pattern": [202, 43], "threshold": null}, {"pattern": [212], "threshold": null}, {"pattern": [103], "threshold": null}, {"pattern": [132, 28], "threshold": null}, {"pattern": [237], "threshold": null}, {"pattern": [184, 87], "threshold": null}, {"pattern": [35, 109], "threshold": null}, {"pattern": [230], "threshold": null}, {"pattern": [218, 51], "threshold": null}]}, {"config": {"code_name": "[CS OM CC][Len SSize MFit CAtom][GNone]", "population_size": 100, "evaluation_budget": 10000, "cluster_info_file_name": "C:\\Users\\gac8\\PycharmProjects\\PSSearch\\retail_forecasting_data_collection\\data\\cluster_info_250_random.pkl", "use_custom_sampling_operator": true, "use_custom_mutation_operator": false, "use_custom_crossover_operator": true, "use_custom_atomicity": true, "genome_threshold": null, "include_ps_len": true, "include_sample_quantity": true, "include_wasserstein_distance": false, "include_diff_median": false, "include_atomicity": true, "include_p_value": false, "include_mean_fitness": true, "include_variance": false}, "results": [{"pattern": [146, 43, 212], "threshold": null}, {"pattern": [196, 212, 215], "threshold": null}, {"pattern": [211, 86], "threshold": null}, {"pattern": [105, 103], "threshold": null}, {"pattern": [16, 180], "threshold": null}, {"pattern": [188, 180, 212, 171], "threshold": null}, {"pattern": [27, 212, 86], "threshold": null}, {"pattern": [202, 212, 215], "threshold": null}, {"pattern": [180, 212, 245], "threshold": null}, {"pattern": [212, 38], "threshold": null}, {"pattern": [241, 180, 212], "threshold": null}, {"pattern": [241, 158], "threshold": null}, {"pattern": [202, 212, 13, 215], "threshold": null}, {"pattern": [132, 212, 103], "threshold": null}, {"pattern": [86, 167], "threshold": null}, {"pattern": [171, 180], "threshold": null}, {"pattern": [249, 146, 43, 212], "threshold": null}, {"pattern": [202, 103], "threshold": null}, {"pattern": [162, 215], "threshold": null}, {"pattern": [215, 103], "threshold": null}, {"pattern": [212, 86, 215], "threshold": null}, {"pattern": [212, 93], "threshold": null}, {"pattern": [56, 86], "threshold": null}, {"pattern": [232, 34], "threshold": null}, {"pattern": [249, 146, 43], "threshold": null}, {"pattern": [49], "threshold": null}, {"pattern": [180, 103], "threshold": null}, {"pattern": [212, 63, 103], "threshold": null}, {"pattern": [86], "threshold": null}, {"pattern": [212, 103], "threshold": null}, {"pattern": [8, 19], "threshold": null}, {"pattern": [146, 212, 249, 43, 188], "threshold": null}, {"pattern": [86, 196, 212, 158], "threshold": null}, {"pattern": [81, 215], "threshold": null}, {"pattern": [134, 86], "threshold": null}, {"pattern": [196, 212, 13, 215], "threshold": null}, {"pattern": [86, 212, 158], "threshold": null}, {"pattern": [180, 188, 212], "threshold": null}, {"pattern": [249, 43, 212], "threshold": null}, {"pattern": [180, 86], "threshold": null}, {"pattern": [160, 34], "threshold": null}, {"pattern": [116, 215], "threshold": null}, {"pattern": [34, 18], "threshold": null}, {"pattern": [116, 212, 158], "threshold": null}, {"pattern": [196, 215], "threshold": null}, {"pattern": [65, 180, 212], "threshold": null}, {"pattern": [241, 212, 158], "threshold": null}, {"pattern": [180, 212], "threshold": null}, {"pattern": [212, 86], "threshold": null}, {"pattern": [116, 212, 103], "threshold": null}, {"pattern": [188, 180, 212, 158], "threshold": null}, {"pattern": [212], "threshold": null}, {"pattern": [212, 188], "threshold": null}, {"pattern": [103], "threshold": null}, {"pattern": [212, 61], "threshold": null}, {"pattern": [212, 158], "threshold": null}, {"pattern": [155, 86], "threshold": null}, {"pattern": [74, 103], "threshold": null}, {"pattern": [212, 215], "threshold": null}, {"pattern": [212, 173], "threshold": null}, {"pattern": [188, 86], "threshold": null}, {"pattern": [61], "threshold": null}]}, {"config": {"code_name": "[CS CM OC][Len SSize MFit CAtom][GNone]", "population_size": 100, "evaluation_budget": 10000, "cluster_info_file_name": "C:\\Users\\gac8\\PycharmProjects\\PSSearch\\retail_forecasting_data_collection\\data\\cluster_info_250_random.pkl", "use_custom_sampling_operator": true, "use_custom_mutation_operator": true, "use_custom_crossover_operator": false, "use_custom_atomicity": true, "genome_threshold": null, "include_ps_len": true, "include_sample_quantity": true, "include_wasserstein_distance": false, "include_diff_median": false, "include_atomicity": true, "include_p_value": false, "include_mean_fitness": true, "include_variance": false}, "results": [{"pattern": [82, 188], "threshold": null}, {"pattern": [169, 132], "threshold": null}, {"pattern": [132, 158], "threshold": null}, {"pattern": [81, 165], "threshold": null}, {"pattern": [65, 132, 13], "threshold": null}, {"pattern": [27, 158], "threshold": null}, {"pattern": [158, 167], "threshold": null}, {"pattern": [158], "threshold": null}, {"pattern": [190, 87], "threshold": null}, {"pattern": [69, 157], "threshold": null}, {"pattern": [13], "threshold": null}, {"pattern": [188, 38], "threshold": null}, {"pattern": [132], "threshold": null}, {"pattern": [27, 61], "threshold": null}, {"pattern": [188, 167], "threshold": null}, {"pattern": [211, 103], "threshold": null}, {"pattern": [86], "threshold": null}, {"pattern": [11, 109], "threshold": null}, {"pattern": [27, 19], "threshold": null}, {"pattern": [27, 204], "threshold": null}, {"pattern": [65], "threshold": null}, {"pattern": [25], "threshold": null}, {"pattern": [134, 103], "threshold": null}, {"pattern": [120], "threshold": null}, {"pattern": [54], "threshold": null}, {"pattern": [45], "threshold": null}, {"pattern": [188], "threshold": null}, {"pattern": [88], "threshold": null}, {"pattern": [16, 197], "threshold": null}, {"pattern": [116, 87], "threshold": null}, {"pattern": [212], "threshold": null}, {"pattern": [65, 25], "threshold": null}, {"pattern": [103], "threshold": null}, {"pattern": [165, 47], "threshold": null}, {"pattern": [132, 116], "threshold": null}, {"pattern": [25, 212], "threshold": null}, {"pattern": [42, 196], "threshold": null}, {"pattern": [237], "threshold": null}, {"pattern": [35, 109], "threshold": null}, {"pattern": [230], "threshold": null}]}]}