{"extra_info": {"version": "fallback_v1", "seed": 73}, "data": [{"config": {"code_name": "[CS CM CC][Len SSize MFit CAtom][GNone]", "population_size": 100, "evaluation_budget": 10000, "cluster_info_file_name": "C:\\Users\\gac8\\PycharmProjects\\PSSearch\\retail_forecasting_data_collection\\data\\cluster_info_250_random.pkl", "use_custom_sampling_operator": true, "use_custom_mutation_operator": true, "use_custom_crossover_operator": true, "use_custom_atomicity": true, "genome_threshold": null, "include_ps_len": true, "include_sample_quantity": true, "include_wasserstein_distance": false, "include_diff_median": false, "include_atomicity": true, "include_p_value": false, "include_mean_fitness": true, "include_variance": false}, "results": [{"pattern": [65, 13], "threshold": null}, {"pattern": [241, 90], "threshold": null}, {"pattern": [27, 132], "threshold": null}, {"pattern": [212, 87], "threshold": null}, {"pattern": [162, 196], "threshold": null}, {"pattern": [90, 221], "threshold": null}, {"pattern": [237], "threshold": null}, {"pattern": [212, 116], "threshold": null}, {"pattern": [188], "threshold": null}, {"pattern": [81, 244], "threshold": null}, {"pattern": [155, 134], "threshold": null}, {"pattern": [196], "threshold": null}, {"pattern": [54], "threshold": null}, {"pattern": [132, 93], "threshold": null}, {"pattern": [101, 135], "threshold": null}, {"pattern": [220, 135], "threshold": null}, {"pattern": [204, 116], "threshold": null}, {"pattern": [89, 244], "threshold": null}, {"pattern": [190, 134], "threshold": null}, {"pattern": [217], "threshold": null}, {"pattern": [157, 158], "threshold": null}, {"pattern": [158], "threshold": null}, {"pattern": [16, 88], "threshold": null}, {"pattern": [164, 103], "threshold": null}, {"pattern": [221, 134], "threshold": null}, {"pattern": [11, 109], "threshold": null}, {"pattern": [132, 215], "threshold": null}, {"pattern": [86, 215], "threshold": null}, {"pattern": [16, 215], "threshold": null}, {"pattern": [120], "threshold": null}, {"pattern": [146, 13], "threshold": null}, {"pattern": [25], "threshold": null}, {"pattern": [217, 196], "threshold": null}, {"pattern": [33, 162], "threshold": null}, {"pattern": [116, 13], "threshold": null}, {"pattern": [103], "threshold": null}, {"pattern": [86, 103], "threshold": null}, {"pattern": [88], "threshold": null}, {"pattern": [45], "threshold": null}, {"pattern": [132, 190], "threshold": null}, {"pattern": [93], "threshold": null}, {"pattern": [91, 188, 158], "threshold": null}, {"pattern": [183, 63], "threshold": null}, {"pattern": [11, 119], "threshold": null}, {"pattern": [241, 13], "threshold": null}, {"pattern": [212], "threshold": null}, {"pattern": [13], "threshold": null}, {"pattern": [235, 134], "threshold": null}, {"pattern": [132], "threshold": null}, {"pattern": [188, 69], "threshold": null}, {"pattern": [139, 116], "threshold": null}, {"pattern": [177, 158], "threshold": null}, {"pattern": [160, 232], "threshold": null}, {"pattern": [224, 202], "threshold": null}, {"pattern": [165, 63], "threshold": null}, {"pattern": [86], "threshold": null}, {"pattern": [230], "threshold": null}, {"pattern": [202, 244], "threshold": null}, {"pattern": [104, 142], "threshold": null}]}, {"config": {"code_name": "[CS CM CC][SSize MFit CAtom][GNone]", "population_size": 100, "evaluation_budget": 10000, "cluster_info_file_name": "C:\\Users\\gac8\\PycharmProjects\\PSSearch\\retail_forecasting_data_collection\\data\\cluster_info_250_random.pkl", "use_custom_sampling_operator": true, "use_custom_mutation_operator": true, "use_custom_crossover_operator": true, "use_custom_atomicity": true, "genome_threshold": null, "include_ps_len": false, "include_sample_quantity": true, "include_wasserstein_distance": false, "include_diff_median": false, "include_atomicity": true, "include_p_value": false, "include_mean_fitness": true, "include_variance": false}, "results": [{"pattern": [212, 188, 13], "threshold": null}, {"pattern": [16, 215], "threshold": null}, {"pattern": [13], "threshold": null}, {"pattern": [116, 86], "threshold": null}, {"pattern": [132], "threshold": null}, {"pattern": [158, 38], "threshold": null}, {"pattern": [65, 237], "threshold": null}, {"pattern": [86], "threshold": null}, {"pattern": [188, 86], "threshold": null}, {"pattern": [221, 215], "threshold": null}, {"pattern": [211, 212], "threshold": null}, {"pattern": [241, 13], "threshold": null}, {"pattern": [93, 103], "threshold": null}, {"pattern": [237, 103], "threshold": null}, {"pattern": [158], "threshold": null}, {"pattern": [221, 30], "threshold": null}, {"pattern": [188, 103], "threshold": null}, {"pattern": [16, 212], "threshold": null}, {"pattern": [87, 63], "threshold": null}, {"pattern": [132, 181], "threshold": null}, {"pattern": [158, 142], "threshold": null}, {"pattern": [132, 76], "threshold": null}, {"pattern": [25, 235], "threshold": null}, {"pattern": [196, 87], "threshold": null}, {"pattern": [196], "threshold": null}, {"pattern": [188], "threshold": null}, {"pattern": [24, 180], "threshold": null}, {"pattern": [91, 47], "threshold": null}, {"pattern": [212, 63], "threshold": null}, {"pattern": [196, 173], "threshold": null}, {"pattern": [188, 116], "threshold": null}, {"pattern": [37, 63], "threshold": null}, {"pattern": [184, 196], "threshold": null}, {"pattern": [232, 105], "threshold": null}, {"pattern": [171, 116], "threshold": null}, {"pattern": [132, 93], "threshold": null}, {"pattern": [204, 63], "threshold": null}, {"pattern": [56, 246], "threshold": null}, {"pattern": [134, 215], "threshold": null}, {"pattern": [204, 116], "threshold": null}, {"pattern": [212, 245], "threshold": null}, {"pattern": [116, 167], "threshold": null}, {"pattern": [74, 215], "threshold": null}, {"pattern": [171, 212], "threshold": null}, {"pattern": [212], "threshold": null}]}, {"config": {"code_name": "[CS CM CC][Len MFit CAtom][GNone]", "population_size": 100, "evaluation_budget": 10000, "cluster_info_file_name": "C:\\Users\\gac8\\PycharmProjects\\PSSearch\\retail_forecasting_data_collection\\data\\cluster_info_250_random.pkl", "use_custom_sampling_operator": true, "use_custom_mutation_operator": true, "use_custom_crossover_operator": true, "use_custom_atomicity": true, "genome_threshold": null, "include_ps_len": true, "include_sample_quantity": false, "include_wasserstein_distance": false, "include_diff_median": false, "include_atomicity": true, "include_p_value": false, "include_mean_fitness": true, "include_variance": false}, "results": [{"pattern": [120], "threshold": null}, {"pattern": [212, 132, 30], "threshold": null}, {"pattern": [37, 38], "threshold": null}, {"pattern": [169, 235], "threshold": null}, {"pattern": [158, 38], "threshold": null}, {"pattern": [217, 63], "threshold": null}, {"pattern": [25, 196], "threshold": null}]}, {"config": {"code_name": "[CS CM CC][Len SSize CAtom][GNone]", "population_size": 100, "evaluation_budget": 10000, "cluster_info_file_name": "C:\\Users\\gac8\\PycharmProjects\\PSSearch\\retail_forecasting_data_collection\\data\\cluster_info_250_random.pkl", "use_custom_sampling_operator": true, "use_custom_mutation_operator": true, "use_custom_crossover_operator": true, "use_custom_atomicity": true, "genome_threshold": null, "include_ps_len": true, "include_sample_quantity": true, "include_wasserstein_distance": false, "include_diff_median": false, "include_atomicity": true, "include_p_value": false, "include_mean_fitness": false, "include_variance": false}, "results": [{"pattern": [232, 105], "threshold": null}, {"pattern": [218, 51], "threshold": null}, {"pattern": [202, 215], "threshold": null}, {"pattern": [91, 47], "threshold": null}, {"pattern": [188], "threshold": null}, {"pattern": [202, 86], "threshold": null}, {"pattern": [224, 202], "threshold": null}, {"pattern": [171, 180], "threshold": null}, {"pattern": [196, 188], "threshold": null}]}, {"config": {"code_name": "[CS CM CC][Len SSize MFit][GNone]", "population_size": 100, "evaluation_budget": 10000, "cluster_info_file_name": "C:\\Users\\gac8\\PycharmProjects\\PSSearch\\retail_forecasting_data_collection\\data\\cluster_info_250_random.pkl", "use_custom_sampling_operator": true, "use_custom_mutation_operator": true, "use_custom_crossover_operator": true, "use_custom_atomicity": true, "genome_threshold": null, "include_ps_len": true, "include_sample_quantity": true, "include_wasserstein_distance": false, "include_diff_median": false, "include_atomicity": false, "include_p_value": false, "include_mean_fitness": true, "include_variance": false}, "results": [{"pattern": [180, 237], "threshold": null}, {"pattern": [188], "threshold": null}, {"pattern": [86], "threshold": null}, {"pattern": [217], "threshold": null}, {"pattern": [65, 103], "threshold": null}, {"pattern": [237], "threshold": null}, {"pattern": [86, 87], "threshold": null}, {"pattern": [196], "threshold": null}, {"pattern": [88], "threshold": null}, {"pattern": [158], "threshold": null}, {"pattern": [88, 202, 13], "threshold": null}, {"pattern": [90, 164], "threshold": null}, {"pattern": [93], "threshold": null}, {"pattern": [45], "threshold": null}, {"pattern": [120], "threshold": null}, {"pattern": [212], "threshold": null}, {"pattern": [25, 134], "threshold": null}, {"pattern": [54], "threshold": null}, {"pattern": [188, 86], "threshold": null}, {"pattern": [25], "threshold": null}, {"pattern": [202, 90], "threshold": null}, {"pattern": [103], "threshold": null}, {"pattern": [81, 188], "threshold": null}, {"pattern": [167, 103], "threshold": null}, {"pattern": [180, 158], "threshold": null}, {"pattern": [13], "threshold": null}, {"pattern": [230], "threshold": null}, {"pattern": [208, 158], "threshold": null}, {"pattern": [132], "threshold": null}]}, {"config": {"code_name": "[OS CM CC][Len SSize MFit CAtom][GNone]", "population_size": 100, "evaluation_budget": 10000, "cluster_info_file_name": "C:\\Users\\gac8\\PycharmProjects\\PSSearch\\retail_forecasting_data_collection\\data\\cluster_info_250_random.pkl", "use_custom_sampling_operator": false, "use_custom_mutation_operator": true, "use_custom_crossover_operator": true, "use_custom_atomicity": true, "genome_threshold": null, "include_ps_len": true, "include_sample_quantity": true, "include_wasserstein_distance": false, "include_diff_median": false, "include_atomicity": true, "include_p_value": false, "include_mean_fitness": true, "include_variance": false}, "results": [{"pattern": [88, 237], "threshold": null}, {"pattern": [237], "threshold": null}, {"pattern": [188], "threshold": null}, {"pattern": [25, 134], "threshold": null}, {"pattern": [224, 180], "threshold": null}, {"pattern": [188, 71], "threshold": null}, {"pattern": [235, 52], "threshold": null}, {"pattern": [196], "threshold": null}, {"pattern": [54], "threshold": null}, {"pattern": [248, 190], "threshold": null}, {"pattern": [212, 245], "threshold": null}, {"pattern": [232, 34], "threshold": null}, {"pattern": [137, 134], "threshold": null}, {"pattern": [56, 114], "threshold": null}, {"pattern": [190, 134], "threshold": null}, {"pattern": [217], "threshold": null}, {"pattern": [61, 173], "threshold": null}, {"pattern": [158], "threshold": null}, {"pattern": [202, 90], "threshold": null}, {"pattern": [235, 63], "threshold": null}, {"pattern": [177, 188], "threshold": null}, {"pattern": [212, 132], "threshold": null}, {"pattern": [25, 90], "threshold": null}, {"pattern": [120], "threshold": null}, {"pattern": [25], "threshold": null}, {"pattern": [241, 116], "threshold": null}, {"pattern": [217, 134], "threshold": null}, {"pattern": [103], "threshold": null}, {"pattern": [82, 11], "threshold": null}, {"pattern": [88], "threshold": null}, {"pattern": [132, 134], "threshold": null}, {"pattern": [233, 114], "threshold": null}, {"pattern": [45], "threshold": null}, {"pattern": [93], "threshold": null}, {"pattern": [109, 30], "threshold": null}, {"pattern": [42, 188], "threshold": null}, {"pattern": [139, 215], "threshold": null}, {"pattern": [25, 86], "threshold": null}, {"pattern": [249, 43], "threshold": null}, {"pattern": [212], "threshold": null}, {"pattern": [13], "threshold": null}, {"pattern": [163, 173], "threshold": null}, {"pattern": [132], "threshold": null}, {"pattern": [224, 124], "threshold": null}, {"pattern": [212, 61], "threshold": null}, {"pattern": [177, 158], "threshold": null}, {"pattern": [86], "threshold": null}, {"pattern": [230], "threshold": null}, {"pattern": [158, 215], "threshold": null}]}, {"config": {"code_name": "[CS OM CC][Len SSize MFit CAtom][GNone]", "population_size": 100, "evaluation_budget": 10000, "cluster_info_file_name": "C:\\Users\\gac8\\PycharmProjects\\PSSearch\\retail_forecasting_data_collection\\data\\cluster_info_250_random.pkl", "use_custom_sampling_operator": true, "use_custom_mutation_operator": false, "use_custom_crossover_operator": true, "use_custom_atomicity": true, "genome_threshold": null, "include_ps_len": true, "include_sample_quantity": true, "include_wasserstein_distance": false, "include_diff_median": false, "include_atomicity": true, "include_p_value": false, "include_mean_fitness": true, "include_variance": false}, "results": [{"pattern": [195, 13], "threshold": null}, {"pattern": [188, 190], "threshold": null}, {"pattern": [196, 212, 215], "threshold": null}, {"pattern": [188, 71], "threshold": null}, {"pattern": [181, 158], "threshold": null}, {"pattern": [241, 212, 13], "threshold": null}, {"pattern": [241, 188, 196], "threshold": null}, {"pattern": [33, 74], "threshold": null}, {"pattern": [249, 146, 195], "threshold": null}, {"pattern": [249, 146, 195, 13], "threshold": null}, {"pattern": [204, 196], "threshold": null}, {"pattern": [27, 204], "threshold": null}, {"pattern": [132, 90, 196], "threshold": null}, {"pattern": [204], "threshold": null}, {"pattern": [65, 196], "threshold": null}, {"pattern": [65, 90, 188], "threshold": null}, {"pattern": [241, 13], "threshold": null}, {"pattern": [180, 188, 245], "threshold": null}, {"pattern": [74], "threshold": null}, {"pattern": [188], "threshold": null}, {"pattern": [235, 196], "threshold": null}, {"pattern": [196, 180, 13], "threshold": null}, {"pattern": [64, 33], "threshold": null}, {"pattern": [132, 204], "threshold": null}, {"pattern": [212, 132, 215], "threshold": null}, {"pattern": [16, 74], "threshold": null}, {"pattern": [224, 196], "threshold": null}, {"pattern": [49, 13], "threshold": null}, {"pattern": [212, 132, 158], "threshold": null}, {"pattern": [188, 196], "threshold": null}, {"pattern": [196, 215], "threshold": null}, {"pattern": [13], "threshold": null}, {"pattern": [180, 13], "threshold": null}, {"pattern": [193], "threshold": null}, {"pattern": [212, 134, 215], "threshold": null}, {"pattern": [188, 69, 71], "threshold": null}, {"pattern": [91, 196], "threshold": null}, {"pattern": [16, 212, 132], "threshold": null}, {"pattern": [212, 132, 30], "threshold": null}, {"pattern": [196], "threshold": null}, {"pattern": [196, 188, 134], "threshold": null}, {"pattern": [212, 196], "threshold": null}, {"pattern": [81, 212, 132], "threshold": null}, {"pattern": [212, 196, 86], "threshold": null}, {"pattern": [13, 30], "threshold": null}, {"pattern": [56, 204], "threshold": null}, {"pattern": [49, 74], "threshold": null}, {"pattern": [65, 196, 215], "threshold": null}, {"pattern": [193, 180], "threshold": null}, {"pattern": [212, 215], "threshold": null}, {"pattern": [74, 68], "threshold": null}, {"pattern": [235, 212, 215], "threshold": null}, {"pattern": [88, 188], "threshold": null}, {"pattern": [181], "threshold": null}, {"pattern": [188, 245], "threshold": null}, {"pattern": [181, 86], "threshold": null}, {"pattern": [196, 167], "threshold": null}, {"pattern": [16, 204], "threshold": null}, {"pattern": [196, 244], "threshold": null}, {"pattern": [212, 132], "threshold": null}, {"pattern": [249, 195], "threshold": null}, {"pattern": [212, 204], "threshold": null}, {"pattern": [204, 13], "threshold": null}, {"pattern": [241, 212, 196], "threshold": null}, {"pattern": [249, 195, 13], "threshold": null}, {"pattern": [65, 90, 196], "threshold": null}, {"pattern": [24, 181], "threshold": null}, {"pattern": [49, 196], "threshold": null}, {"pattern": [91, 196, 215], "threshold": null}, {"pattern": [193, 215], "threshold": null}, {"pattern": [237, 13], "threshold": null}, {"pattern": [193, 90], "threshold": null}, {"pattern": [193, 244], "threshold": null}, {"pattern": [241, 196], "threshold": null}, {"pattern": [65, 171, 188], "threshold": null}, {"pattern": [241, 188], "threshold": null}, {"pattern": [65, 188], "threshold": null}, {"pattern": [232, 13], "threshold": null}]}, {"config": {"code_name": "[CS CM OC][Len SSize MFit CAtom][GNone]", "population_size": 100, "evaluation_budget": 10000, "cluster_info_file_name": "C:\\Users\\gac8\\PycharmProjects\\PSSearch\\retail_forecasting_data_collection\\data\\cluster_info_250_random.pkl", "use_custom_sampling_operator": true, "use_custom_mutation_operator": true, "use_custom_crossover_operator": false, "use_custom_atomicity": true, "genome_threshold": null, "include_ps_len": true, "include_sample_quantity": true, "include_wasserstein_distance": false, "include_diff_median": false, "include_atomicity": true, "include_p_value": false, "include_mean_fitness": true, "include_variance": false}, "results": [{"pattern": [91, 212], "threshold": null}, {"pattern": [88, 132], "threshold": null}, {"pattern": [237], "threshold": null}, {"pattern": [188], "threshold": null}, {"pattern": [232, 132], "threshold": null}, {"pattern": [196], "threshold": null}, {"pattern": [54], "threshold": null}, {"pattern": [188, 158], "threshold": null}, {"pattern": [212, 134], "threshold": null}, {"pattern": [95, 63], "threshold": null}, {"pattern": [17, 134], "threshold": null}, {"pattern": [217], "threshold": null}, {"pattern": [212, 190], "threshold": null}, {"pattern": [158], "threshold": null}, {"pattern": [86], "threshold": null}, {"pattern": [158, 87], "threshold": null}, {"pattern": [27, 181], "threshold": null}, {"pattern": [19, 188], "threshold": null}, {"pattern": [74, 212], "threshold": null}, {"pattern": [120], "threshold": null}, {"pattern": [25], "threshold": null}, {"pattern": [56, 38], "threshold": null}, {"pattern": [208, 47], "threshold": null}, {"pattern": [237, 86], "threshold": null}, {"pattern": [132, 13], "threshold": null}, {"pattern": [245, 215], "threshold": null}, {"pattern": [103], "threshold": null}, {"pattern": [88], "threshold": null}, {"pattern": [88, 13], "threshold": null}, {"pattern": [45], "threshold": null}, {"pattern": [202, 188], "threshold": null}, {"pattern": [93], "threshold": null}, {"pattern": [232, 30], "threshold": null}, {"pattern": [25, 86], "threshold": null}, {"pattern": [212], "threshold": null}, {"pattern": [13], "threshold": null}, {"pattern": [25, 245], "threshold": null}, {"pattern": [180, 86], "threshold": null}, {"pattern": [132], "threshold": null}, {"pattern": [235, 158], "threshold": null}, {"pattern": [132, 158], "threshold": null}, {"pattern": [224, 244], "threshold": null}, {"pattern": [25, 132], "threshold": null}, {"pattern": [224, 202], "threshold": null}, {"pattern": [17, 30], "threshold": null}, {"pattern": [230], "threshold": null}]}]}