{"extra_info": {"version": "fallback_v1", "seed": 14}, "data": [{"config": {"code_name": "[CS CM CC][Len SSize MFit CAtom][GNone]", "population_size": 100, "evaluation_budget": 10000, "cluster_info_file_name": "C:\\Users\\gac8\\PycharmProjects\\PSSearch\\retail_forecasting_data_collection\\data\\cluster_info_250_random.pkl", "use_custom_sampling_operator": true, "use_custom_mutation_operator": true, "use_custom_crossover_operator": true, "use_custom_atomicity": true, "genome_threshold": null, "include_ps_len": true, "include_sample_quantity": true, "include_wasserstein_distance": false, "include_diff_median": false, "include_atomicity": true, "include_p_value": false, "include_mean_fitness": true, "include_variance": false}, "results": [{"pattern": [212, 38], "threshold": null}, {"pattern": [132, 244], "threshold": null}, {"pattern": [61, 63], "threshold": null}, {"pattern": [16, 25], "threshold": null}, {"pattern": [37, 86], "threshold": null}, {"pattern": [158], "threshold": null}, {"pattern": [158, 103], "threshold": null}, {"pattern": [196], "threshold": null}, {"pattern": [212, 190], "threshold": null}, {"pattern": [188, 182], "threshold": null}, {"pattern": [13], "threshold": null}, {"pattern": [120], "threshold": null}, {"pattern": [88, 86], "threshold": null}, {"pattern": [19, 206], "threshold": null}, {"pattern": [93], "threshold": null}, {"pattern": [24, 27], "threshold": null}, {"pattern": [50, 188], "threshold": null}, {"pattern": [67, 77], "threshold": null}, {"pattern": [235, 204], "threshold": null}, {"pattern": [90, 237], "threshold": null}, {"pattern": [217, 196], "threshold": null}, {"pattern": [180, 237], "threshold": null}, {"pattern": [158, 86], "threshold": null}, {"pattern": [155, 63], "threshold": null}, {"pattern": [49, 63], "threshold": null}, {"pattern": [202, 142], "threshold": null}, {"pattern": [86], "threshold": null}, {"pattern": [34, 87], "threshold": null}, {"pattern": [91, 47], "threshold": null}, {"pattern": [233, 82], "threshold": null}, {"pattern": [25, 90], "threshold": null}, {"pattern": [188], "threshold": null}, {"pattern": [237], "threshold": null}, {"pattern": [45], "threshold": null}, {"pattern": [88, 132], "threshold": null}, {"pattern": [134, 86], "threshold": null}, {"pattern": [139, 165], "threshold": null}, {"pattern": [230], "threshold": null}, {"pattern": [13, 181], "threshold": null}, {"pattern": [54], "threshold": null}, {"pattern": [212], "threshold": null}, {"pattern": [25], "threshold": null}, {"pattern": [202, 158], "threshold": null}, {"pattern": [218, 11], "threshold": null}, {"pattern": [248, 34], "threshold": null}, {"pattern": [132, 103], "threshold": null}, {"pattern": [132], "threshold": null}, {"pattern": [82, 188], "threshold": null}, {"pattern": [88], "threshold": null}, {"pattern": [103], "threshold": null}]}, {"config": {"code_name": "[CS CM CC][SSize MFit CAtom][GNone]", "population_size": 100, "evaluation_budget": 10000, "cluster_info_file_name": "C:\\Users\\gac8\\PycharmProjects\\PSSearch\\retail_forecasting_data_collection\\data\\cluster_info_250_random.pkl", "use_custom_sampling_operator": true, "use_custom_mutation_operator": true, "use_custom_crossover_operator": true, "use_custom_atomicity": true, "genome_threshold": null, "include_ps_len": false, "include_sample_quantity": true, "include_wasserstein_distance": false, "include_diff_median": false, "include_atomicity": true, "include_p_value": false, "include_mean_fitness": true, "include_variance": false}, "results": [{"pattern": [25, 177], "threshold": null}, {"pattern": [88], "threshold": null}, {"pattern": [196], "threshold": null}, {"pattern": [212], "threshold": null}, {"pattern": [180, 167], "threshold": null}, {"pattern": [212, 134], "threshold": null}, {"pattern": [86, 103], "threshold": null}, {"pattern": [188, 101], "threshold": null}, {"pattern": [65, 90], "threshold": null}, {"pattern": [132], "threshold": null}, {"pattern": [87, 63], "threshold": null}, {"pattern": [188, 119], "threshold": null}, {"pattern": [139, 196], "threshold": null}, {"pattern": [217, 132], "threshold": null}, {"pattern": [184, 221], "threshold": null}, {"pattern": [169, 235], "threshold": null}, {"pattern": [13], "threshold": null}, {"pattern": [211, 103], "threshold": null}, {"pattern": [24, 90], "threshold": null}, {"pattern": [158], "threshold": null}, {"pattern": [16, 180], "threshold": null}, {"pattern": [196, 103], "threshold": null}, {"pattern": [90, 167], "threshold": null}, {"pattern": [157, 134], "threshold": null}, {"pattern": [217, 63], "threshold": null}, {"pattern": [16, 248], "threshold": null}, {"pattern": [24, 181], "threshold": null}, {"pattern": [158, 167], "threshold": null}, {"pattern": [34, 237], "threshold": null}, {"pattern": [235, 212], "threshold": null}, {"pattern": [193, 157], "threshold": null}, {"pattern": [180, 63], "threshold": null}, {"pattern": [34, 245], "threshold": null}, {"pattern": [188], "threshold": null}, {"pattern": [196, 13], "threshold": null}, {"pattern": [86], "threshold": null}, {"pattern": [217, 103], "threshold": null}, {"pattern": [226, 76], "threshold": null}, {"pattern": [25, 13], "threshold": null}, {"pattern": [103], "threshold": null}, {"pattern": [237], "threshold": null}, {"pattern": [137, 61], "threshold": null}, {"pattern": [51, 116], "threshold": null}, {"pattern": [19, 158], "threshold": null}]}, {"config": {"code_name": "[CS CM CC][Len MFit CAtom][GNone]", "population_size": 100, "evaluation_budget": 10000, "cluster_info_file_name": "C:\\Users\\gac8\\PycharmProjects\\PSSearch\\retail_forecasting_data_collection\\data\\cluster_info_250_random.pkl", "use_custom_sampling_operator": true, "use_custom_mutation_operator": true, "use_custom_crossover_operator": true, "use_custom_atomicity": true, "genome_threshold": null, "include_ps_len": true, "include_sample_quantity": false, "include_wasserstein_distance": false, "include_diff_median": false, "include_atomicity": true, "include_p_value": false, "include_mean_fitness": true, "include_variance": false}, "results": [{"pattern": [17, 134], "threshold": null}, {"pattern": [35, 68], "threshold": null}, {"pattern": [120], "threshold": null}, {"pattern": [35, 52], "threshold": null}, {"pattern": [25, 134], "threshold": null}, {"pattern": [248, 158], "threshold": null}]}, {"config": {"code_name": "[CS CM CC][Len SSize CAtom][GNone]", "population_size": 100, "evaluation_budget": 10000, "cluster_info_file_name": "C:\\Users\\gac8\\PycharmProjects\\PSSearch\\retail_forecasting_data_collection\\data\\cluster_info_250_random.pkl", "use_custom_sampling_operator": true, "use_custom_mutation_operator": true, "use_custom_crossover_operator": true, "use_custom_atomicity": true, "genome_threshold": null, "include_ps_len": true, "include_sample_quantity": true, "include_wasserstein_distance": false, "include_diff_median": false, "include_atomicity": true, "include_p_value": false, "include_mean_fitness": false, "include_variance": false}, "results": [{"pattern": [134, 103], "threshold": null}, {"pattern": [43, 149], "threshold": null}, {"pattern": [50, 188], "threshold": null}, {"pattern": [90, 146], "threshold": null}, {"pattern": [11, 205], "threshold": null}, {"pattern": [105, 205], "threshold": null}, {"pattern": [188, 132], "threshold": null}, {"pattern": [34, 245], "threshold": null}, {"pattern": [188], "threshold": null}, {"pattern": [196, 215], "threshold": null}, {"pattern": [34, 116], "threshold": null}, {"pattern": [50, 47], "threshold": null}, {"pattern": [224, 215], "threshold": null}, {"pattern": [188, 77], "threshold": null}]}, {"config": {"code_name": "[CS CM CC][Len SSize MFit][GNone]", "population_size": 100, "evaluation_budget": 10000, "cluster_info_file_name": "C:\\Users\\gac8\\PycharmProjects\\PSSearch\\retail_forecasting_data_collection\\data\\cluster_info_250_random.pkl", "use_custom_sampling_operator": true, "use_custom_mutation_operator": true, "use_custom_crossover_operator": true, "use_custom_atomicity": true, "genome_threshold": null, "include_ps_len": true, "include_sample_quantity": true, "include_wasserstein_distance": false, "include_diff_median": false, "include_atomicity": false, "include_p_value": false, "include_mean_fitness": true, "include_variance": false}, "results": [{"pattern": [188], "threshold": null}, {"pattern": [103], "threshold": null}, {"pattern": [158], "threshold": null}, {"pattern": [88], "threshold": null}, {"pattern": [65, 13], "threshold": null}, {"pattern": [90, 188, 132], "threshold": null}, {"pattern": [27, 103], "threshold": null}, {"pattern": [86], "threshold": null}, {"pattern": [196], "threshold": null}, {"pattern": [65, 188], "threshold": null}, {"pattern": [54], "threshold": null}, {"pattern": [13], "threshold": null}, {"pattern": [202, 196], "threshold": null}, {"pattern": [45], "threshold": null}, {"pattern": [230], "threshold": null}, {"pattern": [180, 237], "threshold": null}, {"pattern": [16, 90], "threshold": null}, {"pattern": [25, 63], "threshold": null}, {"pattern": [241, 13], "threshold": null}, {"pattern": [120], "threshold": null}, {"pattern": [237], "threshold": null}, {"pattern": [25], "threshold": null}, {"pattern": [93], "threshold": null}, {"pattern": [212], "threshold": null}, {"pattern": [132], "threshold": null}, {"pattern": [158, 167], "threshold": null}, {"pattern": [158, 215], "threshold": null}]}, {"config": {"code_name": "[OS CM CC][Len SSize MFit CAtom][GNone]", "population_size": 100, "evaluation_budget": 10000, "cluster_info_file_name": "C:\\Users\\gac8\\PycharmProjects\\PSSearch\\retail_forecasting_data_collection\\data\\cluster_info_250_random.pkl", "use_custom_sampling_operator": false, "use_custom_mutation_operator": true, "use_custom_crossover_operator": true, "use_custom_atomicity": true, "genome_threshold": null, "include_ps_len": true, "include_sample_quantity": true, "include_wasserstein_distance": false, "include_diff_median": false, "include_atomicity": true, "include_p_value": false, "include_mean_fitness": true, "include_variance": false}, "results": [{"pattern": [86, 87], "threshold": null}, {"pattern": [237, 13], "threshold": null}, {"pattern": [26, 244], "threshold": null}, {"pattern": [132, 244], "threshold": null}, {"pattern": [90, 86], "threshold": null}, {"pattern": [25, 158], "threshold": null}, {"pattern": [158], "threshold": null}, {"pattern": [196, 188], "threshold": null}, {"pattern": [196], "threshold": null}, {"pattern": [18, 116], "threshold": null}, {"pattern": [13], "threshold": null}, {"pattern": [88, 196], "threshold": null}, {"pattern": [232, 52], "threshold": null}, {"pattern": [120], "threshold": null}, {"pattern": [27, 86], "threshold": null}, {"pattern": [93], "threshold": null}, {"pattern": [249, 195], "threshold": null}, {"pattern": [212, 132], "threshold": null}, {"pattern": [86], "threshold": null}, {"pattern": [241, 116], "threshold": null}, {"pattern": [132, 30], "threshold": null}, {"pattern": [188], "threshold": null}, {"pattern": [132, 87], "threshold": null}, {"pattern": [180, 37], "threshold": null}, {"pattern": [45], "threshold": null}, {"pattern": [237], "threshold": null}, {"pattern": [35, 68], "threshold": null}, {"pattern": [196, 158], "threshold": null}, {"pattern": [54], "threshold": null}, {"pattern": [212], "threshold": null}, {"pattern": [25], "threshold": null}, {"pattern": [195, 101], "threshold": null}, {"pattern": [90, 55], "threshold": null}, {"pattern": [188, 205], "threshold": null}, {"pattern": [18, 114], "threshold": null}, {"pattern": [132], "threshold": null}, {"pattern": [146, 86], "threshold": null}, {"pattern": [25, 134], "threshold": null}, {"pattern": [235, 132], "threshold": null}, {"pattern": [35, 52], "threshold": null}, {"pattern": [88], "threshold": null}, {"pattern": [103], "threshold": null}]}, {"config": {"code_name": "[CS OM CC][Len SSize MFit CAtom][GNone]", "population_size": 100, "evaluation_budget": 10000, "cluster_info_file_name": "C:\\Users\\gac8\\PycharmProjects\\PSSearch\\retail_forecasting_data_collection\\data\\cluster_info_250_random.pkl", "use_custom_sampling_operator": true, "use_custom_mutation_operator": false, "use_custom_crossover_operator": true, "use_custom_atomicity": true, "genome_threshold": null, "include_ps_len": true, "include_sample_quantity": true, "include_wasserstein_distance": false, "include_diff_median": false, "include_atomicity": true, "include_p_value": false, "include_mean_fitness": true, "include_variance": false}, "results": [{"pattern": [235, 13], "threshold": null}, {"pattern": [27, 180, 13], "threshold": null}, {"pattern": [237, 13], "threshold": null}, {"pattern": [188, 212, 13, 63], "threshold": null}, {"pattern": [202, 13, 215], "threshold": null}, {"pattern": [237, 86], "threshold": null}, {"pattern": [241, 103], "threshold": null}, {"pattern": [65, 180], "threshold": null}, {"pattern": [188, 158, 103], "threshold": null}, {"pattern": [196, 180, 13], "threshold": null}, {"pattern": [116, 188, 134], "threshold": null}, {"pattern": [212, 13], "threshold": null}, {"pattern": [25, 212], "threshold": null}, {"pattern": [188, 103], "threshold": null}, {"pattern": [13], "threshold": null}, {"pattern": [158, 215], "threshold": null}, {"pattern": [212, 197], "threshold": null}, {"pattern": [241, 167], "threshold": null}, {"pattern": [197], "threshold": null}, {"pattern": [88, 180], "threshold": null}, {"pattern": [103], "threshold": null}, {"pattern": [171, 158], "threshold": null}, {"pattern": [202], "threshold": null}, {"pattern": [65, 212], "threshold": null}, {"pattern": [188, 158], "threshold": null}, {"pattern": [180, 196], "threshold": null}, {"pattern": [196, 13], "threshold": null}, {"pattern": [88, 188, 134], "threshold": null}, {"pattern": [202, 212, 188], "threshold": null}, {"pattern": [202, 158, 215], "threshold": null}, {"pattern": [25, 13], "threshold": null}, {"pattern": [74, 103], "threshold": null}, {"pattern": [244, 13, 239], "threshold": null}, {"pattern": [88, 196, 13], "threshold": null}, {"pattern": [177, 196, 188, 86], "threshold": null}, {"pattern": [241, 13], "threshold": null}, {"pattern": [202, 149], "threshold": null}, {"pattern": [196, 212], "threshold": null}, {"pattern": [188], "threshold": null}, {"pattern": [65, 196, 180], "threshold": null}, {"pattern": [212, 13, 63], "threshold": null}, {"pattern": [237], "threshold": null}, {"pattern": [212, 13, 103], "threshold": null}, {"pattern": [171, 212, 103], "threshold": null}, {"pattern": [146, 13, 239], "threshold": null}, {"pattern": [81, 180], "threshold": null}, {"pattern": [16, 188], "threshold": null}, {"pattern": [158, 134], "threshold": null}, {"pattern": [88, 188], "threshold": null}, {"pattern": [241, 196], "threshold": null}, {"pattern": [88, 13], "threshold": null}, {"pattern": [188, 4, 63], "threshold": null}, {"pattern": [212], "threshold": null}, {"pattern": [180, 158, 215], "threshold": null}, {"pattern": [13, 239], "threshold": null}, {"pattern": [202, 158], "threshold": null}, {"pattern": [116, 188], "threshold": null}, {"pattern": [132, 180], "threshold": null}, {"pattern": [188, 13], "threshold": null}, {"pattern": [171, 212], "threshold": null}, {"pattern": [134], "threshold": null}, {"pattern": [50, 158], "threshold": null}, {"pattern": [132, 212, 180], "threshold": null}, {"pattern": [180, 13, 86], "threshold": null}, {"pattern": [241, 86], "threshold": null}, {"pattern": [177, 188, 86], "threshold": null}, {"pattern": [232, 103], "threshold": null}, {"pattern": [180, 86], "threshold": null}, {"pattern": [16, 103], "threshold": null}, {"pattern": [202, 188], "threshold": null}, {"pattern": [88], "threshold": null}, {"pattern": [158, 188, 134], "threshold": null}]}, {"config": {"code_name": "[CS CM OC][Len SSize MFit CAtom][GNone]", "population_size": 100, "evaluation_budget": 10000, "cluster_info_file_name": "C:\\Users\\gac8\\PycharmProjects\\PSSearch\\retail_forecasting_data_collection\\data\\cluster_info_250_random.pkl", "use_custom_sampling_operator": true, "use_custom_mutation_operator": true, "use_custom_crossover_operator": false, "use_custom_atomicity": true, "genome_threshold": null, "include_ps_len": true, "include_sample_quantity": true, "include_wasserstein_distance": false, "include_diff_median": false, "include_atomicity": true, "include_p_value": false, "include_mean_fitness": true, "include_variance": false}, "results": [{"pattern": [248, 25], "threshold": null}, {"pattern": [202, 134], "threshold": null}, {"pattern": [184, 61], "threshold": null}, {"pattern": [137, 196], "threshold": null}, {"pattern": [53, 215], "threshold": null}, {"pattern": [158], "threshold": null}, {"pattern": [196], "threshold": null}, {"pattern": [188, 182], "threshold": null}, {"pattern": [132, 63], "threshold": null}, {"pattern": [13], "threshold": null}, {"pattern": [120], "threshold": null}, {"pattern": [241, 215], "threshold": null}, {"pattern": [27, 244], "threshold": null}, {"pattern": [93], "threshold": null}, {"pattern": [50, 188], "threshold": null}, {"pattern": [183, 63], "threshold": null}, {"pattern": [211, 212], "threshold": null}, {"pattern": [132, 28], "threshold": null}, {"pattern": [25, 13], "threshold": null}, {"pattern": [33, 68], "threshold": null}, {"pattern": [86], "threshold": null}, {"pattern": [162, 196], "threshold": null}, {"pattern": [132, 76], "threshold": null}, {"pattern": [241, 188, 132], "threshold": null}, {"pattern": [204, 116], "threshold": null}, {"pattern": [91, 158], "threshold": null}, {"pattern": [188], "threshold": null}, {"pattern": [237], "threshold": null}, {"pattern": [45], "threshold": null}, {"pattern": [86, 103], "threshold": null}, {"pattern": [230], "threshold": null}, {"pattern": [196, 93], "threshold": null}, {"pattern": [54], "threshold": null}, {"pattern": [212, 63], "threshold": null}, {"pattern": [212], "threshold": null}, {"pattern": [25], "threshold": null}, {"pattern": [27, 13], "threshold": null}, {"pattern": [38, 63], "threshold": null}, {"pattern": [139, 196], "threshold": null}, {"pattern": [25, 235], "threshold": null}, {"pattern": [16, 134], "threshold": null}, {"pattern": [132], "threshold": null}, {"pattern": [196, 215], "threshold": null}, {"pattern": [88], "threshold": null}, {"pattern": [92, 158], "threshold": null}, {"pattern": [103], "threshold": null}]}]}