{"extra_info": {"version": "fallback_v1", "seed": 18}, "data": [{"config": {"code_name": "[CS CM CC][Len SSize MFit CAtom][GNone]", "population_size": 100, "evaluation_budget": 10000, "cluster_info_file_name": "C:\\Users\\gac8\\PycharmProjects\\PSSearch\\retail_forecasting_data_collection\\data\\cluster_info_250_random.pkl", "use_custom_sampling_operator": true, "use_custom_mutation_operator": true, "use_custom_crossover_operator": true, "use_custom_atomicity": true, "genome_threshold": null, "include_ps_len": true, "include_sample_quantity": true, "include_wasserstein_distance": false, "include_diff_median": false, "include_atomicity": true, "include_p_value": false, "include_mean_fitness": true, "include_variance": false}, "results": [{"pattern": [158, 215], "threshold": null}, {"pattern": [188, 190], "threshold": null}, {"pattern": [146, 39], "threshold": null}, {"pattern": [158], "threshold": null}, {"pattern": [45], "threshold": null}, {"pattern": [103], "threshold": null}, {"pattern": [217, 134], "threshold": null}, {"pattern": [190, 158], "threshold": null}, {"pattern": [188, 221], "threshold": null}, {"pattern": [196], "threshold": null}, {"pattern": [49, 116], "threshold": null}, {"pattern": [162, 215], "threshold": null}, {"pattern": [188], "threshold": null}, {"pattern": [65, 171], "threshold": null}, {"pattern": [241, 158], "threshold": null}, {"pattern": [158, 142], "threshold": null}, {"pattern": [13], "threshold": null}, {"pattern": [212], "threshold": null}, {"pattern": [88, 90], "threshold": null}, {"pattern": [49, 74], "threshold": null}, {"pattern": [132, 63], "threshold": null}, {"pattern": [54], "threshold": null}, {"pattern": [86], "threshold": null}, {"pattern": [235, 119], "threshold": null}, {"pattern": [25, 86], "threshold": null}, {"pattern": [134, 86], "threshold": null}, {"pattern": [169, 132], "threshold": null}, {"pattern": [248, 76], "threshold": null}, {"pattern": [224, 188], "threshold": null}, {"pattern": [202, 91], "threshold": null}, {"pattern": [237], "threshold": null}, {"pattern": [86, 215], "threshold": null}, {"pattern": [88], "threshold": null}, {"pattern": [237, 86], "threshold": null}, {"pattern": [146, 101], "threshold": null}, {"pattern": [56, 114], "threshold": null}, {"pattern": [184, 63], "threshold": null}, {"pattern": [65], "threshold": null}, {"pattern": [132], "threshold": null}, {"pattern": [212, 245], "threshold": null}, {"pattern": [158, 38], "threshold": null}, {"pattern": [25], "threshold": null}, {"pattern": [221, 206], "threshold": null}, {"pattern": [184, 27], "threshold": null}, {"pattern": [230], "threshold": null}, {"pattern": [217], "threshold": null}, {"pattern": [50, 215], "threshold": null}, {"pattern": [158, 63], "threshold": null}, {"pattern": [233, 114], "threshold": null}, {"pattern": [120], "threshold": null}]}, {"config": {"code_name": "[CS CM CC][SSize MFit CAtom][GNone]", "population_size": 100, "evaluation_budget": 10000, "cluster_info_file_name": "C:\\Users\\gac8\\PycharmProjects\\PSSearch\\retail_forecasting_data_collection\\data\\cluster_info_250_random.pkl", "use_custom_sampling_operator": true, "use_custom_mutation_operator": true, "use_custom_crossover_operator": true, "use_custom_atomicity": true, "genome_threshold": null, "include_ps_len": false, "include_sample_quantity": true, "include_wasserstein_distance": false, "include_diff_median": false, "include_atomicity": true, "include_p_value": false, "include_mean_fitness": true, "include_variance": false}, "results": [{"pattern": [59, 245], "threshold": null}, {"pattern": [88, 132], "threshold": null}, {"pattern": [25], "threshold": null}, {"pattern": [188], "threshold": null}, {"pattern": [217], "threshold": null}, {"pattern": [24, 188], "threshold": null}, {"pattern": [232, 119], "threshold": null}, {"pattern": [212, 132, 158], "threshold": null}, {"pattern": [13], "threshold": null}, {"pattern": [212], "threshold": null}, {"pattern": [196], "threshold": null}, {"pattern": [158], "threshold": null}, {"pattern": [25, 134], "threshold": null}, {"pattern": [25, 52], "threshold": null}, {"pattern": [16, 158], "threshold": null}, {"pattern": [177, 132], "threshold": null}, {"pattern": [38, 63], "threshold": null}, {"pattern": [217, 103], "threshold": null}, {"pattern": [164, 134], "threshold": null}, {"pattern": [233, 82], "threshold": null}, {"pattern": [65], "threshold": null}, {"pattern": [208, 86], "threshold": null}, {"pattern": [237], "threshold": null}, {"pattern": [158, 86], "threshold": null}, {"pattern": [88], "threshold": null}, {"pattern": [50, 188], "threshold": null}, {"pattern": [190, 63], "threshold": null}, {"pattern": [146, 86], "threshold": null}, {"pattern": [16, 182], "threshold": null}, {"pattern": [212, 93], "threshold": null}, {"pattern": [34, 245], "threshold": null}, {"pattern": [91, 188], "threshold": null}, {"pattern": [241, 116], "threshold": null}, {"pattern": [27, 158], "threshold": null}, {"pattern": [177, 188], "threshold": null}, {"pattern": [25, 116], "threshold": null}, {"pattern": [103], "threshold": null}, {"pattern": [86], "threshold": null}, {"pattern": [132, 28], "threshold": null}, {"pattern": [244, 47], "threshold": null}, {"pattern": [132], "threshold": null}]}, {"config": {"code_name": "[CS CM CC][Len MFit CAtom][GNone]", "population_size": 100, "evaluation_budget": 10000, "cluster_info_file_name": "C:\\Users\\gac8\\PycharmProjects\\PSSearch\\retail_forecasting_data_collection\\data\\cluster_info_250_random.pkl", "use_custom_sampling_operator": true, "use_custom_mutation_operator": true, "use_custom_crossover_operator": true, "use_custom_atomicity": true, "genome_threshold": null, "include_ps_len": true, "include_sample_quantity": false, "include_wasserstein_distance": false, "include_diff_median": false, "include_atomicity": true, "include_p_value": false, "include_mean_fitness": true, "include_variance": false}, "results": [{"pattern": [232, 87], "threshold": null}, {"pattern": [211, 196], "threshold": null}, {"pattern": [88, 164], "threshold": null}, {"pattern": [120], "threshold": null}, {"pattern": [196, 181], "threshold": null}, {"pattern": [134, 87], "threshold": null}, {"pattern": [190, 158], "threshold": null}, {"pattern": [232, 35], "threshold": null}, {"pattern": [61, 158], "threshold": null}]}, {"config": {"code_name": "[CS CM CC][Len SSize CAtom][GNone]", "population_size": 100, "evaluation_budget": 10000, "cluster_info_file_name": "C:\\Users\\gac8\\PycharmProjects\\PSSearch\\retail_forecasting_data_collection\\data\\cluster_info_250_random.pkl", "use_custom_sampling_operator": true, "use_custom_mutation_operator": true, "use_custom_crossover_operator": true, "use_custom_atomicity": true, "genome_threshold": null, "include_ps_len": true, "include_sample_quantity": true, "include_wasserstein_distance": false, "include_diff_median": false, "include_atomicity": true, "include_p_value": false, "include_mean_fitness": false, "include_variance": false}, "results": [{"pattern": [196, 188], "threshold": null}, {"pattern": [221, 30], "threshold": null}, {"pattern": [80, 52], "threshold": null}, {"pattern": [188], "threshold": null}, {"pattern": [188, 205], "threshold": null}, {"pattern": [193, 215], "threshold": null}, {"pattern": [151, 47], "threshold": null}, {"pattern": [235, 215], "threshold": null}, {"pattern": [212, 196], "threshold": null}]}, {"config": {"code_name": "[CS CM CC][Len SSize MFit][GNone]", "population_size": 100, "evaluation_budget": 10000, "cluster_info_file_name": "C:\\Users\\gac8\\PycharmProjects\\PSSearch\\retail_forecasting_data_collection\\data\\cluster_info_250_random.pkl", "use_custom_sampling_operator": true, "use_custom_mutation_operator": true, "use_custom_crossover_operator": true, "use_custom_atomicity": true, "genome_threshold": null, "include_ps_len": true, "include_sample_quantity": true, "include_wasserstein_distance": false, "include_diff_median": false, "include_atomicity": false, "include_p_value": false, "include_mean_fitness": true, "include_variance": false}, "results": [{"pattern": [237], "threshold": null}, {"pattern": [88, 13], "threshold": null}, {"pattern": [230], "threshold": null}, {"pattern": [196, 180], "threshold": null}, {"pattern": [196, 103], "threshold": null}, {"pattern": [86], "threshold": null}, {"pattern": [54], "threshold": null}, {"pattern": [120], "threshold": null}, {"pattern": [158], "threshold": null}, {"pattern": [188], "threshold": null}, {"pattern": [27, 212], "threshold": null}, {"pattern": [13], "threshold": null}, {"pattern": [25, 132], "threshold": null}, {"pattern": [212, 215], "threshold": null}, {"pattern": [25, 158], "threshold": null}, {"pattern": [25], "threshold": null}, {"pattern": [103], "threshold": null}, {"pattern": [65], "threshold": null}, {"pattern": [27, 196], "threshold": null}, {"pattern": [88], "threshold": null}, {"pattern": [188, 13], "threshold": null}, {"pattern": [196], "threshold": null}, {"pattern": [88, 103], "threshold": null}, {"pattern": [132], "threshold": null}, {"pattern": [16, 158], "threshold": null}, {"pattern": [65, 212], "threshold": null}, {"pattern": [237, 103], "threshold": null}, {"pattern": [180, 134], "threshold": null}, {"pattern": [45], "threshold": null}, {"pattern": [217], "threshold": null}, {"pattern": [212], "threshold": null}]}, {"config": {"code_name": "[OS CM CC][Len SSize MFit CAtom][GNone]", "population_size": 100, "evaluation_budget": 10000, "cluster_info_file_name": "C:\\Users\\gac8\\PycharmProjects\\PSSearch\\retail_forecasting_data_collection\\data\\cluster_info_250_random.pkl", "use_custom_sampling_operator": false, "use_custom_mutation_operator": true, "use_custom_crossover_operator": true, "use_custom_atomicity": true, "genome_threshold": null, "include_ps_len": true, "include_sample_quantity": true, "include_wasserstein_distance": false, "include_diff_median": false, "include_atomicity": true, "include_p_value": false, "include_mean_fitness": true, "include_variance": false}, "results": [{"pattern": [88, 180], "threshold": null}, {"pattern": [202, 86], "threshold": null}, {"pattern": [56, 246], "threshold": null}, {"pattern": [158], "threshold": null}, {"pattern": [45], "threshold": null}, {"pattern": [13, 103], "threshold": null}, {"pattern": [103], "threshold": null}, {"pattern": [34, 87], "threshold": null}, {"pattern": [82, 77], "threshold": null}, {"pattern": [196], "threshold": null}, {"pattern": [235, 215], "threshold": null}, {"pattern": [188], "threshold": null}, {"pattern": [16, 196], "threshold": null}, {"pattern": [248, 158], "threshold": null}, {"pattern": [139, 92], "threshold": null}, {"pattern": [13], "threshold": null}, {"pattern": [212], "threshold": null}, {"pattern": [54], "threshold": null}, {"pattern": [50, 47], "threshold": null}, {"pattern": [86], "threshold": null}, {"pattern": [202, 158], "threshold": null}, {"pattern": [81, 196], "threshold": null}, {"pattern": [56, 155], "threshold": null}, {"pattern": [13, 215], "threshold": null}, {"pattern": [153, 196], "threshold": null}, {"pattern": [88, 65], "threshold": null}, {"pattern": [65, 180], "threshold": null}, {"pattern": [196, 86], "threshold": null}, {"pattern": [93, 13], "threshold": null}, {"pattern": [202, 91], "threshold": null}, {"pattern": [237], "threshold": null}, {"pattern": [188, 47], "threshold": null}, {"pattern": [202, 221], "threshold": null}, {"pattern": [88], "threshold": null}, {"pattern": [16, 232], "threshold": null}, {"pattern": [132], "threshold": null}, {"pattern": [65], "threshold": null}, {"pattern": [134, 215], "threshold": null}, {"pattern": [25], "threshold": null}, {"pattern": [132, 237], "threshold": null}, {"pattern": [249, 43], "threshold": null}, {"pattern": [230], "threshold": null}, {"pattern": [13, 181], "threshold": null}, {"pattern": [18, 34], "threshold": null}, {"pattern": [217], "threshold": null}, {"pattern": [120], "threshold": null}, {"pattern": [16, 90], "threshold": null}, {"pattern": [16, 158], "threshold": null}]}, {"config": {"code_name": "[CS OM CC][Len SSize MFit CAtom][GNone]", "population_size": 100, "evaluation_budget": 10000, "cluster_info_file_name": "C:\\Users\\gac8\\PycharmProjects\\PSSearch\\retail_forecasting_data_collection\\data\\cluster_info_250_random.pkl", "use_custom_sampling_operator": true, "use_custom_mutation_operator": false, "use_custom_crossover_operator": true, "use_custom_atomicity": true, "genome_threshold": null, "include_ps_len": true, "include_sample_quantity": true, "include_wasserstein_distance": false, "include_diff_median": false, "include_atomicity": true, "include_p_value": false, "include_mean_fitness": true, "include_variance": false}, "results": [{"pattern": [180, 188, 63], "threshold": null}, {"pattern": [158, 215], "threshold": null}, {"pattern": [65, 132, 103], "threshold": null}, {"pattern": [196, 212, 86], "threshold": null}, {"pattern": [195, 239], "threshold": null}, {"pattern": [188], "threshold": null}, {"pattern": [221, 134], "threshold": null}, {"pattern": [188, 211, 212], "threshold": null}, {"pattern": [49, 13], "threshold": null}, {"pattern": [88, 196, 13], "threshold": null}, {"pattern": [54], "threshold": null}, {"pattern": [202, 90, 215], "threshold": null}, {"pattern": [249, 146, 43, 188], "threshold": null}, {"pattern": [65, 13], "threshold": null}, {"pattern": [177, 212, 188, 86], "threshold": null}, {"pattern": [212, 188, 86, 103], "threshold": null}, {"pattern": [188, 53, 215], "threshold": null}, {"pattern": [204, 13], "threshold": null}, {"pattern": [212, 188, 190], "threshold": null}, {"pattern": [188, 134], "threshold": null}, {"pattern": [196, 134], "threshold": null}, {"pattern": [65, 188, 171, 212], "threshold": null}, {"pattern": [212], "threshold": null}, {"pattern": [196, 13], "threshold": null}, {"pattern": [116, 132, 212, 188], "threshold": null}, {"pattern": [212, 215], "threshold": null}, {"pattern": [212, 188, 171], "threshold": null}, {"pattern": [217, 86], "threshold": null}, {"pattern": [241, 188, 215], "threshold": null}, {"pattern": [61, 221], "threshold": null}, {"pattern": [202, 188, 212, 215], "threshold": null}, {"pattern": [134, 215], "threshold": null}, {"pattern": [217, 13], "threshold": null}, {"pattern": [188, 103], "threshold": null}, {"pattern": [217], "threshold": null}, {"pattern": [65, 196, 13], "threshold": null}, {"pattern": [116, 164, 188], "threshold": null}, {"pattern": [241, 212, 13], "threshold": null}, {"pattern": [13, 167], "threshold": null}, {"pattern": [215], "threshold": null}, {"pattern": [196, 134, 215], "threshold": null}, {"pattern": [188, 212, 215], "threshold": null}, {"pattern": [212, 188, 86], "threshold": null}, {"pattern": [211, 212], "threshold": null}, {"pattern": [88, 13], "threshold": null}, {"pattern": [13, 239], "threshold": null}, {"pattern": [93, 13], "threshold": null}, {"pattern": [132, 212, 188], "threshold": null}, {"pattern": [196, 103], "threshold": null}, {"pattern": [65, 212], "threshold": null}, {"pattern": [25, 188, 103], "threshold": null}, {"pattern": [65, 188], "threshold": null}, {"pattern": [116, 188], "threshold": null}, {"pattern": [188, 180], "threshold": null}, {"pattern": [65, 103], "threshold": null}, {"pattern": [65, 180, 13], "threshold": null}, {"pattern": [212, 86], "threshold": null}, {"pattern": [188, 215], "threshold": null}, {"pattern": [196, 215], "threshold": null}, {"pattern": [103], "threshold": null}, {"pattern": [188, 86], "threshold": null}, {"pattern": [164, 188, 134], "threshold": null}, {"pattern": [132, 212, 188, 158], "threshold": null}, {"pattern": [146, 249, 202, 43, 188], "threshold": null}, {"pattern": [212, 188], "threshold": null}, {"pattern": [13], "threshold": null}, {"pattern": [65, 188, 86], "threshold": null}, {"pattern": [43, 212], "threshold": null}, {"pattern": [221, 87], "threshold": null}, {"pattern": [202, 132, 13], "threshold": null}, {"pattern": [173], "threshold": null}, {"pattern": [88, 13, 103], "threshold": null}, {"pattern": [217, 212, 86], "threshold": null}, {"pattern": [249, 146, 188], "threshold": null}, {"pattern": [195, 13], "threshold": null}, {"pattern": [188, 196, 134], "threshold": null}, {"pattern": [65, 13, 103], "threshold": null}, {"pattern": [90, 188, 215], "threshold": null}, {"pattern": [241, 13], "threshold": null}]}, {"config": {"code_name": "[CS CM OC][Len SSize MFit CAtom][GNone]", "population_size": 100, "evaluation_budget": 10000, "cluster_info_file_name": "C:\\Users\\gac8\\PycharmProjects\\PSSearch\\retail_forecasting_data_collection\\data\\cluster_info_250_random.pkl", "use_custom_sampling_operator": true, "use_custom_mutation_operator": true, "use_custom_crossover_operator": false, "use_custom_atomicity": true, "genome_threshold": null, "include_ps_len": true, "include_sample_quantity": true, "include_wasserstein_distance": false, "include_diff_median": false, "include_atomicity": true, "include_p_value": false, "include_mean_fitness": true, "include_variance": false}, "results": [{"pattern": [76, 61], "threshold": null}, {"pattern": [88, 180], "threshold": null}, {"pattern": [202, 188], "threshold": null}, {"pattern": [158], "threshold": null}, {"pattern": [45], "threshold": null}, {"pattern": [93, 86], "threshold": null}, {"pattern": [13, 103], "threshold": null}, {"pattern": [90, 86], "threshold": null}, {"pattern": [103], "threshold": null}, {"pattern": [11, 77], "threshold": null}, {"pattern": [16, 134], "threshold": null}, {"pattern": [34, 87], "threshold": null}, {"pattern": [196], "threshold": null}, {"pattern": [146, 149], "threshold": null}, {"pattern": [188], "threshold": null}, {"pattern": [61, 173], "threshold": null}, {"pattern": [13], "threshold": null}, {"pattern": [212], "threshold": null}, {"pattern": [88, 13], "threshold": null}, {"pattern": [184, 61], "threshold": null}, {"pattern": [235, 132], "threshold": null}, {"pattern": [54], "threshold": null}, {"pattern": [86], "threshold": null}, {"pattern": [235, 196], "threshold": null}, {"pattern": [212, 116], "threshold": null}, {"pattern": [50, 103], "threshold": null}, {"pattern": [50, 139], "threshold": null}, {"pattern": [132, 61], "threshold": null}, {"pattern": [13, 239], "threshold": null}, {"pattern": [34, 196], "threshold": null}, {"pattern": [217, 103], "threshold": null}, {"pattern": [188, 151], "threshold": null}, {"pattern": [93, 13], "threshold": null}, {"pattern": [237], "threshold": null}, {"pattern": [88], "threshold": null}, {"pattern": [132, 215], "threshold": null}, {"pattern": [132], "threshold": null}, {"pattern": [65], "threshold": null}, {"pattern": [61, 190], "threshold": null}, {"pattern": [61, 134], "threshold": null}, {"pattern": [25], "threshold": null}, {"pattern": [230], "threshold": null}, {"pattern": [27, 188], "threshold": null}, {"pattern": [25, 134], "threshold": null}, {"pattern": [217], "threshold": null}, {"pattern": [120], "threshold": null}, {"pattern": [16, 90], "threshold": null}]}]}