{"extra_info": {"version": "fallback_v1", "seed": 20}, "data": [{"config": {"code_name": "[CS CM CC][Len SSize MFit CAtom][GNone]", "population_size": 100, "evaluation_budget": 10000, "cluster_info_file_name": "C:\\Users\\gac8\\PycharmProjects\\PSSearch\\retail_forecasting_data_collection\\data\\cluster_info_250_random.pkl", "use_custom_sampling_operator": true, "use_custom_mutation_operator": true, "use_custom_crossover_operator": true, "use_custom_atomicity": true, "genome_threshold": null, "include_ps_len": true, "include_sample_quantity": true, "include_wasserstein_distance": false, "include_diff_median": false, "include_atomicity": true, "include_p_value": false, "include_mean_fitness": true, "include_variance": false}, "results": [{"pattern": [16, 151], "threshold": null}, {"pattern": [61, 86], "threshold": null}, {"pattern": [103], "threshold": null}, {"pattern": [196], "threshold": null}, {"pattern": [86], "threshold": null}, {"pattern": [180, 132], "threshold": null}, {"pattern": [132], "threshold": null}, {"pattern": [196, 92], "threshold": null}, {"pattern": [202, 43], "threshold": null}, {"pattern": [91, 158], "threshold": null}, {"pattern": [56, 246], "threshold": null}, {"pattern": [153, 100], "threshold": null}, {"pattern": [34, 87], "threshold": null}, {"pattern": [65, 50], "threshold": null}, {"pattern": [171, 86], "threshold": null}, {"pattern": [81, 188], "threshold": null}, {"pattern": [230], "threshold": null}, {"pattern": [237], "threshold": null}, {"pattern": [217], "threshold": null}, {"pattern": [25, 52], "threshold": null}, {"pattern": [137, 212], "threshold": null}, {"pattern": [65, 202, 132], "threshold": null}, {"pattern": [245, 47], "threshold": null}, {"pattern": [65, 212, 158], "threshold": null}, {"pattern": [35, 132], "threshold": null}, {"pattern": [180, 63], "threshold": null}, {"pattern": [188, 215], "threshold": null}, {"pattern": [50, 158], "threshold": null}, {"pattern": [54], "threshold": null}, {"pattern": [25, 245], "threshold": null}, {"pattern": [88], "threshold": null}, {"pattern": [65, 245], "threshold": null}, {"pattern": [25], "threshold": null}, {"pattern": [248, 158], "threshold": null}, {"pattern": [69, 215], "threshold": null}, {"pattern": [244, 47], "threshold": null}, {"pattern": [212], "threshold": null}, {"pattern": [155, 38], "threshold": null}, {"pattern": [34, 204], "threshold": null}, {"pattern": [116, 151], "threshold": null}, {"pattern": [205, 38], "threshold": null}, {"pattern": [45], "threshold": null}, {"pattern": [158], "threshold": null}, {"pattern": [177, 132], "threshold": null}, {"pattern": [188], "threshold": null}, {"pattern": [65], "threshold": null}, {"pattern": [59, 245], "threshold": null}, {"pattern": [120], "threshold": null}, {"pattern": [192, 195], "threshold": null}, {"pattern": [13], "threshold": null}, {"pattern": [33, 215], "threshold": null}, {"pattern": [69, 158], "threshold": null}]}, {"config": {"code_name": "[CS CM CC][SSize MFit CAtom][GNone]", "population_size": 100, "evaluation_budget": 10000, "cluster_info_file_name": "C:\\Users\\gac8\\PycharmProjects\\PSSearch\\retail_forecasting_data_collection\\data\\cluster_info_250_random.pkl", "use_custom_sampling_operator": true, "use_custom_mutation_operator": true, "use_custom_crossover_operator": true, "use_custom_atomicity": true, "genome_threshold": null, "include_ps_len": false, "include_sample_quantity": true, "include_wasserstein_distance": false, "include_diff_median": false, "include_atomicity": true, "include_p_value": false, "include_mean_fitness": true, "include_variance": false}, "results": [{"pattern": [52, 119], "threshold": null}, {"pattern": [90, 245], "threshold": null}, {"pattern": [188], "threshold": null}, {"pattern": [146, 101], "threshold": null}, {"pattern": [188, 245], "threshold": null}, {"pattern": [215, 63], "threshold": null}, {"pattern": [211, 196], "threshold": null}, {"pattern": [59, 151], "threshold": null}, {"pattern": [177, 212], "threshold": null}, {"pattern": [90, 27], "threshold": null}, {"pattern": [13, 215], "threshold": null}, {"pattern": [158], "threshold": null}, {"pattern": [65], "threshold": null}, {"pattern": [13], "threshold": null}, {"pattern": [25, 235], "threshold": null}, {"pattern": [50, 92], "threshold": null}, {"pattern": [91, 215], "threshold": null}, {"pattern": [88], "threshold": null}, {"pattern": [196, 221], "threshold": null}, {"pattern": [34, 63], "threshold": null}, {"pattern": [48, 222], "threshold": null}, {"pattern": [237, 103], "threshold": null}, {"pattern": [16, 13], "threshold": null}, {"pattern": [139, 188], "threshold": null}, {"pattern": [101, 135], "threshold": null}, {"pattern": [158, 103], "threshold": null}, {"pattern": [212], "threshold": null}, {"pattern": [92, 63], "threshold": null}, {"pattern": [237], "threshold": null}, {"pattern": [188, 13], "threshold": null}, {"pattern": [103], "threshold": null}, {"pattern": [188, 167], "threshold": null}, {"pattern": [53, 158], "threshold": null}, {"pattern": [241, 158], "threshold": null}, {"pattern": [196, 221, 215], "threshold": null}, {"pattern": [232, 34], "threshold": null}, {"pattern": [25, 139], "threshold": null}, {"pattern": [190, 134], "threshold": null}, {"pattern": [235, 119], "threshold": null}, {"pattern": [29, 13], "threshold": null}, {"pattern": [217, 180], "threshold": null}, {"pattern": [132, 237], "threshold": null}]}, {"config": {"code_name": "[CS CM CC][Len MFit CAtom][GNone]", "population_size": 100, "evaluation_budget": 10000, "cluster_info_file_name": "C:\\Users\\gac8\\PycharmProjects\\PSSearch\\retail_forecasting_data_collection\\data\\cluster_info_250_random.pkl", "use_custom_sampling_operator": true, "use_custom_mutation_operator": true, "use_custom_crossover_operator": true, "use_custom_atomicity": true, "genome_threshold": null, "include_ps_len": true, "include_sample_quantity": false, "include_wasserstein_distance": false, "include_diff_median": false, "include_atomicity": true, "include_p_value": false, "include_mean_fitness": true, "include_variance": false}, "results": [{"pattern": [120], "threshold": null}, {"pattern": [16, 38], "threshold": null}, {"pattern": [38, 87], "threshold": null}, {"pattern": [196, 237], "threshold": null}, {"pattern": [16, 197], "threshold": null}, {"pattern": [90, 235], "threshold": null}, {"pattern": [16, 241], "threshold": null}]}, {"config": {"code_name": "[CS CM CC][Len SSize CAtom][GNone]", "population_size": 100, "evaluation_budget": 10000, "cluster_info_file_name": "C:\\Users\\gac8\\PycharmProjects\\PSSearch\\retail_forecasting_data_collection\\data\\cluster_info_250_random.pkl", "use_custom_sampling_operator": true, "use_custom_mutation_operator": true, "use_custom_crossover_operator": true, "use_custom_atomicity": true, "genome_threshold": null, "include_ps_len": true, "include_sample_quantity": true, "include_wasserstein_distance": false, "include_diff_median": false, "include_atomicity": true, "include_p_value": false, "include_mean_fitness": false, "include_variance": false}, "results": [{"pattern": [212, 180], "threshold": null}, {"pattern": [25, 212], "threshold": null}, {"pattern": [27, 222], "threshold": null}, {"pattern": [56, 155], "threshold": null}, {"pattern": [97, 146], "threshold": null}, {"pattern": [204, 116], "threshold": null}, {"pattern": [105, 207], "threshold": null}, {"pattern": [205, 63], "threshold": null}, {"pattern": [139, 188], "threshold": null}, {"pattern": [188], "threshold": null}, {"pattern": [163, 173], "threshold": null}]}, {"config": {"code_name": "[CS CM CC][Len SSize MFit][GNone]", "population_size": 100, "evaluation_budget": 10000, "cluster_info_file_name": "C:\\Users\\gac8\\PycharmProjects\\PSSearch\\retail_forecasting_data_collection\\data\\cluster_info_250_random.pkl", "use_custom_sampling_operator": true, "use_custom_mutation_operator": true, "use_custom_crossover_operator": true, "use_custom_atomicity": true, "genome_threshold": null, "include_ps_len": true, "include_sample_quantity": true, "include_wasserstein_distance": false, "include_diff_median": false, "include_atomicity": false, "include_p_value": false, "include_mean_fitness": true, "include_variance": false}, "results": [{"pattern": [54], "threshold": null}, {"pattern": [217], "threshold": null}, {"pattern": [202, 235], "threshold": null}, {"pattern": [16, 215], "threshold": null}, {"pattern": [69, 158], "threshold": null}, {"pattern": [45], "threshold": null}, {"pattern": [188, 13, 215], "threshold": null}, {"pattern": [132, 134], "threshold": null}, {"pattern": [212, 182], "threshold": null}, {"pattern": [86], "threshold": null}, {"pattern": [19, 196], "threshold": null}, {"pattern": [86, 167], "threshold": null}, {"pattern": [196], "threshold": null}, {"pattern": [13], "threshold": null}, {"pattern": [212], "threshold": null}, {"pattern": [88], "threshold": null}, {"pattern": [211, 134], "threshold": null}, {"pattern": [132], "threshold": null}, {"pattern": [196, 181], "threshold": null}, {"pattern": [188], "threshold": null}, {"pattern": [65], "threshold": null}, {"pattern": [158], "threshold": null}, {"pattern": [120], "threshold": null}, {"pattern": [237], "threshold": null}, {"pattern": [88, 188], "threshold": null}, {"pattern": [171, 132], "threshold": null}, {"pattern": [248, 25], "threshold": null}, {"pattern": [217, 180], "threshold": null}, {"pattern": [248, 235], "threshold": null}, {"pattern": [103], "threshold": null}, {"pattern": [25], "threshold": null}, {"pattern": [230], "threshold": null}]}, {"config": {"code_name": "[OS CM CC][Len SSize MFit CAtom][GNone]", "population_size": 100, "evaluation_budget": 10000, "cluster_info_file_name": "C:\\Users\\gac8\\PycharmProjects\\PSSearch\\retail_forecasting_data_collection\\data\\cluster_info_250_random.pkl", "use_custom_sampling_operator": false, "use_custom_mutation_operator": true, "use_custom_crossover_operator": true, "use_custom_atomicity": true, "genome_threshold": null, "include_ps_len": true, "include_sample_quantity": true, "include_wasserstein_distance": false, "include_diff_median": false, "include_atomicity": true, "include_p_value": false, "include_mean_fitness": true, "include_variance": false}, "results": [{"pattern": [103], "threshold": null}, {"pattern": [196], "threshold": null}, {"pattern": [158, 103], "threshold": null}, {"pattern": [86], "threshold": null}, {"pattern": [90, 212], "threshold": null}, {"pattern": [132], "threshold": null}, {"pattern": [193, 180], "threshold": null}, {"pattern": [91, 158], "threshold": null}, {"pattern": [212, 158, 63], "threshold": null}, {"pattern": [241, 180], "threshold": null}, {"pattern": [137, 134], "threshold": null}, {"pattern": [249, 146], "threshold": null}, {"pattern": [230], "threshold": null}, {"pattern": [237], "threshold": null}, {"pattern": [61, 134], "threshold": null}, {"pattern": [217], "threshold": null}, {"pattern": [235, 132], "threshold": null}, {"pattern": [139, 92], "threshold": null}, {"pattern": [86, 38], "threshold": null}, {"pattern": [54], "threshold": null}, {"pattern": [25, 245], "threshold": null}, {"pattern": [88], "threshold": null}, {"pattern": [171, 188], "threshold": null}, {"pattern": [248, 235], "threshold": null}, {"pattern": [163, 173], "threshold": null}, {"pattern": [132, 28], "threshold": null}, {"pattern": [116, 63], "threshold": null}, {"pattern": [25], "threshold": null}, {"pattern": [88, 13], "threshold": null}, {"pattern": [212], "threshold": null}, {"pattern": [132, 158], "threshold": null}, {"pattern": [65, 188], "threshold": null}, {"pattern": [25, 235], "threshold": null}, {"pattern": [212, 13], "threshold": null}, {"pattern": [116, 197], "threshold": null}, {"pattern": [45], "threshold": null}, {"pattern": [158], "threshold": null}, {"pattern": [188], "threshold": null}, {"pattern": [65], "threshold": null}, {"pattern": [120], "threshold": null}, {"pattern": [196, 245], "threshold": null}, {"pattern": [13], "threshold": null}, {"pattern": [132, 103], "threshold": null}, {"pattern": [179, 71], "threshold": null}]}, {"config": {"code_name": "[CS OM CC][Len SSize MFit CAtom][GNone]", "population_size": 100, "evaluation_budget": 10000, "cluster_info_file_name": "C:\\Users\\gac8\\PycharmProjects\\PSSearch\\retail_forecasting_data_collection\\data\\cluster_info_250_random.pkl", "use_custom_sampling_operator": true, "use_custom_mutation_operator": false, "use_custom_crossover_operator": true, "use_custom_atomicity": true, "genome_threshold": null, "include_ps_len": true, "include_sample_quantity": true, "include_wasserstein_distance": false, "include_diff_median": false, "include_atomicity": true, "include_p_value": false, "include_mean_fitness": true, "include_variance": false}, "results": [{"pattern": [16, 13], "threshold": null}, {"pattern": [188, 237, 103], "threshold": null}, {"pattern": [196], "threshold": null}, {"pattern": [170, 132], "threshold": null}, {"pattern": [116, 237], "threshold": null}, {"pattern": [13, 239], "threshold": null}, {"pattern": [27, 132, 86], "threshold": null}, {"pattern": [132], "threshold": null}, {"pattern": [212, 27, 188, 13], "threshold": null}, {"pattern": [13, 237], "threshold": null}, {"pattern": [153, 196], "threshold": null}, {"pattern": [237, 86], "threshold": null}, {"pattern": [88, 13, 86], "threshold": null}, {"pattern": [50, 196], "threshold": null}, {"pattern": [196, 188, 237], "threshold": null}, {"pattern": [27, 196, 13], "threshold": null}, {"pattern": [132, 13, 86], "threshold": null}, {"pattern": [180, 212, 188, 13], "threshold": null}, {"pattern": [249, 146], "threshold": null}, {"pattern": [188, 13], "threshold": null}, {"pattern": [196, 181], "threshold": null}, {"pattern": [237], "threshold": null}, {"pattern": [88, 158], "threshold": null}, {"pattern": [195, 13], "threshold": null}, {"pattern": [65, 158], "threshold": null}, {"pattern": [132, 13], "threshold": null}, {"pattern": [88, 188, 103], "threshold": null}, {"pattern": [212, 188, 13], "threshold": null}, {"pattern": [164, 188], "threshold": null}, {"pattern": [188, 27, 196, 13], "threshold": null}, {"pattern": [65, 196, 13], "threshold": null}, {"pattern": [132, 215], "threshold": null}, {"pattern": [146, 195, 13], "threshold": null}, {"pattern": [132, 86], "threshold": null}, {"pattern": [196, 13], "threshold": null}, {"pattern": [212, 27, 196], "threshold": null}, {"pattern": [65, 196], "threshold": null}, {"pattern": [123, 13], "threshold": null}, {"pattern": [88, 132], "threshold": null}, {"pattern": [188, 237, 158], "threshold": null}, {"pattern": [132, 237], "threshold": null}, {"pattern": [235, 205], "threshold": null}, {"pattern": [132, 13, 158], "threshold": null}, {"pattern": [88], "threshold": null}, {"pattern": [249, 146, 13], "threshold": null}, {"pattern": [90, 237], "threshold": null}, {"pattern": [244, 13, 239], "threshold": null}, {"pattern": [180, 237], "threshold": null}, {"pattern": [188, 180], "threshold": null}, {"pattern": [139, 235], "threshold": null}, {"pattern": [132, 188, 164], "threshold": null}, {"pattern": [75, 13], "threshold": null}, {"pattern": [27, 212, 13], "threshold": null}, {"pattern": [162, 13], "threshold": null}, {"pattern": [27, 196], "threshold": null}, {"pattern": [88, 13], "threshold": null}, {"pattern": [249, 146, 195, 13], "threshold": null}, {"pattern": [188, 27, 196], "threshold": null}, {"pattern": [244, 239], "threshold": null}, {"pattern": [88, 188, 86], "threshold": null}, {"pattern": [180, 188, 13], "threshold": null}, {"pattern": [184, 63], "threshold": null}, {"pattern": [27, 212, 158], "threshold": null}, {"pattern": [65], "threshold": null}, {"pattern": [88, 188], "threshold": null}, {"pattern": [88, 86], "threshold": null}, {"pattern": [237, 215], "threshold": null}, {"pattern": [88, 90, 13], "threshold": null}, {"pattern": [13], "threshold": null}, {"pattern": [132, 103], "threshold": null}, {"pattern": [164], "threshold": null}, {"pattern": [16, 164], "threshold": null}]}, {"config": {"code_name": "[CS CM OC][Len SSize MFit CAtom][GNone]", "population_size": 100, "evaluation_budget": 10000, "cluster_info_file_name": "C:\\Users\\gac8\\PycharmProjects\\PSSearch\\retail_forecasting_data_collection\\data\\cluster_info_250_random.pkl", "use_custom_sampling_operator": true, "use_custom_mutation_operator": true, "use_custom_crossover_operator": false, "use_custom_atomicity": true, "genome_threshold": null, "include_ps_len": true, "include_sample_quantity": true, "include_wasserstein_distance": false, "include_diff_median": false, "include_atomicity": true, "include_p_value": false, "include_mean_fitness": true, "include_variance": false}, "results": [{"pattern": [103], "threshold": null}, {"pattern": [101, 135], "threshold": null}, {"pattern": [196], "threshold": null}, {"pattern": [65, 134], "threshold": null}, {"pattern": [16, 237], "threshold": null}, {"pattern": [13, 103], "threshold": null}, {"pattern": [177, 180], "threshold": null}, {"pattern": [86], "threshold": null}, {"pattern": [13, 181], "threshold": null}, {"pattern": [132], "threshold": null}, {"pattern": [92, 86], "threshold": null}, {"pattern": [88, 180], "threshold": null}, {"pattern": [230], "threshold": null}, {"pattern": [237], "threshold": null}, {"pattern": [217], "threshold": null}, {"pattern": [13], "threshold": null}, {"pattern": [218, 11], "threshold": null}, {"pattern": [241, 116], "threshold": null}, {"pattern": [65, 157], "threshold": null}, {"pattern": [162, 215], "threshold": null}, {"pattern": [215, 212, 63], "threshold": null}, {"pattern": [132, 244], "threshold": null}, {"pattern": [27, 181], "threshold": null}, {"pattern": [65, 196], "threshold": null}, {"pattern": [202, 149], "threshold": null}, {"pattern": [146, 86], "threshold": null}, {"pattern": [90, 127], "threshold": null}, {"pattern": [97, 146], "threshold": null}, {"pattern": [54], "threshold": null}, {"pattern": [88], "threshold": null}, {"pattern": [186, 13], "threshold": null}, {"pattern": [202, 142], "threshold": null}, {"pattern": [25], "threshold": null}, {"pattern": [19, 206], "threshold": null}, {"pattern": [232, 103], "threshold": null}, {"pattern": [212], "threshold": null}, {"pattern": [65, 167], "threshold": null}, {"pattern": [196, 188], "threshold": null}, {"pattern": [34, 132], "threshold": null}, {"pattern": [25, 235], "threshold": null}, {"pattern": [164, 134], "threshold": null}, {"pattern": [45], "threshold": null}, {"pattern": [158], "threshold": null}, {"pattern": [188], "threshold": null}, {"pattern": [65], "threshold": null}, {"pattern": [146, 149], "threshold": null}, {"pattern": [212, 158], "threshold": null}, {"pattern": [120], "threshold": null}, {"pattern": [217, 202], "threshold": null}, {"pattern": [27, 171], "threshold": null}, {"pattern": [35, 116], "threshold": null}, {"pattern": [19, 221], "threshold": null}]}]}