{"extra_info": {"version": "fallback_v1", "seed": 70}, "data": [{"config": {"code_name": "[CS CM CC][Len SSize MFit CAtom][GNone]", "population_size": 100, "evaluation_budget": 10000, "cluster_info_file_name": "C:\\Users\\gac8\\PycharmProjects\\PSSearch\\retail_forecasting_data_collection\\data\\cluster_info_250_random.pkl", "use_custom_sampling_operator": true, "use_custom_mutation_operator": true, "use_custom_crossover_operator": true, "use_custom_atomicity": true, "genome_threshold": null, "include_ps_len": true, "include_sample_quantity": true, "include_wasserstein_distance": false, "include_diff_median": false, "include_atomicity": true, "include_p_value": false, "include_mean_fitness": true, "include_variance": false}, "results": [{"pattern": [120], "threshold": null}, {"pattern": [237], "threshold": null}, {"pattern": [196, 181], "threshold": null}, {"pattern": [209, 59], "threshold": null}, {"pattern": [90, 196], "threshold": null}, {"pattern": [56, 86], "threshold": null}, {"pattern": [88], "threshold": null}, {"pattern": [244, 239], "threshold": null}, {"pattern": [221, 55], "threshold": null}, {"pattern": [217, 202], "threshold": null}, {"pattern": [89, 244], "threshold": null}, {"pattern": [196, 103], "threshold": null}, {"pattern": [132], "threshold": null}, {"pattern": [188, 63], "threshold": null}, {"pattern": [230], "threshold": null}, {"pattern": [34, 87], "threshold": null}, {"pattern": [25, 103], "threshold": null}, {"pattern": [74, 68], "threshold": null}, {"pattern": [35, 235], "threshold": null}, {"pattern": [235, 196], "threshold": null}, {"pattern": [202, 212, 164], "threshold": null}, {"pattern": [65, 86], "threshold": null}, {"pattern": [158], "threshold": null}, {"pattern": [50, 215], "threshold": null}, {"pattern": [88, 180], "threshold": null}, {"pattern": [25], "threshold": null}, {"pattern": [163, 173], "threshold": null}, {"pattern": [103], "threshold": null}, {"pattern": [224, 132], "threshold": null}, {"pattern": [158, 119], "threshold": null}, {"pattern": [88, 132], "threshold": null}, {"pattern": [212, 87], "threshold": null}, {"pattern": [88, 188], "threshold": null}, {"pattern": [90, 164], "threshold": null}, {"pattern": [18, 63], "threshold": null}, {"pattern": [27, 180], "threshold": null}, {"pattern": [188, 245], "threshold": null}, {"pattern": [188, 190], "threshold": null}, {"pattern": [196], "threshold": null}, {"pattern": [61, 158], "threshold": null}, {"pattern": [45], "threshold": null}, {"pattern": [188], "threshold": null}, {"pattern": [16, 116], "threshold": null}, {"pattern": [50, 188], "threshold": null}, {"pattern": [65], "threshold": null}, {"pattern": [241, 116], "threshold": null}, {"pattern": [54], "threshold": null}, {"pattern": [13], "threshold": null}, {"pattern": [212], "threshold": null}, {"pattern": [86], "threshold": null}, {"pattern": [196, 29], "threshold": null}, {"pattern": [217], "threshold": null}]}, {"config": {"code_name": "[CS CM CC][SSize MFit CAtom][GNone]", "population_size": 100, "evaluation_budget": 10000, "cluster_info_file_name": "C:\\Users\\gac8\\PycharmProjects\\PSSearch\\retail_forecasting_data_collection\\data\\cluster_info_250_random.pkl", "use_custom_sampling_operator": true, "use_custom_mutation_operator": true, "use_custom_crossover_operator": true, "use_custom_atomicity": true, "genome_threshold": null, "include_ps_len": false, "include_sample_quantity": true, "include_wasserstein_distance": false, "include_diff_median": false, "include_atomicity": true, "include_p_value": false, "include_mean_fitness": true, "include_variance": false}, "results": [{"pattern": [25, 215], "threshold": null}, {"pattern": [132, 190], "threshold": null}, {"pattern": [19, 188], "threshold": null}, {"pattern": [196], "threshold": null}, {"pattern": [132, 134], "threshold": null}, {"pattern": [211, 103], "threshold": null}, {"pattern": [66, 63], "threshold": null}, {"pattern": [202, 91], "threshold": null}, {"pattern": [65], "threshold": null}, {"pattern": [13], "threshold": null}, {"pattern": [180, 63], "threshold": null}, {"pattern": [147, 77], "threshold": null}, {"pattern": [212, 63], "threshold": null}, {"pattern": [56, 63], "threshold": null}, {"pattern": [90, 134], "threshold": null}, {"pattern": [212], "threshold": null}, {"pattern": [132, 215], "threshold": null}, {"pattern": [35, 68], "threshold": null}, {"pattern": [188], "threshold": null}, {"pattern": [212, 244], "threshold": null}, {"pattern": [139, 92], "threshold": null}, {"pattern": [18, 114], "threshold": null}, {"pattern": [141, 142], "threshold": null}, {"pattern": [232, 109], "threshold": null}, {"pattern": [224, 26], "threshold": null}, {"pattern": [132], "threshold": null}, {"pattern": [50, 245], "threshold": null}, {"pattern": [88], "threshold": null}, {"pattern": [209, 34], "threshold": null}, {"pattern": [217], "threshold": null}, {"pattern": [180, 134], "threshold": null}, {"pattern": [158, 167], "threshold": null}, {"pattern": [132, 158], "threshold": null}, {"pattern": [221, 158], "threshold": null}, {"pattern": [103], "threshold": null}, {"pattern": [88, 215], "threshold": null}, {"pattern": [65, 134], "threshold": null}, {"pattern": [204, 188], "threshold": null}, {"pattern": [155, 63], "threshold": null}, {"pattern": [25], "threshold": null}, {"pattern": [158], "threshold": null}, {"pattern": [134, 55], "threshold": null}, {"pattern": [1, 188], "threshold": null}, {"pattern": [86], "threshold": null}, {"pattern": [116, 87], "threshold": null}, {"pattern": [16, 74], "threshold": null}, {"pattern": [237], "threshold": null}, {"pattern": [34, 245], "threshold": null}]}, {"config": {"code_name": "[CS CM CC][Len MFit CAtom][GNone]", "population_size": 100, "evaluation_budget": 10000, "cluster_info_file_name": "C:\\Users\\gac8\\PycharmProjects\\PSSearch\\retail_forecasting_data_collection\\data\\cluster_info_250_random.pkl", "use_custom_sampling_operator": true, "use_custom_mutation_operator": true, "use_custom_crossover_operator": true, "use_custom_atomicity": true, "genome_threshold": null, "include_ps_len": true, "include_sample_quantity": false, "include_wasserstein_distance": false, "include_diff_median": false, "include_atomicity": true, "include_p_value": false, "include_mean_fitness": true, "include_variance": false}, "results": [{"pattern": [120], "threshold": null}, {"pattern": [217, 63], "threshold": null}, {"pattern": [92, 158], "threshold": null}, {"pattern": [237, 134], "threshold": null}, {"pattern": [82, 109], "threshold": null}, {"pattern": [25, 52], "threshold": null}, {"pattern": [34, 87], "threshold": null}]}, {"config": {"code_name": "[CS CM CC][Len SSize CAtom][GNone]", "population_size": 100, "evaluation_budget": 10000, "cluster_info_file_name": "C:\\Users\\gac8\\PycharmProjects\\PSSearch\\retail_forecasting_data_collection\\data\\cluster_info_250_random.pkl", "use_custom_sampling_operator": true, "use_custom_mutation_operator": true, "use_custom_crossover_operator": true, "use_custom_atomicity": true, "genome_threshold": null, "include_ps_len": true, "include_sample_quantity": true, "include_wasserstein_distance": false, "include_diff_median": false, "include_atomicity": true, "include_p_value": false, "include_mean_fitness": false, "include_variance": false}, "results": [{"pattern": [232, 52], "threshold": null}, {"pattern": [56, 63], "threshold": null}, {"pattern": [248, 212], "threshold": null}, {"pattern": [212, 86], "threshold": null}, {"pattern": [16, 188], "threshold": null}, {"pattern": [188], "threshold": null}, {"pattern": [188, 215], "threshold": null}, {"pattern": [56, 246], "threshold": null}, {"pattern": [13, 239], "threshold": null}, {"pattern": [16, 167], "threshold": null}, {"pattern": [146, 101], "threshold": null}]}, {"config": {"code_name": "[CS CM CC][Len SSize MFit][GNone]", "population_size": 100, "evaluation_budget": 10000, "cluster_info_file_name": "C:\\Users\\gac8\\PycharmProjects\\PSSearch\\retail_forecasting_data_collection\\data\\cluster_info_250_random.pkl", "use_custom_sampling_operator": true, "use_custom_mutation_operator": true, "use_custom_crossover_operator": true, "use_custom_atomicity": true, "genome_threshold": null, "include_ps_len": true, "include_sample_quantity": true, "include_wasserstein_distance": false, "include_diff_median": false, "include_atomicity": false, "include_p_value": false, "include_mean_fitness": true, "include_variance": false}, "results": [{"pattern": [90, 86], "threshold": null}, {"pattern": [132], "threshold": null}, {"pattern": [237], "threshold": null}, {"pattern": [45], "threshold": null}, {"pattern": [54], "threshold": null}, {"pattern": [25, 158], "threshold": null}, {"pattern": [116, 215], "threshold": null}, {"pattern": [25], "threshold": null}, {"pattern": [196], "threshold": null}, {"pattern": [217], "threshold": null}, {"pattern": [132, 86], "threshold": null}, {"pattern": [120], "threshold": null}, {"pattern": [248, 134], "threshold": null}, {"pattern": [188, 86], "threshold": null}, {"pattern": [212], "threshold": null}, {"pattern": [202, 27], "threshold": null}, {"pattern": [16, 103], "threshold": null}, {"pattern": [217, 116], "threshold": null}, {"pattern": [196, 132], "threshold": null}, {"pattern": [13], "threshold": null}, {"pattern": [88], "threshold": null}, {"pattern": [230], "threshold": null}, {"pattern": [103], "threshold": null}, {"pattern": [86, 215], "threshold": null}, {"pattern": [116, 13], "threshold": null}, {"pattern": [50, 212, 180], "threshold": null}, {"pattern": [65, 212, 63], "threshold": null}, {"pattern": [202, 235], "threshold": null}, {"pattern": [86], "threshold": null}, {"pattern": [65], "threshold": null}, {"pattern": [188], "threshold": null}, {"pattern": [88, 65], "threshold": null}, {"pattern": [158], "threshold": null}, {"pattern": [13, 86], "threshold": null}]}, {"config": {"code_name": "[OS CM CC][Len SSize MFit CAtom][GNone]", "population_size": 100, "evaluation_budget": 10000, "cluster_info_file_name": "C:\\Users\\gac8\\PycharmProjects\\PSSearch\\retail_forecasting_data_collection\\data\\cluster_info_250_random.pkl", "use_custom_sampling_operator": false, "use_custom_mutation_operator": true, "use_custom_crossover_operator": true, "use_custom_atomicity": true, "genome_threshold": null, "include_ps_len": true, "include_sample_quantity": true, "include_wasserstein_distance": false, "include_diff_median": false, "include_atomicity": true, "include_p_value": false, "include_mean_fitness": true, "include_variance": false}, "results": [{"pattern": [232, 205], "threshold": null}, {"pattern": [180, 215], "threshold": null}, {"pattern": [232, 105], "threshold": null}, {"pattern": [120], "threshold": null}, {"pattern": [237], "threshold": null}, {"pattern": [25, 116], "threshold": null}, {"pattern": [164, 134], "threshold": null}, {"pattern": [88], "threshold": null}, {"pattern": [188, 101], "threshold": null}, {"pattern": [116, 197], "threshold": null}, {"pattern": [158, 86], "threshold": null}, {"pattern": [69, 157], "threshold": null}, {"pattern": [27, 181], "threshold": null}, {"pattern": [132], "threshold": null}, {"pattern": [132, 103], "threshold": null}, {"pattern": [230], "threshold": null}, {"pattern": [188, 164], "threshold": null}, {"pattern": [177, 212, 13], "threshold": null}, {"pattern": [248, 116], "threshold": null}, {"pattern": [65, 241], "threshold": null}, {"pattern": [25, 158], "threshold": null}, {"pattern": [16, 25], "threshold": null}, {"pattern": [158], "threshold": null}, {"pattern": [50, 188, 215], "threshold": null}, {"pattern": [25], "threshold": null}, {"pattern": [221, 61], "threshold": null}, {"pattern": [49, 82], "threshold": null}, {"pattern": [103], "threshold": null}, {"pattern": [241, 158], "threshold": null}, {"pattern": [196, 237], "threshold": null}, {"pattern": [88, 237], "threshold": null}, {"pattern": [42, 151], "threshold": null}, {"pattern": [244, 47], "threshold": null}, {"pattern": [217, 134], "threshold": null}, {"pattern": [196], "threshold": null}, {"pattern": [45], "threshold": null}, {"pattern": [188], "threshold": null}, {"pattern": [59, 245], "threshold": null}, {"pattern": [34, 215], "threshold": null}, {"pattern": [205, 109], "threshold": null}, {"pattern": [65], "threshold": null}, {"pattern": [116, 158], "threshold": null}, {"pattern": [13], "threshold": null}, {"pattern": [54], "threshold": null}, {"pattern": [212], "threshold": null}, {"pattern": [86], "threshold": null}, {"pattern": [50, 92], "threshold": null}, {"pattern": [217], "threshold": null}, {"pattern": [177, 132], "threshold": null}, {"pattern": [224, 124], "threshold": null}]}, {"config": {"code_name": "[CS OM CC][Len SSize MFit CAtom][GNone]", "population_size": 100, "evaluation_budget": 10000, "cluster_info_file_name": "C:\\Users\\gac8\\PycharmProjects\\PSSearch\\retail_forecasting_data_collection\\data\\cluster_info_250_random.pkl", "use_custom_sampling_operator": true, "use_custom_mutation_operator": false, "use_custom_crossover_operator": true, "use_custom_atomicity": true, "genome_threshold": null, "include_ps_len": true, "include_sample_quantity": true, "include_wasserstein_distance": false, "include_diff_median": false, "include_atomicity": true, "include_p_value": false, "include_mean_fitness": true, "include_variance": false}, "results": [{"pattern": [66], "threshold": null}, {"pattern": [134], "threshold": null}, {"pattern": [88, 90], "threshold": null}, {"pattern": [116, 44], "threshold": null}, {"pattern": [30, 87], "threshold": null}, {"pattern": [212, 13, 86], "threshold": null}, {"pattern": [212, 134], "threshold": null}, {"pattern": [180, 134], "threshold": null}, {"pattern": [86, 212, 158], "threshold": null}, {"pattern": [88], "threshold": null}, {"pattern": [211, 134], "threshold": null}, {"pattern": [212, 86], "threshold": null}, {"pattern": [212, 188, 134, 63], "threshold": null}, {"pattern": [212, 86, 63], "threshold": null}, {"pattern": [204, 134], "threshold": null}, {"pattern": [241, 212, 86], "threshold": null}, {"pattern": [226, 76], "threshold": null}, {"pattern": [88, 212, 86], "threshold": null}, {"pattern": [88, 86], "threshold": null}, {"pattern": [88, 212], "threshold": null}, {"pattern": [196, 212, 86, 215], "threshold": null}, {"pattern": [95], "threshold": null}, {"pattern": [88, 217], "threshold": null}, {"pattern": [134, 212, 86], "threshold": null}, {"pattern": [177, 132], "threshold": null}, {"pattern": [88, 134], "threshold": null}, {"pattern": [134, 103], "threshold": null}, {"pattern": [66, 221], "threshold": null}, {"pattern": [232, 30], "threshold": null}, {"pattern": [177], "threshold": null}, {"pattern": [217, 134], "threshold": null}, {"pattern": [184, 30], "threshold": null}, {"pattern": [212, 63], "threshold": null}, {"pattern": [113], "threshold": null}, {"pattern": [65], "threshold": null}, {"pattern": [54], "threshold": null}, {"pattern": [212], "threshold": null}, {"pattern": [88, 202], "threshold": null}, {"pattern": [61, 134], "threshold": null}, {"pattern": [86, 134], "threshold": null}, {"pattern": [196, 212, 86], "threshold": null}]}, {"config": {"code_name": "[CS CM OC][Len SSize MFit CAtom][GNone]", "population_size": 100, "evaluation_budget": 10000, "cluster_info_file_name": "C:\\Users\\gac8\\PycharmProjects\\PSSearch\\retail_forecasting_data_collection\\data\\cluster_info_250_random.pkl", "use_custom_sampling_operator": true, "use_custom_mutation_operator": true, "use_custom_crossover_operator": false, "use_custom_atomicity": true, "genome_threshold": null, "include_ps_len": true, "include_sample_quantity": true, "include_wasserstein_distance": false, "include_diff_median": false, "include_atomicity": true, "include_p_value": false, "include_mean_fitness": true, "include_variance": false}, "results": [{"pattern": [120], "threshold": null}, {"pattern": [237], "threshold": null}, {"pattern": [212, 221], "threshold": null}, {"pattern": [212, 181], "threshold": null}, {"pattern": [16, 103], "threshold": null}, {"pattern": [50, 212, 13], "threshold": null}, {"pattern": [204, 158], "threshold": null}, {"pattern": [134, 86], "threshold": null}, {"pattern": [88], "threshold": null}, {"pattern": [164, 182], "threshold": null}, {"pattern": [16, 158], "threshold": null}, {"pattern": [16, 38], "threshold": null}, {"pattern": [205, 77], "threshold": null}, {"pattern": [137, 86], "threshold": null}, {"pattern": [103, 55], "threshold": null}, {"pattern": [132], "threshold": null}, {"pattern": [202, 188], "threshold": null}, {"pattern": [230], "threshold": null}, {"pattern": [202, 162], "threshold": null}, {"pattern": [25, 196], "threshold": null}, {"pattern": [65, 103], "threshold": null}, {"pattern": [69, 158], "threshold": null}, {"pattern": [158], "threshold": null}, {"pattern": [202, 235], "threshold": null}, {"pattern": [25], "threshold": null}, {"pattern": [217], "threshold": null}, {"pattern": [103], "threshold": null}, {"pattern": [217, 212], "threshold": null}, {"pattern": [212, 38], "threshold": null}, {"pattern": [116, 134], "threshold": null}, {"pattern": [207, 119], "threshold": null}, {"pattern": [196, 237], "threshold": null}, {"pattern": [233, 18], "threshold": null}, {"pattern": [241, 215], "threshold": null}, {"pattern": [177, 247], "threshold": null}, {"pattern": [93, 103], "threshold": null}, {"pattern": [237, 86], "threshold": null}, {"pattern": [177, 53], "threshold": null}, {"pattern": [196], "threshold": null}, {"pattern": [49, 74], "threshold": null}, {"pattern": [45], "threshold": null}, {"pattern": [188], "threshold": null}, {"pattern": [212, 63], "threshold": null}, {"pattern": [65], "threshold": null}, {"pattern": [65, 171], "threshold": null}, {"pattern": [54], "threshold": null}, {"pattern": [13], "threshold": null}, {"pattern": [212], "threshold": null}, {"pattern": [86], "threshold": null}, {"pattern": [34, 116], "threshold": null}, {"pattern": [139, 92], "threshold": null}, {"pattern": [132, 116], "threshold": null}, {"pattern": [56, 155], "threshold": null}, {"pattern": [212, 167], "threshold": null}, {"pattern": [81, 188], "threshold": null}, {"pattern": [50, 92], "threshold": null}, {"pattern": [16, 190], "threshold": null}, {"pattern": [188, 116], "threshold": null}]}]}