{"extra_info": {"version": "fallback_v1", "seed": 78}, "data": [{"config": {"code_name": "[CS CM CC][Len SSize MFit CAtom][GNone]", "population_size": 100, "evaluation_budget": 10000, "cluster_info_file_name": "C:\\Users\\gac8\\PycharmProjects\\PSSearch\\retail_forecasting_data_collection\\data\\cluster_info_250_random.pkl", "use_custom_sampling_operator": true, "use_custom_mutation_operator": true, "use_custom_crossover_operator": true, "use_custom_atomicity": true, "genome_threshold": null, "include_ps_len": true, "include_sample_quantity": true, "include_wasserstein_distance": false, "include_diff_median": false, "include_atomicity": true, "include_p_value": false, "include_mean_fitness": true, "include_variance": false}, "results": [{"pattern": [54], "threshold": null}, {"pattern": [76, 173], "threshold": null}, {"pattern": [188], "threshold": null}, {"pattern": [205, 109], "threshold": null}, {"pattern": [226, 86], "threshold": null}, {"pattern": [196], "threshold": null}, {"pattern": [245, 134], "threshold": null}, {"pattern": [169, 235], "threshold": null}, {"pattern": [81, 86], "threshold": null}, {"pattern": [65, 171, 132], "threshold": null}, {"pattern": [184, 27], "threshold": null}, {"pattern": [211, 63], "threshold": null}, {"pattern": [13], "threshold": null}, {"pattern": [25], "threshold": null}, {"pattern": [88], "threshold": null}, {"pattern": [103], "threshold": null}, {"pattern": [27, 204], "threshold": null}, {"pattern": [24, 181], "threshold": null}, {"pattern": [132], "threshold": null}, {"pattern": [26, 196], "threshold": null}, {"pattern": [164, 132], "threshold": null}, {"pattern": [25, 215], "threshold": null}, {"pattern": [50, 188], "threshold": null}, {"pattern": [248, 134], "threshold": null}, {"pattern": [158], "threshold": null}, {"pattern": [45], "threshold": null}, {"pattern": [86], "threshold": null}, {"pattern": [27, 103], "threshold": null}, {"pattern": [120], "threshold": null}, {"pattern": [201, 195], "threshold": null}, {"pattern": [245, 103], "threshold": null}, {"pattern": [16, 235], "threshold": null}, {"pattern": [237], "threshold": null}, {"pattern": [95, 63], "threshold": null}, {"pattern": [65], "threshold": null}, {"pattern": [13, 30], "threshold": null}, {"pattern": [225, 132], "threshold": null}, {"pattern": [215, 55], "threshold": null}, {"pattern": [86, 215], "threshold": null}, {"pattern": [13, 215], "threshold": null}, {"pattern": [177, 63], "threshold": null}, {"pattern": [65, 221], "threshold": null}, {"pattern": [49, 74], "threshold": null}, {"pattern": [93, 86], "threshold": null}, {"pattern": [244, 13], "threshold": null}, {"pattern": [208, 47], "threshold": null}, {"pattern": [232, 105], "threshold": null}, {"pattern": [90, 132], "threshold": null}, {"pattern": [224, 180], "threshold": null}, {"pattern": [180, 158], "threshold": null}, {"pattern": [212], "threshold": null}, {"pattern": [13, 158], "threshold": null}]}, {"config": {"code_name": "[CS CM CC][SSize MFit CAtom][GNone]", "population_size": 100, "evaluation_budget": 10000, "cluster_info_file_name": "C:\\Users\\gac8\\PycharmProjects\\PSSearch\\retail_forecasting_data_collection\\data\\cluster_info_250_random.pkl", "use_custom_sampling_operator": true, "use_custom_mutation_operator": true, "use_custom_crossover_operator": true, "use_custom_atomicity": true, "genome_threshold": null, "include_ps_len": false, "include_sample_quantity": true, "include_wasserstein_distance": false, "include_diff_median": false, "include_atomicity": true, "include_p_value": false, "include_mean_fitness": true, "include_variance": false}, "results": [{"pattern": [88, 132], "threshold": null}, {"pattern": [235, 158], "threshold": null}, {"pattern": [8, 188], "threshold": null}, {"pattern": [132, 244], "threshold": null}, {"pattern": [188, 215], "threshold": null}, {"pattern": [204, 61], "threshold": null}, {"pattern": [103], "threshold": null}, {"pattern": [16, 188], "threshold": null}, {"pattern": [212], "threshold": null}, {"pattern": [81, 212], "threshold": null}, {"pattern": [139, 212], "threshold": null}, {"pattern": [16, 13], "threshold": null}, {"pattern": [116, 237], "threshold": null}, {"pattern": [87, 63], "threshold": null}, {"pattern": [232, 212, 188], "threshold": null}, {"pattern": [27, 61], "threshold": null}, {"pattern": [241, 202], "threshold": null}, {"pattern": [202, 132], "threshold": null}, {"pattern": [132, 237], "threshold": null}, {"pattern": [91, 47], "threshold": null}, {"pattern": [65, 132], "threshold": null}, {"pattern": [132], "threshold": null}, {"pattern": [13], "threshold": null}, {"pattern": [90, 235], "threshold": null}, {"pattern": [92, 158], "threshold": null}, {"pattern": [158], "threshold": null}, {"pattern": [241, 188], "threshold": null}, {"pattern": [83, 151], "threshold": null}, {"pattern": [33, 68], "threshold": null}, {"pattern": [180, 237], "threshold": null}, {"pattern": [50, 196], "threshold": null}, {"pattern": [208, 50], "threshold": null}, {"pattern": [18, 158], "threshold": null}, {"pattern": [34, 38], "threshold": null}, {"pattern": [188, 103], "threshold": null}, {"pattern": [188], "threshold": null}, {"pattern": [53, 158], "threshold": null}, {"pattern": [196], "threshold": null}, {"pattern": [65], "threshold": null}, {"pattern": [86], "threshold": null}, {"pattern": [212, 181], "threshold": null}]}, {"config": {"code_name": "[CS CM CC][Len MFit CAtom][GNone]", "population_size": 100, "evaluation_budget": 10000, "cluster_info_file_name": "C:\\Users\\gac8\\PycharmProjects\\PSSearch\\retail_forecasting_data_collection\\data\\cluster_info_250_random.pkl", "use_custom_sampling_operator": true, "use_custom_mutation_operator": true, "use_custom_crossover_operator": true, "use_custom_atomicity": true, "genome_threshold": null, "include_ps_len": true, "include_sample_quantity": false, "include_wasserstein_distance": false, "include_diff_median": false, "include_atomicity": true, "include_p_value": false, "include_mean_fitness": true, "include_variance": false}, "results": [{"pattern": [74, 68], "threshold": null}, {"pattern": [249, 195], "threshold": null}, {"pattern": [16, 25], "threshold": null}, {"pattern": [120], "threshold": null}, {"pattern": [88, 237], "threshold": null}]}, {"config": {"code_name": "[CS CM CC][Len SSize CAtom][GNone]", "population_size": 100, "evaluation_budget": 10000, "cluster_info_file_name": "C:\\Users\\gac8\\PycharmProjects\\PSSearch\\retail_forecasting_data_collection\\data\\cluster_info_250_random.pkl", "use_custom_sampling_operator": true, "use_custom_mutation_operator": true, "use_custom_crossover_operator": true, "use_custom_atomicity": true, "genome_threshold": null, "include_ps_len": true, "include_sample_quantity": true, "include_wasserstein_distance": false, "include_diff_median": false, "include_atomicity": true, "include_p_value": false, "include_mean_fitness": false, "include_variance": false}, "results": [{"pattern": [188, 180], "threshold": null}, {"pattern": [226, 131], "threshold": null}, {"pattern": [188], "threshold": null}, {"pattern": [224, 180], "threshold": null}, {"pattern": [212, 180], "threshold": null}, {"pattern": [34, 245], "threshold": null}, {"pattern": [218, 51], "threshold": null}, {"pattern": [34, 188], "threshold": null}]}, {"config": {"code_name": "[CS CM CC][Len SSize MFit][GNone]", "population_size": 100, "evaluation_budget": 10000, "cluster_info_file_name": "C:\\Users\\gac8\\PycharmProjects\\PSSearch\\retail_forecasting_data_collection\\data\\cluster_info_250_random.pkl", "use_custom_sampling_operator": true, "use_custom_mutation_operator": true, "use_custom_crossover_operator": true, "use_custom_atomicity": true, "genome_threshold": null, "include_ps_len": true, "include_sample_quantity": true, "include_wasserstein_distance": false, "include_diff_median": false, "include_atomicity": false, "include_p_value": false, "include_mean_fitness": true, "include_variance": false}, "results": [{"pattern": [158], "threshold": null}, {"pattern": [188, 180, 158], "threshold": null}, {"pattern": [217, 86], "threshold": null}, {"pattern": [13], "threshold": null}, {"pattern": [237], "threshold": null}, {"pattern": [158, 215], "threshold": null}, {"pattern": [212, 103], "threshold": null}, {"pattern": [45], "threshold": null}, {"pattern": [88], "threshold": null}, {"pattern": [158, 134], "threshold": null}, {"pattern": [25, 196], "threshold": null}, {"pattern": [65], "threshold": null}, {"pattern": [237, 86], "threshold": null}, {"pattern": [103], "threshold": null}, {"pattern": [212, 215], "threshold": null}, {"pattern": [188, 134], "threshold": null}, {"pattern": [188, 215], "threshold": null}, {"pattern": [86], "threshold": null}, {"pattern": [16, 13], "threshold": null}, {"pattern": [132], "threshold": null}, {"pattern": [54], "threshold": null}, {"pattern": [180, 86], "threshold": null}, {"pattern": [120], "threshold": null}, {"pattern": [50, 158], "threshold": null}, {"pattern": [196, 215], "threshold": null}, {"pattern": [196], "threshold": null}, {"pattern": [25], "threshold": null}, {"pattern": [212], "threshold": null}, {"pattern": [188], "threshold": null}, {"pattern": [132, 237], "threshold": null}]}, {"config": {"code_name": "[OS CM CC][Len SSize MFit CAtom][GNone]", "population_size": 100, "evaluation_budget": 10000, "cluster_info_file_name": "C:\\Users\\gac8\\PycharmProjects\\PSSearch\\retail_forecasting_data_collection\\data\\cluster_info_250_random.pkl", "use_custom_sampling_operator": false, "use_custom_mutation_operator": true, "use_custom_crossover_operator": true, "use_custom_atomicity": true, "genome_threshold": null, "include_ps_len": true, "include_sample_quantity": true, "include_wasserstein_distance": false, "include_diff_median": false, "include_atomicity": true, "include_p_value": false, "include_mean_fitness": true, "include_variance": false}, "results": [{"pattern": [54], "threshold": null}, {"pattern": [139, 52], "threshold": null}, {"pattern": [204, 196], "threshold": null}, {"pattern": [188], "threshold": null}, {"pattern": [212, 196], "threshold": null}, {"pattern": [134, 38], "threshold": null}, {"pattern": [211, 13], "threshold": null}, {"pattern": [196], "threshold": null}, {"pattern": [202, 103], "threshold": null}, {"pattern": [201, 132], "threshold": null}, {"pattern": [196, 134], "threshold": null}, {"pattern": [74, 196], "threshold": null}, {"pattern": [205, 158], "threshold": null}, {"pattern": [88, 27], "threshold": null}, {"pattern": [66, 221], "threshold": null}, {"pattern": [82, 122], "threshold": null}, {"pattern": [13], "threshold": null}, {"pattern": [25], "threshold": null}, {"pattern": [244, 47], "threshold": null}, {"pattern": [16, 92], "threshold": null}, {"pattern": [88], "threshold": null}, {"pattern": [103], "threshold": null}, {"pattern": [33, 68], "threshold": null}, {"pattern": [18, 119], "threshold": null}, {"pattern": [132], "threshold": null}, {"pattern": [212, 134], "threshold": null}, {"pattern": [109, 38], "threshold": null}, {"pattern": [26, 244], "threshold": null}, {"pattern": [190, 215], "threshold": null}, {"pattern": [137, 196], "threshold": null}, {"pattern": [34, 188], "threshold": null}, {"pattern": [171, 212], "threshold": null}, {"pattern": [116, 190], "threshold": null}, {"pattern": [158], "threshold": null}, {"pattern": [45], "threshold": null}, {"pattern": [217, 202], "threshold": null}, {"pattern": [86], "threshold": null}, {"pattern": [120], "threshold": null}, {"pattern": [86, 167], "threshold": null}, {"pattern": [52, 215], "threshold": null}, {"pattern": [105, 103], "threshold": null}, {"pattern": [16, 232], "threshold": null}, {"pattern": [218, 51], "threshold": null}, {"pattern": [237], "threshold": null}, {"pattern": [65], "threshold": null}, {"pattern": [245, 215], "threshold": null}, {"pattern": [65, 221], "threshold": null}, {"pattern": [211, 103], "threshold": null}, {"pattern": [212, 4], "threshold": null}, {"pattern": [248, 158], "threshold": null}, {"pattern": [205, 37], "threshold": null}, {"pattern": [212, 13], "threshold": null}, {"pattern": [116, 134], "threshold": null}, {"pattern": [69, 63], "threshold": null}, {"pattern": [241, 50], "threshold": null}, {"pattern": [65, 177, 86], "threshold": null}, {"pattern": [18, 77], "threshold": null}, {"pattern": [212], "threshold": null}, {"pattern": [235, 13], "threshold": null}, {"pattern": [180, 132], "threshold": null}, {"pattern": [132, 247], "threshold": null}]}, {"config": {"code_name": "[CS OM CC][Len SSize MFit CAtom][GNone]", "population_size": 100, "evaluation_budget": 10000, "cluster_info_file_name": "C:\\Users\\gac8\\PycharmProjects\\PSSearch\\retail_forecasting_data_collection\\data\\cluster_info_250_random.pkl", "use_custom_sampling_operator": true, "use_custom_mutation_operator": false, "use_custom_crossover_operator": true, "use_custom_atomicity": true, "genome_threshold": null, "include_ps_len": true, "include_sample_quantity": true, "include_wasserstein_distance": false, "include_diff_median": false, "include_atomicity": true, "include_p_value": false, "include_mean_fitness": true, "include_variance": false}, "results": [{"pattern": [1, 188], "threshold": null}, {"pattern": [188, 134], "threshold": null}, {"pattern": [188], "threshold": null}, {"pattern": [177, 188], "threshold": null}, {"pattern": [188, 158, 63], "threshold": null}, {"pattern": [132, 90, 188], "threshold": null}, {"pattern": [188, 158], "threshold": null}, {"pattern": [158, 180, 86], "threshold": null}, {"pattern": [27, 215], "threshold": null}, {"pattern": [202, 103], "threshold": null}, {"pattern": [132, 188, 25], "threshold": null}, {"pattern": [91, 215], "threshold": null}, {"pattern": [158, 86], "threshold": null}, {"pattern": [202, 215], "threshold": null}, {"pattern": [188, 13, 158], "threshold": null}, {"pattern": [188, 134, 212, 86], "threshold": null}, {"pattern": [65, 212, 188, 158], "threshold": null}, {"pattern": [235, 188, 215], "threshold": null}, {"pattern": [241, 158], "threshold": null}, {"pattern": [180, 212, 188, 158], "threshold": null}, {"pattern": [215, 158, 103], "threshold": null}, {"pattern": [139, 172], "threshold": null}, {"pattern": [188, 212, 86, 103], "threshold": null}, {"pattern": [25, 215], "threshold": null}, {"pattern": [158, 132, 86], "threshold": null}, {"pattern": [80, 229], "threshold": null}, {"pattern": [202, 188, 158], "threshold": null}, {"pattern": [202, 212, 188, 158], "threshold": null}, {"pattern": [158], "threshold": null}, {"pattern": [65, 188], "threshold": null}, {"pattern": [162, 215], "threshold": null}, {"pattern": [202, 103, 215], "threshold": null}, {"pattern": [132, 188], "threshold": null}, {"pattern": [27, 188, 215], "threshold": null}, {"pattern": [120], "threshold": null}, {"pattern": [86, 158, 103], "threshold": null}, {"pattern": [212, 188, 103], "threshold": null}, {"pattern": [202, 196, 215], "threshold": null}, {"pattern": [180, 188, 158], "threshold": null}, {"pattern": [63, 215], "threshold": null}, {"pattern": [158, 63], "threshold": null}, {"pattern": [50, 188, 158], "threshold": null}, {"pattern": [188, 215], "threshold": null}, {"pattern": [158, 103], "threshold": null}, {"pattern": [196, 188, 86], "threshold": null}, {"pattern": [196, 212, 86, 215, 188], "threshold": null}, {"pattern": [202, 158], "threshold": null}, {"pattern": [82, 188], "threshold": null}, {"pattern": [50, 139], "threshold": null}, {"pattern": [237], "threshold": null}, {"pattern": [162, 188], "threshold": null}, {"pattern": [188, 212, 86], "threshold": null}, {"pattern": [196, 188, 103], "threshold": null}, {"pattern": [13, 215], "threshold": null}, {"pattern": [88, 196, 188], "threshold": null}, {"pattern": [202, 91, 188, 215], "threshold": null}, {"pattern": [132, 188, 237], "threshold": null}, {"pattern": [90, 188], "threshold": null}, {"pattern": [202], "threshold": null}, {"pattern": [35, 235], "threshold": null}, {"pattern": [215], "threshold": null}, {"pattern": [212, 196, 188, 86], "threshold": null}, {"pattern": [65, 196, 212, 86, 188], "threshold": null}, {"pattern": [237, 134], "threshold": null}, {"pattern": [196, 188], "threshold": null}, {"pattern": [132, 188, 13], "threshold": null}, {"pattern": [241], "threshold": null}, {"pattern": [65, 188, 158], "threshold": null}, {"pattern": [235, 215], "threshold": null}, {"pattern": [42, 188], "threshold": null}, {"pattern": [196, 188, 134], "threshold": null}]}, {"config": {"code_name": "[CS CM OC][Len SSize MFit CAtom][GNone]", "population_size": 100, "evaluation_budget": 10000, "cluster_info_file_name": "C:\\Users\\gac8\\PycharmProjects\\PSSearch\\retail_forecasting_data_collection\\data\\cluster_info_250_random.pkl", "use_custom_sampling_operator": true, "use_custom_mutation_operator": true, "use_custom_crossover_operator": false, "use_custom_atomicity": true, "genome_threshold": null, "include_ps_len": true, "include_sample_quantity": true, "include_wasserstein_distance": false, "include_diff_median": false, "include_atomicity": true, "include_p_value": false, "include_mean_fitness": true, "include_variance": false}, "results": [{"pattern": [88, 116], "threshold": null}, {"pattern": [54], "threshold": null}, {"pattern": [188], "threshold": null}, {"pattern": [232, 119], "threshold": null}, {"pattern": [90, 63], "threshold": null}, {"pattern": [196], "threshold": null}, {"pattern": [88, 50], "threshold": null}, {"pattern": [49, 196], "threshold": null}, {"pattern": [177, 53], "threshold": null}, {"pattern": [24, 158], "threshold": null}, {"pattern": [217, 90], "threshold": null}, {"pattern": [61, 158], "threshold": null}, {"pattern": [13], "threshold": null}, {"pattern": [25], "threshold": null}, {"pattern": [88], "threshold": null}, {"pattern": [202, 13], "threshold": null}, {"pattern": [103], "threshold": null}, {"pattern": [132], "threshold": null}, {"pattern": [74, 158], "threshold": null}, {"pattern": [177, 180], "threshold": null}, {"pattern": [221, 30], "threshold": null}, {"pattern": [158], "threshold": null}, {"pattern": [232, 52], "threshold": null}, {"pattern": [146, 149], "threshold": null}, {"pattern": [45], "threshold": null}, {"pattern": [245, 86], "threshold": null}, {"pattern": [86], "threshold": null}, {"pattern": [27, 103], "threshold": null}, {"pattern": [188, 119], "threshold": null}, {"pattern": [120], "threshold": null}, {"pattern": [86, 78], "threshold": null}, {"pattern": [91, 149], "threshold": null}, {"pattern": [248, 13], "threshold": null}, {"pattern": [132, 244], "threshold": null}, {"pattern": [16, 235], "threshold": null}, {"pattern": [232, 63], "threshold": null}, {"pattern": [237], "threshold": null}, {"pattern": [188, 87], "threshold": null}, {"pattern": [65], "threshold": null}, {"pattern": [212, 68], "threshold": null}, {"pattern": [202, 188], "threshold": null}, {"pattern": [188, 47], "threshold": null}, {"pattern": [50, 167], "threshold": null}, {"pattern": [182, 158], "threshold": null}, {"pattern": [16, 151], "threshold": null}, {"pattern": [116, 87], "threshold": null}, {"pattern": [190, 63], "threshold": null}, {"pattern": [212], "threshold": null}, {"pattern": [50, 212], "threshold": null}, {"pattern": [204, 119], "threshold": null}, {"pattern": [177, 188, 53], "threshold": null}, {"pattern": [196, 180], "threshold": null}]}]}