{"extra_info": {"version": "fallback_v1", "seed": 96}, "data": [{"config": {"code_name": "[CS CM CC][Len SSize MFit CAtom][GNone]", "population_size": 100, "evaluation_budget": 10000, "cluster_info_file_name": "C:\\Users\\gac8\\PycharmProjects\\PSSearch\\retail_forecasting_data_collection\\data\\cluster_info_250_random.pkl", "use_custom_sampling_operator": true, "use_custom_mutation_operator": true, "use_custom_crossover_operator": true, "use_custom_atomicity": true, "genome_threshold": null, "include_ps_len": true, "include_sample_quantity": true, "include_wasserstein_distance": false, "include_diff_median": false, "include_atomicity": true, "include_p_value": false, "include_mean_fitness": true, "include_variance": false}, "results": [{"pattern": [88], "threshold": null}, {"pattern": [212, 103], "threshold": null}, {"pattern": [16, 90], "threshold": null}, {"pattern": [43, 212], "threshold": null}, {"pattern": [237], "threshold": null}, {"pattern": [215, 103], "threshold": null}, {"pattern": [208, 151], "threshold": null}, {"pattern": [88, 13], "threshold": null}, {"pattern": [195, 188], "threshold": null}, {"pattern": [54], "threshold": null}, {"pattern": [56, 246], "threshold": null}, {"pattern": [103], "threshold": null}, {"pattern": [188], "threshold": null}, {"pattern": [208, 158], "threshold": null}, {"pattern": [235, 158], "threshold": null}, {"pattern": [13], "threshold": null}, {"pattern": [120], "threshold": null}, {"pattern": [49, 212], "threshold": null}, {"pattern": [16, 52], "threshold": null}, {"pattern": [158], "threshold": null}, {"pattern": [61, 190], "threshold": null}, {"pattern": [232, 34], "threshold": null}, {"pattern": [25], "threshold": null}, {"pattern": [65, 171], "threshold": null}, {"pattern": [65], "threshold": null}, {"pattern": [162, 13], "threshold": null}, {"pattern": [45], "threshold": null}, {"pattern": [65, 25], "threshold": null}, {"pattern": [101, 135], "threshold": null}, {"pattern": [244, 13], "threshold": null}, {"pattern": [80, 52], "threshold": null}, {"pattern": [217], "threshold": null}, {"pattern": [196], "threshold": null}, {"pattern": [139, 196], "threshold": null}, {"pattern": [71, 47], "threshold": null}, {"pattern": [65, 215], "threshold": null}, {"pattern": [74, 35], "threshold": null}, {"pattern": [202, 134], "threshold": null}, {"pattern": [204, 134], "threshold": null}, {"pattern": [132], "threshold": null}, {"pattern": [208, 188], "threshold": null}, {"pattern": [235, 63], "threshold": null}, {"pattern": [50, 134], "threshold": null}, {"pattern": [86], "threshold": null}, {"pattern": [49, 196], "threshold": null}, {"pattern": [208, 171], "threshold": null}, {"pattern": [212], "threshold": null}, {"pattern": [158, 63], "threshold": null}, {"pattern": [248, 103], "threshold": null}, {"pattern": [202, 26], "threshold": null}, {"pattern": [160, 34], "threshold": null}, {"pattern": [16, 25], "threshold": null}]}, {"config": {"code_name": "[CS CM CC][SSize MFit CAtom][GNone]", "population_size": 100, "evaluation_budget": 10000, "cluster_info_file_name": "C:\\Users\\gac8\\PycharmProjects\\PSSearch\\retail_forecasting_data_collection\\data\\cluster_info_250_random.pkl", "use_custom_sampling_operator": true, "use_custom_mutation_operator": true, "use_custom_crossover_operator": true, "use_custom_atomicity": true, "genome_threshold": null, "include_ps_len": false, "include_sample_quantity": true, "include_wasserstein_distance": false, "include_diff_median": false, "include_atomicity": true, "include_p_value": false, "include_mean_fitness": true, "include_variance": false}, "results": [{"pattern": [34, 38], "threshold": null}, {"pattern": [25, 196], "threshold": null}, {"pattern": [86], "threshold": null}, {"pattern": [226, 131], "threshold": null}, {"pattern": [92, 158], "threshold": null}, {"pattern": [13], "threshold": null}, {"pattern": [88, 90], "threshold": null}, {"pattern": [215, 86, 63], "threshold": null}, {"pattern": [109, 87], "threshold": null}, {"pattern": [65], "threshold": null}, {"pattern": [16, 134], "threshold": null}, {"pattern": [65, 215], "threshold": null}, {"pattern": [204, 188], "threshold": null}, {"pattern": [25], "threshold": null}, {"pattern": [188, 206], "threshold": null}, {"pattern": [88], "threshold": null}, {"pattern": [188, 30], "threshold": null}, {"pattern": [196, 86, 103], "threshold": null}, {"pattern": [65, 241], "threshold": null}, {"pattern": [92, 86], "threshold": null}, {"pattern": [237], "threshold": null}, {"pattern": [132], "threshold": null}, {"pattern": [180, 86], "threshold": null}, {"pattern": [146, 195], "threshold": null}, {"pattern": [164, 134], "threshold": null}, {"pattern": [212, 38], "threshold": null}, {"pattern": [139, 116], "threshold": null}, {"pattern": [212, 87], "threshold": null}, {"pattern": [237, 86], "threshold": null}, {"pattern": [202, 90], "threshold": null}, {"pattern": [232, 35], "threshold": null}, {"pattern": [224, 55], "threshold": null}, {"pattern": [158], "threshold": null}, {"pattern": [196, 134], "threshold": null}, {"pattern": [158, 38], "threshold": null}, {"pattern": [88, 212], "threshold": null}, {"pattern": [65, 27], "threshold": null}, {"pattern": [224, 65], "threshold": null}, {"pattern": [201, 195], "threshold": null}, {"pattern": [69, 157], "threshold": null}, {"pattern": [103], "threshold": null}, {"pattern": [188], "threshold": null}, {"pattern": [196], "threshold": null}, {"pattern": [61, 134], "threshold": null}, {"pattern": [217], "threshold": null}, {"pattern": [212], "threshold": null}]}, {"config": {"code_name": "[CS CM CC][Len MFit CAtom][GNone]", "population_size": 100, "evaluation_budget": 10000, "cluster_info_file_name": "C:\\Users\\gac8\\PycharmProjects\\PSSearch\\retail_forecasting_data_collection\\data\\cluster_info_250_random.pkl", "use_custom_sampling_operator": true, "use_custom_mutation_operator": true, "use_custom_crossover_operator": true, "use_custom_atomicity": true, "genome_threshold": null, "include_ps_len": true, "include_sample_quantity": false, "include_wasserstein_distance": false, "include_diff_median": false, "include_atomicity": true, "include_p_value": false, "include_mean_fitness": true, "include_variance": false}, "results": [{"pattern": [18, 205], "threshold": null}, {"pattern": [11, 205], "threshold": null}, {"pattern": [221, 102], "threshold": null}, {"pattern": [19, 206], "threshold": null}, {"pattern": [25, 158], "threshold": null}, {"pattern": [120], "threshold": null}, {"pattern": [153, 100], "threshold": null}, {"pattern": [49, 74], "threshold": null}]}, {"config": {"code_name": "[CS CM CC][Len SSize CAtom][GNone]", "population_size": 100, "evaluation_budget": 10000, "cluster_info_file_name": "C:\\Users\\gac8\\PycharmProjects\\PSSearch\\retail_forecasting_data_collection\\data\\cluster_info_250_random.pkl", "use_custom_sampling_operator": true, "use_custom_mutation_operator": true, "use_custom_crossover_operator": true, "use_custom_atomicity": true, "genome_threshold": null, "include_ps_len": true, "include_sample_quantity": true, "include_wasserstein_distance": false, "include_diff_median": false, "include_atomicity": true, "include_p_value": false, "include_mean_fitness": false, "include_variance": false}, "results": [{"pattern": [188, 63], "threshold": null}, {"pattern": [16, 116], "threshold": null}, {"pattern": [188], "threshold": null}, {"pattern": [180, 215], "threshold": null}, {"pattern": [232, 119], "threshold": null}, {"pattern": [65, 171], "threshold": null}, {"pattern": [171, 86], "threshold": null}, {"pattern": [226, 131], "threshold": null}]}, {"config": {"code_name": "[CS CM CC][Len SSize MFit][GNone]", "population_size": 100, "evaluation_budget": 10000, "cluster_info_file_name": "C:\\Users\\gac8\\PycharmProjects\\PSSearch\\retail_forecasting_data_collection\\data\\cluster_info_250_random.pkl", "use_custom_sampling_operator": true, "use_custom_mutation_operator": true, "use_custom_crossover_operator": true, "use_custom_atomicity": true, "genome_threshold": null, "include_ps_len": true, "include_sample_quantity": true, "include_wasserstein_distance": false, "include_diff_median": false, "include_atomicity": false, "include_p_value": false, "include_mean_fitness": true, "include_variance": false}, "results": [{"pattern": [120], "threshold": null}, {"pattern": [86], "threshold": null}, {"pattern": [132], "threshold": null}, {"pattern": [13], "threshold": null}, {"pattern": [196], "threshold": null}, {"pattern": [188, 180], "threshold": null}, {"pattern": [90, 196], "threshold": null}, {"pattern": [16, 188], "threshold": null}, {"pattern": [54], "threshold": null}, {"pattern": [177, 215], "threshold": null}, {"pattern": [196, 180], "threshold": null}, {"pattern": [13, 215], "threshold": null}, {"pattern": [217], "threshold": null}, {"pattern": [180, 86], "threshold": null}, {"pattern": [88], "threshold": null}, {"pattern": [27, 212], "threshold": null}, {"pattern": [65], "threshold": null}, {"pattern": [188], "threshold": null}, {"pattern": [16, 25], "threshold": null}, {"pattern": [65, 13, 215], "threshold": null}, {"pattern": [25], "threshold": null}, {"pattern": [188, 86], "threshold": null}, {"pattern": [158], "threshold": null}, {"pattern": [180, 167], "threshold": null}, {"pattern": [45], "threshold": null}, {"pattern": [212, 180], "threshold": null}, {"pattern": [65, 237], "threshold": null}, {"pattern": [212], "threshold": null}, {"pattern": [103], "threshold": null}, {"pattern": [180, 158], "threshold": null}, {"pattern": [237, 103], "threshold": null}, {"pattern": [237], "threshold": null}]}, {"config": {"code_name": "[OS CM CC][Len SSize MFit CAtom][GNone]", "population_size": 100, "evaluation_budget": 10000, "cluster_info_file_name": "C:\\Users\\gac8\\PycharmProjects\\PSSearch\\retail_forecasting_data_collection\\data\\cluster_info_250_random.pkl", "use_custom_sampling_operator": false, "use_custom_mutation_operator": true, "use_custom_crossover_operator": true, "use_custom_atomicity": true, "genome_threshold": null, "include_ps_len": true, "include_sample_quantity": true, "include_wasserstein_distance": false, "include_diff_median": false, "include_atomicity": true, "include_p_value": false, "include_mean_fitness": true, "include_variance": false}, "results": [{"pattern": [88], "threshold": null}, {"pattern": [177, 90], "threshold": null}, {"pattern": [82, 109], "threshold": null}, {"pattern": [237], "threshold": null}, {"pattern": [248, 158], "threshold": null}, {"pattern": [88, 13], "threshold": null}, {"pattern": [184, 61], "threshold": null}, {"pattern": [54], "threshold": null}, {"pattern": [196, 164], "threshold": null}, {"pattern": [103], "threshold": null}, {"pattern": [188], "threshold": null}, {"pattern": [244, 239], "threshold": null}, {"pattern": [24, 212], "threshold": null}, {"pattern": [157, 103], "threshold": null}, {"pattern": [13], "threshold": null}, {"pattern": [120], "threshold": null}, {"pattern": [88, 212], "threshold": null}, {"pattern": [16, 182], "threshold": null}, {"pattern": [16, 204], "threshold": null}, {"pattern": [16, 158], "threshold": null}, {"pattern": [61, 190], "threshold": null}, {"pattern": [158], "threshold": null}, {"pattern": [25], "threshold": null}, {"pattern": [221, 30], "threshold": null}, {"pattern": [232, 25], "threshold": null}, {"pattern": [212, 197], "threshold": null}, {"pattern": [241, 103], "threshold": null}, {"pattern": [65], "threshold": null}, {"pattern": [162, 13], "threshold": null}, {"pattern": [45], "threshold": null}, {"pattern": [204, 92], "threshold": null}, {"pattern": [217], "threshold": null}, {"pattern": [196], "threshold": null}, {"pattern": [245, 158], "threshold": null}, {"pattern": [188, 164], "threshold": null}, {"pattern": [132], "threshold": null}, {"pattern": [86], "threshold": null}, {"pattern": [90, 27], "threshold": null}, {"pattern": [212], "threshold": null}, {"pattern": [188, 134], "threshold": null}, {"pattern": [16, 151], "threshold": null}, {"pattern": [208, 47], "threshold": null}, {"pattern": [212, 245], "threshold": null}, {"pattern": [137, 212], "threshold": null}, {"pattern": [42, 132], "threshold": null}, {"pattern": [25, 245], "threshold": null}]}, {"config": {"code_name": "[CS OM CC][Len SSize MFit CAtom][GNone]", "population_size": 100, "evaluation_budget": 10000, "cluster_info_file_name": "C:\\Users\\gac8\\PycharmProjects\\PSSearch\\retail_forecasting_data_collection\\data\\cluster_info_250_random.pkl", "use_custom_sampling_operator": true, "use_custom_mutation_operator": false, "use_custom_crossover_operator": true, "use_custom_atomicity": true, "genome_threshold": null, "include_ps_len": true, "include_sample_quantity": true, "include_wasserstein_distance": false, "include_diff_median": false, "include_atomicity": true, "include_p_value": false, "include_mean_fitness": true, "include_variance": false}, "results": [{"pattern": [188, 212, 86, 103], "threshold": null}, {"pattern": [241, 188, 158], "threshold": null}, {"pattern": [212, 63, 215], "threshold": null}, {"pattern": [212, 188], "threshold": null}, {"pattern": [196, 188, 27, 212], "threshold": null}, {"pattern": [43, 212], "threshold": null}, {"pattern": [212, 188, 158, 215], "threshold": null}, {"pattern": [188, 196, 212, 103], "threshold": null}, {"pattern": [212, 215], "threshold": null}, {"pattern": [215, 63], "threshold": null}, {"pattern": [212, 134, 63], "threshold": null}, {"pattern": [66, 63], "threshold": null}, {"pattern": [212, 188, 158], "threshold": null}, {"pattern": [212, 86], "threshold": null}, {"pattern": [212, 132, 103], "threshold": null}, {"pattern": [132, 212, 215], "threshold": null}, {"pattern": [27, 212, 215], "threshold": null}, {"pattern": [202, 146, 43], "threshold": null}, {"pattern": [212, 27, 196], "threshold": null}, {"pattern": [88, 212], "threshold": null}, {"pattern": [25, 212], "threshold": null}, {"pattern": [134, 63], "threshold": null}, {"pattern": [185], "threshold": null}, {"pattern": [212, 4], "threshold": null}, {"pattern": [16, 52], "threshold": null}, {"pattern": [42, 63], "threshold": null}, {"pattern": [173, 63], "threshold": null}, {"pattern": [196, 212, 63], "threshold": null}, {"pattern": [212, 167], "threshold": null}, {"pattern": [212, 63], "threshold": null}, {"pattern": [212, 38, 63], "threshold": null}, {"pattern": [212, 86, 215], "threshold": null}, {"pattern": [249, 43, 212], "threshold": null}, {"pattern": [188, 27, 212], "threshold": null}, {"pattern": [196, 212, 188], "threshold": null}, {"pattern": [196, 188, 158], "threshold": null}, {"pattern": [188, 13, 158], "threshold": null}, {"pattern": [249, 146, 195], "threshold": null}, {"pattern": [16], "threshold": null}, {"pattern": [65, 196, 212], "threshold": null}, {"pattern": [188, 180, 212, 86], "threshold": null}, {"pattern": [16, 27], "threshold": null}, {"pattern": [88, 212, 188], "threshold": null}, {"pattern": [119, 63], "threshold": null}, {"pattern": [188, 212, 86], "threshold": null}, {"pattern": [146, 43], "threshold": null}, {"pattern": [249, 146, 43], "threshold": null}, {"pattern": [37, 63], "threshold": null}, {"pattern": [158, 212, 86, 215], "threshold": null}, {"pattern": [88, 212, 188, 103], "threshold": null}, {"pattern": [180, 212, 86], "threshold": null}, {"pattern": [249, 146, 188], "threshold": null}, {"pattern": [204, 63], "threshold": null}, {"pattern": [4, 63], "threshold": null}, {"pattern": [212], "threshold": null}, {"pattern": [146, 43, 101], "threshold": null}, {"pattern": [217, 188, 212], "threshold": null}, {"pattern": [212, 132], "threshold": null}, {"pattern": [249, 146], "threshold": null}, {"pattern": [146, 101], "threshold": null}, {"pattern": [249, 146, 13], "threshold": null}, {"pattern": [27, 188, 158], "threshold": null}, {"pattern": [212, 188, 215], "threshold": null}, {"pattern": [184, 63], "threshold": null}, {"pattern": [188, 13, 158, 215], "threshold": null}, {"pattern": [65, 212], "threshold": null}, {"pattern": [196, 212, 188, 86], "threshold": null}, {"pattern": [63], "threshold": null}, {"pattern": [212, 181], "threshold": null}, {"pattern": [188, 158], "threshold": null}, {"pattern": [90, 196, 188, 158], "threshold": null}, {"pattern": [212, 87], "threshold": null}, {"pattern": [116, 188, 212], "threshold": null}, {"pattern": [18, 63], "threshold": null}]}, {"config": {"code_name": "[CS CM OC][Len SSize MFit CAtom][GNone]", "population_size": 100, "evaluation_budget": 10000, "cluster_info_file_name": "C:\\Users\\gac8\\PycharmProjects\\PSSearch\\retail_forecasting_data_collection\\data\\cluster_info_250_random.pkl", "use_custom_sampling_operator": true, "use_custom_mutation_operator": true, "use_custom_crossover_operator": false, "use_custom_atomicity": true, "genome_threshold": null, "include_ps_len": true, "include_sample_quantity": true, "include_wasserstein_distance": false, "include_diff_median": false, "include_atomicity": true, "include_p_value": false, "include_mean_fitness": true, "include_variance": false}, "results": [{"pattern": [88], "threshold": null}, {"pattern": [91, 86], "threshold": null}, {"pattern": [212, 103], "threshold": null}, {"pattern": [43, 212], "threshold": null}, {"pattern": [184, 103], "threshold": null}, {"pattern": [237], "threshold": null}, {"pattern": [232, 87], "threshold": null}, {"pattern": [224, 177], "threshold": null}, {"pattern": [34, 116], "threshold": null}, {"pattern": [139, 86], "threshold": null}, {"pattern": [54], "threshold": null}, {"pattern": [188, 132], "threshold": null}, {"pattern": [35, 132], "threshold": null}, {"pattern": [103], "threshold": null}, {"pattern": [188], "threshold": null}, {"pattern": [50, 158], "threshold": null}, {"pattern": [13], "threshold": null}, {"pattern": [120], "threshold": null}, {"pattern": [42, 245], "threshold": null}, {"pattern": [241, 134], "threshold": null}, {"pattern": [50, 165], "threshold": null}, {"pattern": [88, 134], "threshold": null}, {"pattern": [158], "threshold": null}, {"pattern": [212, 63], "threshold": null}, {"pattern": [25], "threshold": null}, {"pattern": [137, 158], "threshold": null}, {"pattern": [88, 27], "threshold": null}, {"pattern": [16, 50], "threshold": null}, {"pattern": [248, 202], "threshold": null}, {"pattern": [90, 139], "threshold": null}, {"pattern": [65], "threshold": null}, {"pattern": [45], "threshold": null}, {"pattern": [205, 38], "threshold": null}, {"pattern": [241, 116], "threshold": null}, {"pattern": [202, 162], "threshold": null}, {"pattern": [217], "threshold": null}, {"pattern": [196], "threshold": null}, {"pattern": [50, 245], "threshold": null}, {"pattern": [248, 132], "threshold": null}, {"pattern": [132], "threshold": null}, {"pattern": [13, 157], "threshold": null}, {"pattern": [65, 34], "threshold": null}, {"pattern": [86], "threshold": null}, {"pattern": [34, 158], "threshold": null}, {"pattern": [204, 63], "threshold": null}, {"pattern": [177, 188], "threshold": null}, {"pattern": [212], "threshold": null}, {"pattern": [13, 30], "threshold": null}, {"pattern": [248, 196], "threshold": null}, {"pattern": [27, 222], "threshold": null}, {"pattern": [246, 63], "threshold": null}, {"pattern": [116, 86], "threshold": null}, {"pattern": [13, 239], "threshold": null}, {"pattern": [211, 63], "threshold": null}, {"pattern": [208, 47], "threshold": null}, {"pattern": [158, 134], "threshold": null}, {"pattern": [195, 39], "threshold": null}, {"pattern": [56, 204], "threshold": null}]}]}