{"extra_info": {"version": "fallback_v1", "seed": 56}, "data": [{"config": {"code_name": "[CS CM CC][Len SSize MFit CAtom][GNone]", "population_size": 100, "evaluation_budget": 10000, "cluster_info_file_name": "C:\\Users\\gac8\\PycharmProjects\\PSSearch\\retail_forecasting_data_collection\\data\\cluster_info_250_random.pkl", "use_custom_sampling_operator": true, "use_custom_mutation_operator": true, "use_custom_crossover_operator": true, "use_custom_atomicity": true, "genome_threshold": null, "include_ps_len": true, "include_sample_quantity": true, "include_wasserstein_distance": false, "include_diff_median": false, "include_atomicity": true, "include_p_value": false, "include_mean_fitness": true, "include_variance": false}, "results": [{"pattern": [186, 215], "threshold": null}, {"pattern": [27, 182], "threshold": null}, {"pattern": [103], "threshold": null}, {"pattern": [90, 116], "threshold": null}, {"pattern": [86], "threshold": null}, {"pattern": [217, 212], "threshold": null}, {"pattern": [188, 180], "threshold": null}, {"pattern": [167, 63], "threshold": null}, {"pattern": [33, 215], "threshold": null}, {"pattern": [212, 221], "threshold": null}, {"pattern": [237], "threshold": null}, {"pattern": [158], "threshold": null}, {"pattern": [188], "threshold": null}, {"pattern": [196], "threshold": null}, {"pattern": [188, 103], "threshold": null}, {"pattern": [248, 190], "threshold": null}, {"pattern": [91, 27], "threshold": null}, {"pattern": [65], "threshold": null}, {"pattern": [88, 237], "threshold": null}, {"pattern": [171, 47], "threshold": null}, {"pattern": [13], "threshold": null}, {"pattern": [88], "threshold": null}, {"pattern": [212], "threshold": null}, {"pattern": [233, 134], "threshold": null}, {"pattern": [249, 146], "threshold": null}, {"pattern": [212, 103], "threshold": null}, {"pattern": [230], "threshold": null}, {"pattern": [202, 215], "threshold": null}, {"pattern": [241, 196], "threshold": null}, {"pattern": [116, 13], "threshold": null}, {"pattern": [120], "threshold": null}, {"pattern": [13, 30], "threshold": null}, {"pattern": [218, 51], "threshold": null}, {"pattern": [235, 196], "threshold": null}, {"pattern": [221, 158], "threshold": null}, {"pattern": [25], "threshold": null}, {"pattern": [27, 132, 13], "threshold": null}, {"pattern": [184, 221], "threshold": null}, {"pattern": [205, 119], "threshold": null}, {"pattern": [202, 162], "threshold": null}, {"pattern": [193, 157], "threshold": null}, {"pattern": [50, 196], "threshold": null}, {"pattern": [45], "threshold": null}, {"pattern": [38, 63], "threshold": null}, {"pattern": [202, 221], "threshold": null}, {"pattern": [11, 205], "threshold": null}, {"pattern": [132], "threshold": null}, {"pattern": [91, 215], "threshold": null}, {"pattern": [109, 134], "threshold": null}]}, {"config": {"code_name": "[CS CM CC][SSize MFit CAtom][GNone]", "population_size": 100, "evaluation_budget": 10000, "cluster_info_file_name": "C:\\Users\\gac8\\PycharmProjects\\PSSearch\\retail_forecasting_data_collection\\data\\cluster_info_250_random.pkl", "use_custom_sampling_operator": true, "use_custom_mutation_operator": true, "use_custom_crossover_operator": true, "use_custom_atomicity": true, "genome_threshold": null, "include_ps_len": false, "include_sample_quantity": true, "include_wasserstein_distance": false, "include_diff_median": false, "include_atomicity": true, "include_p_value": false, "include_mean_fitness": true, "include_variance": false}, "results": [{"pattern": [224, 244], "threshold": null}, {"pattern": [132, 237], "threshold": null}, {"pattern": [212, 188], "threshold": null}, {"pattern": [202, 162], "threshold": null}, {"pattern": [52, 215], "threshold": null}, {"pattern": [162, 196], "threshold": null}, {"pattern": [196, 188], "threshold": null}, {"pattern": [212, 173], "threshold": null}, {"pattern": [119, 63], "threshold": null}, {"pattern": [196, 171, 180], "threshold": null}, {"pattern": [116, 103], "threshold": null}, {"pattern": [93, 13], "threshold": null}, {"pattern": [50, 180], "threshold": null}, {"pattern": [13, 215], "threshold": null}, {"pattern": [158], "threshold": null}, {"pattern": [34, 13], "threshold": null}, {"pattern": [13], "threshold": null}, {"pattern": [88], "threshold": null}, {"pattern": [184, 132], "threshold": null}, {"pattern": [188], "threshold": null}, {"pattern": [196], "threshold": null}, {"pattern": [248, 196], "threshold": null}, {"pattern": [4, 63], "threshold": null}, {"pattern": [65], "threshold": null}, {"pattern": [16, 139], "threshold": null}, {"pattern": [91, 86], "threshold": null}, {"pattern": [212], "threshold": null}, {"pattern": [162, 215], "threshold": null}, {"pattern": [24, 212], "threshold": null}, {"pattern": [65, 116], "threshold": null}, {"pattern": [132], "threshold": null}, {"pattern": [27, 204], "threshold": null}, {"pattern": [91, 215], "threshold": null}, {"pattern": [188, 38], "threshold": null}, {"pattern": [25, 158], "threshold": null}, {"pattern": [88, 212, 86], "threshold": null}, {"pattern": [212, 196], "threshold": null}, {"pattern": [34, 134], "threshold": null}, {"pattern": [232, 25], "threshold": null}, {"pattern": [116, 197], "threshold": null}, {"pattern": [116, 87], "threshold": null}, {"pattern": [235, 103], "threshold": null}, {"pattern": [86], "threshold": null}]}, {"config": {"code_name": "[CS CM CC][Len MFit CAtom][GNone]", "population_size": 100, "evaluation_budget": 10000, "cluster_info_file_name": "C:\\Users\\gac8\\PycharmProjects\\PSSearch\\retail_forecasting_data_collection\\data\\cluster_info_250_random.pkl", "use_custom_sampling_operator": true, "use_custom_mutation_operator": true, "use_custom_crossover_operator": true, "use_custom_atomicity": true, "genome_threshold": null, "include_ps_len": true, "include_sample_quantity": false, "include_wasserstein_distance": false, "include_diff_median": false, "include_atomicity": true, "include_p_value": false, "include_mean_fitness": true, "include_variance": false}, "results": [{"pattern": [120], "threshold": null}, {"pattern": [195, 239], "threshold": null}, {"pattern": [153, 100], "threshold": null}, {"pattern": [155, 38], "threshold": null}, {"pattern": [132, 190], "threshold": null}, {"pattern": [132, 93], "threshold": null}, {"pattern": [88, 63], "threshold": null}]}, {"config": {"code_name": "[CS CM CC][Len SSize CAtom][GNone]", "population_size": 100, "evaluation_budget": 10000, "cluster_info_file_name": "C:\\Users\\gac8\\PycharmProjects\\PSSearch\\retail_forecasting_data_collection\\data\\cluster_info_250_random.pkl", "use_custom_sampling_operator": true, "use_custom_mutation_operator": true, "use_custom_crossover_operator": true, "use_custom_atomicity": true, "genome_threshold": null, "include_ps_len": true, "include_sample_quantity": true, "include_wasserstein_distance": false, "include_diff_median": false, "include_atomicity": true, "include_p_value": false, "include_mean_fitness": false, "include_variance": false}, "results": [{"pattern": [232, 235], "threshold": null}, {"pattern": [43, 101], "threshold": null}, {"pattern": [50, 47], "threshold": null}, {"pattern": [180, 215], "threshold": null}, {"pattern": [188], "threshold": null}, {"pattern": [35, 30], "threshold": null}, {"pattern": [65, 188], "threshold": null}, {"pattern": [171, 188], "threshold": null}, {"pattern": [56, 114], "threshold": null}, {"pattern": [241, 188], "threshold": null}]}, {"config": {"code_name": "[CS CM CC][Len SSize MFit][GNone]", "population_size": 100, "evaluation_budget": 10000, "cluster_info_file_name": "C:\\Users\\gac8\\PycharmProjects\\PSSearch\\retail_forecasting_data_collection\\data\\cluster_info_250_random.pkl", "use_custom_sampling_operator": true, "use_custom_mutation_operator": true, "use_custom_crossover_operator": true, "use_custom_atomicity": true, "genome_threshold": null, "include_ps_len": true, "include_sample_quantity": true, "include_wasserstein_distance": false, "include_diff_median": false, "include_atomicity": false, "include_p_value": false, "include_mean_fitness": true, "include_variance": false}, "results": [{"pattern": [65, 237], "threshold": null}, {"pattern": [13], "threshold": null}, {"pattern": [132, 237], "threshold": null}, {"pattern": [158], "threshold": null}, {"pattern": [25], "threshold": null}, {"pattern": [65], "threshold": null}, {"pattern": [120], "threshold": null}, {"pattern": [45], "threshold": null}, {"pattern": [196, 158], "threshold": null}, {"pattern": [188, 181], "threshold": null}, {"pattern": [88, 188], "threshold": null}, {"pattern": [230], "threshold": null}, {"pattern": [88, 103], "threshold": null}, {"pattern": [132], "threshold": null}, {"pattern": [237], "threshold": null}, {"pattern": [196], "threshold": null}, {"pattern": [188, 237], "threshold": null}, {"pattern": [212], "threshold": null}, {"pattern": [86], "threshold": null}, {"pattern": [103], "threshold": null}, {"pattern": [86, 103], "threshold": null}, {"pattern": [241, 13], "threshold": null}, {"pattern": [54], "threshold": null}, {"pattern": [88], "threshold": null}, {"pattern": [196, 29], "threshold": null}, {"pattern": [212, 188, 13], "threshold": null}, {"pattern": [50, 212, 13], "threshold": null}, {"pattern": [188], "threshold": null}, {"pattern": [217, 196], "threshold": null}]}, {"config": {"code_name": "[OS CM CC][Len SSize MFit CAtom][GNone]", "population_size": 100, "evaluation_budget": 10000, "cluster_info_file_name": "C:\\Users\\gac8\\PycharmProjects\\PSSearch\\retail_forecasting_data_collection\\data\\cluster_info_250_random.pkl", "use_custom_sampling_operator": false, "use_custom_mutation_operator": true, "use_custom_crossover_operator": true, "use_custom_atomicity": true, "genome_threshold": null, "include_ps_len": true, "include_sample_quantity": true, "include_wasserstein_distance": false, "include_diff_median": false, "include_atomicity": true, "include_p_value": false, "include_mean_fitness": true, "include_variance": false}, "results": [{"pattern": [25, 103], "threshold": null}, {"pattern": [54], "threshold": null}, {"pattern": [103], "threshold": null}, {"pattern": [86], "threshold": null}, {"pattern": [158, 63], "threshold": null}, {"pattern": [237, 134], "threshold": null}, {"pattern": [221, 61], "threshold": null}, {"pattern": [33, 43], "threshold": null}, {"pattern": [221, 206], "threshold": null}, {"pattern": [74, 103], "threshold": null}, {"pattern": [237], "threshold": null}, {"pattern": [132], "threshold": null}, {"pattern": [158], "threshold": null}, {"pattern": [188, 164], "threshold": null}, {"pattern": [188], "threshold": null}, {"pattern": [50, 151], "threshold": null}, {"pattern": [65], "threshold": null}, {"pattern": [196], "threshold": null}, {"pattern": [13], "threshold": null}, {"pattern": [88], "threshold": null}, {"pattern": [224, 180], "threshold": null}, {"pattern": [90, 55], "threshold": null}, {"pattern": [212], "threshold": null}, {"pattern": [196, 221], "threshold": null}, {"pattern": [212, 13], "threshold": null}, {"pattern": [204, 61], "threshold": null}, {"pattern": [177, 212], "threshold": null}, {"pattern": [230], "threshold": null}, {"pattern": [205, 207], "threshold": null}, {"pattern": [86, 95], "threshold": null}, {"pattern": [120], "threshold": null}, {"pattern": [180, 13], "threshold": null}, {"pattern": [13, 30], "threshold": null}, {"pattern": [212, 134], "threshold": null}, {"pattern": [217, 86], "threshold": null}, {"pattern": [52, 215], "threshold": null}, {"pattern": [49, 82], "threshold": null}, {"pattern": [212, 237], "threshold": null}, {"pattern": [137, 212], "threshold": null}, {"pattern": [147, 38], "threshold": null}, {"pattern": [27, 221], "threshold": null}, {"pattern": [25], "threshold": null}, {"pattern": [202, 103], "threshold": null}, {"pattern": [180, 237], "threshold": null}, {"pattern": [45], "threshold": null}, {"pattern": [188, 119], "threshold": null}, {"pattern": [208, 188], "threshold": null}]}, {"config": {"code_name": "[CS OM CC][Len SSize MFit CAtom][GNone]", "population_size": 100, "evaluation_budget": 10000, "cluster_info_file_name": "C:\\Users\\gac8\\PycharmProjects\\PSSearch\\retail_forecasting_data_collection\\data\\cluster_info_250_random.pkl", "use_custom_sampling_operator": true, "use_custom_mutation_operator": false, "use_custom_crossover_operator": true, "use_custom_atomicity": true, "genome_threshold": null, "include_ps_len": true, "include_sample_quantity": true, "include_wasserstein_distance": false, "include_diff_median": false, "include_atomicity": true, "include_p_value": false, "include_mean_fitness": true, "include_variance": false}, "results": [{"pattern": [54], "threshold": null}, {"pattern": [25, 86], "threshold": null}, {"pattern": [132, 188, 212, 215], "threshold": null}, {"pattern": [25, 90], "threshold": null}, {"pattern": [202, 158], "threshold": null}, {"pattern": [86], "threshold": null}, {"pattern": [196, 158], "threshold": null}, {"pattern": [237], "threshold": null}, {"pattern": [202, 196, 188, 158], "threshold": null}, {"pattern": [212, 196, 158], "threshold": null}, {"pattern": [196, 237], "threshold": null}, {"pattern": [212, 188, 158], "threshold": null}, {"pattern": [158], "threshold": null}, {"pattern": [237, 63], "threshold": null}, {"pattern": [65, 158, 86], "threshold": null}, {"pattern": [88, 237], "threshold": null}, {"pattern": [158, 86], "threshold": null}, {"pattern": [196, 158, 215], "threshold": null}, {"pattern": [88], "threshold": null}, {"pattern": [25, 158], "threshold": null}, {"pattern": [202, 196, 158], "threshold": null}, {"pattern": [25, 116], "threshold": null}, {"pattern": [188, 151], "threshold": null}, {"pattern": [16, 25], "threshold": null}, {"pattern": [212, 180], "threshold": null}, {"pattern": [188, 212, 196, 158], "threshold": null}, {"pattern": [188, 212], "threshold": null}, {"pattern": [237, 158], "threshold": null}, {"pattern": [177, 158], "threshold": null}, {"pattern": [86, 13, 158], "threshold": null}, {"pattern": [158, 215], "threshold": null}, {"pattern": [65, 86], "threshold": null}, {"pattern": [196, 188], "threshold": null}, {"pattern": [212, 180, 215], "threshold": null}, {"pattern": [196, 212, 180], "threshold": null}, {"pattern": [158, 103], "threshold": null}, {"pattern": [132, 212, 188], "threshold": null}, {"pattern": [221, 158], "threshold": null}, {"pattern": [241, 158], "threshold": null}, {"pattern": [25], "threshold": null}, {"pattern": [184, 221], "threshold": null}, {"pattern": [65, 188, 196], "threshold": null}, {"pattern": [88, 158], "threshold": null}, {"pattern": [245, 158], "threshold": null}, {"pattern": [65, 196], "threshold": null}, {"pattern": [193, 90], "threshold": null}, {"pattern": [65, 196, 86], "threshold": null}, {"pattern": [188, 196, 158], "threshold": null}]}, {"config": {"code_name": "[CS CM OC][Len SSize MFit CAtom][GNone]", "population_size": 100, "evaluation_budget": 10000, "cluster_info_file_name": "C:\\Users\\gac8\\PycharmProjects\\PSSearch\\retail_forecasting_data_collection\\data\\cluster_info_250_random.pkl", "use_custom_sampling_operator": true, "use_custom_mutation_operator": true, "use_custom_crossover_operator": false, "use_custom_atomicity": true, "genome_threshold": null, "include_ps_len": true, "include_sample_quantity": true, "include_wasserstein_distance": false, "include_diff_median": false, "include_atomicity": true, "include_p_value": false, "include_mean_fitness": true, "include_variance": false}, "results": [{"pattern": [132, 13], "threshold": null}, {"pattern": [54], "threshold": null}, {"pattern": [103], "threshold": null}, {"pattern": [237, 215], "threshold": null}, {"pattern": [86], "threshold": null}, {"pattern": [188, 180], "threshold": null}, {"pattern": [13, 103], "threshold": null}, {"pattern": [132, 158], "threshold": null}, {"pattern": [237], "threshold": null}, {"pattern": [237, 13], "threshold": null}, {"pattern": [158], "threshold": null}, {"pattern": [88, 134], "threshold": null}, {"pattern": [188], "threshold": null}, {"pattern": [196], "threshold": null}, {"pattern": [65], "threshold": null}, {"pattern": [88, 180], "threshold": null}, {"pattern": [13], "threshold": null}, {"pattern": [34, 116], "threshold": null}, {"pattern": [88], "threshold": null}, {"pattern": [139, 188], "threshold": null}, {"pattern": [232, 87], "threshold": null}, {"pattern": [27, 55], "threshold": null}, {"pattern": [212], "threshold": null}, {"pattern": [192, 135], "threshold": null}, {"pattern": [249, 239], "threshold": null}, {"pattern": [27, 212], "threshold": null}, {"pattern": [230], "threshold": null}, {"pattern": [30, 103], "threshold": null}, {"pattern": [205, 87], "threshold": null}, {"pattern": [88, 215], "threshold": null}, {"pattern": [177, 158], "threshold": null}, {"pattern": [120], "threshold": null}, {"pattern": [90, 221], "threshold": null}, {"pattern": [132, 237], "threshold": null}, {"pattern": [218, 51], "threshold": null}, {"pattern": [132, 28], "threshold": null}, {"pattern": [215, 103], "threshold": null}, {"pattern": [17, 134], "threshold": null}, {"pattern": [25], "threshold": null}, {"pattern": [205, 119], "threshold": null}, {"pattern": [45], "threshold": null}, {"pattern": [38, 63], "threshold": null}, {"pattern": [241, 188], "threshold": null}, {"pattern": [90, 27], "threshold": null}, {"pattern": [132], "threshold": null}, {"pattern": [237, 103], "threshold": null}]}]}