{"extra_info": {"version": "fallback_v1", "seed": 9}, "data": [{"config": {"code_name": "[CS CM CC][Len SSize MFit CAtom][GNone]", "population_size": 100, "evaluation_budget": 10000, "cluster_info_file_name": "C:\\Users\\gac8\\PycharmProjects\\PSSearch\\retail_forecasting_data_collection\\data\\cluster_info_250_random.pkl", "use_custom_sampling_operator": true, "use_custom_mutation_operator": true, "use_custom_crossover_operator": true, "use_custom_atomicity": true, "genome_threshold": null, "include_ps_len": true, "include_sample_quantity": true, "include_wasserstein_distance": false, "include_diff_median": false, "include_atomicity": true, "include_p_value": false, "include_mean_fitness": true, "include_variance": false}, "results": [{"pattern": [233, 82], "threshold": null}, {"pattern": [132], "threshold": null}, {"pattern": [8, 26], "threshold": null}, {"pattern": [202, 86], "threshold": null}, {"pattern": [190, 87], "threshold": null}, {"pattern": [212], "threshold": null}, {"pattern": [25], "threshold": null}, {"pattern": [97, 146], "threshold": null}, {"pattern": [16, 204], "threshold": null}, {"pattern": [25, 103], "threshold": null}, {"pattern": [196], "threshold": null}, {"pattern": [45], "threshold": null}, {"pattern": [212, 13], "threshold": null}, {"pattern": [158], "threshold": null}, {"pattern": [120], "threshold": null}, {"pattern": [157, 134], "threshold": null}, {"pattern": [65], "threshold": null}, {"pattern": [88, 63], "threshold": null}, {"pattern": [54], "threshold": null}, {"pattern": [103], "threshold": null}, {"pattern": [88, 196], "threshold": null}, {"pattern": [13], "threshold": null}, {"pattern": [50, 90], "threshold": null}, {"pattern": [88], "threshold": null}, {"pattern": [86], "threshold": null}, {"pattern": [237], "threshold": null}, {"pattern": [25, 63], "threshold": null}, {"pattern": [212, 196], "threshold": null}, {"pattern": [212, 215], "threshold": null}, {"pattern": [34, 87], "threshold": null}, {"pattern": [230], "threshold": null}, {"pattern": [10, 82], "threshold": null}, {"pattern": [204, 63], "threshold": null}, {"pattern": [16, 167], "threshold": null}, {"pattern": [89, 244], "threshold": null}, {"pattern": [158, 63], "threshold": null}, {"pattern": [38, 119], "threshold": null}, {"pattern": [137, 212], "threshold": null}, {"pattern": [232, 116], "threshold": null}, {"pattern": [132, 103], "threshold": null}, {"pattern": [188], "threshold": null}]}, {"config": {"code_name": "[CS CM CC][SSize MFit CAtom][GNone]", "population_size": 100, "evaluation_budget": 10000, "cluster_info_file_name": "C:\\Users\\gac8\\PycharmProjects\\PSSearch\\retail_forecasting_data_collection\\data\\cluster_info_250_random.pkl", "use_custom_sampling_operator": true, "use_custom_mutation_operator": true, "use_custom_crossover_operator": true, "use_custom_atomicity": true, "genome_threshold": null, "include_ps_len": false, "include_sample_quantity": true, "include_wasserstein_distance": false, "include_diff_median": false, "include_atomicity": true, "include_p_value": false, "include_mean_fitness": true, "include_variance": false}, "results": [{"pattern": [50, 90], "threshold": null}, {"pattern": [25, 90], "threshold": null}, {"pattern": [86], "threshold": null}, {"pattern": [50, 158], "threshold": null}, {"pattern": [65], "threshold": null}, {"pattern": [196], "threshold": null}, {"pattern": [188], "threshold": null}, {"pattern": [76, 29], "threshold": null}, {"pattern": [90, 13], "threshold": null}, {"pattern": [88, 134], "threshold": null}, {"pattern": [13], "threshold": null}, {"pattern": [132, 215], "threshold": null}, {"pattern": [202, 90], "threshold": null}, {"pattern": [64, 104], "threshold": null}, {"pattern": [81, 244], "threshold": null}, {"pattern": [65, 188], "threshold": null}, {"pattern": [186, 221], "threshold": null}, {"pattern": [180, 237], "threshold": null}, {"pattern": [165, 183], "threshold": null}, {"pattern": [158, 63], "threshold": null}, {"pattern": [237], "threshold": null}, {"pattern": [235, 134], "threshold": null}, {"pattern": [132, 93], "threshold": null}, {"pattern": [188, 215], "threshold": null}, {"pattern": [146, 43], "threshold": null}, {"pattern": [248, 190], "threshold": null}, {"pattern": [119, 87], "threshold": null}, {"pattern": [208, 86], "threshold": null}, {"pattern": [158], "threshold": null}, {"pattern": [132], "threshold": null}, {"pattern": [134, 103], "threshold": null}, {"pattern": [146, 86], "threshold": null}, {"pattern": [88], "threshold": null}, {"pattern": [237, 134], "threshold": null}, {"pattern": [215, 13, 103], "threshold": null}, {"pattern": [136, 132], "threshold": null}, {"pattern": [212], "threshold": null}, {"pattern": [171, 86], "threshold": null}]}, {"config": {"code_name": "[CS CM CC][Len MFit CAtom][GNone]", "population_size": 100, "evaluation_budget": 10000, "cluster_info_file_name": "C:\\Users\\gac8\\PycharmProjects\\PSSearch\\retail_forecasting_data_collection\\data\\cluster_info_250_random.pkl", "use_custom_sampling_operator": true, "use_custom_mutation_operator": true, "use_custom_crossover_operator": true, "use_custom_atomicity": true, "genome_threshold": null, "include_ps_len": true, "include_sample_quantity": false, "include_wasserstein_distance": false, "include_diff_median": false, "include_atomicity": true, "include_p_value": false, "include_mean_fitness": true, "include_variance": false}, "results": [{"pattern": [241, 158], "threshold": null}, {"pattern": [76, 190], "threshold": null}, {"pattern": [80, 52], "threshold": null}, {"pattern": [16, 197], "threshold": null}, {"pattern": [25, 90], "threshold": null}, {"pattern": [25, 103], "threshold": null}, {"pattern": [120], "threshold": null}]}, {"config": {"code_name": "[CS CM CC][Len SSize CAtom][GNone]", "population_size": 100, "evaluation_budget": 10000, "cluster_info_file_name": "C:\\Users\\gac8\\PycharmProjects\\PSSearch\\retail_forecasting_data_collection\\data\\cluster_info_250_random.pkl", "use_custom_sampling_operator": true, "use_custom_mutation_operator": true, "use_custom_crossover_operator": true, "use_custom_atomicity": true, "genome_threshold": null, "include_ps_len": true, "include_sample_quantity": true, "include_wasserstein_distance": false, "include_diff_median": false, "include_atomicity": true, "include_p_value": false, "include_mean_fitness": false, "include_variance": false}, "results": [{"pattern": [90, 188], "threshold": null}, {"pattern": [208, 47], "threshold": null}, {"pattern": [35, 109], "threshold": null}, {"pattern": [212, 188], "threshold": null}, {"pattern": [11, 205], "threshold": null}, {"pattern": [188], "threshold": null}, {"pattern": [69, 157], "threshold": null}, {"pattern": [171, 212], "threshold": null}, {"pattern": [188, 245], "threshold": null}]}, {"config": {"code_name": "[CS CM CC][Len SSize MFit][GNone]", "population_size": 100, "evaluation_budget": 10000, "cluster_info_file_name": "C:\\Users\\gac8\\PycharmProjects\\PSSearch\\retail_forecasting_data_collection\\data\\cluster_info_250_random.pkl", "use_custom_sampling_operator": true, "use_custom_mutation_operator": true, "use_custom_crossover_operator": true, "use_custom_atomicity": true, "genome_threshold": null, "include_ps_len": true, "include_sample_quantity": true, "include_wasserstein_distance": false, "include_diff_median": false, "include_atomicity": false, "include_p_value": false, "include_mean_fitness": true, "include_variance": false}, "results": [{"pattern": [196], "threshold": null}, {"pattern": [88], "threshold": null}, {"pattern": [245, 158], "threshold": null}, {"pattern": [237], "threshold": null}, {"pattern": [13, 63], "threshold": null}, {"pattern": [212], "threshold": null}, {"pattern": [158], "threshold": null}, {"pattern": [88, 13], "threshold": null}, {"pattern": [45], "threshold": null}, {"pattern": [25], "threshold": null}, {"pattern": [132], "threshold": null}, {"pattern": [188], "threshold": null}, {"pattern": [13], "threshold": null}, {"pattern": [103], "threshold": null}, {"pattern": [217, 13], "threshold": null}, {"pattern": [212, 221], "threshold": null}, {"pattern": [134, 215], "threshold": null}, {"pattern": [217, 158], "threshold": null}, {"pattern": [16, 27], "threshold": null}, {"pattern": [245, 215], "threshold": null}, {"pattern": [54], "threshold": null}, {"pattern": [120], "threshold": null}, {"pattern": [25, 86], "threshold": null}, {"pattern": [230], "threshold": null}, {"pattern": [86], "threshold": null}, {"pattern": [88, 188, 63], "threshold": null}, {"pattern": [65], "threshold": null}]}, {"config": {"code_name": "[OS CM CC][Len SSize MFit CAtom][GNone]", "population_size": 100, "evaluation_budget": 10000, "cluster_info_file_name": "C:\\Users\\gac8\\PycharmProjects\\PSSearch\\retail_forecasting_data_collection\\data\\cluster_info_250_random.pkl", "use_custom_sampling_operator": false, "use_custom_mutation_operator": true, "use_custom_crossover_operator": true, "use_custom_atomicity": true, "genome_threshold": null, "include_ps_len": true, "include_sample_quantity": true, "include_wasserstein_distance": false, "include_diff_median": false, "include_atomicity": true, "include_p_value": false, "include_mean_fitness": true, "include_variance": false}, "results": [{"pattern": [132], "threshold": null}, {"pattern": [224, 132], "threshold": null}, {"pattern": [235, 13], "threshold": null}, {"pattern": [19, 171], "threshold": null}, {"pattern": [233, 37], "threshold": null}, {"pattern": [224, 180], "threshold": null}, {"pattern": [241, 188], "threshold": null}, {"pattern": [212], "threshold": null}, {"pattern": [16, 157], "threshold": null}, {"pattern": [49, 63], "threshold": null}, {"pattern": [25], "threshold": null}, {"pattern": [196, 116], "threshold": null}, {"pattern": [212, 54], "threshold": null}, {"pattern": [196], "threshold": null}, {"pattern": [164, 86], "threshold": null}, {"pattern": [34, 190], "threshold": null}, {"pattern": [16, 232], "threshold": null}, {"pattern": [45], "threshold": null}, {"pattern": [65, 217], "threshold": null}, {"pattern": [157, 158], "threshold": null}, {"pattern": [157, 103], "threshold": null}, {"pattern": [158], "threshold": null}, {"pattern": [212, 95], "threshold": null}, {"pattern": [158, 142], "threshold": null}, {"pattern": [120], "threshold": null}, {"pattern": [65], "threshold": null}, {"pattern": [162, 74], "threshold": null}, {"pattern": [88, 63], "threshold": null}, {"pattern": [92, 63], "threshold": null}, {"pattern": [90, 188], "threshold": null}, {"pattern": [204, 237], "threshold": null}, {"pattern": [54], "threshold": null}, {"pattern": [122, 11], "threshold": null}, {"pattern": [103], "threshold": null}, {"pattern": [34, 116], "threshold": null}, {"pattern": [43, 212], "threshold": null}, {"pattern": [13], "threshold": null}, {"pattern": [232, 158], "threshold": null}, {"pattern": [17, 30], "threshold": null}, {"pattern": [90, 27], "threshold": null}, {"pattern": [93, 13], "threshold": null}, {"pattern": [88], "threshold": null}, {"pattern": [86], "threshold": null}, {"pattern": [237], "threshold": null}, {"pattern": [76, 29], "threshold": null}, {"pattern": [53, 215], "threshold": null}, {"pattern": [232, 132], "threshold": null}, {"pattern": [212, 127], "threshold": null}, {"pattern": [34, 87], "threshold": null}, {"pattern": [76, 173], "threshold": null}, {"pattern": [52, 215], "threshold": null}, {"pattern": [230], "threshold": null}, {"pattern": [37, 38], "threshold": null}, {"pattern": [162, 212], "threshold": null}, {"pattern": [249, 43], "threshold": null}, {"pattern": [4, 63], "threshold": null}, {"pattern": [188, 109], "threshold": null}, {"pattern": [248, 132], "threshold": null}, {"pattern": [188], "threshold": null}, {"pattern": [50, 134], "threshold": null}]}, {"config": {"code_name": "[CS OM CC][Len SSize MFit CAtom][GNone]", "population_size": 100, "evaluation_budget": 10000, "cluster_info_file_name": "C:\\Users\\gac8\\PycharmProjects\\PSSearch\\retail_forecasting_data_collection\\data\\cluster_info_250_random.pkl", "use_custom_sampling_operator": true, "use_custom_mutation_operator": false, "use_custom_crossover_operator": true, "use_custom_atomicity": true, "genome_threshold": null, "include_ps_len": true, "include_sample_quantity": true, "include_wasserstein_distance": false, "include_diff_median": false, "include_atomicity": true, "include_p_value": false, "include_mean_fitness": true, "include_variance": false}, "results": [{"pattern": [65, 188, 132], "threshold": null}, {"pattern": [132], "threshold": null}, {"pattern": [88, 103], "threshold": null}, {"pattern": [164, 134], "threshold": null}, {"pattern": [132, 134, 103], "threshold": null}, {"pattern": [16, 25, 188], "threshold": null}, {"pattern": [86, 103], "threshold": null}, {"pattern": [249, 146, 195, 86], "threshold": null}, {"pattern": [88, 27, 188], "threshold": null}, {"pattern": [88, 27], "threshold": null}, {"pattern": [235, 134], "threshold": null}, {"pattern": [249, 195, 86], "threshold": null}, {"pattern": [158, 86, 103], "threshold": null}, {"pattern": [11, 109], "threshold": null}, {"pattern": [221, 30], "threshold": null}, {"pattern": [162, 13], "threshold": null}, {"pattern": [196], "threshold": null}, {"pattern": [158, 103], "threshold": null}, {"pattern": [212, 132], "threshold": null}, {"pattern": [188, 221], "threshold": null}, {"pattern": [162, 109], "threshold": null}, {"pattern": [25, 188], "threshold": null}, {"pattern": [65, 188, 132, 103], "threshold": null}, {"pattern": [132, 212, 188], "threshold": null}, {"pattern": [16, 188], "threshold": null}, {"pattern": [196, 134], "threshold": null}, {"pattern": [134, 103], "threshold": null}, {"pattern": [237, 134], "threshold": null}, {"pattern": [132, 245, 103], "threshold": null}, {"pattern": [132, 196], "threshold": null}, {"pattern": [171, 196, 13], "threshold": null}, {"pattern": [88, 132], "threshold": null}, {"pattern": [88], "threshold": null}, {"pattern": [188, 132, 86, 103], "threshold": null}, {"pattern": [249, 195], "threshold": null}, {"pattern": [16, 25], "threshold": null}, {"pattern": [162, 30], "threshold": null}, {"pattern": [88, 196, 188], "threshold": null}, {"pattern": [196, 13], "threshold": null}, {"pattern": [132, 103], "threshold": null}, {"pattern": [132, 86, 103], "threshold": null}, {"pattern": [134], "threshold": null}, {"pattern": [188], "threshold": null}, {"pattern": [88, 188], "threshold": null}, {"pattern": [65, 188], "threshold": null}]}, {"config": {"code_name": "[CS CM OC][Len SSize MFit CAtom][GNone]", "population_size": 100, "evaluation_budget": 10000, "cluster_info_file_name": "C:\\Users\\gac8\\PycharmProjects\\PSSearch\\retail_forecasting_data_collection\\data\\cluster_info_250_random.pkl", "use_custom_sampling_operator": true, "use_custom_mutation_operator": true, "use_custom_crossover_operator": false, "use_custom_atomicity": true, "genome_threshold": null, "include_ps_len": true, "include_sample_quantity": true, "include_wasserstein_distance": false, "include_diff_median": false, "include_atomicity": true, "include_p_value": false, "include_mean_fitness": true, "include_variance": false}, "results": [{"pattern": [132], "threshold": null}, {"pattern": [158, 86], "threshold": null}, {"pattern": [88, 86], "threshold": null}, {"pattern": [81, 153], "threshold": null}, {"pattern": [212], "threshold": null}, {"pattern": [196, 157], "threshold": null}, {"pattern": [59, 188], "threshold": null}, {"pattern": [25], "threshold": null}, {"pattern": [146, 43], "threshold": null}, {"pattern": [16, 188, 180], "threshold": null}, {"pattern": [196], "threshold": null}, {"pattern": [13, 134], "threshold": null}, {"pattern": [45], "threshold": null}, {"pattern": [177, 53], "threshold": null}, {"pattern": [184, 132], "threshold": null}, {"pattern": [196, 134], "threshold": null}, {"pattern": [158], "threshold": null}, {"pattern": [212, 135], "threshold": null}, {"pattern": [120], "threshold": null}, {"pattern": [235, 103], "threshold": null}, {"pattern": [65], "threshold": null}, {"pattern": [81, 63], "threshold": null}, {"pattern": [212, 101], "threshold": null}, {"pattern": [88, 158], "threshold": null}, {"pattern": [54], "threshold": null}, {"pattern": [16, 158], "threshold": null}, {"pattern": [180, 116], "threshold": null}, {"pattern": [103], "threshold": null}, {"pattern": [153, 100], "threshold": null}, {"pattern": [13], "threshold": null}, {"pattern": [224, 13], "threshold": null}, {"pattern": [88], "threshold": null}, {"pattern": [86], "threshold": null}, {"pattern": [237], "threshold": null}, {"pattern": [88, 134], "threshold": null}, {"pattern": [230], "threshold": null}, {"pattern": [116, 158], "threshold": null}, {"pattern": [49, 77], "threshold": null}, {"pattern": [34, 4], "threshold": null}, {"pattern": [25, 134], "threshold": null}, {"pattern": [90, 196, 188, 13], "threshold": null}, {"pattern": [188], "threshold": null}, {"pattern": [205, 37], "threshold": null}, {"pattern": [207, 119], "threshold": null}, {"pattern": [134, 63], "threshold": null}]}]}