{"extra_info": {"version": "fallback_v1", "seed": 48}, "data": [{"config": {"code_name": "[CS CM CC][Len SSize MFit CAtom][GNone]", "population_size": 100, "evaluation_budget": 10000, "cluster_info_file_name": "C:\\Users\\gac8\\PycharmProjects\\PSSearch\\retail_forecasting_data_collection\\data\\cluster_info_250_random.pkl", "use_custom_sampling_operator": true, "use_custom_mutation_operator": true, "use_custom_crossover_operator": true, "use_custom_atomicity": true, "genome_threshold": null, "include_ps_len": true, "include_sample_quantity": true, "include_wasserstein_distance": false, "include_diff_median": false, "include_atomicity": true, "include_p_value": false, "include_mean_fitness": true, "include_variance": false}, "results": [{"pattern": [132, 76], "threshold": null}, {"pattern": [132], "threshold": null}, {"pattern": [230], "threshold": null}, {"pattern": [237], "threshold": null}, {"pattern": [196, 132], "threshold": null}, {"pattern": [146, 39], "threshold": null}, {"pattern": [171, 212], "threshold": null}, {"pattern": [212, 190], "threshold": null}, {"pattern": [56, 246], "threshold": null}, {"pattern": [25, 90], "threshold": null}, {"pattern": [217, 237], "threshold": null}, {"pattern": [25], "threshold": null}, {"pattern": [81, 132], "threshold": null}, {"pattern": [88], "threshold": null}, {"pattern": [212, 116, 63], "threshold": null}, {"pattern": [132, 28], "threshold": null}, {"pattern": [49, 82], "threshold": null}, {"pattern": [188, 164], "threshold": null}, {"pattern": [196], "threshold": null}, {"pattern": [65], "threshold": null}, {"pattern": [27, 180], "threshold": null}, {"pattern": [212, 158], "threshold": null}, {"pattern": [184, 63], "threshold": null}, {"pattern": [88, 13], "threshold": null}, {"pattern": [244, 239], "threshold": null}, {"pattern": [45], "threshold": null}, {"pattern": [237, 215], "threshold": null}, {"pattern": [82, 77], "threshold": null}, {"pattern": [120], "threshold": null}, {"pattern": [204, 183], "threshold": null}, {"pattern": [164, 158], "threshold": null}, {"pattern": [13], "threshold": null}, {"pattern": [212, 103], "threshold": null}, {"pattern": [25, 177], "threshold": null}, {"pattern": [212], "threshold": null}, {"pattern": [50, 158], "threshold": null}, {"pattern": [16, 188, 116], "threshold": null}, {"pattern": [164, 215], "threshold": null}, {"pattern": [158], "threshold": null}, {"pattern": [217, 132], "threshold": null}, {"pattern": [188], "threshold": null}, {"pattern": [212, 116, 13], "threshold": null}, {"pattern": [103], "threshold": null}, {"pattern": [202, 103], "threshold": null}, {"pattern": [65, 158], "threshold": null}, {"pattern": [86], "threshold": null}, {"pattern": [217], "threshold": null}, {"pattern": [54], "threshold": null}, {"pattern": [16, 88], "threshold": null}, {"pattern": [56, 37], "threshold": null}, {"pattern": [177, 215], "threshold": null}, {"pattern": [195, 101], "threshold": null}]}, {"config": {"code_name": "[CS CM CC][SSize MFit CAtom][GNone]", "population_size": 100, "evaluation_budget": 10000, "cluster_info_file_name": "C:\\Users\\gac8\\PycharmProjects\\PSSearch\\retail_forecasting_data_collection\\data\\cluster_info_250_random.pkl", "use_custom_sampling_operator": true, "use_custom_mutation_operator": true, "use_custom_crossover_operator": true, "use_custom_atomicity": true, "genome_threshold": null, "include_ps_len": false, "include_sample_quantity": true, "include_wasserstein_distance": false, "include_diff_median": false, "include_atomicity": true, "include_p_value": false, "include_mean_fitness": true, "include_variance": false}, "results": [{"pattern": [158], "threshold": null}, {"pattern": [16, 139], "threshold": null}, {"pattern": [25], "threshold": null}, {"pattern": [11, 205], "threshold": null}, {"pattern": [217], "threshold": null}, {"pattern": [91, 158], "threshold": null}, {"pattern": [171, 61], "threshold": null}, {"pattern": [132], "threshold": null}, {"pattern": [25, 177], "threshold": null}, {"pattern": [237], "threshold": null}, {"pattern": [212], "threshold": null}, {"pattern": [27, 158], "threshold": null}, {"pattern": [86], "threshold": null}, {"pattern": [13], "threshold": null}, {"pattern": [18, 37], "threshold": null}, {"pattern": [90, 158, 86], "threshold": null}, {"pattern": [65], "threshold": null}, {"pattern": [171, 196], "threshold": null}, {"pattern": [101, 13], "threshold": null}, {"pattern": [90, 237], "threshold": null}, {"pattern": [139, 188], "threshold": null}, {"pattern": [27, 103], "threshold": null}, {"pattern": [24, 188], "threshold": null}, {"pattern": [212, 230], "threshold": null}, {"pattern": [50, 188], "threshold": null}, {"pattern": [16, 90], "threshold": null}, {"pattern": [66, 116], "threshold": null}, {"pattern": [81, 74], "threshold": null}, {"pattern": [56, 38], "threshold": null}, {"pattern": [196, 158], "threshold": null}, {"pattern": [212, 188, 245], "threshold": null}, {"pattern": [241, 103], "threshold": null}, {"pattern": [244, 47], "threshold": null}, {"pattern": [16, 158], "threshold": null}, {"pattern": [188], "threshold": null}, {"pattern": [196], "threshold": null}, {"pattern": [180, 132, 215], "threshold": null}, {"pattern": [158, 119], "threshold": null}, {"pattern": [42, 38], "threshold": null}, {"pattern": [88], "threshold": null}, {"pattern": [116, 87], "threshold": null}, {"pattern": [65, 245], "threshold": null}, {"pattern": [27, 86], "threshold": null}, {"pattern": [103], "threshold": null}]}, {"config": {"code_name": "[CS CM CC][Len MFit CAtom][GNone]", "population_size": 100, "evaluation_budget": 10000, "cluster_info_file_name": "C:\\Users\\gac8\\PycharmProjects\\PSSearch\\retail_forecasting_data_collection\\data\\cluster_info_250_random.pkl", "use_custom_sampling_operator": true, "use_custom_mutation_operator": true, "use_custom_crossover_operator": true, "use_custom_atomicity": true, "genome_threshold": null, "include_ps_len": true, "include_sample_quantity": false, "include_wasserstein_distance": false, "include_diff_median": false, "include_atomicity": true, "include_p_value": false, "include_mean_fitness": true, "include_variance": false}, "results": [{"pattern": [155, 134], "threshold": null}, {"pattern": [157, 158], "threshold": null}, {"pattern": [153, 100], "threshold": null}, {"pattern": [169, 235], "threshold": null}, {"pattern": [16, 87], "threshold": null}, {"pattern": [120], "threshold": null}, {"pattern": [122, 109], "threshold": null}]}, {"config": {"code_name": "[CS CM CC][Len SSize CAtom][GNone]", "population_size": 100, "evaluation_budget": 10000, "cluster_info_file_name": "C:\\Users\\gac8\\PycharmProjects\\PSSearch\\retail_forecasting_data_collection\\data\\cluster_info_250_random.pkl", "use_custom_sampling_operator": true, "use_custom_mutation_operator": true, "use_custom_crossover_operator": true, "use_custom_atomicity": true, "genome_threshold": null, "include_ps_len": true, "include_sample_quantity": true, "include_wasserstein_distance": false, "include_diff_median": false, "include_atomicity": true, "include_p_value": false, "include_mean_fitness": false, "include_variance": false}, "results": [{"pattern": [25, 103], "threshold": null}, {"pattern": [241, 212], "threshold": null}, {"pattern": [132, 134], "threshold": null}, {"pattern": [195, 239], "threshold": null}, {"pattern": [224, 55], "threshold": null}, {"pattern": [188], "threshold": null}, {"pattern": [188, 205], "threshold": null}, {"pattern": [65, 90], "threshold": null}, {"pattern": [42, 151], "threshold": null}, {"pattern": [16, 204], "threshold": null}, {"pattern": [34, 188], "threshold": null}, {"pattern": [188, 92], "threshold": null}, {"pattern": [82, 147], "threshold": null}, {"pattern": [213, 215], "threshold": null}]}, {"config": {"code_name": "[CS CM CC][Len SSize MFit][GNone]", "population_size": 100, "evaluation_budget": 10000, "cluster_info_file_name": "C:\\Users\\gac8\\PycharmProjects\\PSSearch\\retail_forecasting_data_collection\\data\\cluster_info_250_random.pkl", "use_custom_sampling_operator": true, "use_custom_mutation_operator": true, "use_custom_crossover_operator": true, "use_custom_atomicity": true, "genome_threshold": null, "include_ps_len": true, "include_sample_quantity": true, "include_wasserstein_distance": false, "include_diff_median": false, "include_atomicity": false, "include_p_value": false, "include_mean_fitness": true, "include_variance": false}, "results": [{"pattern": [45], "threshold": null}, {"pattern": [188, 132], "threshold": null}, {"pattern": [16, 134], "threshold": null}, {"pattern": [65], "threshold": null}, {"pattern": [50, 158], "threshold": null}, {"pattern": [13, 215], "threshold": null}, {"pattern": [196], "threshold": null}, {"pattern": [88], "threshold": null}, {"pattern": [212], "threshold": null}, {"pattern": [132, 63], "threshold": null}, {"pattern": [132], "threshold": null}, {"pattern": [230], "threshold": null}, {"pattern": [120], "threshold": null}, {"pattern": [103], "threshold": null}, {"pattern": [158], "threshold": null}, {"pattern": [237], "threshold": null}, {"pattern": [132, 237], "threshold": null}, {"pattern": [54], "threshold": null}, {"pattern": [188], "threshold": null}, {"pattern": [13], "threshold": null}, {"pattern": [180, 103], "threshold": null}, {"pattern": [215, 63], "threshold": null}, {"pattern": [86], "threshold": null}, {"pattern": [25, 134], "threshold": null}, {"pattern": [217], "threshold": null}, {"pattern": [25], "threshold": null}]}, {"config": {"code_name": "[OS CM CC][Len SSize MFit CAtom][GNone]", "population_size": 100, "evaluation_budget": 10000, "cluster_info_file_name": "C:\\Users\\gac8\\PycharmProjects\\PSSearch\\retail_forecasting_data_collection\\data\\cluster_info_250_random.pkl", "use_custom_sampling_operator": false, "use_custom_mutation_operator": true, "use_custom_crossover_operator": true, "use_custom_atomicity": true, "genome_threshold": null, "include_ps_len": true, "include_sample_quantity": true, "include_wasserstein_distance": false, "include_diff_median": false, "include_atomicity": true, "include_p_value": false, "include_mean_fitness": true, "include_variance": false}, "results": [{"pattern": [132, 55], "threshold": null}, {"pattern": [248, 90], "threshold": null}, {"pattern": [132], "threshold": null}, {"pattern": [230], "threshold": null}, {"pattern": [237], "threshold": null}, {"pattern": [137, 212], "threshold": null}, {"pattern": [16, 103], "threshold": null}, {"pattern": [25, 235], "threshold": null}, {"pattern": [13, 103], "threshold": null}, {"pattern": [116, 237], "threshold": null}, {"pattern": [221, 61], "threshold": null}, {"pattern": [25], "threshold": null}, {"pattern": [56, 155], "threshold": null}, {"pattern": [88], "threshold": null}, {"pattern": [116, 151], "threshold": null}, {"pattern": [196], "threshold": null}, {"pattern": [65], "threshold": null}, {"pattern": [45], "threshold": null}, {"pattern": [16, 167], "threshold": null}, {"pattern": [215, 55], "threshold": null}, {"pattern": [202, 212, 13], "threshold": null}, {"pattern": [120], "threshold": null}, {"pattern": [224, 248], "threshold": null}, {"pattern": [13], "threshold": null}, {"pattern": [81, 215], "threshold": null}, {"pattern": [171, 188], "threshold": null}, {"pattern": [119, 63], "threshold": null}, {"pattern": [212], "threshold": null}, {"pattern": [245, 151], "threshold": null}, {"pattern": [196, 215], "threshold": null}, {"pattern": [158], "threshold": null}, {"pattern": [82, 11], "threshold": null}, {"pattern": [248, 188], "threshold": null}, {"pattern": [188], "threshold": null}, {"pattern": [202, 63], "threshold": null}, {"pattern": [139, 132], "threshold": null}, {"pattern": [196, 237], "threshold": null}, {"pattern": [103], "threshold": null}, {"pattern": [86], "threshold": null}, {"pattern": [202, 13], "threshold": null}, {"pattern": [217], "threshold": null}, {"pattern": [201, 195], "threshold": null}, {"pattern": [54], "threshold": null}, {"pattern": [221, 55], "threshold": null}, {"pattern": [25, 158], "threshold": null}]}, {"config": {"code_name": "[CS OM CC][Len SSize MFit CAtom][GNone]", "population_size": 100, "evaluation_budget": 10000, "cluster_info_file_name": "C:\\Users\\gac8\\PycharmProjects\\PSSearch\\retail_forecasting_data_collection\\data\\cluster_info_250_random.pkl", "use_custom_sampling_operator": true, "use_custom_mutation_operator": false, "use_custom_crossover_operator": true, "use_custom_atomicity": true, "genome_threshold": null, "include_ps_len": true, "include_sample_quantity": true, "include_wasserstein_distance": false, "include_diff_median": false, "include_atomicity": true, "include_p_value": false, "include_mean_fitness": true, "include_variance": false}, "results": [{"pattern": [180, 212, 215], "threshold": null}, {"pattern": [180, 196, 212, 215], "threshold": null}, {"pattern": [212, 86], "threshold": null}, {"pattern": [25, 103], "threshold": null}, {"pattern": [196, 212, 158], "threshold": null}, {"pattern": [188, 180], "threshold": null}, {"pattern": [13, 103], "threshold": null}, {"pattern": [196, 103], "threshold": null}, {"pattern": [196, 212, 13, 215], "threshold": null}, {"pattern": [65, 212, 180], "threshold": null}, {"pattern": [171, 13, 103], "threshold": null}, {"pattern": [212, 86, 103], "threshold": null}, {"pattern": [88], "threshold": null}, {"pattern": [88, 13, 103], "threshold": null}, {"pattern": [188, 132, 103], "threshold": null}, {"pattern": [132, 188, 134, 103], "threshold": null}, {"pattern": [132, 180], "threshold": null}, {"pattern": [196], "threshold": null}, {"pattern": [65, 180], "threshold": null}, {"pattern": [65], "threshold": null}, {"pattern": [134, 103], "threshold": null}, {"pattern": [132, 188, 86, 103], "threshold": null}, {"pattern": [212, 158, 215], "threshold": null}, {"pattern": [215, 103], "threshold": null}, {"pattern": [188, 237, 103], "threshold": null}, {"pattern": [188, 103], "threshold": null}, {"pattern": [65, 188], "threshold": null}, {"pattern": [212, 86, 63], "threshold": null}, {"pattern": [88, 217], "threshold": null}, {"pattern": [134, 188, 190], "threshold": null}, {"pattern": [235, 212, 215], "threshold": null}, {"pattern": [27, 212], "threshold": null}, {"pattern": [196, 188, 86, 103], "threshold": null}, {"pattern": [155], "threshold": null}, {"pattern": [202, 196, 212, 215], "threshold": null}, {"pattern": [241, 212], "threshold": null}, {"pattern": [188, 134, 103], "threshold": null}, {"pattern": [180, 188, 212, 215], "threshold": null}, {"pattern": [212], "threshold": null}, {"pattern": [65, 212, 86], "threshold": null}, {"pattern": [88, 132], "threshold": null}, {"pattern": [188, 171, 180], "threshold": null}, {"pattern": [212, 215], "threshold": null}, {"pattern": [74, 116], "threshold": null}, {"pattern": [188, 13, 103], "threshold": null}, {"pattern": [241, 212, 86], "threshold": null}, {"pattern": [86, 103], "threshold": null}, {"pattern": [74], "threshold": null}, {"pattern": [88, 188], "threshold": null}, {"pattern": [211], "threshold": null}, {"pattern": [188], "threshold": null}, {"pattern": [74, 68], "threshold": null}, {"pattern": [65, 180, 86], "threshold": null}, {"pattern": [215, 196, 103], "threshold": null}, {"pattern": [103], "threshold": null}, {"pattern": [65, 86], "threshold": null}, {"pattern": [211, 132], "threshold": null}, {"pattern": [116, 212, 86], "threshold": null}, {"pattern": [132, 196, 180], "threshold": null}, {"pattern": [237, 103], "threshold": null}, {"pattern": [196, 212, 215], "threshold": null}, {"pattern": [212, 196], "threshold": null}, {"pattern": [25, 188, 103], "threshold": null}, {"pattern": [88, 103], "threshold": null}, {"pattern": [212, 86, 215], "threshold": null}]}, {"config": {"code_name": "[CS CM OC][Len SSize MFit CAtom][GNone]", "population_size": 100, "evaluation_budget": 10000, "cluster_info_file_name": "C:\\Users\\gac8\\PycharmProjects\\PSSearch\\retail_forecasting_data_collection\\data\\cluster_info_250_random.pkl", "use_custom_sampling_operator": true, "use_custom_mutation_operator": true, "use_custom_crossover_operator": false, "use_custom_atomicity": true, "genome_threshold": null, "include_ps_len": true, "include_sample_quantity": true, "include_wasserstein_distance": false, "include_diff_median": false, "include_atomicity": true, "include_p_value": false, "include_mean_fitness": true, "include_variance": false}, "results": [{"pattern": [52, 119], "threshold": null}, {"pattern": [90, 134], "threshold": null}, {"pattern": [132], "threshold": null}, {"pattern": [180, 63], "threshold": null}, {"pattern": [230], "threshold": null}, {"pattern": [132, 182], "threshold": null}, {"pattern": [212, 86], "threshold": null}, {"pattern": [16, 237], "threshold": null}, {"pattern": [16, 90], "threshold": null}, {"pattern": [237], "threshold": null}, {"pattern": [196, 132], "threshold": null}, {"pattern": [90, 132, 215], "threshold": null}, {"pattern": [134, 87], "threshold": null}, {"pattern": [221, 215], "threshold": null}, {"pattern": [25], "threshold": null}, {"pattern": [88], "threshold": null}, {"pattern": [204, 63], "threshold": null}, {"pattern": [196], "threshold": null}, {"pattern": [25, 63], "threshold": null}, {"pattern": [208, 158], "threshold": null}, {"pattern": [65], "threshold": null}, {"pattern": [45], "threshold": null}, {"pattern": [212, 180], "threshold": null}, {"pattern": [120], "threshold": null}, {"pattern": [160, 245], "threshold": null}, {"pattern": [196, 164], "threshold": null}, {"pattern": [13], "threshold": null}, {"pattern": [212], "threshold": null}, {"pattern": [100, 222], "threshold": null}, {"pattern": [241, 134], "threshold": null}, {"pattern": [177, 202], "threshold": null}, {"pattern": [225, 151], "threshold": null}, {"pattern": [196, 215], "threshold": null}, {"pattern": [16, 50], "threshold": null}, {"pattern": [171, 158], "threshold": null}, {"pattern": [13, 63], "threshold": null}, {"pattern": [158], "threshold": null}, {"pattern": [65, 237], "threshold": null}, {"pattern": [93, 13], "threshold": null}, {"pattern": [204, 61], "threshold": null}, {"pattern": [87, 63], "threshold": null}, {"pattern": [188], "threshold": null}, {"pattern": [204, 158], "threshold": null}, {"pattern": [103], "threshold": null}, {"pattern": [86], "threshold": null}, {"pattern": [217], "threshold": null}, {"pattern": [232, 205], "threshold": null}, {"pattern": [54], "threshold": null}]}]}