{"extra_info": {"version": "fallback_v1", "seed": 98}, "data": [{"config": {"code_name": "[CS CM CC][Len SSize MFit CAtom][GNone]", "population_size": 100, "evaluation_budget": 10000, "cluster_info_file_name": "C:\\Users\\gac8\\PycharmProjects\\PSSearch\\retail_forecasting_data_collection\\data\\cluster_info_250_random.pkl", "use_custom_sampling_operator": true, "use_custom_mutation_operator": true, "use_custom_crossover_operator": true, "use_custom_atomicity": true, "genome_threshold": null, "include_ps_len": true, "include_sample_quantity": true, "include_wasserstein_distance": false, "include_diff_median": false, "include_atomicity": true, "include_p_value": false, "include_mean_fitness": true, "include_variance": false}, "results": [{"pattern": [88, 171], "threshold": null}, {"pattern": [225, 151], "threshold": null}, {"pattern": [182, 158], "threshold": null}, {"pattern": [208, 158], "threshold": null}, {"pattern": [54], "threshold": null}, {"pattern": [88, 237], "threshold": null}, {"pattern": [134, 55], "threshold": null}, {"pattern": [188, 92], "threshold": null}, {"pattern": [34, 245], "threshold": null}, {"pattern": [45], "threshold": null}, {"pattern": [188, 196, 116], "threshold": null}, {"pattern": [180, 237], "threshold": null}, {"pattern": [137, 134], "threshold": null}, {"pattern": [217], "threshold": null}, {"pattern": [25], "threshold": null}, {"pattern": [137, 188], "threshold": null}, {"pattern": [19, 13], "threshold": null}, {"pattern": [103, 87], "threshold": null}, {"pattern": [202, 212], "threshold": null}, {"pattern": [196], "threshold": null}, {"pattern": [248, 215], "threshold": null}, {"pattern": [86], "threshold": null}, {"pattern": [103], "threshold": null}, {"pattern": [230], "threshold": null}, {"pattern": [202, 158], "threshold": null}, {"pattern": [34, 4], "threshold": null}, {"pattern": [65], "threshold": null}, {"pattern": [169, 63], "threshold": null}, {"pattern": [120], "threshold": null}, {"pattern": [91, 158], "threshold": null}, {"pattern": [95, 63], "threshold": null}, {"pattern": [16, 132], "threshold": null}, {"pattern": [132], "threshold": null}, {"pattern": [59, 245], "threshold": null}, {"pattern": [16, 232], "threshold": null}, {"pattern": [237], "threshold": null}, {"pattern": [88], "threshold": null}, {"pattern": [119, 63], "threshold": null}, {"pattern": [17, 30], "threshold": null}, {"pattern": [212], "threshold": null}, {"pattern": [13], "threshold": null}, {"pattern": [188], "threshold": null}, {"pattern": [184, 134], "threshold": null}, {"pattern": [93], "threshold": null}, {"pattern": [204, 158], "threshold": null}, {"pattern": [217, 132], "threshold": null}, {"pattern": [158], "threshold": null}, {"pattern": [241, 13], "threshold": null}]}, {"config": {"code_name": "[CS CM CC][SSize MFit CAtom][GNone]", "population_size": 100, "evaluation_budget": 10000, "cluster_info_file_name": "C:\\Users\\gac8\\PycharmProjects\\PSSearch\\retail_forecasting_data_collection\\data\\cluster_info_250_random.pkl", "use_custom_sampling_operator": true, "use_custom_mutation_operator": true, "use_custom_crossover_operator": true, "use_custom_atomicity": true, "genome_threshold": null, "include_ps_len": false, "include_sample_quantity": true, "include_wasserstein_distance": false, "include_diff_median": false, "include_atomicity": true, "include_p_value": false, "include_mean_fitness": true, "include_variance": false}, "results": [{"pattern": [217, 13], "threshold": null}, {"pattern": [34, 215], "threshold": null}, {"pattern": [188, 237], "threshold": null}, {"pattern": [16, 87], "threshold": null}, {"pattern": [56, 205], "threshold": null}, {"pattern": [90, 116], "threshold": null}, {"pattern": [137, 63], "threshold": null}, {"pattern": [209, 34], "threshold": null}, {"pattern": [188, 164], "threshold": null}, {"pattern": [212], "threshold": null}, {"pattern": [25, 90], "threshold": null}, {"pattern": [89, 244], "threshold": null}, {"pattern": [224, 188], "threshold": null}, {"pattern": [196, 127], "threshold": null}, {"pattern": [188], "threshold": null}, {"pattern": [86], "threshold": null}, {"pattern": [88, 217], "threshold": null}, {"pattern": [158], "threshold": null}, {"pattern": [232, 119], "threshold": null}, {"pattern": [16, 215], "threshold": null}, {"pattern": [132, 215], "threshold": null}, {"pattern": [65, 221], "threshold": null}, {"pattern": [171, 212], "threshold": null}, {"pattern": [119, 63], "threshold": null}, {"pattern": [249, 43], "threshold": null}, {"pattern": [196, 221], "threshold": null}, {"pattern": [204, 158], "threshold": null}, {"pattern": [13], "threshold": null}, {"pattern": [188, 101], "threshold": null}, {"pattern": [77, 38], "threshold": null}, {"pattern": [90, 181], "threshold": null}, {"pattern": [132, 181], "threshold": null}, {"pattern": [221, 158], "threshold": null}, {"pattern": [212, 103], "threshold": null}, {"pattern": [13, 157], "threshold": null}, {"pattern": [196], "threshold": null}, {"pattern": [67, 206], "threshold": null}, {"pattern": [217, 158], "threshold": null}, {"pattern": [19, 158], "threshold": null}, {"pattern": [248, 26], "threshold": null}, {"pattern": [27, 212], "threshold": null}, {"pattern": [245, 190], "threshold": null}, {"pattern": [103], "threshold": null}, {"pattern": [235, 212], "threshold": null}, {"pattern": [132], "threshold": null}, {"pattern": [237, 134], "threshold": null}, {"pattern": [65, 245], "threshold": null}, {"pattern": [160, 190], "threshold": null}, {"pattern": [81, 132], "threshold": null}, {"pattern": [88], "threshold": null}, {"pattern": [65], "threshold": null}]}, {"config": {"code_name": "[CS CM CC][Len MFit CAtom][GNone]", "population_size": 100, "evaluation_budget": 10000, "cluster_info_file_name": "C:\\Users\\gac8\\PycharmProjects\\PSSearch\\retail_forecasting_data_collection\\data\\cluster_info_250_random.pkl", "use_custom_sampling_operator": true, "use_custom_mutation_operator": true, "use_custom_crossover_operator": true, "use_custom_atomicity": true, "genome_threshold": null, "include_ps_len": true, "include_sample_quantity": false, "include_wasserstein_distance": false, "include_diff_median": false, "include_atomicity": true, "include_p_value": false, "include_mean_fitness": true, "include_variance": false}, "results": [{"pattern": [120], "threshold": null}, {"pattern": [25, 158], "threshold": null}, {"pattern": [122, 109], "threshold": null}, {"pattern": [92, 165], "threshold": null}, {"pattern": [27, 204], "threshold": null}, {"pattern": [69, 29], "threshold": null}, {"pattern": [11, 77], "threshold": null}, {"pattern": [33, 74], "threshold": null}]}, {"config": {"code_name": "[CS CM CC][Len SSize CAtom][GNone]", "population_size": 100, "evaluation_budget": 10000, "cluster_info_file_name": "C:\\Users\\gac8\\PycharmProjects\\PSSearch\\retail_forecasting_data_collection\\data\\cluster_info_250_random.pkl", "use_custom_sampling_operator": true, "use_custom_mutation_operator": true, "use_custom_crossover_operator": true, "use_custom_atomicity": true, "genome_threshold": null, "include_ps_len": true, "include_sample_quantity": true, "include_wasserstein_distance": false, "include_diff_median": false, "include_atomicity": true, "include_p_value": false, "include_mean_fitness": false, "include_variance": false}, "results": [{"pattern": [139, 165], "threshold": null}, {"pattern": [232, 52], "threshold": null}, {"pattern": [56, 155], "threshold": null}, {"pattern": [65, 188], "threshold": null}, {"pattern": [188], "threshold": null}, {"pattern": [202, 212], "threshold": null}, {"pattern": [171, 47], "threshold": null}, {"pattern": [202, 215], "threshold": null}, {"pattern": [34, 188], "threshold": null}]}, {"config": {"code_name": "[CS CM CC][Len SSize MFit][GNone]", "population_size": 100, "evaluation_budget": 10000, "cluster_info_file_name": "C:\\Users\\gac8\\PycharmProjects\\PSSearch\\retail_forecasting_data_collection\\data\\cluster_info_250_random.pkl", "use_custom_sampling_operator": true, "use_custom_mutation_operator": true, "use_custom_crossover_operator": true, "use_custom_atomicity": true, "genome_threshold": null, "include_ps_len": true, "include_sample_quantity": true, "include_wasserstein_distance": false, "include_diff_median": false, "include_atomicity": false, "include_p_value": false, "include_mean_fitness": true, "include_variance": false}, "results": [{"pattern": [217], "threshold": null}, {"pattern": [180, 127], "threshold": null}, {"pattern": [134, 86], "threshold": null}, {"pattern": [54], "threshold": null}, {"pattern": [196, 188, 87], "threshold": null}, {"pattern": [88], "threshold": null}, {"pattern": [224, 215], "threshold": null}, {"pattern": [90, 13], "threshold": null}, {"pattern": [217, 237], "threshold": null}, {"pattern": [217, 63], "threshold": null}, {"pattern": [196, 180], "threshold": null}, {"pattern": [212], "threshold": null}, {"pattern": [217, 158], "threshold": null}, {"pattern": [65], "threshold": null}, {"pattern": [45], "threshold": null}, {"pattern": [86], "threshold": null}, {"pattern": [16, 204], "threshold": null}, {"pattern": [237], "threshold": null}, {"pattern": [188], "threshold": null}, {"pattern": [27, 63], "threshold": null}, {"pattern": [103], "threshold": null}, {"pattern": [212, 13], "threshold": null}, {"pattern": [25], "threshold": null}, {"pattern": [116, 158], "threshold": null}, {"pattern": [61, 134], "threshold": null}, {"pattern": [93], "threshold": null}, {"pattern": [120], "threshold": null}, {"pattern": [13], "threshold": null}, {"pattern": [158], "threshold": null}, {"pattern": [196], "threshold": null}, {"pattern": [132], "threshold": null}, {"pattern": [230], "threshold": null}, {"pattern": [74, 13], "threshold": null}]}, {"config": {"code_name": "[OS CM CC][Len SSize MFit CAtom][GNone]", "population_size": 100, "evaluation_budget": 10000, "cluster_info_file_name": "C:\\Users\\gac8\\PycharmProjects\\PSSearch\\retail_forecasting_data_collection\\data\\cluster_info_250_random.pkl", "use_custom_sampling_operator": false, "use_custom_mutation_operator": true, "use_custom_crossover_operator": true, "use_custom_atomicity": true, "genome_threshold": null, "include_ps_len": true, "include_sample_quantity": true, "include_wasserstein_distance": false, "include_diff_median": false, "include_atomicity": true, "include_p_value": false, "include_mean_fitness": true, "include_variance": false}, "results": [{"pattern": [54], "threshold": null}, {"pattern": [16, 86], "threshold": null}, {"pattern": [137, 61], "threshold": null}, {"pattern": [45], "threshold": null}, {"pattern": [217], "threshold": null}, {"pattern": [13, 158], "threshold": null}, {"pattern": [25, 158], "threshold": null}, {"pattern": [25], "threshold": null}, {"pattern": [196, 63], "threshold": null}, {"pattern": [16, 34], "threshold": null}, {"pattern": [74, 35], "threshold": null}, {"pattern": [208, 50], "threshold": null}, {"pattern": [196], "threshold": null}, {"pattern": [86], "threshold": null}, {"pattern": [103], "threshold": null}, {"pattern": [205, 63], "threshold": null}, {"pattern": [4, 63], "threshold": null}, {"pattern": [230], "threshold": null}, {"pattern": [195, 101], "threshold": null}, {"pattern": [248, 25], "threshold": null}, {"pattern": [48, 222], "threshold": null}, {"pattern": [207, 119], "threshold": null}, {"pattern": [184, 132], "threshold": null}, {"pattern": [137, 77], "threshold": null}, {"pattern": [65], "threshold": null}, {"pattern": [120], "threshold": null}, {"pattern": [116, 158], "threshold": null}, {"pattern": [132], "threshold": null}, {"pattern": [212, 167], "threshold": null}, {"pattern": [90, 212], "threshold": null}, {"pattern": [139, 165], "threshold": null}, {"pattern": [237], "threshold": null}, {"pattern": [88], "threshold": null}, {"pattern": [16, 197], "threshold": null}, {"pattern": [25, 103], "threshold": null}, {"pattern": [25, 196], "threshold": null}, {"pattern": [212], "threshold": null}, {"pattern": [27, 158], "threshold": null}, {"pattern": [13], "threshold": null}, {"pattern": [188], "threshold": null}, {"pattern": [232, 132], "threshold": null}, {"pattern": [93], "threshold": null}, {"pattern": [88, 212, 103], "threshold": null}, {"pattern": [86, 103], "threshold": null}, {"pattern": [217, 132], "threshold": null}, {"pattern": [158], "threshold": null}, {"pattern": [202, 132], "threshold": null}]}, {"config": {"code_name": "[CS OM CC][Len SSize MFit CAtom][GNone]", "population_size": 100, "evaluation_budget": 10000, "cluster_info_file_name": "C:\\Users\\gac8\\PycharmProjects\\PSSearch\\retail_forecasting_data_collection\\data\\cluster_info_250_random.pkl", "use_custom_sampling_operator": true, "use_custom_mutation_operator": false, "use_custom_crossover_operator": true, "use_custom_atomicity": true, "genome_threshold": null, "include_ps_len": true, "include_sample_quantity": true, "include_wasserstein_distance": false, "include_diff_median": false, "include_atomicity": true, "include_p_value": false, "include_mean_fitness": true, "include_variance": false}, "results": [{"pattern": [177, 196, 188], "threshold": null}, {"pattern": [49, 212], "threshold": null}, {"pattern": [50, 188], "threshold": null}, {"pattern": [171, 212], "threshold": null}, {"pattern": [16, 196, 212], "threshold": null}, {"pattern": [88, 134], "threshold": null}, {"pattern": [221, 30], "threshold": null}, {"pattern": [217, 158], "threshold": null}, {"pattern": [180, 27, 212], "threshold": null}, {"pattern": [88, 237], "threshold": null}, {"pattern": [18, 205], "threshold": null}, {"pattern": [13, 103], "threshold": null}, {"pattern": [212, 215], "threshold": null}, {"pattern": [188, 13], "threshold": null}, {"pattern": [217], "threshold": null}, {"pattern": [65, 212], "threshold": null}, {"pattern": [196, 134], "threshold": null}, {"pattern": [188, 116], "threshold": null}, {"pattern": [212, 103], "threshold": null}, {"pattern": [88, 212], "threshold": null}, {"pattern": [27, 212], "threshold": null}, {"pattern": [196, 212, 103], "threshold": null}, {"pattern": [188, 212, 158], "threshold": null}, {"pattern": [241, 134], "threshold": null}, {"pattern": [212, 134], "threshold": null}, {"pattern": [215, 180, 103], "threshold": null}, {"pattern": [248, 134], "threshold": null}, {"pattern": [177, 212, 158], "threshold": null}, {"pattern": [86, 212, 158], "threshold": null}, {"pattern": [196], "threshold": null}, {"pattern": [180, 212, 158], "threshold": null}, {"pattern": [196, 212], "threshold": null}, {"pattern": [16, 188, 212, 116], "threshold": null}, {"pattern": [103], "threshold": null}, {"pattern": [237, 134], "threshold": null}, {"pattern": [12], "threshold": null}, {"pattern": [88, 212, 215], "threshold": null}, {"pattern": [184, 30], "threshold": null}, {"pattern": [180, 196, 212], "threshold": null}, {"pattern": [93, 13], "threshold": null}, {"pattern": [188, 212, 116], "threshold": null}, {"pattern": [90, 221], "threshold": null}, {"pattern": [217, 196], "threshold": null}, {"pattern": [90, 212, 134], "threshold": null}, {"pattern": [217, 212], "threshold": null}, {"pattern": [212, 158], "threshold": null}, {"pattern": [88, 188, 86], "threshold": null}, {"pattern": [16, 212], "threshold": null}, {"pattern": [212, 13], "threshold": null}, {"pattern": [212, 86, 215], "threshold": null}, {"pattern": [197], "threshold": null}, {"pattern": [180, 103], "threshold": null}, {"pattern": [56, 212], "threshold": null}, {"pattern": [90, 196, 221], "threshold": null}, {"pattern": [162, 13], "threshold": null}, {"pattern": [237], "threshold": null}, {"pattern": [88], "threshold": null}, {"pattern": [88, 196, 212], "threshold": null}, {"pattern": [211, 212], "threshold": null}, {"pattern": [212], "threshold": null}, {"pattern": [212, 116], "threshold": null}, {"pattern": [134], "threshold": null}, {"pattern": [241, 13], "threshold": null}, {"pattern": [13], "threshold": null}, {"pattern": [212, 245, 86], "threshold": null}, {"pattern": [188], "threshold": null}, {"pattern": [88, 86], "threshold": null}, {"pattern": [180, 158], "threshold": null}, {"pattern": [116, 212, 158], "threshold": null}, {"pattern": [212, 190], "threshold": null}, {"pattern": [212, 86], "threshold": null}, {"pattern": [217, 180], "threshold": null}, {"pattern": [88, 196], "threshold": null}]}, {"config": {"code_name": "[CS CM OC][Len SSize MFit CAtom][GNone]", "population_size": 100, "evaluation_budget": 10000, "cluster_info_file_name": "C:\\Users\\gac8\\PycharmProjects\\PSSearch\\retail_forecasting_data_collection\\data\\cluster_info_250_random.pkl", "use_custom_sampling_operator": true, "use_custom_mutation_operator": true, "use_custom_crossover_operator": false, "use_custom_atomicity": true, "genome_threshold": null, "include_ps_len": true, "include_sample_quantity": true, "include_wasserstein_distance": false, "include_diff_median": false, "include_atomicity": true, "include_p_value": false, "include_mean_fitness": true, "include_variance": false}, "results": [{"pattern": [54], "threshold": null}, {"pattern": [56, 155], "threshold": null}, {"pattern": [188, 180, 158], "threshold": null}, {"pattern": [50, 92], "threshold": null}, {"pattern": [88, 132], "threshold": null}, {"pattern": [45], "threshold": null}, {"pattern": [217], "threshold": null}, {"pattern": [237, 63], "threshold": null}, {"pattern": [25], "threshold": null}, {"pattern": [65, 237], "threshold": null}, {"pattern": [162, 196], "threshold": null}, {"pattern": [27, 103], "threshold": null}, {"pattern": [25, 13], "threshold": null}, {"pattern": [232, 109], "threshold": null}, {"pattern": [158, 127], "threshold": null}, {"pattern": [196], "threshold": null}, {"pattern": [65, 177, 212], "threshold": null}, {"pattern": [86], "threshold": null}, {"pattern": [212, 196], "threshold": null}, {"pattern": [249, 101], "threshold": null}, {"pattern": [103], "threshold": null}, {"pattern": [237, 134], "threshold": null}, {"pattern": [230], "threshold": null}, {"pattern": [202, 158], "threshold": null}, {"pattern": [202, 162], "threshold": null}, {"pattern": [244, 13], "threshold": null}, {"pattern": [80, 55], "threshold": null}, {"pattern": [196, 103], "threshold": null}, {"pattern": [65], "threshold": null}, {"pattern": [77, 37], "threshold": null}, {"pattern": [158], "threshold": null}, {"pattern": [120], "threshold": null}, {"pattern": [180, 215], "threshold": null}, {"pattern": [232, 25], "threshold": null}, {"pattern": [132], "threshold": null}, {"pattern": [13, 157], "threshold": null}, {"pattern": [86, 63], "threshold": null}, {"pattern": [188, 132], "threshold": null}, {"pattern": [237], "threshold": null}, {"pattern": [88], "threshold": null}, {"pattern": [25, 103], "threshold": null}, {"pattern": [241, 180], "threshold": null}, {"pattern": [134, 215], "threshold": null}, {"pattern": [212], "threshold": null}, {"pattern": [24, 196], "threshold": null}, {"pattern": [190, 134], "threshold": null}, {"pattern": [13], "threshold": null}, {"pattern": [188], "threshold": null}, {"pattern": [93], "threshold": null}, {"pattern": [88, 86], "threshold": null}, {"pattern": [16, 103], "threshold": null}, {"pattern": [237, 158], "threshold": null}, {"pattern": [65, 180], "threshold": null}, {"pattern": [100, 13], "threshold": null}]}]}