{"extra_info": {"version": "fallback_v1", "seed": 32}, "data": [{"config": {"code_name": "[CS CM CC][Len SSize MFit CAtom][GNone]", "population_size": 100, "evaluation_budget": 10000, "cluster_info_file_name": "C:\\Users\\gac8\\PycharmProjects\\PSSearch\\retail_forecasting_data_collection\\data\\cluster_info_250_random.pkl", "use_custom_sampling_operator": true, "use_custom_mutation_operator": true, "use_custom_crossover_operator": true, "use_custom_atomicity": true, "genome_threshold": null, "include_ps_len": true, "include_sample_quantity": true, "include_wasserstein_distance": false, "include_diff_median": false, "include_atomicity": true, "include_p_value": false, "include_mean_fitness": true, "include_variance": false}, "results": [{"pattern": [188], "threshold": null}, {"pattern": [86], "threshold": null}, {"pattern": [132, 87], "threshold": null}, {"pattern": [19, 158], "threshold": null}, {"pattern": [88], "threshold": null}, {"pattern": [202, 43], "threshold": null}, {"pattern": [244, 247], "threshold": null}, {"pattern": [93], "threshold": null}, {"pattern": [230], "threshold": null}, {"pattern": [25], "threshold": null}, {"pattern": [202, 86], "threshold": null}, {"pattern": [27, 127], "threshold": null}, {"pattern": [88, 180], "threshold": null}, {"pattern": [54], "threshold": null}, {"pattern": [244, 47], "threshold": null}, {"pattern": [103], "threshold": null}, {"pattern": [158, 127], "threshold": null}, {"pattern": [237], "threshold": null}, {"pattern": [164, 134], "threshold": null}, {"pattern": [184, 81], "threshold": null}, {"pattern": [116, 87], "threshold": null}, {"pattern": [212, 180], "threshold": null}, {"pattern": [50, 151], "threshold": null}, {"pattern": [13, 239], "threshold": null}, {"pattern": [158], "threshold": null}, {"pattern": [16, 90], "threshold": null}, {"pattern": [4, 63], "threshold": null}, {"pattern": [204, 132], "threshold": null}, {"pattern": [212], "threshold": null}, {"pattern": [221, 61], "threshold": null}, {"pattern": [45], "threshold": null}, {"pattern": [162, 91], "threshold": null}, {"pattern": [65, 49], "threshold": null}, {"pattern": [56, 205], "threshold": null}, {"pattern": [184, 212], "threshold": null}, {"pattern": [120], "threshold": null}, {"pattern": [34, 134], "threshold": null}, {"pattern": [88, 237], "threshold": null}, {"pattern": [65], "threshold": null}, {"pattern": [235, 196], "threshold": null}, {"pattern": [122, 109], "threshold": null}, {"pattern": [212, 188, 134], "threshold": null}, {"pattern": [212, 134], "threshold": null}, {"pattern": [91, 215], "threshold": null}, {"pattern": [132], "threshold": null}, {"pattern": [226, 76], "threshold": null}, {"pattern": [212, 30], "threshold": null}, {"pattern": [13], "threshold": null}, {"pattern": [119, 63], "threshold": null}, {"pattern": [233, 18], "threshold": null}, {"pattern": [16, 158], "threshold": null}]}, {"config": {"code_name": "[CS CM CC][SSize MFit CAtom][GNone]", "population_size": 100, "evaluation_budget": 10000, "cluster_info_file_name": "C:\\Users\\gac8\\PycharmProjects\\PSSearch\\retail_forecasting_data_collection\\data\\cluster_info_250_random.pkl", "use_custom_sampling_operator": true, "use_custom_mutation_operator": true, "use_custom_crossover_operator": true, "use_custom_atomicity": true, "genome_threshold": null, "include_ps_len": false, "include_sample_quantity": true, "include_wasserstein_distance": false, "include_diff_median": false, "include_atomicity": true, "include_p_value": false, "include_mean_fitness": true, "include_variance": false}, "results": [{"pattern": [86], "threshold": null}, {"pattern": [132, 157], "threshold": null}, {"pattern": [53, 158], "threshold": null}, {"pattern": [188, 205], "threshold": null}, {"pattern": [65], "threshold": null}, {"pattern": [217, 86], "threshold": null}, {"pattern": [232, 13], "threshold": null}, {"pattern": [171, 158], "threshold": null}, {"pattern": [188], "threshold": null}, {"pattern": [56, 38], "threshold": null}, {"pattern": [65, 188], "threshold": null}, {"pattern": [158], "threshold": null}, {"pattern": [177, 212], "threshold": null}, {"pattern": [80, 52], "threshold": null}, {"pattern": [30, 63], "threshold": null}, {"pattern": [100, 13], "threshold": null}, {"pattern": [193, 135], "threshold": null}, {"pattern": [202, 158], "threshold": null}, {"pattern": [25, 134], "threshold": null}, {"pattern": [103], "threshold": null}, {"pattern": [27, 215], "threshold": null}, {"pattern": [132], "threshold": null}, {"pattern": [188, 182], "threshold": null}, {"pattern": [16, 139], "threshold": null}, {"pattern": [82, 205], "threshold": null}, {"pattern": [34, 38], "threshold": null}, {"pattern": [13], "threshold": null}, {"pattern": [212], "threshold": null}, {"pattern": [81, 65, 212], "threshold": null}, {"pattern": [164, 116], "threshold": null}, {"pattern": [180, 215], "threshold": null}, {"pattern": [69, 71], "threshold": null}, {"pattern": [177, 244], "threshold": null}, {"pattern": [232, 132], "threshold": null}, {"pattern": [50, 151], "threshold": null}, {"pattern": [188, 158], "threshold": null}, {"pattern": [196, 180], "threshold": null}, {"pattern": [25, 235], "threshold": null}]}, {"config": {"code_name": "[CS CM CC][Len MFit CAtom][GNone]", "population_size": 100, "evaluation_budget": 10000, "cluster_info_file_name": "C:\\Users\\gac8\\PycharmProjects\\PSSearch\\retail_forecasting_data_collection\\data\\cluster_info_250_random.pkl", "use_custom_sampling_operator": true, "use_custom_mutation_operator": true, "use_custom_crossover_operator": true, "use_custom_atomicity": true, "genome_threshold": null, "include_ps_len": true, "include_sample_quantity": false, "include_wasserstein_distance": false, "include_diff_median": false, "include_atomicity": true, "include_p_value": false, "include_mean_fitness": true, "include_variance": false}, "results": [{"pattern": [120], "threshold": null}, {"pattern": [76, 61], "threshold": null}, {"pattern": [155, 38], "threshold": null}, {"pattern": [25, 90], "threshold": null}, {"pattern": [195, 39], "threshold": null}, {"pattern": [157, 158], "threshold": null}]}, {"config": {"code_name": "[CS CM CC][Len SSize CAtom][GNone]", "population_size": 100, "evaluation_budget": 10000, "cluster_info_file_name": "C:\\Users\\gac8\\PycharmProjects\\PSSearch\\retail_forecasting_data_collection\\data\\cluster_info_250_random.pkl", "use_custom_sampling_operator": true, "use_custom_mutation_operator": true, "use_custom_crossover_operator": true, "use_custom_atomicity": true, "genome_threshold": null, "include_ps_len": true, "include_sample_quantity": true, "include_wasserstein_distance": false, "include_diff_median": false, "include_atomicity": true, "include_p_value": false, "include_mean_fitness": false, "include_variance": false}, "results": [{"pattern": [43, 212], "threshold": null}, {"pattern": [35, 68], "threshold": null}, {"pattern": [132, 244], "threshold": null}, {"pattern": [221, 30], "threshold": null}, {"pattern": [34, 63], "threshold": null}, {"pattern": [56, 246], "threshold": null}, {"pattern": [188], "threshold": null}, {"pattern": [248, 188], "threshold": null}, {"pattern": [188, 69], "threshold": null}, {"pattern": [132, 86], "threshold": null}]}, {"config": {"code_name": "[CS CM CC][Len SSize MFit][GNone]", "population_size": 100, "evaluation_budget": 10000, "cluster_info_file_name": "C:\\Users\\gac8\\PycharmProjects\\PSSearch\\retail_forecasting_data_collection\\data\\cluster_info_250_random.pkl", "use_custom_sampling_operator": true, "use_custom_mutation_operator": true, "use_custom_crossover_operator": true, "use_custom_atomicity": true, "genome_threshold": null, "include_ps_len": true, "include_sample_quantity": true, "include_wasserstein_distance": false, "include_diff_median": false, "include_atomicity": false, "include_p_value": false, "include_mean_fitness": true, "include_variance": false}, "results": [{"pattern": [241, 103], "threshold": null}, {"pattern": [237], "threshold": null}, {"pattern": [241, 132], "threshold": null}, {"pattern": [188], "threshold": null}, {"pattern": [103], "threshold": null}, {"pattern": [202, 212], "threshold": null}, {"pattern": [50, 158], "threshold": null}, {"pattern": [86, 215], "threshold": null}, {"pattern": [132], "threshold": null}, {"pattern": [93, 13], "threshold": null}, {"pattern": [25, 13], "threshold": null}, {"pattern": [235, 196], "threshold": null}, {"pattern": [212], "threshold": null}, {"pattern": [158], "threshold": null}, {"pattern": [88, 188], "threshold": null}, {"pattern": [230], "threshold": null}, {"pattern": [86], "threshold": null}, {"pattern": [25], "threshold": null}, {"pattern": [212, 134], "threshold": null}, {"pattern": [54], "threshold": null}, {"pattern": [171, 188], "threshold": null}, {"pattern": [65], "threshold": null}, {"pattern": [120], "threshold": null}, {"pattern": [93], "threshold": null}, {"pattern": [13], "threshold": null}, {"pattern": [88], "threshold": null}, {"pattern": [45], "threshold": null}]}, {"config": {"code_name": "[OS CM CC][Len SSize MFit CAtom][GNone]", "population_size": 100, "evaluation_budget": 10000, "cluster_info_file_name": "C:\\Users\\gac8\\PycharmProjects\\PSSearch\\retail_forecasting_data_collection\\data\\cluster_info_250_random.pkl", "use_custom_sampling_operator": false, "use_custom_mutation_operator": true, "use_custom_crossover_operator": true, "use_custom_atomicity": true, "genome_threshold": null, "include_ps_len": true, "include_sample_quantity": true, "include_wasserstein_distance": false, "include_diff_median": false, "include_atomicity": true, "include_p_value": false, "include_mean_fitness": true, "include_variance": false}, "results": [{"pattern": [241, 196], "threshold": null}, {"pattern": [188], "threshold": null}, {"pattern": [86], "threshold": null}, {"pattern": [232, 158], "threshold": null}, {"pattern": [132, 86], "threshold": null}, {"pattern": [88], "threshold": null}, {"pattern": [93], "threshold": null}, {"pattern": [230], "threshold": null}, {"pattern": [25], "threshold": null}, {"pattern": [162, 215], "threshold": null}, {"pattern": [93, 13], "threshold": null}, {"pattern": [188, 182], "threshold": null}, {"pattern": [224, 158], "threshold": null}, {"pattern": [54], "threshold": null}, {"pattern": [83, 151], "threshold": null}, {"pattern": [103], "threshold": null}, {"pattern": [147, 38], "threshold": null}, {"pattern": [196, 237], "threshold": null}, {"pattern": [244, 239], "threshold": null}, {"pattern": [237], "threshold": null}, {"pattern": [90, 215], "threshold": null}, {"pattern": [224, 202], "threshold": null}, {"pattern": [116, 87], "threshold": null}, {"pattern": [81, 244], "threshold": null}, {"pattern": [16, 50], "threshold": null}, {"pattern": [158], "threshold": null}, {"pattern": [50, 103], "threshold": null}, {"pattern": [34, 86], "threshold": null}, {"pattern": [16, 38], "threshold": null}, {"pattern": [13, 181], "threshold": null}, {"pattern": [212], "threshold": null}, {"pattern": [45], "threshold": null}, {"pattern": [105, 119], "threshold": null}, {"pattern": [190, 215], "threshold": null}, {"pattern": [34, 116], "threshold": null}, {"pattern": [132, 157], "threshold": null}, {"pattern": [120], "threshold": null}, {"pattern": [18, 205], "threshold": null}, {"pattern": [241, 188], "threshold": null}, {"pattern": [188, 109], "threshold": null}, {"pattern": [16, 88], "threshold": null}, {"pattern": [10, 82], "threshold": null}, {"pattern": [225, 151], "threshold": null}, {"pattern": [235, 158], "threshold": null}, {"pattern": [65, 103], "threshold": null}, {"pattern": [132], "threshold": null}, {"pattern": [226, 76], "threshold": null}, {"pattern": [13], "threshold": null}, {"pattern": [65], "threshold": null}]}, {"config": {"code_name": "[CS OM CC][Len SSize MFit CAtom][GNone]", "population_size": 100, "evaluation_budget": 10000, "cluster_info_file_name": "C:\\Users\\gac8\\PycharmProjects\\PSSearch\\retail_forecasting_data_collection\\data\\cluster_info_250_random.pkl", "use_custom_sampling_operator": true, "use_custom_mutation_operator": false, "use_custom_crossover_operator": true, "use_custom_atomicity": true, "genome_threshold": null, "include_ps_len": true, "include_sample_quantity": true, "include_wasserstein_distance": false, "include_diff_median": false, "include_atomicity": true, "include_p_value": false, "include_mean_fitness": true, "include_variance": false}, "results": [{"pattern": [132, 171, 188, 103], "threshold": null}, {"pattern": [88, 103], "threshold": null}, {"pattern": [212, 188, 103], "threshold": null}, {"pattern": [16, 139], "threshold": null}, {"pattern": [196, 13, 158], "threshold": null}, {"pattern": [146, 43, 212], "threshold": null}, {"pattern": [116, 13], "threshold": null}, {"pattern": [171, 188], "threshold": null}, {"pattern": [172, 116], "threshold": null}, {"pattern": [188, 196, 212, 103], "threshold": null}, {"pattern": [132, 188, 158], "threshold": null}, {"pattern": [164, 188, 103], "threshold": null}, {"pattern": [188, 93, 13], "threshold": null}, {"pattern": [162, 103], "threshold": null}, {"pattern": [17], "threshold": null}, {"pattern": [196, 13, 63], "threshold": null}, {"pattern": [90, 188], "threshold": null}, {"pattern": [212, 13, 86, 103], "threshold": null}, {"pattern": [196, 13], "threshold": null}, {"pattern": [188, 13, 86], "threshold": null}, {"pattern": [29, 13], "threshold": null}, {"pattern": [65, 202, 212], "threshold": null}, {"pattern": [212, 171, 188], "threshold": null}, {"pattern": [212, 13], "threshold": null}, {"pattern": [88, 188, 13, 86], "threshold": null}, {"pattern": [188, 95, 63], "threshold": null}, {"pattern": [188, 13], "threshold": null}, {"pattern": [65, 212], "threshold": null}, {"pattern": [25, 13], "threshold": null}, {"pattern": [193, 196, 13], "threshold": null}, {"pattern": [212], "threshold": null}, {"pattern": [90, 13, 103], "threshold": null}, {"pattern": [212, 171, 188, 215], "threshold": null}, {"pattern": [74, 103], "threshold": null}, {"pattern": [212, 103], "threshold": null}, {"pattern": [132, 13], "threshold": null}, {"pattern": [132, 103], "threshold": null}, {"pattern": [180, 103], "threshold": null}, {"pattern": [65, 180, 212, 13], "threshold": null}, {"pattern": [29], "threshold": null}, {"pattern": [188], "threshold": null}, {"pattern": [162, 30], "threshold": null}, {"pattern": [81, 196, 13], "threshold": null}, {"pattern": [43, 212], "threshold": null}, {"pattern": [212, 188, 158, 103], "threshold": null}, {"pattern": [13, 189], "threshold": null}, {"pattern": [212, 188, 158], "threshold": null}, {"pattern": [13, 239], "threshold": null}, {"pattern": [217, 90], "threshold": null}, {"pattern": [16, 90], "threshold": null}, {"pattern": [212, 171, 188, 158], "threshold": null}, {"pattern": [212, 13, 181], "threshold": null}, {"pattern": [188, 132, 103], "threshold": null}, {"pattern": [90], "threshold": null}, {"pattern": [232, 205], "threshold": null}, {"pattern": [90, 103], "threshold": null}, {"pattern": [241, 13], "threshold": null}, {"pattern": [65], "threshold": null}, {"pattern": [65, 171, 212], "threshold": null}, {"pattern": [61, 103], "threshold": null}, {"pattern": [212, 86, 103], "threshold": null}, {"pattern": [93, 13], "threshold": null}, {"pattern": [184], "threshold": null}, {"pattern": [217, 212], "threshold": null}, {"pattern": [86, 103], "threshold": null}, {"pattern": [103], "threshold": null}, {"pattern": [27, 188], "threshold": null}, {"pattern": [248, 132, 103], "threshold": null}, {"pattern": [180, 212, 13], "threshold": null}, {"pattern": [50, 212, 13], "threshold": null}, {"pattern": [188, 103], "threshold": null}, {"pattern": [162, 91], "threshold": null}, {"pattern": [232, 235], "threshold": null}, {"pattern": [16], "threshold": null}, {"pattern": [13], "threshold": null}, {"pattern": [162], "threshold": null}, {"pattern": [16, 103], "threshold": null}]}, {"config": {"code_name": "[CS CM OC][Len SSize MFit CAtom][GNone]", "population_size": 100, "evaluation_budget": 10000, "cluster_info_file_name": "C:\\Users\\gac8\\PycharmProjects\\PSSearch\\retail_forecasting_data_collection\\data\\cluster_info_250_random.pkl", "use_custom_sampling_operator": true, "use_custom_mutation_operator": true, "use_custom_crossover_operator": false, "use_custom_atomicity": true, "genome_threshold": null, "include_ps_len": true, "include_sample_quantity": true, "include_wasserstein_distance": false, "include_diff_median": false, "include_atomicity": true, "include_p_value": false, "include_mean_fitness": true, "include_variance": false}, "results": [{"pattern": [188], "threshold": null}, {"pattern": [195, 239], "threshold": null}, {"pattern": [86], "threshold": null}, {"pattern": [65, 61], "threshold": null}, {"pattern": [88], "threshold": null}, {"pattern": [93], "threshold": null}, {"pattern": [230], "threshold": null}, {"pattern": [25], "threshold": null}, {"pattern": [212, 86], "threshold": null}, {"pattern": [54], "threshold": null}, {"pattern": [103], "threshold": null}, {"pattern": [184, 63], "threshold": null}, {"pattern": [237], "threshold": null}, {"pattern": [158, 215], "threshold": null}, {"pattern": [212, 87], "threshold": null}, {"pattern": [49, 116], "threshold": null}, {"pattern": [217, 132], "threshold": null}, {"pattern": [42, 158], "threshold": null}, {"pattern": [25, 158], "threshold": null}, {"pattern": [116, 87], "threshold": null}, {"pattern": [235, 119], "threshold": null}, {"pattern": [196, 180], "threshold": null}, {"pattern": [158], "threshold": null}, {"pattern": [248, 86], "threshold": null}, {"pattern": [212], "threshold": null}, {"pattern": [160, 245], "threshold": null}, {"pattern": [45], "threshold": null}, {"pattern": [212, 63], "threshold": null}, {"pattern": [204, 92], "threshold": null}, {"pattern": [38, 87], "threshold": null}, {"pattern": [119, 103], "threshold": null}, {"pattern": [120], "threshold": null}, {"pattern": [132, 61], "threshold": null}, {"pattern": [74, 196], "threshold": null}, {"pattern": [132, 103], "threshold": null}, {"pattern": [132], "threshold": null}, {"pattern": [16, 241], "threshold": null}, {"pattern": [13], "threshold": null}, {"pattern": [180, 245], "threshold": null}, {"pattern": [65], "threshold": null}, {"pattern": [217, 116], "threshold": null}]}]}