{"extra_info": {"version": "fallback_v1", "seed": 40}, "data": [{"config": {"code_name": "[CS CM CC][Len SSize MFit CAtom][GNone]", "population_size": 100, "evaluation_budget": 10000, "cluster_info_file_name": "C:\\Users\\gac8\\PycharmProjects\\PSSearch\\retail_forecasting_data_collection\\data\\cluster_info_250_random.pkl", "use_custom_sampling_operator": true, "use_custom_mutation_operator": true, "use_custom_crossover_operator": true, "use_custom_atomicity": true, "genome_threshold": null, "include_ps_len": true, "include_sample_quantity": true, "include_wasserstein_distance": false, "include_diff_median": false, "include_atomicity": true, "include_p_value": false, "include_mean_fitness": true, "include_variance": false}, "results": [{"pattern": [188], "threshold": null}, {"pattern": [103], "threshold": null}, {"pattern": [212], "threshold": null}, {"pattern": [248, 151], "threshold": null}, {"pattern": [93, 86], "threshold": null}, {"pattern": [249, 146], "threshold": null}, {"pattern": [217], "threshold": null}, {"pattern": [50, 158], "threshold": null}, {"pattern": [82, 109], "threshold": null}, {"pattern": [248, 86], "threshold": null}, {"pattern": [16, 90], "threshold": null}, {"pattern": [196], "threshold": null}, {"pattern": [86], "threshold": null}, {"pattern": [132], "threshold": null}, {"pattern": [17, 30], "threshold": null}, {"pattern": [237], "threshold": null}, {"pattern": [202, 151], "threshold": null}, {"pattern": [212, 173], "threshold": null}, {"pattern": [97, 91], "threshold": null}, {"pattern": [120], "threshold": null}, {"pattern": [202, 162], "threshold": null}, {"pattern": [184, 134], "threshold": null}, {"pattern": [16, 212], "threshold": null}, {"pattern": [25, 134], "threshold": null}, {"pattern": [220, 101], "threshold": null}, {"pattern": [81, 153], "threshold": null}, {"pattern": [54], "threshold": null}, {"pattern": [45], "threshold": null}, {"pattern": [230], "threshold": null}, {"pattern": [25], "threshold": null}, {"pattern": [81, 188, 63], "threshold": null}, {"pattern": [212, 196], "threshold": null}, {"pattern": [13, 181], "threshold": null}, {"pattern": [173, 63], "threshold": null}, {"pattern": [65, 245], "threshold": null}, {"pattern": [235, 158], "threshold": null}, {"pattern": [50, 13], "threshold": null}, {"pattern": [93], "threshold": null}, {"pattern": [13], "threshold": null}, {"pattern": [158], "threshold": null}, {"pattern": [248, 215], "threshold": null}, {"pattern": [132, 237], "threshold": null}, {"pattern": [196, 188], "threshold": null}, {"pattern": [42, 188], "threshold": null}, {"pattern": [50, 92], "threshold": null}, {"pattern": [88], "threshold": null}, {"pattern": [248, 134], "threshold": null}, {"pattern": [241, 134], "threshold": null}, {"pattern": [116, 237], "threshold": null}, {"pattern": [104, 142], "threshold": null}, {"pattern": [212, 134], "threshold": null}, {"pattern": [65, 202], "threshold": null}]}, {"config": {"code_name": "[CS CM CC][SSize MFit CAtom][GNone]", "population_size": 100, "evaluation_budget": 10000, "cluster_info_file_name": "C:\\Users\\gac8\\PycharmProjects\\PSSearch\\retail_forecasting_data_collection\\data\\cluster_info_250_random.pkl", "use_custom_sampling_operator": true, "use_custom_mutation_operator": true, "use_custom_crossover_operator": true, "use_custom_atomicity": true, "genome_threshold": null, "include_ps_len": false, "include_sample_quantity": true, "include_wasserstein_distance": false, "include_diff_median": false, "include_atomicity": true, "include_p_value": false, "include_mean_fitness": true, "include_variance": false}, "results": [{"pattern": [74, 86], "threshold": null}, {"pattern": [103, 63], "threshold": null}, {"pattern": [226, 63], "threshold": null}, {"pattern": [196, 190], "threshold": null}, {"pattern": [65, 25], "threshold": null}, {"pattern": [248, 134], "threshold": null}, {"pattern": [103], "threshold": null}, {"pattern": [87, 63], "threshold": null}, {"pattern": [88], "threshold": null}, {"pattern": [212, 188], "threshold": null}, {"pattern": [212, 157], "threshold": null}, {"pattern": [13, 167], "threshold": null}, {"pattern": [212, 158], "threshold": null}, {"pattern": [212, 246], "threshold": null}, {"pattern": [56, 38], "threshold": null}, {"pattern": [177, 158], "threshold": null}, {"pattern": [162, 158], "threshold": null}, {"pattern": [196], "threshold": null}, {"pattern": [241, 221], "threshold": null}, {"pattern": [190, 86], "threshold": null}, {"pattern": [16, 245], "threshold": null}, {"pattern": [232, 158], "threshold": null}, {"pattern": [158], "threshold": null}, {"pattern": [88, 217], "threshold": null}, {"pattern": [202, 43], "threshold": null}, {"pattern": [132], "threshold": null}, {"pattern": [212, 180], "threshold": null}, {"pattern": [248, 212], "threshold": null}, {"pattern": [56, 246], "threshold": null}, {"pattern": [188], "threshold": null}, {"pattern": [193, 90], "threshold": null}, {"pattern": [177, 196], "threshold": null}, {"pattern": [212], "threshold": null}, {"pattern": [157, 103], "threshold": null}, {"pattern": [164, 13], "threshold": null}, {"pattern": [86], "threshold": null}, {"pattern": [13], "threshold": null}, {"pattern": [204, 215], "threshold": null}]}, {"config": {"code_name": "[CS CM CC][Len MFit CAtom][GNone]", "population_size": 100, "evaluation_budget": 10000, "cluster_info_file_name": "C:\\Users\\gac8\\PycharmProjects\\PSSearch\\retail_forecasting_data_collection\\data\\cluster_info_250_random.pkl", "use_custom_sampling_operator": true, "use_custom_mutation_operator": true, "use_custom_crossover_operator": true, "use_custom_atomicity": true, "genome_threshold": null, "include_ps_len": true, "include_sample_quantity": false, "include_wasserstein_distance": false, "include_diff_median": false, "include_atomicity": true, "include_p_value": false, "include_mean_fitness": true, "include_variance": false}, "results": [{"pattern": [25, 103], "threshold": null}, {"pattern": [232, 87], "threshold": null}, {"pattern": [120], "threshold": null}, {"pattern": [196, 180, 13], "threshold": null}, {"pattern": [237, 134], "threshold": null}, {"pattern": [17, 134], "threshold": null}, {"pattern": [232, 35], "threshold": null}, {"pattern": [25, 132], "threshold": null}]}, {"config": {"code_name": "[CS CM CC][Len SSize CAtom][GNone]", "population_size": 100, "evaluation_budget": 10000, "cluster_info_file_name": "C:\\Users\\gac8\\PycharmProjects\\PSSearch\\retail_forecasting_data_collection\\data\\cluster_info_250_random.pkl", "use_custom_sampling_operator": true, "use_custom_mutation_operator": true, "use_custom_crossover_operator": true, "use_custom_atomicity": true, "genome_threshold": null, "include_ps_len": true, "include_sample_quantity": true, "include_wasserstein_distance": false, "include_diff_median": false, "include_atomicity": true, "include_p_value": false, "include_mean_fitness": false, "include_variance": false}, "results": [{"pattern": [35, 68], "threshold": null}, {"pattern": [132, 103], "threshold": null}, {"pattern": [188], "threshold": null}, {"pattern": [65, 188], "threshold": null}, {"pattern": [146, 39], "threshold": null}, {"pattern": [212, 158], "threshold": null}, {"pattern": [134, 103], "threshold": null}, {"pattern": [212, 215], "threshold": null}, {"pattern": [195, 135], "threshold": null}]}, {"config": {"code_name": "[CS CM CC][Len SSize MFit][GNone]", "population_size": 100, "evaluation_budget": 10000, "cluster_info_file_name": "C:\\Users\\gac8\\PycharmProjects\\PSSearch\\retail_forecasting_data_collection\\data\\cluster_info_250_random.pkl", "use_custom_sampling_operator": true, "use_custom_mutation_operator": true, "use_custom_crossover_operator": true, "use_custom_atomicity": true, "genome_threshold": null, "include_ps_len": true, "include_sample_quantity": true, "include_wasserstein_distance": false, "include_diff_median": false, "include_atomicity": false, "include_p_value": false, "include_mean_fitness": true, "include_variance": false}, "results": [{"pattern": [196], "threshold": null}, {"pattern": [248, 65], "threshold": null}, {"pattern": [25], "threshold": null}, {"pattern": [212], "threshold": null}, {"pattern": [13], "threshold": null}, {"pattern": [208, 86], "threshold": null}, {"pattern": [45], "threshold": null}, {"pattern": [25, 90], "threshold": null}, {"pattern": [65, 196], "threshold": null}, {"pattern": [132], "threshold": null}, {"pattern": [212, 221], "threshold": null}, {"pattern": [158], "threshold": null}, {"pattern": [177, 90], "threshold": null}, {"pattern": [54], "threshold": null}, {"pattern": [120], "threshold": null}, {"pattern": [217], "threshold": null}, {"pattern": [93], "threshold": null}, {"pattern": [103], "threshold": null}, {"pattern": [65, 188], "threshold": null}, {"pattern": [188, 167], "threshold": null}, {"pattern": [241, 13], "threshold": null}, {"pattern": [88], "threshold": null}, {"pattern": [237], "threshold": null}, {"pattern": [158, 63], "threshold": null}, {"pattern": [221, 86], "threshold": null}, {"pattern": [50, 196, 86], "threshold": null}, {"pattern": [230], "threshold": null}, {"pattern": [188], "threshold": null}, {"pattern": [86], "threshold": null}]}, {"config": {"code_name": "[OS CM CC][Len SSize MFit CAtom][GNone]", "population_size": 100, "evaluation_budget": 10000, "cluster_info_file_name": "C:\\Users\\gac8\\PycharmProjects\\PSSearch\\retail_forecasting_data_collection\\data\\cluster_info_250_random.pkl", "use_custom_sampling_operator": false, "use_custom_mutation_operator": true, "use_custom_crossover_operator": true, "use_custom_atomicity": true, "genome_threshold": null, "include_ps_len": true, "include_sample_quantity": true, "include_wasserstein_distance": false, "include_diff_median": false, "include_atomicity": true, "include_p_value": false, "include_mean_fitness": true, "include_variance": false}, "results": [{"pattern": [16, 139, 212], "threshold": null}, {"pattern": [188], "threshold": null}, {"pattern": [162, 221], "threshold": null}, {"pattern": [103], "threshold": null}, {"pattern": [212], "threshold": null}, {"pattern": [93, 86], "threshold": null}, {"pattern": [211, 134], "threshold": null}, {"pattern": [209, 59], "threshold": null}, {"pattern": [217], "threshold": null}, {"pattern": [132], "threshold": null}, {"pattern": [86, 63], "threshold": null}, {"pattern": [65, 188], "threshold": null}, {"pattern": [196], "threshold": null}, {"pattern": [86], "threshold": null}, {"pattern": [218, 51], "threshold": null}, {"pattern": [34, 196], "threshold": null}, {"pattern": [249, 195], "threshold": null}, {"pattern": [237], "threshold": null}, {"pattern": [52, 215], "threshold": null}, {"pattern": [132, 157], "threshold": null}, {"pattern": [27, 61], "threshold": null}, {"pattern": [91, 215], "threshold": null}, {"pattern": [16, 158], "threshold": null}, {"pattern": [162, 215], "threshold": null}, {"pattern": [120], "threshold": null}, {"pattern": [30, 103], "threshold": null}, {"pattern": [34, 134], "threshold": null}, {"pattern": [25, 235], "threshold": null}, {"pattern": [188, 158], "threshold": null}, {"pattern": [162, 196], "threshold": null}, {"pattern": [54], "threshold": null}, {"pattern": [45], "threshold": null}, {"pattern": [230], "threshold": null}, {"pattern": [25], "threshold": null}, {"pattern": [34, 116], "threshold": null}, {"pattern": [164, 134], "threshold": null}, {"pattern": [205, 38], "threshold": null}, {"pattern": [65, 212], "threshold": null}, {"pattern": [13, 127], "threshold": null}, {"pattern": [49, 212], "threshold": null}, {"pattern": [93], "threshold": null}, {"pattern": [74, 116], "threshold": null}, {"pattern": [13], "threshold": null}, {"pattern": [245, 86], "threshold": null}, {"pattern": [158], "threshold": null}, {"pattern": [212, 116], "threshold": null}, {"pattern": [61, 158], "threshold": null}, {"pattern": [18, 37], "threshold": null}, {"pattern": [16, 167], "threshold": null}, {"pattern": [13, 215], "threshold": null}, {"pattern": [90, 188, 132], "threshold": null}, {"pattern": [88], "threshold": null}, {"pattern": [196, 181], "threshold": null}, {"pattern": [196, 29], "threshold": null}, {"pattern": [245, 134], "threshold": null}, {"pattern": [116, 237], "threshold": null}, {"pattern": [122, 11], "threshold": null}, {"pattern": [241, 212], "threshold": null}, {"pattern": [202, 215], "threshold": null}, {"pattern": [225, 132], "threshold": null}, {"pattern": [208, 47], "threshold": null}]}, {"config": {"code_name": "[CS OM CC][Len SSize MFit CAtom][GNone]", "population_size": 100, "evaluation_budget": 10000, "cluster_info_file_name": "C:\\Users\\gac8\\PycharmProjects\\PSSearch\\retail_forecasting_data_collection\\data\\cluster_info_250_random.pkl", "use_custom_sampling_operator": true, "use_custom_mutation_operator": false, "use_custom_crossover_operator": true, "use_custom_atomicity": true, "genome_threshold": null, "include_ps_len": true, "include_sample_quantity": true, "include_wasserstein_distance": false, "include_diff_median": false, "include_atomicity": true, "include_p_value": false, "include_mean_fitness": true, "include_variance": false}, "results": [{"pattern": [212], "threshold": null}, {"pattern": [196, 188, 215], "threshold": null}, {"pattern": [196, 180], "threshold": null}, {"pattern": [65, 212, 103], "threshold": null}, {"pattern": [65, 158, 86], "threshold": null}, {"pattern": [249, 43, 212], "threshold": null}, {"pattern": [212, 173], "threshold": null}, {"pattern": [212, 158, 215], "threshold": null}, {"pattern": [212, 215], "threshold": null}, {"pattern": [180], "threshold": null}, {"pattern": [132, 188, 196, 215], "threshold": null}, {"pattern": [16, 212, 188, 158], "threshold": null}, {"pattern": [91, 196, 215], "threshold": null}, {"pattern": [132, 196, 103], "threshold": null}, {"pattern": [88, 180], "threshold": null}, {"pattern": [188, 13, 158], "threshold": null}, {"pattern": [188, 146, 43, 212], "threshold": null}, {"pattern": [91, 196], "threshold": null}, {"pattern": [215, 196, 103], "threshold": null}, {"pattern": [167], "threshold": null}, {"pattern": [202, 86], "threshold": null}, {"pattern": [217, 86], "threshold": null}, {"pattern": [16, 212, 158], "threshold": null}, {"pattern": [91, 215], "threshold": null}, {"pattern": [162, 202], "threshold": null}, {"pattern": [88, 188, 212, 86], "threshold": null}, {"pattern": [16, 212], "threshold": null}, {"pattern": [56, 86], "threshold": null}, {"pattern": [25], "threshold": null}, {"pattern": [65, 196, 212], "threshold": null}, {"pattern": [196, 180, 86], "threshold": null}, {"pattern": [188, 132], "threshold": null}, {"pattern": [25, 116], "threshold": null}, {"pattern": [146, 43, 212], "threshold": null}, {"pattern": [212, 188, 158, 215], "threshold": null}, {"pattern": [196, 86], "threshold": null}, {"pattern": [146, 149], "threshold": null}, {"pattern": [196, 103], "threshold": null}, {"pattern": [196, 212, 188], "threshold": null}, {"pattern": [132, 188, 158], "threshold": null}, {"pattern": [212, 196, 180], "threshold": null}, {"pattern": [25, 212], "threshold": null}, {"pattern": [196], "threshold": null}, {"pattern": [86], "threshold": null}, {"pattern": [212, 188, 158], "threshold": null}, {"pattern": [25, 86], "threshold": null}, {"pattern": [16, 116, 212], "threshold": null}, {"pattern": [188, 215], "threshold": null}, {"pattern": [16, 212, 188], "threshold": null}, {"pattern": [25, 188, 116], "threshold": null}, {"pattern": [86, 212, 188, 158], "threshold": null}, {"pattern": [188, 158], "threshold": null}, {"pattern": [190], "threshold": null}, {"pattern": [132, 158], "threshold": null}, {"pattern": [188, 103], "threshold": null}, {"pattern": [180, 86], "threshold": null}, {"pattern": [196, 90, 188, 212], "threshold": null}, {"pattern": [27, 196, 86], "threshold": null}, {"pattern": [212, 188, 86], "threshold": null}, {"pattern": [232, 25], "threshold": null}, {"pattern": [212, 158], "threshold": null}, {"pattern": [188, 86, 103], "threshold": null}, {"pattern": [212, 188], "threshold": null}, {"pattern": [188, 158, 215], "threshold": null}, {"pattern": [188, 86], "threshold": null}, {"pattern": [208, 171], "threshold": null}, {"pattern": [25, 13], "threshold": null}, {"pattern": [188], "threshold": null}, {"pattern": [155, 86], "threshold": null}, {"pattern": [224, 202, 196], "threshold": null}, {"pattern": [212, 180, 86], "threshold": null}, {"pattern": [224, 202], "threshold": null}, {"pattern": [212, 63], "threshold": null}, {"pattern": [65, 212, 158, 86], "threshold": null}, {"pattern": [65, 212], "threshold": null}, {"pattern": [65, 212, 86, 188, 158], "threshold": null}, {"pattern": [88, 188, 86], "threshold": null}, {"pattern": [212, 188, 215], "threshold": null}, {"pattern": [116, 212, 167], "threshold": null}, {"pattern": [16, 212, 63], "threshold": null}]}, {"config": {"code_name": "[CS CM OC][Len SSize MFit CAtom][GNone]", "population_size": 100, "evaluation_budget": 10000, "cluster_info_file_name": "C:\\Users\\gac8\\PycharmProjects\\PSSearch\\retail_forecasting_data_collection\\data\\cluster_info_250_random.pkl", "use_custom_sampling_operator": true, "use_custom_mutation_operator": true, "use_custom_crossover_operator": false, "use_custom_atomicity": true, "genome_threshold": null, "include_ps_len": true, "include_sample_quantity": true, "include_wasserstein_distance": false, "include_diff_median": false, "include_atomicity": true, "include_p_value": false, "include_mean_fitness": true, "include_variance": false}, "results": [{"pattern": [196, 173], "threshold": null}, {"pattern": [188], "threshold": null}, {"pattern": [103], "threshold": null}, {"pattern": [212], "threshold": null}, {"pattern": [90, 212], "threshold": null}, {"pattern": [211, 134], "threshold": null}, {"pattern": [217], "threshold": null}, {"pattern": [132], "threshold": null}, {"pattern": [196], "threshold": null}, {"pattern": [86], "threshold": null}, {"pattern": [218, 51], "threshold": null}, {"pattern": [184, 30], "threshold": null}, {"pattern": [237], "threshold": null}, {"pattern": [65, 139], "threshold": null}, {"pattern": [38, 63], "threshold": null}, {"pattern": [88, 65], "threshold": null}, {"pattern": [16, 235], "threshold": null}, {"pattern": [120], "threshold": null}, {"pattern": [88, 212], "threshold": null}, {"pattern": [88, 188], "threshold": null}, {"pattern": [91, 103], "threshold": null}, {"pattern": [16, 212], "threshold": null}, {"pattern": [212, 95], "threshold": null}, {"pattern": [196, 221], "threshold": null}, {"pattern": [54], "threshold": null}, {"pattern": [249, 101], "threshold": null}, {"pattern": [56, 86], "threshold": null}, {"pattern": [217, 196], "threshold": null}, {"pattern": [45], "threshold": null}, {"pattern": [230], "threshold": null}, {"pattern": [25], "threshold": null}, {"pattern": [90, 167], "threshold": null}, {"pattern": [35, 52], "threshold": null}, {"pattern": [34, 116], "threshold": null}, {"pattern": [212, 69], "threshold": null}, {"pattern": [105, 119], "threshold": null}, {"pattern": [86, 127], "threshold": null}, {"pattern": [215, 87], "threshold": null}, {"pattern": [211, 196], "threshold": null}, {"pattern": [92, 63], "threshold": null}, {"pattern": [93], "threshold": null}, {"pattern": [224, 180], "threshold": null}, {"pattern": [188, 167], "threshold": null}, {"pattern": [13], "threshold": null}, {"pattern": [158], "threshold": null}, {"pattern": [16, 167], "threshold": null}, {"pattern": [88], "threshold": null}, {"pattern": [16, 25], "threshold": null}, {"pattern": [180, 116], "threshold": null}, {"pattern": [16, 232], "threshold": null}, {"pattern": [232, 132], "threshold": null}, {"pattern": [16, 237], "threshold": null}, {"pattern": [27, 63], "threshold": null}]}]}