{"extra_info": {"version": "fallback_v1", "seed": 61}, "data": [{"config": {"code_name": "[CS CM CC][Len SSize MFit CAtom][GNone]", "population_size": 100, "evaluation_budget": 10000, "cluster_info_file_name": "C:\\Users\\gac8\\PycharmProjects\\PSSearch\\retail_forecasting_data_collection\\data\\cluster_info_250_random.pkl", "use_custom_sampling_operator": true, "use_custom_mutation_operator": true, "use_custom_crossover_operator": true, "use_custom_atomicity": true, "genome_threshold": null, "include_ps_len": true, "include_sample_quantity": true, "include_wasserstein_distance": false, "include_diff_median": false, "include_atomicity": true, "include_p_value": false, "include_mean_fitness": true, "include_variance": false}, "results": [{"pattern": [88], "threshold": null}, {"pattern": [61, 158], "threshold": null}, {"pattern": [171, 151], "threshold": null}, {"pattern": [202, 43], "threshold": null}, {"pattern": [162, 221], "threshold": null}, {"pattern": [233, 37], "threshold": null}, {"pattern": [217], "threshold": null}, {"pattern": [184, 87], "threshold": null}, {"pattern": [54], "threshold": null}, {"pattern": [45], "threshold": null}, {"pattern": [86, 127], "threshold": null}, {"pattern": [88, 188], "threshold": null}, {"pattern": [26, 215], "threshold": null}, {"pattern": [16, 88], "threshold": null}, {"pattern": [74, 212], "threshold": null}, {"pattern": [232, 30], "threshold": null}, {"pattern": [49, 77], "threshold": null}, {"pattern": [120], "threshold": null}, {"pattern": [25, 103], "threshold": null}, {"pattern": [221, 158], "threshold": null}, {"pattern": [196, 93], "threshold": null}, {"pattern": [90, 13], "threshold": null}, {"pattern": [16, 25], "threshold": null}, {"pattern": [13], "threshold": null}, {"pattern": [196], "threshold": null}, {"pattern": [25, 86], "threshold": null}, {"pattern": [86], "threshold": null}, {"pattern": [132], "threshold": null}, {"pattern": [197], "threshold": null}, {"pattern": [109, 87], "threshold": null}, {"pattern": [196, 188], "threshold": null}, {"pattern": [25], "threshold": null}, {"pattern": [241, 212], "threshold": null}, {"pattern": [212], "threshold": null}, {"pattern": [224, 248], "threshold": null}, {"pattern": [237], "threshold": null}, {"pattern": [103], "threshold": null}, {"pattern": [92, 165], "threshold": null}, {"pattern": [188], "threshold": null}, {"pattern": [158], "threshold": null}, {"pattern": [248, 25], "threshold": null}, {"pattern": [230], "threshold": null}, {"pattern": [65], "threshold": null}, {"pattern": [90, 158], "threshold": null}, {"pattern": [188, 151], "threshold": null}, {"pattern": [209, 188], "threshold": null}, {"pattern": [209, 151], "threshold": null}]}, {"config": {"code_name": "[CS CM CC][SSize MFit CAtom][GNone]", "population_size": 100, "evaluation_budget": 10000, "cluster_info_file_name": "C:\\Users\\gac8\\PycharmProjects\\PSSearch\\retail_forecasting_data_collection\\data\\cluster_info_250_random.pkl", "use_custom_sampling_operator": true, "use_custom_mutation_operator": true, "use_custom_crossover_operator": true, "use_custom_atomicity": true, "genome_threshold": null, "include_ps_len": false, "include_sample_quantity": true, "include_wasserstein_distance": false, "include_diff_median": false, "include_atomicity": true, "include_p_value": false, "include_mean_fitness": true, "include_variance": false}, "results": [{"pattern": [196, 13], "threshold": null}, {"pattern": [33, 68], "threshold": null}, {"pattern": [212], "threshold": null}, {"pattern": [211, 134], "threshold": null}, {"pattern": [155, 134], "threshold": null}, {"pattern": [25, 196], "threshold": null}, {"pattern": [65, 212], "threshold": null}, {"pattern": [212, 171, 132], "threshold": null}, {"pattern": [221, 103], "threshold": null}, {"pattern": [165, 63], "threshold": null}, {"pattern": [212, 95], "threshold": null}, {"pattern": [103], "threshold": null}, {"pattern": [24, 86], "threshold": null}, {"pattern": [16, 182], "threshold": null}, {"pattern": [202, 53], "threshold": null}, {"pattern": [90, 221], "threshold": null}, {"pattern": [65], "threshold": null}, {"pattern": [202, 188], "threshold": null}, {"pattern": [56, 38], "threshold": null}, {"pattern": [52, 103], "threshold": null}, {"pattern": [27, 13], "threshold": null}, {"pattern": [196, 95], "threshold": null}, {"pattern": [132, 93], "threshold": null}, {"pattern": [241, 134], "threshold": null}, {"pattern": [217], "threshold": null}, {"pattern": [190, 87], "threshold": null}, {"pattern": [119, 63], "threshold": null}, {"pattern": [205, 63], "threshold": null}, {"pattern": [177, 212], "threshold": null}, {"pattern": [202, 27], "threshold": null}, {"pattern": [61, 158], "threshold": null}, {"pattern": [237], "threshold": null}, {"pattern": [184, 87], "threshold": null}, {"pattern": [188], "threshold": null}, {"pattern": [86, 103], "threshold": null}, {"pattern": [158], "threshold": null}, {"pattern": [25, 63], "threshold": null}, {"pattern": [49, 212], "threshold": null}, {"pattern": [50, 86], "threshold": null}, {"pattern": [53, 215], "threshold": null}, {"pattern": [86], "threshold": null}, {"pattern": [34, 215], "threshold": null}, {"pattern": [248, 25], "threshold": null}, {"pattern": [13], "threshold": null}, {"pattern": [160, 245], "threshold": null}, {"pattern": [196], "threshold": null}, {"pattern": [132], "threshold": null}, {"pattern": [11, 109], "threshold": null}, {"pattern": [188, 245], "threshold": null}]}, {"config": {"code_name": "[CS CM CC][Len MFit CAtom][GNone]", "population_size": 100, "evaluation_budget": 10000, "cluster_info_file_name": "C:\\Users\\gac8\\PycharmProjects\\PSSearch\\retail_forecasting_data_collection\\data\\cluster_info_250_random.pkl", "use_custom_sampling_operator": true, "use_custom_mutation_operator": true, "use_custom_crossover_operator": true, "use_custom_atomicity": true, "genome_threshold": null, "include_ps_len": true, "include_sample_quantity": false, "include_wasserstein_distance": false, "include_diff_median": false, "include_atomicity": true, "include_p_value": false, "include_mean_fitness": true, "include_variance": false}, "results": [{"pattern": [56, 38], "threshold": null}, {"pattern": [25, 63], "threshold": null}, {"pattern": [205, 119], "threshold": null}, {"pattern": [134, 95], "threshold": null}, {"pattern": [237, 13], "threshold": null}, {"pattern": [38, 87], "threshold": null}, {"pattern": [184, 87], "threshold": null}, {"pattern": [120], "threshold": null}]}, {"config": {"code_name": "[CS CM CC][Len SSize CAtom][GNone]", "population_size": 100, "evaluation_budget": 10000, "cluster_info_file_name": "C:\\Users\\gac8\\PycharmProjects\\PSSearch\\retail_forecasting_data_collection\\data\\cluster_info_250_random.pkl", "use_custom_sampling_operator": true, "use_custom_mutation_operator": true, "use_custom_crossover_operator": true, "use_custom_atomicity": true, "genome_threshold": null, "include_ps_len": true, "include_sample_quantity": true, "include_wasserstein_distance": false, "include_diff_median": false, "include_atomicity": true, "include_p_value": false, "include_mean_fitness": false, "include_variance": false}, "results": [{"pattern": [146, 101], "threshold": null}, {"pattern": [81, 63], "threshold": null}, {"pattern": [195, 39], "threshold": null}, {"pattern": [43, 212], "threshold": null}, {"pattern": [188, 101], "threshold": null}, {"pattern": [188], "threshold": null}, {"pattern": [146, 13], "threshold": null}, {"pattern": [244, 239], "threshold": null}, {"pattern": [209, 59], "threshold": null}, {"pattern": [122, 109], "threshold": null}]}, {"config": {"code_name": "[CS CM CC][Len SSize MFit][GNone]", "population_size": 100, "evaluation_budget": 10000, "cluster_info_file_name": "C:\\Users\\gac8\\PycharmProjects\\PSSearch\\retail_forecasting_data_collection\\data\\cluster_info_250_random.pkl", "use_custom_sampling_operator": true, "use_custom_mutation_operator": true, "use_custom_crossover_operator": true, "use_custom_atomicity": true, "genome_threshold": null, "include_ps_len": true, "include_sample_quantity": true, "include_wasserstein_distance": false, "include_diff_median": false, "include_atomicity": false, "include_p_value": false, "include_mean_fitness": true, "include_variance": false}, "results": [{"pattern": [45], "threshold": null}, {"pattern": [230], "threshold": null}, {"pattern": [237], "threshold": null}, {"pattern": [217, 134], "threshold": null}, {"pattern": [212, 86], "threshold": null}, {"pattern": [88], "threshold": null}, {"pattern": [65, 188], "threshold": null}, {"pattern": [116, 158], "threshold": null}, {"pattern": [120], "threshold": null}, {"pattern": [103], "threshold": null}, {"pattern": [86], "threshold": null}, {"pattern": [180, 134], "threshold": null}, {"pattern": [158], "threshold": null}, {"pattern": [16, 215], "threshold": null}, {"pattern": [132], "threshold": null}, {"pattern": [65, 27], "threshold": null}, {"pattern": [212, 158], "threshold": null}, {"pattern": [90, 237], "threshold": null}, {"pattern": [212], "threshold": null}, {"pattern": [217], "threshold": null}, {"pattern": [196], "threshold": null}, {"pattern": [65], "threshold": null}, {"pattern": [188], "threshold": null}, {"pattern": [197], "threshold": null}, {"pattern": [54], "threshold": null}, {"pattern": [25, 158], "threshold": null}, {"pattern": [90, 196], "threshold": null}, {"pattern": [13], "threshold": null}, {"pattern": [25], "threshold": null}, {"pattern": [132, 103], "threshold": null}, {"pattern": [241, 103], "threshold": null}, {"pattern": [158, 215], "threshold": null}]}, {"config": {"code_name": "[OS CM CC][Len SSize MFit CAtom][GNone]", "population_size": 100, "evaluation_budget": 10000, "cluster_info_file_name": "C:\\Users\\gac8\\PycharmProjects\\PSSearch\\retail_forecasting_data_collection\\data\\cluster_info_250_random.pkl", "use_custom_sampling_operator": false, "use_custom_mutation_operator": true, "use_custom_crossover_operator": true, "use_custom_atomicity": true, "genome_threshold": null, "include_ps_len": true, "include_sample_quantity": true, "include_wasserstein_distance": false, "include_diff_median": false, "include_atomicity": true, "include_p_value": false, "include_mean_fitness": true, "include_variance": false}, "results": [{"pattern": [88], "threshold": null}, {"pattern": [162, 212], "threshold": null}, {"pattern": [208, 158], "threshold": null}, {"pattern": [16, 248], "threshold": null}, {"pattern": [25, 63], "threshold": null}, {"pattern": [90, 164], "threshold": null}, {"pattern": [162, 221], "threshold": null}, {"pattern": [88, 196], "threshold": null}, {"pattern": [64, 75], "threshold": null}, {"pattern": [217], "threshold": null}, {"pattern": [54], "threshold": null}, {"pattern": [45], "threshold": null}, {"pattern": [69, 71], "threshold": null}, {"pattern": [56, 188], "threshold": null}, {"pattern": [237, 13], "threshold": null}, {"pattern": [120], "threshold": null}, {"pattern": [86, 38], "threshold": null}, {"pattern": [33, 13], "threshold": null}, {"pattern": [212, 196], "threshold": null}, {"pattern": [16, 25], "threshold": null}, {"pattern": [90, 188], "threshold": null}, {"pattern": [49, 116], "threshold": null}, {"pattern": [241, 202], "threshold": null}, {"pattern": [13], "threshold": null}, {"pattern": [158, 38], "threshold": null}, {"pattern": [196], "threshold": null}, {"pattern": [25, 235], "threshold": null}, {"pattern": [177, 202], "threshold": null}, {"pattern": [86], "threshold": null}, {"pattern": [132], "threshold": null}, {"pattern": [197], "threshold": null}, {"pattern": [224, 180], "threshold": null}, {"pattern": [25], "threshold": null}, {"pattern": [190, 134], "threshold": null}, {"pattern": [212], "threshold": null}, {"pattern": [88, 86], "threshold": null}, {"pattern": [221, 103], "threshold": null}, {"pattern": [50, 134], "threshold": null}, {"pattern": [237], "threshold": null}, {"pattern": [103], "threshold": null}, {"pattern": [188], "threshold": null}, {"pattern": [56, 38], "threshold": null}, {"pattern": [132, 55], "threshold": null}, {"pattern": [158], "threshold": null}, {"pattern": [184, 215], "threshold": null}, {"pattern": [164, 158], "threshold": null}, {"pattern": [230], "threshold": null}, {"pattern": [65], "threshold": null}, {"pattern": [16, 241], "threshold": null}, {"pattern": [90, 86], "threshold": null}]}, {"config": {"code_name": "[CS OM CC][Len SSize MFit CAtom][GNone]", "population_size": 100, "evaluation_budget": 10000, "cluster_info_file_name": "C:\\Users\\gac8\\PycharmProjects\\PSSearch\\retail_forecasting_data_collection\\data\\cluster_info_250_random.pkl", "use_custom_sampling_operator": true, "use_custom_mutation_operator": false, "use_custom_crossover_operator": true, "use_custom_atomicity": true, "genome_threshold": null, "include_ps_len": true, "include_sample_quantity": true, "include_wasserstein_distance": false, "include_diff_median": false, "include_atomicity": true, "include_p_value": false, "include_mean_fitness": true, "include_variance": false}, "results": [{"pattern": [65, 188], "threshold": null}, {"pattern": [196, 102], "threshold": null}, {"pattern": [25, 188, 103], "threshold": null}, {"pattern": [202, 212, 188], "threshold": null}, {"pattern": [90, 27], "threshold": null}, {"pattern": [16, 212], "threshold": null}, {"pattern": [86, 158, 215], "threshold": null}, {"pattern": [134, 158], "threshold": null}, {"pattern": [196], "threshold": null}, {"pattern": [93], "threshold": null}, {"pattern": [27, 86], "threshold": null}, {"pattern": [241, 180], "threshold": null}, {"pattern": [241, 212, 180], "threshold": null}, {"pattern": [155, 212], "threshold": null}, {"pattern": [177, 212, 158], "threshold": null}, {"pattern": [180, 158], "threshold": null}, {"pattern": [202, 212], "threshold": null}, {"pattern": [132, 90, 188, 86], "threshold": null}, {"pattern": [102], "threshold": null}, {"pattern": [212, 190], "threshold": null}, {"pattern": [90, 27, 86], "threshold": null}, {"pattern": [212, 180], "threshold": null}, {"pattern": [27, 222], "threshold": null}, {"pattern": [16, 212, 158], "threshold": null}, {"pattern": [27, 188, 86], "threshold": null}, {"pattern": [65, 180, 86], "threshold": null}, {"pattern": [188, 196, 103], "threshold": null}, {"pattern": [224, 180], "threshold": null}, {"pattern": [61, 190], "threshold": null}, {"pattern": [196, 158], "threshold": null}, {"pattern": [212], "threshold": null}, {"pattern": [196, 86], "threshold": null}, {"pattern": [90, 188, 86], "threshold": null}, {"pattern": [180], "threshold": null}, {"pattern": [158], "threshold": null}, {"pattern": [27, 212, 180], "threshold": null}, {"pattern": [27, 196, 215], "threshold": null}, {"pattern": [180, 196, 86], "threshold": null}, {"pattern": [65, 212, 180], "threshold": null}, {"pattern": [212, 93], "threshold": null}, {"pattern": [56, 188, 86], "threshold": null}, {"pattern": [137, 196], "threshold": null}, {"pattern": [65, 90, 188, 86], "threshold": null}, {"pattern": [116, 188, 190], "threshold": null}, {"pattern": [188, 63], "threshold": null}, {"pattern": [25, 188, 215], "threshold": null}, {"pattern": [81, 212], "threshold": null}, {"pattern": [224, 196], "threshold": null}, {"pattern": [193, 158], "threshold": null}, {"pattern": [212, 158], "threshold": null}, {"pattern": [196, 237], "threshold": null}, {"pattern": [212, 188], "threshold": null}, {"pattern": [177, 158], "threshold": null}, {"pattern": [180, 212, 158], "threshold": null}, {"pattern": [65, 212, 188], "threshold": null}, {"pattern": [177, 188, 158], "threshold": null}, {"pattern": [188], "threshold": null}, {"pattern": [116, 188], "threshold": null}, {"pattern": [90, 196], "threshold": null}, {"pattern": [65, 180], "threshold": null}, {"pattern": [158, 215], "threshold": null}, {"pattern": [180, 188, 196, 86], "threshold": null}, {"pattern": [27, 196], "threshold": null}, {"pattern": [188, 87, 63], "threshold": null}, {"pattern": [180, 237], "threshold": null}, {"pattern": [188, 95, 63], "threshold": null}, {"pattern": [123, 13], "threshold": null}, {"pattern": [61], "threshold": null}, {"pattern": [61, 215], "threshold": null}, {"pattern": [188, 237, 63], "threshold": null}, {"pattern": [134, 212, 158], "threshold": null}, {"pattern": [188, 86], "threshold": null}, {"pattern": [86, 212, 158], "threshold": null}, {"pattern": [196, 188], "threshold": null}, {"pattern": [90, 61], "threshold": null}, {"pattern": [188, 38, 63], "threshold": null}, {"pattern": [65], "threshold": null}]}, {"config": {"code_name": "[CS CM OC][Len SSize MFit CAtom][GNone]", "population_size": 100, "evaluation_budget": 10000, "cluster_info_file_name": "C:\\Users\\gac8\\PycharmProjects\\PSSearch\\retail_forecasting_data_collection\\data\\cluster_info_250_random.pkl", "use_custom_sampling_operator": true, "use_custom_mutation_operator": true, "use_custom_crossover_operator": false, "use_custom_atomicity": true, "genome_threshold": null, "include_ps_len": true, "include_sample_quantity": true, "include_wasserstein_distance": false, "include_diff_median": false, "include_atomicity": true, "include_p_value": false, "include_mean_fitness": true, "include_variance": false}, "results": [{"pattern": [88], "threshold": null}, {"pattern": [25, 139], "threshold": null}, {"pattern": [241, 188], "threshold": null}, {"pattern": [171, 188], "threshold": null}, {"pattern": [43, 101], "threshold": null}, {"pattern": [18, 37], "threshold": null}, {"pattern": [217], "threshold": null}, {"pattern": [188, 13, 134], "threshold": null}, {"pattern": [37, 63], "threshold": null}, {"pattern": [45], "threshold": null}, {"pattern": [54], "threshold": null}, {"pattern": [49, 215], "threshold": null}, {"pattern": [16, 151], "threshold": null}, {"pattern": [49, 212], "threshold": null}, {"pattern": [25, 177], "threshold": null}, {"pattern": [202, 162], "threshold": null}, {"pattern": [224, 196], "threshold": null}, {"pattern": [120], "threshold": null}, {"pattern": [241, 196], "threshold": null}, {"pattern": [81, 215], "threshold": null}, {"pattern": [248, 90], "threshold": null}, {"pattern": [212, 164], "threshold": null}, {"pattern": [188, 38], "threshold": null}, {"pattern": [158, 134], "threshold": null}, {"pattern": [13], "threshold": null}, {"pattern": [196], "threshold": null}, {"pattern": [25, 86], "threshold": null}, {"pattern": [25, 235], "threshold": null}, {"pattern": [86], "threshold": null}, {"pattern": [132], "threshold": null}, {"pattern": [197], "threshold": null}, {"pattern": [26, 103], "threshold": null}, {"pattern": [196, 245], "threshold": null}, {"pattern": [188, 180], "threshold": null}, {"pattern": [212], "threshold": null}, {"pattern": [177, 215], "threshold": null}, {"pattern": [25], "threshold": null}, {"pattern": [50, 134], "threshold": null}, {"pattern": [237], "threshold": null}, {"pattern": [16, 90], "threshold": null}, {"pattern": [56, 204], "threshold": null}, {"pattern": [103], "threshold": null}, {"pattern": [188], "threshold": null}, {"pattern": [132, 244], "threshold": null}, {"pattern": [27, 188], "threshold": null}, {"pattern": [158], "threshold": null}, {"pattern": [230], "threshold": null}, {"pattern": [65], "threshold": null}, {"pattern": [88, 248], "threshold": null}, {"pattern": [34, 116], "threshold": null}, {"pattern": [27, 13, 86], "threshold": null}, {"pattern": [188, 101], "threshold": null}, {"pattern": [74, 103], "threshold": null}]}]}