{"extra_info": {"version": "fallback_v1", "seed": 79}, "data": [{"config": {"code_name": "[CS CM CC][Len SSize MFit CAtom][GNone]", "population_size": 100, "evaluation_budget": 10000, "cluster_info_file_name": "C:\\Users\\gac8\\PycharmProjects\\PSSearch\\retail_forecasting_data_collection\\data\\cluster_info_250_random.pkl", "use_custom_sampling_operator": true, "use_custom_mutation_operator": true, "use_custom_crossover_operator": true, "use_custom_atomicity": true, "genome_threshold": null, "include_ps_len": true, "include_sample_quantity": true, "include_wasserstein_distance": false, "include_diff_median": false, "include_atomicity": true, "include_p_value": false, "include_mean_fitness": true, "include_variance": false}, "results": [{"pattern": [204, 92], "threshold": null}, {"pattern": [164, 215], "threshold": null}, {"pattern": [86], "threshold": null}, {"pattern": [90, 196], "threshold": null}, {"pattern": [54], "threshold": null}, {"pattern": [65], "threshold": null}, {"pattern": [132], "threshold": null}, {"pattern": [61, 134], "threshold": null}, {"pattern": [232, 132], "threshold": null}, {"pattern": [196, 116], "threshold": null}, {"pattern": [80, 52], "threshold": null}, {"pattern": [188, 164], "threshold": null}, {"pattern": [232, 87], "threshold": null}, {"pattern": [65, 188, 245], "threshold": null}, {"pattern": [56, 241], "threshold": null}, {"pattern": [237], "threshold": null}, {"pattern": [103, 87], "threshold": null}, {"pattern": [162, 188], "threshold": null}, {"pattern": [88], "threshold": null}, {"pattern": [16, 197], "threshold": null}, {"pattern": [25], "threshold": null}, {"pattern": [217], "threshold": null}, {"pattern": [120], "threshold": null}, {"pattern": [212, 30], "threshold": null}, {"pattern": [212, 188], "threshold": null}, {"pattern": [61, 63], "threshold": null}, {"pattern": [49, 116], "threshold": null}, {"pattern": [90, 211], "threshold": null}, {"pattern": [158], "threshold": null}, {"pattern": [137, 61], "threshold": null}, {"pattern": [17, 134], "threshold": null}, {"pattern": [16, 90], "threshold": null}, {"pattern": [212], "threshold": null}, {"pattern": [16, 27], "threshold": null}, {"pattern": [212, 127], "threshold": null}, {"pattern": [16, 74], "threshold": null}, {"pattern": [88, 50], "threshold": null}, {"pattern": [45], "threshold": null}, {"pattern": [188], "threshold": null}, {"pattern": [220, 135], "threshold": null}, {"pattern": [13], "threshold": null}, {"pattern": [34, 63], "threshold": null}, {"pattern": [87, 63], "threshold": null}, {"pattern": [196, 245], "threshold": null}, {"pattern": [103], "threshold": null}, {"pattern": [88, 103], "threshold": null}, {"pattern": [230], "threshold": null}, {"pattern": [16, 232], "threshold": null}, {"pattern": [212, 132], "threshold": null}, {"pattern": [49, 86], "threshold": null}, {"pattern": [93], "threshold": null}]}, {"config": {"code_name": "[CS CM CC][SSize MFit CAtom][GNone]", "population_size": 100, "evaluation_budget": 10000, "cluster_info_file_name": "C:\\Users\\gac8\\PycharmProjects\\PSSearch\\retail_forecasting_data_collection\\data\\cluster_info_250_random.pkl", "use_custom_sampling_operator": true, "use_custom_mutation_operator": true, "use_custom_crossover_operator": true, "use_custom_atomicity": true, "genome_threshold": null, "include_ps_len": false, "include_sample_quantity": true, "include_wasserstein_distance": false, "include_diff_median": false, "include_atomicity": true, "include_p_value": false, "include_mean_fitness": true, "include_variance": false}, "results": [{"pattern": [16, 103], "threshold": null}, {"pattern": [18, 34], "threshold": null}, {"pattern": [249, 101], "threshold": null}, {"pattern": [13], "threshold": null}, {"pattern": [158, 127], "threshold": null}, {"pattern": [241, 86], "threshold": null}, {"pattern": [217], "threshold": null}, {"pattern": [103], "threshold": null}, {"pattern": [16, 157], "threshold": null}, {"pattern": [81, 86], "threshold": null}, {"pattern": [221, 134], "threshold": null}, {"pattern": [56, 38], "threshold": null}, {"pattern": [235, 103], "threshold": null}, {"pattern": [132, 157], "threshold": null}, {"pattern": [132], "threshold": null}, {"pattern": [202, 90, 103], "threshold": null}, {"pattern": [237], "threshold": null}, {"pattern": [86], "threshold": null}, {"pattern": [180, 215], "threshold": null}, {"pattern": [212, 245, 63], "threshold": null}, {"pattern": [65], "threshold": null}, {"pattern": [53, 158], "threshold": null}, {"pattern": [237, 103], "threshold": null}, {"pattern": [4, 63], "threshold": null}, {"pattern": [188, 103], "threshold": null}, {"pattern": [196, 237], "threshold": null}, {"pattern": [25, 196], "threshold": null}, {"pattern": [202, 27], "threshold": null}, {"pattern": [204, 86], "threshold": null}, {"pattern": [188, 182], "threshold": null}, {"pattern": [188], "threshold": null}, {"pattern": [202, 162], "threshold": null}, {"pattern": [196, 134], "threshold": null}, {"pattern": [212], "threshold": null}, {"pattern": [132, 13], "threshold": null}, {"pattern": [158], "threshold": null}, {"pattern": [116, 134], "threshold": null}, {"pattern": [27, 86], "threshold": null}]}, {"config": {"code_name": "[CS CM CC][Len MFit CAtom][GNone]", "population_size": 100, "evaluation_budget": 10000, "cluster_info_file_name": "C:\\Users\\gac8\\PycharmProjects\\PSSearch\\retail_forecasting_data_collection\\data\\cluster_info_250_random.pkl", "use_custom_sampling_operator": true, "use_custom_mutation_operator": true, "use_custom_crossover_operator": true, "use_custom_atomicity": true, "genome_threshold": null, "include_ps_len": true, "include_sample_quantity": false, "include_wasserstein_distance": false, "include_diff_median": false, "include_atomicity": true, "include_p_value": false, "include_mean_fitness": true, "include_variance": false}, "results": [{"pattern": [235, 103], "threshold": null}, {"pattern": [202, 196, 180], "threshold": null}, {"pattern": [232, 25], "threshold": null}, {"pattern": [120], "threshold": null}, {"pattern": [122, 109], "threshold": null}, {"pattern": [232, 52], "threshold": null}, {"pattern": [221, 30], "threshold": null}, {"pattern": [88, 237], "threshold": null}]}, {"config": {"code_name": "[CS CM CC][Len SSize CAtom][GNone]", "population_size": 100, "evaluation_budget": 10000, "cluster_info_file_name": "C:\\Users\\gac8\\PycharmProjects\\PSSearch\\retail_forecasting_data_collection\\data\\cluster_info_250_random.pkl", "use_custom_sampling_operator": true, "use_custom_mutation_operator": true, "use_custom_crossover_operator": true, "use_custom_atomicity": true, "genome_threshold": null, "include_ps_len": true, "include_sample_quantity": true, "include_wasserstein_distance": false, "include_diff_median": false, "include_atomicity": true, "include_p_value": false, "include_mean_fitness": false, "include_variance": false}, "results": [{"pattern": [116, 167], "threshold": null}, {"pattern": [43, 195], "threshold": null}, {"pattern": [188], "threshold": null}, {"pattern": [171, 180], "threshold": null}, {"pattern": [212, 158], "threshold": null}, {"pattern": [80, 229], "threshold": null}]}, {"config": {"code_name": "[CS CM CC][Len SSize MFit][GNone]", "population_size": 100, "evaluation_budget": 10000, "cluster_info_file_name": "C:\\Users\\gac8\\PycharmProjects\\PSSearch\\retail_forecasting_data_collection\\data\\cluster_info_250_random.pkl", "use_custom_sampling_operator": true, "use_custom_mutation_operator": true, "use_custom_crossover_operator": true, "use_custom_atomicity": true, "genome_threshold": null, "include_ps_len": true, "include_sample_quantity": true, "include_wasserstein_distance": false, "include_diff_median": false, "include_atomicity": false, "include_p_value": false, "include_mean_fitness": true, "include_variance": false}, "results": [{"pattern": [13], "threshold": null}, {"pattern": [188, 132], "threshold": null}, {"pattern": [45], "threshold": null}, {"pattern": [158], "threshold": null}, {"pattern": [212, 196], "threshold": null}, {"pattern": [212, 188], "threshold": null}, {"pattern": [54], "threshold": null}, {"pattern": [88], "threshold": null}, {"pattern": [120], "threshold": null}, {"pattern": [230], "threshold": null}, {"pattern": [217], "threshold": null}, {"pattern": [212], "threshold": null}, {"pattern": [132], "threshold": null}, {"pattern": [103], "threshold": null}, {"pattern": [196, 180], "threshold": null}, {"pattern": [188, 180, 182], "threshold": null}, {"pattern": [188], "threshold": null}, {"pattern": [237], "threshold": null}, {"pattern": [25, 212], "threshold": null}, {"pattern": [93], "threshold": null}, {"pattern": [74, 13], "threshold": null}, {"pattern": [25], "threshold": null}, {"pattern": [86], "threshold": null}, {"pattern": [196, 38], "threshold": null}, {"pattern": [25, 13], "threshold": null}, {"pattern": [196, 215], "threshold": null}, {"pattern": [196, 173], "threshold": null}, {"pattern": [65], "threshold": null}, {"pattern": [116, 158], "threshold": null}, {"pattern": [188, 215], "threshold": null}]}, {"config": {"code_name": "[OS CM CC][Len SSize MFit CAtom][GNone]", "population_size": 100, "evaluation_budget": 10000, "cluster_info_file_name": "C:\\Users\\gac8\\PycharmProjects\\PSSearch\\retail_forecasting_data_collection\\data\\cluster_info_250_random.pkl", "use_custom_sampling_operator": false, "use_custom_mutation_operator": true, "use_custom_crossover_operator": true, "use_custom_atomicity": true, "genome_threshold": null, "include_ps_len": true, "include_sample_quantity": true, "include_wasserstein_distance": false, "include_diff_median": false, "include_atomicity": true, "include_p_value": false, "include_mean_fitness": true, "include_variance": false}, "results": [{"pattern": [86], "threshold": null}, {"pattern": [196, 103], "threshold": null}, {"pattern": [132, 87], "threshold": null}, {"pattern": [195, 101], "threshold": null}, {"pattern": [54], "threshold": null}, {"pattern": [16, 180], "threshold": null}, {"pattern": [34, 38], "threshold": null}, {"pattern": [101, 62], "threshold": null}, {"pattern": [132], "threshold": null}, {"pattern": [177, 132], "threshold": null}, {"pattern": [65, 245], "threshold": null}, {"pattern": [13, 103], "threshold": null}, {"pattern": [65], "threshold": null}, {"pattern": [146, 239], "threshold": null}, {"pattern": [188, 164], "threshold": null}, {"pattern": [90, 87], "threshold": null}, {"pattern": [119, 63], "threshold": null}, {"pattern": [119, 103], "threshold": null}, {"pattern": [49, 162], "threshold": null}, {"pattern": [24, 158], "threshold": null}, {"pattern": [180, 103], "threshold": null}, {"pattern": [237], "threshold": null}, {"pattern": [146, 188], "threshold": null}, {"pattern": [16, 13], "threshold": null}, {"pattern": [35, 109], "threshold": null}, {"pattern": [190, 87], "threshold": null}, {"pattern": [50, 139], "threshold": null}, {"pattern": [88], "threshold": null}, {"pattern": [25], "threshold": null}, {"pattern": [217], "threshold": null}, {"pattern": [241, 86], "threshold": null}, {"pattern": [120], "threshold": null}, {"pattern": [193, 13], "threshold": null}, {"pattern": [188, 167], "threshold": null}, {"pattern": [235, 212], "threshold": null}, {"pattern": [158, 87], "threshold": null}, {"pattern": [158, 86], "threshold": null}, {"pattern": [137, 158], "threshold": null}, {"pattern": [134, 38], "threshold": null}, {"pattern": [158], "threshold": null}, {"pattern": [160, 209], "threshold": null}, {"pattern": [162, 158], "threshold": null}, {"pattern": [173, 86], "threshold": null}, {"pattern": [248, 158], "threshold": null}, {"pattern": [212], "threshold": null}, {"pattern": [212, 221], "threshold": null}, {"pattern": [188, 71], "threshold": null}, {"pattern": [221, 55], "threshold": null}, {"pattern": [45], "threshold": null}, {"pattern": [188], "threshold": null}, {"pattern": [233, 18], "threshold": null}, {"pattern": [13], "threshold": null}, {"pattern": [202, 53], "threshold": null}, {"pattern": [83, 151], "threshold": null}, {"pattern": [66, 134], "threshold": null}, {"pattern": [103], "threshold": null}, {"pattern": [212, 244], "threshold": null}, {"pattern": [151, 103], "threshold": null}, {"pattern": [188, 237], "threshold": null}, {"pattern": [230], "threshold": null}, {"pattern": [232, 158], "threshold": null}, {"pattern": [177, 151], "threshold": null}, {"pattern": [93], "threshold": null}]}, {"config": {"code_name": "[CS OM CC][Len SSize MFit CAtom][GNone]", "population_size": 100, "evaluation_budget": 10000, "cluster_info_file_name": "C:\\Users\\gac8\\PycharmProjects\\PSSearch\\retail_forecasting_data_collection\\data\\cluster_info_250_random.pkl", "use_custom_sampling_operator": true, "use_custom_mutation_operator": false, "use_custom_crossover_operator": true, "use_custom_atomicity": true, "genome_threshold": null, "include_ps_len": true, "include_sample_quantity": true, "include_wasserstein_distance": false, "include_diff_median": false, "include_atomicity": true, "include_p_value": false, "include_mean_fitness": true, "include_variance": false}, "results": [{"pattern": [180, 171, 212], "threshold": null}, {"pattern": [134], "threshold": null}, {"pattern": [25, 132], "threshold": null}, {"pattern": [158, 103], "threshold": null}, {"pattern": [196, 215], "threshold": null}, {"pattern": [241, 212, 13], "threshold": null}, {"pattern": [16, 25], "threshold": null}, {"pattern": [89, 244], "threshold": null}, {"pattern": [25], "threshold": null}, {"pattern": [169, 235], "threshold": null}, {"pattern": [132, 28], "threshold": null}, {"pattern": [196, 221, 215], "threshold": null}, {"pattern": [132, 13, 86], "threshold": null}, {"pattern": [65, 212, 13], "threshold": null}, {"pattern": [134, 30], "threshold": null}, {"pattern": [122, 205], "threshold": null}, {"pattern": [134, 215], "threshold": null}, {"pattern": [103], "threshold": null}, {"pattern": [180, 212], "threshold": null}, {"pattern": [184, 87], "threshold": null}, {"pattern": [25, 215], "threshold": null}, {"pattern": [188, 212, 34, 63], "threshold": null}, {"pattern": [235, 132], "threshold": null}, {"pattern": [65, 212, 241], "threshold": null}, {"pattern": [196, 212, 215], "threshold": null}, {"pattern": [212, 103], "threshold": null}, {"pattern": [224, 244], "threshold": null}, {"pattern": [171, 212], "threshold": null}, {"pattern": [65, 180, 212], "threshold": null}, {"pattern": [188, 103], "threshold": null}, {"pattern": [235], "threshold": null}, {"pattern": [16, 212, 63], "threshold": null}, {"pattern": [212, 158, 103], "threshold": null}, {"pattern": [188, 212, 237], "threshold": null}, {"pattern": [212, 13, 86, 215], "threshold": null}, {"pattern": [132], "threshold": null}, {"pattern": [212, 215], "threshold": null}, {"pattern": [212, 134], "threshold": null}, {"pattern": [202, 27, 212], "threshold": null}, {"pattern": [132, 13], "threshold": null}, {"pattern": [132, 134], "threshold": null}, {"pattern": [188, 212], "threshold": null}, {"pattern": [248, 212], "threshold": null}, {"pattern": [65, 196, 212, 13], "threshold": null}, {"pattern": [212], "threshold": null}, {"pattern": [65, 212], "threshold": null}, {"pattern": [188], "threshold": null}, {"pattern": [186, 103], "threshold": null}, {"pattern": [215], "threshold": null}, {"pattern": [235, 103], "threshold": null}, {"pattern": [188, 237, 103], "threshold": null}, {"pattern": [27, 132, 13], "threshold": null}, {"pattern": [248, 212, 215], "threshold": null}, {"pattern": [88, 103], "threshold": null}, {"pattern": [158, 215], "threshold": null}, {"pattern": [81, 196, 215], "threshold": null}, {"pattern": [212, 86, 215], "threshold": null}, {"pattern": [232, 103], "threshold": null}, {"pattern": [52, 215], "threshold": null}, {"pattern": [132, 244], "threshold": null}, {"pattern": [241, 196, 215], "threshold": null}, {"pattern": [177, 132], "threshold": null}, {"pattern": [13, 103], "threshold": null}, {"pattern": [241, 212], "threshold": null}, {"pattern": [180, 196, 212, 215], "threshold": null}, {"pattern": [65, 188, 212, 241], "threshold": null}, {"pattern": [30, 103], "threshold": null}, {"pattern": [16, 212], "threshold": null}, {"pattern": [202, 158, 215], "threshold": null}, {"pattern": [188, 215], "threshold": null}, {"pattern": [53, 215], "threshold": null}, {"pattern": [188, 132], "threshold": null}, {"pattern": [212, 63], "threshold": null}, {"pattern": [201, 132], "threshold": null}, {"pattern": [171, 212, 103], "threshold": null}, {"pattern": [180, 212, 215], "threshold": null}, {"pattern": [212, 86, 103], "threshold": null}, {"pattern": [241, 180, 212], "threshold": null}, {"pattern": [65, 171, 212], "threshold": null}, {"pattern": [196, 158, 215], "threshold": null}]}, {"config": {"code_name": "[CS CM OC][Len SSize MFit CAtom][GNone]", "population_size": 100, "evaluation_budget": 10000, "cluster_info_file_name": "C:\\Users\\gac8\\PycharmProjects\\PSSearch\\retail_forecasting_data_collection\\data\\cluster_info_250_random.pkl", "use_custom_sampling_operator": true, "use_custom_mutation_operator": true, "use_custom_crossover_operator": false, "use_custom_atomicity": true, "genome_threshold": null, "include_ps_len": true, "include_sample_quantity": true, "include_wasserstein_distance": false, "include_diff_median": false, "include_atomicity": true, "include_p_value": false, "include_mean_fitness": true, "include_variance": false}, "results": [{"pattern": [61, 190], "threshold": null}, {"pattern": [86], "threshold": null}, {"pattern": [245, 215], "threshold": null}, {"pattern": [54], "threshold": null}, {"pattern": [209, 151], "threshold": null}, {"pattern": [65], "threshold": null}, {"pattern": [241, 215], "threshold": null}, {"pattern": [132], "threshold": null}, {"pattern": [248, 151], "threshold": null}, {"pattern": [177, 202], "threshold": null}, {"pattern": [244, 86], "threshold": null}, {"pattern": [217, 196], "threshold": null}, {"pattern": [212, 190], "threshold": null}, {"pattern": [27, 188], "threshold": null}, {"pattern": [155, 38], "threshold": null}, {"pattern": [88, 90, 13], "threshold": null}, {"pattern": [165, 47], "threshold": null}, {"pattern": [237], "threshold": null}, {"pattern": [16, 38], "threshold": null}, {"pattern": [88], "threshold": null}, {"pattern": [25], "threshold": null}, {"pattern": [217], "threshold": null}, {"pattern": [202, 171], "threshold": null}, {"pattern": [120], "threshold": null}, {"pattern": [245, 134], "threshold": null}, {"pattern": [19, 188], "threshold": null}, {"pattern": [188, 132], "threshold": null}, {"pattern": [88, 90], "threshold": null}, {"pattern": [49, 116], "threshold": null}, {"pattern": [196, 132], "threshold": null}, {"pattern": [158], "threshold": null}, {"pattern": [146, 212], "threshold": null}, {"pattern": [212, 167], "threshold": null}, {"pattern": [65, 241], "threshold": null}, {"pattern": [13, 38], "threshold": null}, {"pattern": [16, 52], "threshold": null}, {"pattern": [224, 26], "threshold": null}, {"pattern": [212], "threshold": null}, {"pattern": [188, 86], "threshold": null}, {"pattern": [188, 165], "threshold": null}, {"pattern": [171, 47], "threshold": null}, {"pattern": [160, 245], "threshold": null}, {"pattern": [45], "threshold": null}, {"pattern": [208, 188], "threshold": null}, {"pattern": [147, 188], "threshold": null}, {"pattern": [188], "threshold": null}, {"pattern": [13], "threshold": null}, {"pattern": [188, 38], "threshold": null}, {"pattern": [88, 134], "threshold": null}, {"pattern": [66, 134], "threshold": null}, {"pattern": [103], "threshold": null}, {"pattern": [248, 188], "threshold": null}, {"pattern": [230], "threshold": null}, {"pattern": [88, 132], "threshold": null}, {"pattern": [119, 63], "threshold": null}, {"pattern": [93], "threshold": null}]}]}