{"extra_info": {"version": "fallback_v1", "seed": 80}, "data": [{"config": {"code_name": "[CS CM CC][Len SSize MFit CAtom][GNone]", "population_size": 100, "evaluation_budget": 10000, "cluster_info_file_name": "C:\\Users\\gac8\\PycharmProjects\\PSSearch\\retail_forecasting_data_collection\\data\\cluster_info_250_random.pkl", "use_custom_sampling_operator": true, "use_custom_mutation_operator": true, "use_custom_crossover_operator": true, "use_custom_atomicity": true, "genome_threshold": null, "include_ps_len": true, "include_sample_quantity": true, "include_wasserstein_distance": false, "include_diff_median": false, "include_atomicity": true, "include_p_value": false, "include_mean_fitness": true, "include_variance": false}, "results": [{"pattern": [196, 158], "threshold": null}, {"pattern": [196], "threshold": null}, {"pattern": [237], "threshold": null}, {"pattern": [56, 246], "threshold": null}, {"pattern": [188, 100], "threshold": null}, {"pattern": [226, 131], "threshold": null}, {"pattern": [235, 103], "threshold": null}, {"pattern": [93, 103], "threshold": null}, {"pattern": [193, 188], "threshold": null}, {"pattern": [45], "threshold": null}, {"pattern": [18, 63], "threshold": null}, {"pattern": [69, 63], "threshold": null}, {"pattern": [16, 196], "threshold": null}, {"pattern": [76, 190], "threshold": null}, {"pattern": [42, 188], "threshold": null}, {"pattern": [86], "threshold": null}, {"pattern": [132], "threshold": null}, {"pattern": [88, 212], "threshold": null}, {"pattern": [188], "threshold": null}, {"pattern": [54], "threshold": null}, {"pattern": [195, 239], "threshold": null}, {"pattern": [34, 63], "threshold": null}, {"pattern": [212], "threshold": null}, {"pattern": [88], "threshold": null}, {"pattern": [103], "threshold": null}, {"pattern": [13, 181], "threshold": null}, {"pattern": [212, 135], "threshold": null}, {"pattern": [13], "threshold": null}, {"pattern": [188, 13], "threshold": null}, {"pattern": [171, 180], "threshold": null}, {"pattern": [38, 87], "threshold": null}, {"pattern": [217], "threshold": null}, {"pattern": [88, 171], "threshold": null}, {"pattern": [180, 116], "threshold": null}, {"pattern": [116, 167], "threshold": null}, {"pattern": [177, 188], "threshold": null}, {"pattern": [19, 180], "threshold": null}, {"pattern": [245, 167], "threshold": null}, {"pattern": [217, 212], "threshold": null}, {"pattern": [241, 86], "threshold": null}, {"pattern": [43, 212], "threshold": null}, {"pattern": [56, 204], "threshold": null}, {"pattern": [188, 86], "threshold": null}, {"pattern": [25], "threshold": null}, {"pattern": [158], "threshold": null}, {"pattern": [212, 167], "threshold": null}, {"pattern": [34, 215], "threshold": null}, {"pattern": [120], "threshold": null}]}, {"config": {"code_name": "[CS CM CC][SSize MFit CAtom][GNone]", "population_size": 100, "evaluation_budget": 10000, "cluster_info_file_name": "C:\\Users\\gac8\\PycharmProjects\\PSSearch\\retail_forecasting_data_collection\\data\\cluster_info_250_random.pkl", "use_custom_sampling_operator": true, "use_custom_mutation_operator": true, "use_custom_crossover_operator": true, "use_custom_atomicity": true, "genome_threshold": null, "include_ps_len": false, "include_sample_quantity": true, "include_wasserstein_distance": false, "include_diff_median": false, "include_atomicity": true, "include_p_value": false, "include_mean_fitness": true, "include_variance": false}, "results": [{"pattern": [196], "threshold": null}, {"pattern": [90, 86], "threshold": null}, {"pattern": [16, 74], "threshold": null}, {"pattern": [49, 74], "threshold": null}, {"pattern": [25, 134], "threshold": null}, {"pattern": [25], "threshold": null}, {"pattern": [27, 86], "threshold": null}, {"pattern": [16, 103], "threshold": null}, {"pattern": [155, 63], "threshold": null}, {"pattern": [13, 30], "threshold": null}, {"pattern": [97, 146], "threshold": null}, {"pattern": [158], "threshold": null}, {"pattern": [204, 158], "threshold": null}, {"pattern": [56, 86], "threshold": null}, {"pattern": [235, 212], "threshold": null}, {"pattern": [248, 235], "threshold": null}, {"pattern": [195, 239], "threshold": null}, {"pattern": [188, 215], "threshold": null}, {"pattern": [196, 103], "threshold": null}, {"pattern": [158, 103], "threshold": null}, {"pattern": [132], "threshold": null}, {"pattern": [16, 237], "threshold": null}, {"pattern": [101, 188, 13], "threshold": null}, {"pattern": [215, 103], "threshold": null}, {"pattern": [212], "threshold": null}, {"pattern": [1, 171], "threshold": null}, {"pattern": [13], "threshold": null}, {"pattern": [188, 134], "threshold": null}, {"pattern": [188, 103], "threshold": null}, {"pattern": [188], "threshold": null}, {"pattern": [158, 167], "threshold": null}, {"pattern": [90, 27], "threshold": null}, {"pattern": [65, 237], "threshold": null}, {"pattern": [88, 188], "threshold": null}, {"pattern": [61, 134], "threshold": null}, {"pattern": [92, 86], "threshold": null}, {"pattern": [225, 103], "threshold": null}, {"pattern": [13, 181], "threshold": null}, {"pattern": [212, 116, 215], "threshold": null}, {"pattern": [74, 116], "threshold": null}, {"pattern": [86], "threshold": null}, {"pattern": [212, 87], "threshold": null}]}, {"config": {"code_name": "[CS CM CC][Len MFit CAtom][GNone]", "population_size": 100, "evaluation_budget": 10000, "cluster_info_file_name": "C:\\Users\\gac8\\PycharmProjects\\PSSearch\\retail_forecasting_data_collection\\data\\cluster_info_250_random.pkl", "use_custom_sampling_operator": true, "use_custom_mutation_operator": true, "use_custom_crossover_operator": true, "use_custom_atomicity": true, "genome_threshold": null, "include_ps_len": true, "include_sample_quantity": false, "include_wasserstein_distance": false, "include_diff_median": false, "include_atomicity": true, "include_p_value": false, "include_mean_fitness": true, "include_variance": false}, "results": [{"pattern": [180, 196, 132], "threshold": null}, {"pattern": [184, 87], "threshold": null}, {"pattern": [11, 205], "threshold": null}, {"pattern": [25, 134], "threshold": null}, {"pattern": [4, 63], "threshold": null}, {"pattern": [120], "threshold": null}]}, {"config": {"code_name": "[CS CM CC][Len SSize CAtom][GNone]", "population_size": 100, "evaluation_budget": 10000, "cluster_info_file_name": "C:\\Users\\gac8\\PycharmProjects\\PSSearch\\retail_forecasting_data_collection\\data\\cluster_info_250_random.pkl", "use_custom_sampling_operator": true, "use_custom_mutation_operator": true, "use_custom_crossover_operator": true, "use_custom_atomicity": true, "genome_threshold": null, "include_ps_len": true, "include_sample_quantity": true, "include_wasserstein_distance": false, "include_diff_median": false, "include_atomicity": true, "include_p_value": false, "include_mean_fitness": false, "include_variance": false}, "results": [{"pattern": [177, 158], "threshold": null}, {"pattern": [188], "threshold": null}, {"pattern": [244, 13], "threshold": null}, {"pattern": [13, 157], "threshold": null}, {"pattern": [34, 116], "threshold": null}, {"pattern": [184, 30], "threshold": null}, {"pattern": [212, 180], "threshold": null}]}, {"config": {"code_name": "[CS CM CC][Len SSize MFit][GNone]", "population_size": 100, "evaluation_budget": 10000, "cluster_info_file_name": "C:\\Users\\gac8\\PycharmProjects\\PSSearch\\retail_forecasting_data_collection\\data\\cluster_info_250_random.pkl", "use_custom_sampling_operator": true, "use_custom_mutation_operator": true, "use_custom_crossover_operator": true, "use_custom_atomicity": true, "genome_threshold": null, "include_ps_len": true, "include_sample_quantity": true, "include_wasserstein_distance": false, "include_diff_median": false, "include_atomicity": false, "include_p_value": false, "include_mean_fitness": true, "include_variance": false}, "results": [{"pattern": [45], "threshold": null}, {"pattern": [65, 158], "threshold": null}, {"pattern": [188], "threshold": null}, {"pattern": [13], "threshold": null}, {"pattern": [81, 103], "threshold": null}, {"pattern": [132], "threshold": null}, {"pattern": [65, 90, 132], "threshold": null}, {"pattern": [88], "threshold": null}, {"pattern": [212], "threshold": null}, {"pattern": [196], "threshold": null}, {"pattern": [202, 132], "threshold": null}, {"pattern": [54], "threshold": null}, {"pattern": [120], "threshold": null}, {"pattern": [86], "threshold": null}, {"pattern": [132, 158], "threshold": null}, {"pattern": [158], "threshold": null}, {"pattern": [25], "threshold": null}, {"pattern": [196, 93], "threshold": null}, {"pattern": [103], "threshold": null}, {"pattern": [202, 90, 13], "threshold": null}, {"pattern": [217, 196], "threshold": null}, {"pattern": [212, 244], "threshold": null}, {"pattern": [217], "threshold": null}, {"pattern": [237], "threshold": null}, {"pattern": [86, 103], "threshold": null}]}, {"config": {"code_name": "[OS CM CC][Len SSize MFit CAtom][GNone]", "population_size": 100, "evaluation_budget": 10000, "cluster_info_file_name": "C:\\Users\\gac8\\PycharmProjects\\PSSearch\\retail_forecasting_data_collection\\data\\cluster_info_250_random.pkl", "use_custom_sampling_operator": false, "use_custom_mutation_operator": true, "use_custom_crossover_operator": true, "use_custom_atomicity": true, "genome_threshold": null, "include_ps_len": true, "include_sample_quantity": true, "include_wasserstein_distance": false, "include_diff_median": false, "include_atomicity": true, "include_p_value": false, "include_mean_fitness": true, "include_variance": false}, "results": [{"pattern": [196, 29], "threshold": null}, {"pattern": [196], "threshold": null}, {"pattern": [248, 55], "threshold": null}, {"pattern": [49, 196], "threshold": null}, {"pattern": [237], "threshold": null}, {"pattern": [180, 86], "threshold": null}, {"pattern": [120], "threshold": null}, {"pattern": [193, 180], "threshold": null}, {"pattern": [45], "threshold": null}, {"pattern": [50, 92], "threshold": null}, {"pattern": [160, 245], "threshold": null}, {"pattern": [74, 68], "threshold": null}, {"pattern": [27, 215], "threshold": null}, {"pattern": [132], "threshold": null}, {"pattern": [86], "threshold": null}, {"pattern": [88, 212], "threshold": null}, {"pattern": [232, 103], "threshold": null}, {"pattern": [188], "threshold": null}, {"pattern": [54], "threshold": null}, {"pattern": [212, 215], "threshold": null}, {"pattern": [29, 173], "threshold": null}, {"pattern": [13, 127], "threshold": null}, {"pattern": [212], "threshold": null}, {"pattern": [88], "threshold": null}, {"pattern": [103], "threshold": null}, {"pattern": [241, 164], "threshold": null}, {"pattern": [17, 30], "threshold": null}, {"pattern": [13], "threshold": null}, {"pattern": [157, 173], "threshold": null}, {"pattern": [245, 151], "threshold": null}, {"pattern": [241, 180], "threshold": null}, {"pattern": [202, 142], "threshold": null}, {"pattern": [217], "threshold": null}, {"pattern": [221, 134], "threshold": null}, {"pattern": [245, 190], "threshold": null}, {"pattern": [116, 167], "threshold": null}, {"pattern": [25, 63], "threshold": null}, {"pattern": [18, 37], "threshold": null}, {"pattern": [65, 13], "threshold": null}, {"pattern": [132, 61], "threshold": null}, {"pattern": [56, 237], "threshold": null}, {"pattern": [25], "threshold": null}, {"pattern": [147, 63], "threshold": null}, {"pattern": [158], "threshold": null}, {"pattern": [50, 151], "threshold": null}, {"pattern": [245, 87], "threshold": null}]}, {"config": {"code_name": "[CS OM CC][Len SSize MFit CAtom][GNone]", "population_size": 100, "evaluation_budget": 10000, "cluster_info_file_name": "C:\\Users\\gac8\\PycharmProjects\\PSSearch\\retail_forecasting_data_collection\\data\\cluster_info_250_random.pkl", "use_custom_sampling_operator": true, "use_custom_mutation_operator": false, "use_custom_crossover_operator": true, "use_custom_atomicity": true, "genome_threshold": null, "include_ps_len": true, "include_sample_quantity": true, "include_wasserstein_distance": false, "include_diff_median": false, "include_atomicity": true, "include_p_value": false, "include_mean_fitness": true, "include_variance": false}, "results": [{"pattern": [81, 188], "threshold": null}, {"pattern": [90, 180, 215], "threshold": null}, {"pattern": [237, 63], "threshold": null}, {"pattern": [177, 180], "threshold": null}, {"pattern": [188, 180, 215], "threshold": null}, {"pattern": [164, 180], "threshold": null}, {"pattern": [193, 180, 188], "threshold": null}, {"pattern": [188, 63], "threshold": null}, {"pattern": [180], "threshold": null}, {"pattern": [65, 180], "threshold": null}, {"pattern": [35, 52], "threshold": null}, {"pattern": [65, 86], "threshold": null}, {"pattern": [65, 131], "threshold": null}, {"pattern": [204, 134], "threshold": null}, {"pattern": [248, 188, 63], "threshold": null}, {"pattern": [132, 86, 103], "threshold": null}, {"pattern": [188], "threshold": null}, {"pattern": [63, 119], "threshold": null}, {"pattern": [208, 188], "threshold": null}, {"pattern": [188, 212], "threshold": null}, {"pattern": [180, 188, 63], "threshold": null}, {"pattern": [188, 134, 63], "threshold": null}, {"pattern": [116, 204], "threshold": null}, {"pattern": [65], "threshold": null}, {"pattern": [180, 63], "threshold": null}, {"pattern": [186], "threshold": null}, {"pattern": [16, 188, 63], "threshold": null}, {"pattern": [90, 180], "threshold": null}, {"pattern": [90, 196, 180], "threshold": null}, {"pattern": [171, 180, 215], "threshold": null}, {"pattern": [177, 188], "threshold": null}, {"pattern": [34, 151], "threshold": null}, {"pattern": [180, 212, 188], "threshold": null}, {"pattern": [116, 132, 86], "threshold": null}, {"pattern": [34, 37], "threshold": null}, {"pattern": [90, 180, 13], "threshold": null}, {"pattern": [180, 134], "threshold": null}, {"pattern": [56, 204], "threshold": null}, {"pattern": [65, 180, 212, 188], "threshold": null}, {"pattern": [180, 215], "threshold": null}, {"pattern": [248, 63], "threshold": null}, {"pattern": [50, 188], "threshold": null}, {"pattern": [188, 132, 86, 103], "threshold": null}, {"pattern": [241], "threshold": null}, {"pattern": [132, 86], "threshold": null}, {"pattern": [113], "threshold": null}, {"pattern": [180, 245], "threshold": null}, {"pattern": [186, 103], "threshold": null}, {"pattern": [188, 151], "threshold": null}]}, {"config": {"code_name": "[CS CM OC][Len SSize MFit CAtom][GNone]", "population_size": 100, "evaluation_budget": 10000, "cluster_info_file_name": "C:\\Users\\gac8\\PycharmProjects\\PSSearch\\retail_forecasting_data_collection\\data\\cluster_info_250_random.pkl", "use_custom_sampling_operator": true, "use_custom_mutation_operator": true, "use_custom_crossover_operator": false, "use_custom_atomicity": true, "genome_threshold": null, "include_ps_len": true, "include_sample_quantity": true, "include_wasserstein_distance": false, "include_diff_median": false, "include_atomicity": true, "include_p_value": false, "include_mean_fitness": true, "include_variance": false}, "results": [{"pattern": [224, 180], "threshold": null}, {"pattern": [196], "threshold": null}, {"pattern": [237], "threshold": null}, {"pattern": [109, 87], "threshold": null}, {"pattern": [132, 63], "threshold": null}, {"pattern": [45], "threshold": null}, {"pattern": [248, 196], "threshold": null}, {"pattern": [209, 245], "threshold": null}, {"pattern": [241, 103], "threshold": null}, {"pattern": [65, 237], "threshold": null}, {"pattern": [76, 190], "threshold": null}, {"pattern": [134, 95], "threshold": null}, {"pattern": [35, 68], "threshold": null}, {"pattern": [86], "threshold": null}, {"pattern": [132], "threshold": null}, {"pattern": [188], "threshold": null}, {"pattern": [54], "threshold": null}, {"pattern": [92, 63], "threshold": null}, {"pattern": [13, 127], "threshold": null}, {"pattern": [212], "threshold": null}, {"pattern": [88], "threshold": null}, {"pattern": [208, 188], "threshold": null}, {"pattern": [103], "threshold": null}, {"pattern": [217, 196], "threshold": null}, {"pattern": [13], "threshold": null}, {"pattern": [212, 87], "threshold": null}, {"pattern": [65, 245], "threshold": null}, {"pattern": [86, 63], "threshold": null}, {"pattern": [190, 134], "threshold": null}, {"pattern": [217], "threshold": null}, {"pattern": [212, 116], "threshold": null}, {"pattern": [132, 237], "threshold": null}, {"pattern": [95, 63], "threshold": null}, {"pattern": [38, 63], "threshold": null}, {"pattern": [16, 241], "threshold": null}, {"pattern": [204, 92], "threshold": null}, {"pattern": [202, 221], "threshold": null}, {"pattern": [25], "threshold": null}, {"pattern": [158], "threshold": null}, {"pattern": [65, 221], "threshold": null}, {"pattern": [171, 86], "threshold": null}, {"pattern": [120], "threshold": null}]}]}