{"extra_info": {"version": "fallback_v1", "seed": 7}, "data": [{"config": {"code_name": "[CS CM CC][Len SSize MFit CAtom][GNone]", "population_size": 100, "evaluation_budget": 10000, "cluster_info_file_name": "C:\\Users\\gac8\\PycharmProjects\\PSSearch\\retail_forecasting_data_collection\\data\\cluster_info_250_random.pkl", "use_custom_sampling_operator": true, "use_custom_mutation_operator": true, "use_custom_crossover_operator": true, "use_custom_atomicity": true, "genome_threshold": null, "include_ps_len": true, "include_sample_quantity": true, "include_wasserstein_distance": false, "include_diff_median": false, "include_atomicity": true, "include_p_value": false, "include_mean_fitness": true, "include_variance": false}, "results": [{"pattern": [162, 13], "threshold": null}, {"pattern": [88], "threshold": null}, {"pattern": [48, 222], "threshold": null}, {"pattern": [230], "threshold": null}, {"pattern": [146, 149], "threshold": null}, {"pattern": [132, 28], "threshold": null}, {"pattern": [25], "threshold": null}, {"pattern": [158], "threshold": null}, {"pattern": [181, 86], "threshold": null}, {"pattern": [132, 158], "threshold": null}, {"pattern": [196], "threshold": null}, {"pattern": [212, 158], "threshold": null}, {"pattern": [103], "threshold": null}, {"pattern": [16, 248], "threshold": null}, {"pattern": [202, 158], "threshold": null}, {"pattern": [188], "threshold": null}, {"pattern": [164, 13], "threshold": null}, {"pattern": [13], "threshold": null}, {"pattern": [86], "threshold": null}, {"pattern": [160, 245], "threshold": null}, {"pattern": [217, 103], "threshold": null}, {"pattern": [226, 63], "threshold": null}, {"pattern": [132], "threshold": null}, {"pattern": [93, 103], "threshold": null}, {"pattern": [27, 63], "threshold": null}, {"pattern": [92, 158], "threshold": null}, {"pattern": [93], "threshold": null}, {"pattern": [137, 212], "threshold": null}, {"pattern": [25, 63], "threshold": null}, {"pattern": [65], "threshold": null}, {"pattern": [114, 182], "threshold": null}, {"pattern": [50, 92], "threshold": null}, {"pattern": [237], "threshold": null}, {"pattern": [120], "threshold": null}, {"pattern": [134, 87], "threshold": null}, {"pattern": [16, 188], "threshold": null}, {"pattern": [45], "threshold": null}, {"pattern": [217], "threshold": null}, {"pattern": [196, 181], "threshold": null}, {"pattern": [212, 93], "threshold": null}, {"pattern": [244, 239], "threshold": null}, {"pattern": [116, 197], "threshold": null}, {"pattern": [25, 158], "threshold": null}, {"pattern": [16, 158], "threshold": null}, {"pattern": [54], "threshold": null}, {"pattern": [34, 116], "threshold": null}, {"pattern": [217, 86], "threshold": null}, {"pattern": [204, 61], "threshold": null}, {"pattern": [35, 103], "threshold": null}, {"pattern": [65, 245], "threshold": null}, {"pattern": [122, 205], "threshold": null}, {"pattern": [34, 245], "threshold": null}]}, {"config": {"code_name": "[CS CM CC][SSize MFit CAtom][GNone]", "population_size": 100, "evaluation_budget": 10000, "cluster_info_file_name": "C:\\Users\\gac8\\PycharmProjects\\PSSearch\\retail_forecasting_data_collection\\data\\cluster_info_250_random.pkl", "use_custom_sampling_operator": true, "use_custom_mutation_operator": true, "use_custom_crossover_operator": true, "use_custom_atomicity": true, "genome_threshold": null, "include_ps_len": false, "include_sample_quantity": true, "include_wasserstein_distance": false, "include_diff_median": false, "include_atomicity": true, "include_p_value": false, "include_mean_fitness": true, "include_variance": false}, "results": [{"pattern": [134, 87], "threshold": null}, {"pattern": [16, 90], "threshold": null}, {"pattern": [188], "threshold": null}, {"pattern": [16, 151], "threshold": null}, {"pattern": [86], "threshold": null}, {"pattern": [25, 63], "threshold": null}, {"pattern": [137, 61], "threshold": null}, {"pattern": [202, 132], "threshold": null}, {"pattern": [116, 197], "threshold": null}, {"pattern": [103], "threshold": null}, {"pattern": [217], "threshold": null}, {"pattern": [27, 116], "threshold": null}, {"pattern": [158], "threshold": null}, {"pattern": [182, 158], "threshold": null}, {"pattern": [190, 86], "threshold": null}, {"pattern": [237], "threshold": null}, {"pattern": [88], "threshold": null}, {"pattern": [180, 158], "threshold": null}, {"pattern": [86, 38], "threshold": null}, {"pattern": [33, 75], "threshold": null}, {"pattern": [196, 38], "threshold": null}, {"pattern": [235, 158], "threshold": null}, {"pattern": [34, 38], "threshold": null}, {"pattern": [27, 132], "threshold": null}, {"pattern": [212], "threshold": null}, {"pattern": [132], "threshold": null}, {"pattern": [13], "threshold": null}, {"pattern": [65], "threshold": null}, {"pattern": [27, 86], "threshold": null}, {"pattern": [196, 215], "threshold": null}, {"pattern": [233, 18], "threshold": null}, {"pattern": [101, 62], "threshold": null}, {"pattern": [196], "threshold": null}, {"pattern": [119, 87], "threshold": null}, {"pattern": [76, 61], "threshold": null}, {"pattern": [186, 188, 13], "threshold": null}, {"pattern": [188, 167], "threshold": null}, {"pattern": [27, 164], "threshold": null}, {"pattern": [76, 190], "threshold": null}]}, {"config": {"code_name": "[CS CM CC][Len MFit CAtom][GNone]", "population_size": 100, "evaluation_budget": 10000, "cluster_info_file_name": "C:\\Users\\gac8\\PycharmProjects\\PSSearch\\retail_forecasting_data_collection\\data\\cluster_info_250_random.pkl", "use_custom_sampling_operator": true, "use_custom_mutation_operator": true, "use_custom_crossover_operator": true, "use_custom_atomicity": true, "genome_threshold": null, "include_ps_len": true, "include_sample_quantity": false, "include_wasserstein_distance": false, "include_diff_median": false, "include_atomicity": true, "include_p_value": false, "include_mean_fitness": true, "include_variance": false}, "results": [{"pattern": [65, 188, 217], "threshold": null}, {"pattern": [188, 196, 164, 86], "threshold": null}, {"pattern": [155, 38], "threshold": null}, {"pattern": [25, 171], "threshold": null}, {"pattern": [92, 165], "threshold": null}, {"pattern": [157, 103], "threshold": null}, {"pattern": [120], "threshold": null}, {"pattern": [157, 158], "threshold": null}]}, {"config": {"code_name": "[CS CM CC][Len SSize CAtom][GNone]", "population_size": 100, "evaluation_budget": 10000, "cluster_info_file_name": "C:\\Users\\gac8\\PycharmProjects\\PSSearch\\retail_forecasting_data_collection\\data\\cluster_info_250_random.pkl", "use_custom_sampling_operator": true, "use_custom_mutation_operator": true, "use_custom_crossover_operator": true, "use_custom_atomicity": true, "genome_threshold": null, "include_ps_len": true, "include_sample_quantity": true, "include_wasserstein_distance": false, "include_diff_median": false, "include_atomicity": true, "include_p_value": false, "include_mean_fitness": false, "include_variance": false}, "results": [{"pattern": [160, 245], "threshold": null}, {"pattern": [202, 188], "threshold": null}, {"pattern": [196, 13], "threshold": null}, {"pattern": [195, 39], "threshold": null}, {"pattern": [188], "threshold": null}, {"pattern": [188, 180], "threshold": null}, {"pattern": [65, 245], "threshold": null}, {"pattern": [101, 135], "threshold": null}]}, {"config": {"code_name": "[CS CM CC][Len SSize MFit][GNone]", "population_size": 100, "evaluation_budget": 10000, "cluster_info_file_name": "C:\\Users\\gac8\\PycharmProjects\\PSSearch\\retail_forecasting_data_collection\\data\\cluster_info_250_random.pkl", "use_custom_sampling_operator": true, "use_custom_mutation_operator": true, "use_custom_crossover_operator": true, "use_custom_atomicity": true, "genome_threshold": null, "include_ps_len": true, "include_sample_quantity": true, "include_wasserstein_distance": false, "include_diff_median": false, "include_atomicity": false, "include_p_value": false, "include_mean_fitness": true, "include_variance": false}, "results": [{"pattern": [54], "threshold": null}, {"pattern": [120], "threshold": null}, {"pattern": [212], "threshold": null}, {"pattern": [86], "threshold": null}, {"pattern": [244, 86], "threshold": null}, {"pattern": [158], "threshold": null}, {"pattern": [65], "threshold": null}, {"pattern": [202, 164], "threshold": null}, {"pattern": [25], "threshold": null}, {"pattern": [196], "threshold": null}, {"pattern": [103], "threshold": null}, {"pattern": [132], "threshold": null}, {"pattern": [177, 215], "threshold": null}, {"pattern": [16, 88], "threshold": null}, {"pattern": [230], "threshold": null}, {"pattern": [188], "threshold": null}, {"pattern": [65, 13], "threshold": null}, {"pattern": [245, 86], "threshold": null}, {"pattern": [93], "threshold": null}, {"pattern": [45], "threshold": null}, {"pattern": [217, 196], "threshold": null}, {"pattern": [88, 212], "threshold": null}, {"pattern": [237], "threshold": null}, {"pattern": [16, 27], "threshold": null}, {"pattern": [27, 103], "threshold": null}, {"pattern": [212, 61], "threshold": null}, {"pattern": [13], "threshold": null}, {"pattern": [188, 132, 87], "threshold": null}, {"pattern": [88], "threshold": null}, {"pattern": [217], "threshold": null}]}, {"config": {"code_name": "[OS CM CC][Len SSize MFit CAtom][GNone]", "population_size": 100, "evaluation_budget": 10000, "cluster_info_file_name": "C:\\Users\\gac8\\PycharmProjects\\PSSearch\\retail_forecasting_data_collection\\data\\cluster_info_250_random.pkl", "use_custom_sampling_operator": false, "use_custom_mutation_operator": true, "use_custom_crossover_operator": true, "use_custom_atomicity": true, "genome_threshold": null, "include_ps_len": true, "include_sample_quantity": true, "include_wasserstein_distance": false, "include_diff_median": false, "include_atomicity": true, "include_p_value": false, "include_mean_fitness": true, "include_variance": false}, "results": [{"pattern": [134, 95], "threshold": null}, {"pattern": [88], "threshold": null}, {"pattern": [25], "threshold": null}, {"pattern": [158], "threshold": null}, {"pattern": [164, 182], "threshold": null}, {"pattern": [202, 212], "threshold": null}, {"pattern": [196], "threshold": null}, {"pattern": [249, 146], "threshold": null}, {"pattern": [212], "threshold": null}, {"pattern": [103], "threshold": null}, {"pattern": [217, 237], "threshold": null}, {"pattern": [188], "threshold": null}, {"pattern": [212, 13], "threshold": null}, {"pattern": [27, 134], "threshold": null}, {"pattern": [232, 105], "threshold": null}, {"pattern": [171, 212], "threshold": null}, {"pattern": [13], "threshold": null}, {"pattern": [86], "threshold": null}, {"pattern": [226, 180], "threshold": null}, {"pattern": [16, 92], "threshold": null}, {"pattern": [132], "threshold": null}, {"pattern": [182, 103], "threshold": null}, {"pattern": [27, 63], "threshold": null}, {"pattern": [93], "threshold": null}, {"pattern": [158, 86], "threshold": null}, {"pattern": [91, 215], "threshold": null}, {"pattern": [25, 215], "threshold": null}, {"pattern": [65], "threshold": null}, {"pattern": [237], "threshold": null}, {"pattern": [202, 196], "threshold": null}, {"pattern": [188, 215], "threshold": null}, {"pattern": [120], "threshold": null}, {"pattern": [45], "threshold": null}, {"pattern": [217], "threshold": null}, {"pattern": [212, 87], "threshold": null}, {"pattern": [27, 215], "threshold": null}, {"pattern": [196, 86], "threshold": null}, {"pattern": [88, 212], "threshold": null}, {"pattern": [165, 63], "threshold": null}, {"pattern": [13, 215], "threshold": null}, {"pattern": [158, 134], "threshold": null}, {"pattern": [52, 215], "threshold": null}, {"pattern": [54], "threshold": null}, {"pattern": [196, 158], "threshold": null}, {"pattern": [76, 29], "threshold": null}, {"pattern": [202, 221], "threshold": null}, {"pattern": [74, 212], "threshold": null}, {"pattern": [19, 171], "threshold": null}, {"pattern": [230], "threshold": null}, {"pattern": [177, 132], "threshold": null}]}, {"config": {"code_name": "[CS OM CC][Len SSize MFit CAtom][GNone]", "population_size": 100, "evaluation_budget": 10000, "cluster_info_file_name": "C:\\Users\\gac8\\PycharmProjects\\PSSearch\\retail_forecasting_data_collection\\data\\cluster_info_250_random.pkl", "use_custom_sampling_operator": true, "use_custom_mutation_operator": false, "use_custom_crossover_operator": true, "use_custom_atomicity": true, "genome_threshold": null, "include_ps_len": true, "include_sample_quantity": true, "include_wasserstein_distance": false, "include_diff_median": false, "include_atomicity": true, "include_p_value": false, "include_mean_fitness": true, "include_variance": false}, "results": [{"pattern": [186, 221], "threshold": null}, {"pattern": [34, 188, 86], "threshold": null}, {"pattern": [88], "threshold": null}, {"pattern": [132, 188, 215], "threshold": null}, {"pattern": [196, 188, 215], "threshold": null}, {"pattern": [65, 180], "threshold": null}, {"pattern": [27, 181], "threshold": null}, {"pattern": [88, 196], "threshold": null}, {"pattern": [196], "threshold": null}, {"pattern": [25, 196], "threshold": null}, {"pattern": [86, 127], "threshold": null}, {"pattern": [188, 86, 63], "threshold": null}, {"pattern": [13, 181], "threshold": null}, {"pattern": [88, 86], "threshold": null}, {"pattern": [190, 87], "threshold": null}, {"pattern": [103], "threshold": null}, {"pattern": [61, 134], "threshold": null}, {"pattern": [158, 171, 188, 86], "threshold": null}, {"pattern": [34, 188, 215], "threshold": null}, {"pattern": [188, 158, 103], "threshold": null}, {"pattern": [188], "threshold": null}, {"pattern": [16, 132], "threshold": null}, {"pattern": [16, 197], "threshold": null}, {"pattern": [208, 171], "threshold": null}, {"pattern": [192, 188, 101], "threshold": null}, {"pattern": [86], "threshold": null}, {"pattern": [65, 171, 180], "threshold": null}, {"pattern": [88, 188], "threshold": null}, {"pattern": [180, 13, 86], "threshold": null}, {"pattern": [188, 103], "threshold": null}, {"pattern": [158, 171, 86], "threshold": null}, {"pattern": [23], "threshold": null}, {"pattern": [188, 101], "threshold": null}, {"pattern": [16, 196], "threshold": null}, {"pattern": [196, 188, 158, 215], "threshold": null}, {"pattern": [86, 158], "threshold": null}, {"pattern": [212, 188, 158, 103], "threshold": null}, {"pattern": [188, 245, 86], "threshold": null}, {"pattern": [188, 86], "threshold": null}, {"pattern": [81, 103], "threshold": null}, {"pattern": [212, 188, 86, 215], "threshold": null}, {"pattern": [81, 26], "threshold": null}, {"pattern": [181, 158], "threshold": null}, {"pattern": [162, 221], "threshold": null}, {"pattern": [16], "threshold": null}, {"pattern": [202, 196], "threshold": null}, {"pattern": [188, 38], "threshold": null}, {"pattern": [188, 215], "threshold": null}, {"pattern": [34, 188], "threshold": null}, {"pattern": [171, 188], "threshold": null}, {"pattern": [162, 188, 215], "threshold": null}, {"pattern": [188, 212, 86, 63], "threshold": null}, {"pattern": [16, 87], "threshold": null}, {"pattern": [212, 188, 86], "threshold": null}, {"pattern": [16, 204], "threshold": null}, {"pattern": [202, 86], "threshold": null}, {"pattern": [16, 237], "threshold": null}, {"pattern": [196, 181], "threshold": null}, {"pattern": [196, 86], "threshold": null}, {"pattern": [196, 188, 86], "threshold": null}, {"pattern": [86, 90, 158], "threshold": null}, {"pattern": [88, 212, 196], "threshold": null}, {"pattern": [196, 237], "threshold": null}, {"pattern": [34, 188, 4], "threshold": null}, {"pattern": [186], "threshold": null}, {"pattern": [88, 90], "threshold": null}, {"pattern": [193, 215], "threshold": null}, {"pattern": [19, 171], "threshold": null}, {"pattern": [196, 188, 86, 63], "threshold": null}, {"pattern": [180, 86, 215], "threshold": null}, {"pattern": [202, 188, 86, 215], "threshold": null}, {"pattern": [38, 188, 86], "threshold": null}]}, {"config": {"code_name": "[CS CM OC][Len SSize MFit CAtom][GNone]", "population_size": 100, "evaluation_budget": 10000, "cluster_info_file_name": "C:\\Users\\gac8\\PycharmProjects\\PSSearch\\retail_forecasting_data_collection\\data\\cluster_info_250_random.pkl", "use_custom_sampling_operator": true, "use_custom_mutation_operator": true, "use_custom_crossover_operator": false, "use_custom_atomicity": true, "genome_threshold": null, "include_ps_len": true, "include_sample_quantity": true, "include_wasserstein_distance": false, "include_diff_median": false, "include_atomicity": true, "include_p_value": false, "include_mean_fitness": true, "include_variance": false}, "results": [{"pattern": [245, 158], "threshold": null}, {"pattern": [232, 248], "threshold": null}, {"pattern": [88], "threshold": null}, {"pattern": [81, 134], "threshold": null}, {"pattern": [25], "threshold": null}, {"pattern": [158], "threshold": null}, {"pattern": [241, 212], "threshold": null}, {"pattern": [204, 183], "threshold": null}, {"pattern": [34, 63], "threshold": null}, {"pattern": [248, 27], "threshold": null}, {"pattern": [196], "threshold": null}, {"pattern": [212], "threshold": null}, {"pattern": [103], "threshold": null}, {"pattern": [49, 77], "threshold": null}, {"pattern": [188], "threshold": null}, {"pattern": [13], "threshold": null}, {"pattern": [86], "threshold": null}, {"pattern": [18, 38], "threshold": null}, {"pattern": [212, 86], "threshold": null}, {"pattern": [132], "threshold": null}, {"pattern": [74, 196], "threshold": null}, {"pattern": [130, 13], "threshold": null}, {"pattern": [93], "threshold": null}, {"pattern": [196, 53], "threshold": null}, {"pattern": [65], "threshold": null}, {"pattern": [237], "threshold": null}, {"pattern": [67, 206], "threshold": null}, {"pattern": [120], "threshold": null}, {"pattern": [157, 173], "threshold": null}, {"pattern": [45], "threshold": null}, {"pattern": [217], "threshold": null}, {"pattern": [241, 34], "threshold": null}, {"pattern": [16, 13], "threshold": null}, {"pattern": [180, 132], "threshold": null}, {"pattern": [212, 180], "threshold": null}, {"pattern": [190, 63], "threshold": null}, {"pattern": [162, 196], "threshold": null}, {"pattern": [248, 215], "threshold": null}, {"pattern": [27, 139], "threshold": null}, {"pattern": [54], "threshold": null}, {"pattern": [182, 158], "threshold": null}, {"pattern": [8, 19], "threshold": null}, {"pattern": [61, 215], "threshold": null}, {"pattern": [217, 134], "threshold": null}, {"pattern": [212, 230], "threshold": null}, {"pattern": [230], "threshold": null}, {"pattern": [162, 158], "threshold": null}, {"pattern": [232, 116], "threshold": null}]}]}