{"extra_info": {"version": "fallback_v1", "seed": 88}, "data": [{"config": {"code_name": "[CS CM CC][Len SSize MFit CAtom][GNone]", "population_size": 100, "evaluation_budget": 10000, "cluster_info_file_name": "C:\\Users\\gac8\\PycharmProjects\\PSSearch\\retail_forecasting_data_collection\\data\\cluster_info_250_random.pkl", "use_custom_sampling_operator": true, "use_custom_mutation_operator": true, "use_custom_crossover_operator": true, "use_custom_atomicity": true, "genome_threshold": null, "include_ps_len": true, "include_sample_quantity": true, "include_wasserstein_distance": false, "include_diff_median": false, "include_atomicity": true, "include_p_value": false, "include_mean_fitness": true, "include_variance": false}, "results": [{"pattern": [8, 26], "threshold": null}, {"pattern": [196], "threshold": null}, {"pattern": [208, 196], "threshold": null}, {"pattern": [81, 173], "threshold": null}, {"pattern": [48, 222], "threshold": null}, {"pattern": [202, 132], "threshold": null}, {"pattern": [188], "threshold": null}, {"pattern": [25], "threshold": null}, {"pattern": [119, 103], "threshold": null}, {"pattern": [217, 134], "threshold": null}, {"pattern": [120], "threshold": null}, {"pattern": [45], "threshold": null}, {"pattern": [19, 171], "threshold": null}, {"pattern": [158], "threshold": null}, {"pattern": [86], "threshold": null}, {"pattern": [188, 164], "threshold": null}, {"pattern": [90, 61], "threshold": null}, {"pattern": [13], "threshold": null}, {"pattern": [241, 164], "threshold": null}, {"pattern": [34, 158], "threshold": null}, {"pattern": [69, 158], "threshold": null}, {"pattern": [188, 63], "threshold": null}, {"pattern": [134, 30], "threshold": null}, {"pattern": [81, 215], "threshold": null}, {"pattern": [237], "threshold": null}, {"pattern": [54], "threshold": null}, {"pattern": [188, 86, 215], "threshold": null}, {"pattern": [212, 103], "threshold": null}, {"pattern": [230], "threshold": null}, {"pattern": [137, 77], "threshold": null}, {"pattern": [132], "threshold": null}, {"pattern": [65], "threshold": null}, {"pattern": [19, 103], "threshold": null}, {"pattern": [19, 86], "threshold": null}, {"pattern": [75, 68], "threshold": null}, {"pattern": [157, 86], "threshold": null}, {"pattern": [212], "threshold": null}, {"pattern": [49, 212], "threshold": null}, {"pattern": [235, 119], "threshold": null}, {"pattern": [50, 245], "threshold": null}, {"pattern": [86, 38], "threshold": null}, {"pattern": [116, 190], "threshold": null}, {"pattern": [224, 244], "threshold": null}, {"pattern": [184, 202], "threshold": null}, {"pattern": [103], "threshold": null}, {"pattern": [16, 204], "threshold": null}, {"pattern": [82, 37], "threshold": null}, {"pattern": [134, 55], "threshold": null}, {"pattern": [171, 212], "threshold": null}, {"pattern": [88], "threshold": null}, {"pattern": [202, 142], "threshold": null}, {"pattern": [211, 103], "threshold": null}]}, {"config": {"code_name": "[CS CM CC][SSize MFit CAtom][GNone]", "population_size": 100, "evaluation_budget": 10000, "cluster_info_file_name": "C:\\Users\\gac8\\PycharmProjects\\PSSearch\\retail_forecasting_data_collection\\data\\cluster_info_250_random.pkl", "use_custom_sampling_operator": true, "use_custom_mutation_operator": true, "use_custom_crossover_operator": true, "use_custom_atomicity": true, "genome_threshold": null, "include_ps_len": false, "include_sample_quantity": true, "include_wasserstein_distance": false, "include_diff_median": false, "include_atomicity": true, "include_p_value": false, "include_mean_fitness": true, "include_variance": false}, "results": [{"pattern": [16, 87], "threshold": null}, {"pattern": [221, 215], "threshold": null}, {"pattern": [157, 158], "threshold": null}, {"pattern": [86], "threshold": null}, {"pattern": [27, 215], "threshold": null}, {"pattern": [205, 63], "threshold": null}, {"pattern": [218, 51], "threshold": null}, {"pattern": [90, 235], "threshold": null}, {"pattern": [81, 63], "threshold": null}, {"pattern": [188], "threshold": null}, {"pattern": [184, 30], "threshold": null}, {"pattern": [50, 158], "threshold": null}, {"pattern": [248, 134], "threshold": null}, {"pattern": [162, 30], "threshold": null}, {"pattern": [122, 109], "threshold": null}, {"pattern": [24, 127], "threshold": null}, {"pattern": [180, 167], "threshold": null}, {"pattern": [116, 134], "threshold": null}, {"pattern": [158], "threshold": null}, {"pattern": [88], "threshold": null}, {"pattern": [13], "threshold": null}, {"pattern": [139, 196], "threshold": null}, {"pattern": [16, 197], "threshold": null}, {"pattern": [132, 61], "threshold": null}, {"pattern": [188, 13], "threshold": null}, {"pattern": [74, 71], "threshold": null}, {"pattern": [137, 63], "threshold": null}, {"pattern": [88, 27], "threshold": null}, {"pattern": [241, 134], "threshold": null}, {"pattern": [34, 38], "threshold": null}, {"pattern": [188, 86], "threshold": null}, {"pattern": [158, 86], "threshold": null}, {"pattern": [65], "threshold": null}, {"pattern": [134, 63], "threshold": null}, {"pattern": [212], "threshold": null}, {"pattern": [88, 63], "threshold": null}, {"pattern": [212, 103], "threshold": null}, {"pattern": [37, 182], "threshold": null}]}, {"config": {"code_name": "[CS CM CC][Len MFit CAtom][GNone]", "population_size": 100, "evaluation_budget": 10000, "cluster_info_file_name": "C:\\Users\\gac8\\PycharmProjects\\PSSearch\\retail_forecasting_data_collection\\data\\cluster_info_250_random.pkl", "use_custom_sampling_operator": true, "use_custom_mutation_operator": true, "use_custom_crossover_operator": true, "use_custom_atomicity": true, "genome_threshold": null, "include_ps_len": true, "include_sample_quantity": false, "include_wasserstein_distance": false, "include_diff_median": false, "include_atomicity": true, "include_p_value": false, "include_mean_fitness": true, "include_variance": false}, "results": [{"pattern": [180, 173], "threshold": null}, {"pattern": [120], "threshold": null}, {"pattern": [186, 221], "threshold": null}, {"pattern": [76, 29], "threshold": null}, {"pattern": [34, 37], "threshold": null}, {"pattern": [25, 63], "threshold": null}, {"pattern": [249, 239], "threshold": null}, {"pattern": [33, 43], "threshold": null}]}, {"config": {"code_name": "[CS CM CC][Len SSize CAtom][GNone]", "population_size": 100, "evaluation_budget": 10000, "cluster_info_file_name": "C:\\Users\\gac8\\PycharmProjects\\PSSearch\\retail_forecasting_data_collection\\data\\cluster_info_250_random.pkl", "use_custom_sampling_operator": true, "use_custom_mutation_operator": true, "use_custom_crossover_operator": true, "use_custom_atomicity": true, "genome_threshold": null, "include_ps_len": true, "include_sample_quantity": true, "include_wasserstein_distance": false, "include_diff_median": false, "include_atomicity": true, "include_p_value": false, "include_mean_fitness": false, "include_variance": false}, "results": [{"pattern": [180, 215], "threshold": null}, {"pattern": [226, 188], "threshold": null}, {"pattern": [195, 135], "threshold": null}, {"pattern": [27, 188], "threshold": null}, {"pattern": [75, 68], "threshold": null}, {"pattern": [188], "threshold": null}, {"pattern": [13, 157], "threshold": null}, {"pattern": [90, 146], "threshold": null}, {"pattern": [188, 206], "threshold": null}, {"pattern": [65, 90], "threshold": null}, {"pattern": [76, 190], "threshold": null}, {"pattern": [83, 151], "threshold": null}, {"pattern": [221, 206], "threshold": null}, {"pattern": [91, 212], "threshold": null}]}, {"config": {"code_name": "[CS CM CC][Len SSize MFit][GNone]", "population_size": 100, "evaluation_budget": 10000, "cluster_info_file_name": "C:\\Users\\gac8\\PycharmProjects\\PSSearch\\retail_forecasting_data_collection\\data\\cluster_info_250_random.pkl", "use_custom_sampling_operator": true, "use_custom_mutation_operator": true, "use_custom_crossover_operator": true, "use_custom_atomicity": true, "genome_threshold": null, "include_ps_len": true, "include_sample_quantity": true, "include_wasserstein_distance": false, "include_diff_median": false, "include_atomicity": false, "include_p_value": false, "include_mean_fitness": true, "include_variance": false}, "results": [{"pattern": [158, 103], "threshold": null}, {"pattern": [69, 158], "threshold": null}, {"pattern": [158], "threshold": null}, {"pattern": [188], "threshold": null}, {"pattern": [237], "threshold": null}, {"pattern": [241, 158], "threshold": null}, {"pattern": [103], "threshold": null}, {"pattern": [230], "threshold": null}, {"pattern": [13], "threshold": null}, {"pattern": [86], "threshold": null}, {"pattern": [27, 212], "threshold": null}, {"pattern": [88], "threshold": null}, {"pattern": [13, 86], "threshold": null}, {"pattern": [65], "threshold": null}, {"pattern": [212, 86], "threshold": null}, {"pattern": [120], "threshold": null}, {"pattern": [132], "threshold": null}, {"pattern": [25, 215], "threshold": null}, {"pattern": [65, 180], "threshold": null}, {"pattern": [196, 132], "threshold": null}, {"pattern": [132, 158], "threshold": null}, {"pattern": [212], "threshold": null}, {"pattern": [196], "threshold": null}, {"pattern": [25], "threshold": null}, {"pattern": [54], "threshold": null}, {"pattern": [45], "threshold": null}]}, {"config": {"code_name": "[OS CM CC][Len SSize MFit CAtom][GNone]", "population_size": 100, "evaluation_budget": 10000, "cluster_info_file_name": "C:\\Users\\gac8\\PycharmProjects\\PSSearch\\retail_forecasting_data_collection\\data\\cluster_info_250_random.pkl", "use_custom_sampling_operator": false, "use_custom_mutation_operator": true, "use_custom_crossover_operator": true, "use_custom_atomicity": true, "genome_threshold": null, "include_ps_len": true, "include_sample_quantity": true, "include_wasserstein_distance": false, "include_diff_median": false, "include_atomicity": true, "include_p_value": false, "include_mean_fitness": true, "include_variance": false}, "results": [{"pattern": [196], "threshold": null}, {"pattern": [81, 173], "threshold": null}, {"pattern": [92, 63], "threshold": null}, {"pattern": [224, 158], "threshold": null}, {"pattern": [16, 182], "threshold": null}, {"pattern": [13, 135], "threshold": null}, {"pattern": [188], "threshold": null}, {"pattern": [27, 196], "threshold": null}, {"pattern": [25], "threshold": null}, {"pattern": [120], "threshold": null}, {"pattern": [162, 196], "threshold": null}, {"pattern": [45], "threshold": null}, {"pattern": [26, 196], "threshold": null}, {"pattern": [158], "threshold": null}, {"pattern": [86], "threshold": null}, {"pattern": [142, 47], "threshold": null}, {"pattern": [13], "threshold": null}, {"pattern": [27, 204], "threshold": null}, {"pattern": [16, 103], "threshold": null}, {"pattern": [81, 180], "threshold": null}, {"pattern": [237], "threshold": null}, {"pattern": [54], "threshold": null}, {"pattern": [91, 142], "threshold": null}, {"pattern": [184, 232], "threshold": null}, {"pattern": [204, 116], "threshold": null}, {"pattern": [69, 134], "threshold": null}, {"pattern": [196, 134], "threshold": null}, {"pattern": [230], "threshold": null}, {"pattern": [81, 188], "threshold": null}, {"pattern": [16, 232], "threshold": null}, {"pattern": [65], "threshold": null}, {"pattern": [132], "threshold": null}, {"pattern": [65, 237], "threshold": null}, {"pattern": [90, 182], "threshold": null}, {"pattern": [77, 38], "threshold": null}, {"pattern": [18, 92], "threshold": null}, {"pattern": [65, 61], "threshold": null}, {"pattern": [245, 215], "threshold": null}, {"pattern": [153, 100], "threshold": null}, {"pattern": [212], "threshold": null}, {"pattern": [193, 215], "threshold": null}, {"pattern": [132, 69], "threshold": null}, {"pattern": [248, 131], "threshold": null}, {"pattern": [103], "threshold": null}, {"pattern": [204, 188], "threshold": null}, {"pattern": [76, 61], "threshold": null}, {"pattern": [50, 151], "threshold": null}, {"pattern": [100, 158], "threshold": null}, {"pattern": [220, 101], "threshold": null}, {"pattern": [193, 212], "threshold": null}, {"pattern": [88], "threshold": null}, {"pattern": [164, 63], "threshold": null}]}, {"config": {"code_name": "[CS OM CC][Len SSize MFit CAtom][GNone]", "population_size": 100, "evaluation_budget": 10000, "cluster_info_file_name": "C:\\Users\\gac8\\PycharmProjects\\PSSearch\\retail_forecasting_data_collection\\data\\cluster_info_250_random.pkl", "use_custom_sampling_operator": true, "use_custom_mutation_operator": false, "use_custom_crossover_operator": true, "use_custom_atomicity": true, "genome_threshold": null, "include_ps_len": true, "include_sample_quantity": true, "include_wasserstein_distance": false, "include_diff_median": false, "include_atomicity": true, "include_p_value": false, "include_mean_fitness": true, "include_variance": false}, "results": [{"pattern": [205, 38], "threshold": null}, {"pattern": [87], "threshold": null}, {"pattern": [196], "threshold": null}, {"pattern": [195, 13], "threshold": null}, {"pattern": [16, 212, 215], "threshold": null}, {"pattern": [164, 212, 132], "threshold": null}, {"pattern": [13, 30], "threshold": null}, {"pattern": [212, 157, 86], "threshold": null}, {"pattern": [212, 13, 215], "threshold": null}, {"pattern": [248, 180, 212], "threshold": null}, {"pattern": [188, 212], "threshold": null}, {"pattern": [116, 87], "threshold": null}, {"pattern": [132, 212, 90, 188, 13], "threshold": null}, {"pattern": [13, 134], "threshold": null}, {"pattern": [81, 196, 212], "threshold": null}, {"pattern": [196, 13], "threshold": null}, {"pattern": [154], "threshold": null}, {"pattern": [212, 13], "threshold": null}, {"pattern": [134], "threshold": null}, {"pattern": [212, 132], "threshold": null}, {"pattern": [74, 212], "threshold": null}, {"pattern": [188, 196, 212], "threshold": null}, {"pattern": [132, 188, 13], "threshold": null}, {"pattern": [38, 87], "threshold": null}, {"pattern": [27, 132, 13], "threshold": null}, {"pattern": [13], "threshold": null}, {"pattern": [102], "threshold": null}, {"pattern": [81, 212, 103], "threshold": null}, {"pattern": [188, 13], "threshold": null}, {"pattern": [81, 212, 132], "threshold": null}, {"pattern": [16, 212, 86], "threshold": null}, {"pattern": [232, 132], "threshold": null}, {"pattern": [158, 38], "threshold": null}, {"pattern": [59, 151], "threshold": null}, {"pattern": [217, 188, 212], "threshold": null}, {"pattern": [34, 38], "threshold": null}, {"pattern": [180, 132], "threshold": null}, {"pattern": [54], "threshold": null}, {"pattern": [88, 188, 212], "threshold": null}, {"pattern": [196, 215], "threshold": null}, {"pattern": [188, 212, 13], "threshold": null}, {"pattern": [217, 196], "threshold": null}, {"pattern": [212, 132, 13], "threshold": null}, {"pattern": [27, 244, 13], "threshold": null}, {"pattern": [132], "threshold": null}, {"pattern": [132, 188, 212, 13], "threshold": null}, {"pattern": [188, 212, 13, 134], "threshold": null}, {"pattern": [221, 132, 13], "threshold": null}, {"pattern": [248, 212], "threshold": null}, {"pattern": [132, 212, 103], "threshold": null}, {"pattern": [248, 212, 86], "threshold": null}, {"pattern": [212], "threshold": null}, {"pattern": [244, 13], "threshold": null}, {"pattern": [17], "threshold": null}, {"pattern": [212, 86], "threshold": null}, {"pattern": [212, 196], "threshold": null}, {"pattern": [101, 195, 13], "threshold": null}, {"pattern": [16, 212], "threshold": null}, {"pattern": [212, 215], "threshold": null}, {"pattern": [16, 235], "threshold": null}, {"pattern": [188, 196, 212, 158], "threshold": null}, {"pattern": [132, 87], "threshold": null}, {"pattern": [25, 212], "threshold": null}, {"pattern": [132, 13], "threshold": null}, {"pattern": [13, 181], "threshold": null}, {"pattern": [212, 87], "threshold": null}, {"pattern": [196, 190], "threshold": null}, {"pattern": [27, 13], "threshold": null}, {"pattern": [25, 188, 212], "threshold": null}, {"pattern": [38, 119], "threshold": null}, {"pattern": [221, 87], "threshold": null}, {"pattern": [38], "threshold": null}]}, {"config": {"code_name": "[CS CM OC][Len SSize MFit CAtom][GNone]", "population_size": 100, "evaluation_budget": 10000, "cluster_info_file_name": "C:\\Users\\gac8\\PycharmProjects\\PSSearch\\retail_forecasting_data_collection\\data\\cluster_info_250_random.pkl", "use_custom_sampling_operator": true, "use_custom_mutation_operator": true, "use_custom_crossover_operator": false, "use_custom_atomicity": true, "genome_threshold": null, "include_ps_len": true, "include_sample_quantity": true, "include_wasserstein_distance": false, "include_diff_median": false, "include_atomicity": true, "include_p_value": false, "include_mean_fitness": true, "include_variance": false}, "results": [{"pattern": [16, 188], "threshold": null}, {"pattern": [205, 119], "threshold": null}, {"pattern": [196], "threshold": null}, {"pattern": [34, 245], "threshold": null}, {"pattern": [177, 212], "threshold": null}, {"pattern": [188], "threshold": null}, {"pattern": [25], "threshold": null}, {"pattern": [18, 37], "threshold": null}, {"pattern": [120], "threshold": null}, {"pattern": [45], "threshold": null}, {"pattern": [74, 212], "threshold": null}, {"pattern": [158], "threshold": null}, {"pattern": [132, 103], "threshold": null}, {"pattern": [56, 204], "threshold": null}, {"pattern": [86], "threshold": null}, {"pattern": [30, 103], "threshold": null}, {"pattern": [13], "threshold": null}, {"pattern": [188, 13], "threshold": null}, {"pattern": [188, 71], "threshold": null}, {"pattern": [65, 180], "threshold": null}, {"pattern": [88, 27], "threshold": null}, {"pattern": [184, 87], "threshold": null}, {"pattern": [248, 215], "threshold": null}, {"pattern": [232, 132], "threshold": null}, {"pattern": [65, 13], "threshold": null}, {"pattern": [237], "threshold": null}, {"pattern": [54], "threshold": null}, {"pattern": [235, 52], "threshold": null}, {"pattern": [230], "threshold": null}, {"pattern": [132, 93], "threshold": null}, {"pattern": [65], "threshold": null}, {"pattern": [132], "threshold": null}, {"pattern": [134, 87], "threshold": null}, {"pattern": [88, 212], "threshold": null}, {"pattern": [212], "threshold": null}, {"pattern": [169, 235], "threshold": null}, {"pattern": [90, 19], "threshold": null}, {"pattern": [90, 245], "threshold": null}, {"pattern": [192, 195], "threshold": null}, {"pattern": [116, 86], "threshold": null}, {"pattern": [103], "threshold": null}, {"pattern": [27, 188, 13, 86], "threshold": null}, {"pattern": [241, 158], "threshold": null}, {"pattern": [162, 215], "threshold": null}, {"pattern": [224, 188], "threshold": null}, {"pattern": [88], "threshold": null}, {"pattern": [56, 246], "threshold": null}, {"pattern": [188, 151], "threshold": null}]}]}