{"extra_info": {"version": "fallback_v1", "seed": 19}, "data": [{"config": {"code_name": "[CS CM CC][Len SSize MFit CAtom][GNone]", "population_size": 100, "evaluation_budget": 10000, "cluster_info_file_name": "C:\\Users\\gac8\\PycharmProjects\\PSSearch\\retail_forecasting_data_collection\\data\\cluster_info_250_random.pkl", "use_custom_sampling_operator": true, "use_custom_mutation_operator": true, "use_custom_crossover_operator": true, "use_custom_atomicity": true, "genome_threshold": null, "include_ps_len": true, "include_sample_quantity": true, "include_wasserstein_distance": false, "include_diff_median": false, "include_atomicity": true, "include_p_value": false, "include_mean_fitness": true, "include_variance": false}, "results": [{"pattern": [90, 13], "threshold": null}, {"pattern": [212, 127], "threshold": null}, {"pattern": [116, 87], "threshold": null}, {"pattern": [90, 188, 134], "threshold": null}, {"pattern": [244, 13], "threshold": null}, {"pattern": [56, 86], "threshold": null}, {"pattern": [188, 190], "threshold": null}, {"pattern": [27, 196], "threshold": null}, {"pattern": [25, 158], "threshold": null}, {"pattern": [120], "threshold": null}, {"pattern": [54], "threshold": null}, {"pattern": [190, 134], "threshold": null}, {"pattern": [25, 215], "threshold": null}, {"pattern": [45], "threshold": null}, {"pattern": [212, 196], "threshold": null}, {"pattern": [42, 151], "threshold": null}, {"pattern": [217], "threshold": null}, {"pattern": [211, 188], "threshold": null}, {"pattern": [225, 132], "threshold": null}, {"pattern": [13, 134], "threshold": null}, {"pattern": [193, 146], "threshold": null}, {"pattern": [237], "threshold": null}, {"pattern": [90, 171, 212], "threshold": null}, {"pattern": [24, 212], "threshold": null}, {"pattern": [88, 27], "threshold": null}, {"pattern": [86], "threshold": null}, {"pattern": [188, 69], "threshold": null}, {"pattern": [196, 237], "threshold": null}, {"pattern": [232, 30], "threshold": null}, {"pattern": [188], "threshold": null}, {"pattern": [105, 119], "threshold": null}, {"pattern": [34, 151], "threshold": null}, {"pattern": [132], "threshold": null}, {"pattern": [158], "threshold": null}, {"pattern": [245, 158], "threshold": null}, {"pattern": [65], "threshold": null}, {"pattern": [212], "threshold": null}, {"pattern": [195, 135], "threshold": null}, {"pattern": [56, 212], "threshold": null}, {"pattern": [25], "threshold": null}, {"pattern": [56, 38], "threshold": null}, {"pattern": [88], "threshold": null}, {"pattern": [196], "threshold": null}, {"pattern": [132, 158], "threshold": null}, {"pattern": [13], "threshold": null}, {"pattern": [74, 215], "threshold": null}, {"pattern": [230], "threshold": null}, {"pattern": [177, 202], "threshold": null}, {"pattern": [202, 171], "threshold": null}, {"pattern": [93], "threshold": null}, {"pattern": [188, 101], "threshold": null}, {"pattern": [103], "threshold": null}]}, {"config": {"code_name": "[CS CM CC][SSize MFit CAtom][GNone]", "population_size": 100, "evaluation_budget": 10000, "cluster_info_file_name": "C:\\Users\\gac8\\PycharmProjects\\PSSearch\\retail_forecasting_data_collection\\data\\cluster_info_250_random.pkl", "use_custom_sampling_operator": true, "use_custom_mutation_operator": true, "use_custom_crossover_operator": true, "use_custom_atomicity": true, "genome_threshold": null, "include_ps_len": false, "include_sample_quantity": true, "include_wasserstein_distance": false, "include_diff_median": false, "include_atomicity": true, "include_p_value": false, "include_mean_fitness": true, "include_variance": false}, "results": [{"pattern": [50, 188], "threshold": null}, {"pattern": [204, 134], "threshold": null}, {"pattern": [155, 63], "threshold": null}, {"pattern": [116, 190], "threshold": null}, {"pattern": [88, 86], "threshold": null}, {"pattern": [205, 109], "threshold": null}, {"pattern": [65], "threshold": null}, {"pattern": [237], "threshold": null}, {"pattern": [13], "threshold": null}, {"pattern": [50, 212, 13], "threshold": null}, {"pattern": [151, 103], "threshold": null}, {"pattern": [11, 205], "threshold": null}, {"pattern": [103], "threshold": null}, {"pattern": [241, 212], "threshold": null}, {"pattern": [13, 63], "threshold": null}, {"pattern": [34, 87], "threshold": null}, {"pattern": [158], "threshold": null}, {"pattern": [202, 235], "threshold": null}, {"pattern": [132], "threshold": null}, {"pattern": [232, 13], "threshold": null}, {"pattern": [196, 95], "threshold": null}, {"pattern": [190, 86], "threshold": null}, {"pattern": [188], "threshold": null}, {"pattern": [212, 92], "threshold": null}, {"pattern": [245, 87], "threshold": null}, {"pattern": [90, 146], "threshold": null}, {"pattern": [16, 204], "threshold": null}, {"pattern": [91, 158], "threshold": null}, {"pattern": [88, 90], "threshold": null}, {"pattern": [212, 158], "threshold": null}, {"pattern": [90, 237], "threshold": null}, {"pattern": [217], "threshold": null}, {"pattern": [90, 134], "threshold": null}, {"pattern": [204, 183], "threshold": null}, {"pattern": [184, 61], "threshold": null}, {"pattern": [196], "threshold": null}, {"pattern": [88], "threshold": null}, {"pattern": [212], "threshold": null}, {"pattern": [86], "threshold": null}, {"pattern": [235, 158], "threshold": null}, {"pattern": [162, 86], "threshold": null}, {"pattern": [235, 196], "threshold": null}, {"pattern": [196, 188, 182], "threshold": null}, {"pattern": [50, 167], "threshold": null}, {"pattern": [224, 180], "threshold": null}, {"pattern": [157, 173], "threshold": null}, {"pattern": [122, 205], "threshold": null}, {"pattern": [18, 158], "threshold": null}, {"pattern": [248, 26], "threshold": null}, {"pattern": [88, 221], "threshold": null}, {"pattern": [171, 86], "threshold": null}, {"pattern": [233, 18], "threshold": null}, {"pattern": [193, 86], "threshold": null}]}, {"config": {"code_name": "[CS CM CC][Len MFit CAtom][GNone]", "population_size": 100, "evaluation_budget": 10000, "cluster_info_file_name": "C:\\Users\\gac8\\PycharmProjects\\PSSearch\\retail_forecasting_data_collection\\data\\cluster_info_250_random.pkl", "use_custom_sampling_operator": true, "use_custom_mutation_operator": true, "use_custom_crossover_operator": true, "use_custom_atomicity": true, "genome_threshold": null, "include_ps_len": true, "include_sample_quantity": false, "include_wasserstein_distance": false, "include_diff_median": false, "include_atomicity": true, "include_p_value": false, "include_mean_fitness": true, "include_variance": false}, "results": [{"pattern": [88, 134], "threshold": null}, {"pattern": [25, 90], "threshold": null}, {"pattern": [221, 102], "threshold": null}, {"pattern": [16, 237], "threshold": null}, {"pattern": [33, 75], "threshold": null}, {"pattern": [190, 87], "threshold": null}, {"pattern": [169, 132], "threshold": null}, {"pattern": [120], "threshold": null}]}, {"config": {"code_name": "[CS CM CC][Len SSize CAtom][GNone]", "population_size": 100, "evaluation_budget": 10000, "cluster_info_file_name": "C:\\Users\\gac8\\PycharmProjects\\PSSearch\\retail_forecasting_data_collection\\data\\cluster_info_250_random.pkl", "use_custom_sampling_operator": true, "use_custom_mutation_operator": true, "use_custom_crossover_operator": true, "use_custom_atomicity": true, "genome_threshold": null, "include_ps_len": true, "include_sample_quantity": true, "include_wasserstein_distance": false, "include_diff_median": false, "include_atomicity": true, "include_p_value": false, "include_mean_fitness": false, "include_variance": false}, "results": [{"pattern": [220, 101], "threshold": null}, {"pattern": [196, 63], "threshold": null}, {"pattern": [188], "threshold": null}, {"pattern": [11, 205], "threshold": null}, {"pattern": [35, 68], "threshold": null}, {"pattern": [188, 237], "threshold": null}, {"pattern": [212, 244], "threshold": null}, {"pattern": [34, 63], "threshold": null}, {"pattern": [220, 135], "threshold": null}, {"pattern": [188, 86], "threshold": null}, {"pattern": [212, 196], "threshold": null}, {"pattern": [212, 132], "threshold": null}, {"pattern": [249, 101], "threshold": null}]}, {"config": {"code_name": "[CS CM CC][Len SSize MFit][GNone]", "population_size": 100, "evaluation_budget": 10000, "cluster_info_file_name": "C:\\Users\\gac8\\PycharmProjects\\PSSearch\\retail_forecasting_data_collection\\data\\cluster_info_250_random.pkl", "use_custom_sampling_operator": true, "use_custom_mutation_operator": true, "use_custom_crossover_operator": true, "use_custom_atomicity": true, "genome_threshold": null, "include_ps_len": true, "include_sample_quantity": true, "include_wasserstein_distance": false, "include_diff_median": false, "include_atomicity": false, "include_p_value": false, "include_mean_fitness": true, "include_variance": false}, "results": [{"pattern": [132], "threshold": null}, {"pattern": [88, 202], "threshold": null}, {"pattern": [65], "threshold": null}, {"pattern": [212, 86], "threshold": null}, {"pattern": [188], "threshold": null}, {"pattern": [25], "threshold": null}, {"pattern": [90, 180, 86], "threshold": null}, {"pattern": [212, 196], "threshold": null}, {"pattern": [237], "threshold": null}, {"pattern": [202, 13], "threshold": null}, {"pattern": [180, 215], "threshold": null}, {"pattern": [103], "threshold": null}, {"pattern": [93], "threshold": null}, {"pattern": [16, 27], "threshold": null}, {"pattern": [45], "threshold": null}, {"pattern": [235, 103], "threshold": null}, {"pattern": [171, 158], "threshold": null}, {"pattern": [230], "threshold": null}, {"pattern": [196], "threshold": null}, {"pattern": [13], "threshold": null}, {"pattern": [215, 167], "threshold": null}, {"pattern": [88], "threshold": null}, {"pattern": [54], "threshold": null}, {"pattern": [217], "threshold": null}, {"pattern": [212], "threshold": null}, {"pattern": [248, 27], "threshold": null}, {"pattern": [120], "threshold": null}, {"pattern": [211, 134], "threshold": null}, {"pattern": [158], "threshold": null}, {"pattern": [86], "threshold": null}, {"pattern": [180, 86], "threshold": null}]}, {"config": {"code_name": "[OS CM CC][Len SSize MFit CAtom][GNone]", "population_size": 100, "evaluation_budget": 10000, "cluster_info_file_name": "C:\\Users\\gac8\\PycharmProjects\\PSSearch\\retail_forecasting_data_collection\\data\\cluster_info_250_random.pkl", "use_custom_sampling_operator": false, "use_custom_mutation_operator": true, "use_custom_crossover_operator": true, "use_custom_atomicity": true, "genome_threshold": null, "include_ps_len": true, "include_sample_quantity": true, "include_wasserstein_distance": false, "include_diff_median": false, "include_atomicity": true, "include_p_value": false, "include_mean_fitness": true, "include_variance": false}, "results": [{"pattern": [81, 235], "threshold": null}, {"pattern": [90, 13], "threshold": null}, {"pattern": [90, 103], "threshold": null}, {"pattern": [212, 100], "threshold": null}, {"pattern": [8, 188], "threshold": null}, {"pattern": [38, 103], "threshold": null}, {"pattern": [217, 215], "threshold": null}, {"pattern": [218, 51], "threshold": null}, {"pattern": [120], "threshold": null}, {"pattern": [54], "threshold": null}, {"pattern": [188, 245], "threshold": null}, {"pattern": [93, 215], "threshold": null}, {"pattern": [50, 215], "threshold": null}, {"pattern": [1, 215], "threshold": null}, {"pattern": [16, 87], "threshold": null}, {"pattern": [91, 47], "threshold": null}, {"pattern": [16, 196], "threshold": null}, {"pattern": [45], "threshold": null}, {"pattern": [56, 155], "threshold": null}, {"pattern": [217], "threshold": null}, {"pattern": [87, 63], "threshold": null}, {"pattern": [188, 103], "threshold": null}, {"pattern": [212, 86], "threshold": null}, {"pattern": [237], "threshold": null}, {"pattern": [93], "threshold": null}, {"pattern": [86], "threshold": null}, {"pattern": [16, 27], "threshold": null}, {"pattern": [16, 88], "threshold": null}, {"pattern": [217, 132], "threshold": null}, {"pattern": [158, 171, 86], "threshold": null}, {"pattern": [188], "threshold": null}, {"pattern": [27, 158], "threshold": null}, {"pattern": [134, 87], "threshold": null}, {"pattern": [81, 180], "threshold": null}, {"pattern": [132], "threshold": null}, {"pattern": [232, 52], "threshold": null}, {"pattern": [158], "threshold": null}, {"pattern": [65], "threshold": null}, {"pattern": [212], "threshold": null}, {"pattern": [50, 90], "threshold": null}, {"pattern": [25], "threshold": null}, {"pattern": [88], "threshold": null}, {"pattern": [196], "threshold": null}, {"pattern": [27, 55], "threshold": null}, {"pattern": [13], "threshold": null}, {"pattern": [230], "threshold": null}, {"pattern": [65, 103], "threshold": null}, {"pattern": [103], "threshold": null}]}, {"config": {"code_name": "[CS OM CC][Len SSize MFit CAtom][GNone]", "population_size": 100, "evaluation_budget": 10000, "cluster_info_file_name": "C:\\Users\\gac8\\PycharmProjects\\PSSearch\\retail_forecasting_data_collection\\data\\cluster_info_250_random.pkl", "use_custom_sampling_operator": true, "use_custom_mutation_operator": false, "use_custom_crossover_operator": true, "use_custom_atomicity": true, "genome_threshold": null, "include_ps_len": true, "include_sample_quantity": true, "include_wasserstein_distance": false, "include_diff_median": false, "include_atomicity": true, "include_p_value": false, "include_mean_fitness": true, "include_variance": false}, "results": [{"pattern": [196, 247], "threshold": null}, {"pattern": [212, 157], "threshold": null}, {"pattern": [88, 196, 212], "threshold": null}, {"pattern": [196, 221], "threshold": null}, {"pattern": [212, 197], "threshold": null}, {"pattern": [217, 13], "threshold": null}, {"pattern": [49, 63], "threshold": null}, {"pattern": [81, 212, 196], "threshold": null}, {"pattern": [74], "threshold": null}, {"pattern": [212, 196, 221], "threshold": null}, {"pattern": [132, 188, 86, 103], "threshold": null}, {"pattern": [188], "threshold": null}, {"pattern": [212, 215], "threshold": null}, {"pattern": [196, 93], "threshold": null}, {"pattern": [81, 196, 215], "threshold": null}, {"pattern": [74, 68], "threshold": null}, {"pattern": [196, 103], "threshold": null}, {"pattern": [196, 188, 103], "threshold": null}, {"pattern": [196, 13, 215], "threshold": null}, {"pattern": [188, 196, 13, 103], "threshold": null}, {"pattern": [93], "threshold": null}, {"pattern": [34, 188, 190], "threshold": null}, {"pattern": [212, 4], "threshold": null}, {"pattern": [196, 212], "threshold": null}, {"pattern": [90, 196, 188, 13], "threshold": null}, {"pattern": [188, 103], "threshold": null}, {"pattern": [164, 212, 215], "threshold": null}, {"pattern": [139, 212, 215], "threshold": null}, {"pattern": [212, 13], "threshold": null}, {"pattern": [13, 103], "threshold": null}, {"pattern": [196, 212, 13, 158], "threshold": null}, {"pattern": [27, 13], "threshold": null}, {"pattern": [196, 188, 13], "threshold": null}, {"pattern": [196], "threshold": null}, {"pattern": [132, 90, 188, 103], "threshold": null}, {"pattern": [74, 212], "threshold": null}, {"pattern": [16, 212, 13], "threshold": null}, {"pattern": [188, 215], "threshold": null}, {"pattern": [162, 196], "threshold": null}, {"pattern": [43, 212], "threshold": null}, {"pattern": [241, 63], "threshold": null}, {"pattern": [81, 196], "threshold": null}, {"pattern": [132, 212, 244], "threshold": null}, {"pattern": [196, 212, 13], "threshold": null}, {"pattern": [25, 13], "threshold": null}, {"pattern": [13, 157], "threshold": null}, {"pattern": [90, 196, 221], "threshold": null}, {"pattern": [241, 50], "threshold": null}, {"pattern": [49], "threshold": null}, {"pattern": [212, 244], "threshold": null}, {"pattern": [195, 13], "threshold": null}, {"pattern": [212, 54], "threshold": null}, {"pattern": [116, 196, 212], "threshold": null}, {"pattern": [212, 13, 157], "threshold": null}, {"pattern": [188, 196], "threshold": null}, {"pattern": [212, 38], "threshold": null}, {"pattern": [34, 212], "threshold": null}, {"pattern": [13], "threshold": null}, {"pattern": [14], "threshold": null}, {"pattern": [196, 95], "threshold": null}, {"pattern": [212, 13, 158], "threshold": null}, {"pattern": [196, 13, 103], "threshold": null}, {"pattern": [241, 13], "threshold": null}, {"pattern": [81, 74], "threshold": null}, {"pattern": [177, 212], "threshold": null}, {"pattern": [180, 212, 13], "threshold": null}, {"pattern": [248, 196, 215], "threshold": null}, {"pattern": [241], "threshold": null}, {"pattern": [116, 188, 212, 196], "threshold": null}, {"pattern": [177, 212, 158], "threshold": null}, {"pattern": [241, 132], "threshold": null}, {"pattern": [188, 13], "threshold": null}, {"pattern": [132, 188, 103], "threshold": null}, {"pattern": [65, 13], "threshold": null}, {"pattern": [34, 188, 38], "threshold": null}, {"pattern": [25, 212], "threshold": null}, {"pattern": [188, 13, 103], "threshold": null}, {"pattern": [25, 188, 215], "threshold": null}, {"pattern": [212], "threshold": null}, {"pattern": [90, 212, 215], "threshold": null}, {"pattern": [74, 215], "threshold": null}, {"pattern": [212, 13, 103], "threshold": null}, {"pattern": [81], "threshold": null}, {"pattern": [196, 13], "threshold": null}]}, {"config": {"code_name": "[CS CM OC][Len SSize MFit CAtom][GNone]", "population_size": 100, "evaluation_budget": 10000, "cluster_info_file_name": "C:\\Users\\gac8\\PycharmProjects\\PSSearch\\retail_forecasting_data_collection\\data\\cluster_info_250_random.pkl", "use_custom_sampling_operator": true, "use_custom_mutation_operator": true, "use_custom_crossover_operator": false, "use_custom_atomicity": true, "genome_threshold": null, "include_ps_len": true, "include_sample_quantity": true, "include_wasserstein_distance": false, "include_diff_median": false, "include_atomicity": true, "include_p_value": false, "include_mean_fitness": true, "include_variance": false}, "results": [{"pattern": [147, 38], "threshold": null}, {"pattern": [16, 202], "threshold": null}, {"pattern": [180, 13], "threshold": null}, {"pattern": [184, 215], "threshold": null}, {"pattern": [146, 188], "threshold": null}, {"pattern": [180, 63], "threshold": null}, {"pattern": [88, 188], "threshold": null}, {"pattern": [226, 131], "threshold": null}, {"pattern": [120], "threshold": null}, {"pattern": [217, 237], "threshold": null}, {"pattern": [54], "threshold": null}, {"pattern": [139, 116], "threshold": null}, {"pattern": [158, 63], "threshold": null}, {"pattern": [18, 37], "threshold": null}, {"pattern": [88, 50], "threshold": null}, {"pattern": [45], "threshold": null}, {"pattern": [50, 245], "threshold": null}, {"pattern": [217], "threshold": null}, {"pattern": [87, 63], "threshold": null}, {"pattern": [237], "threshold": null}, {"pattern": [184, 30], "threshold": null}, {"pattern": [50, 47], "threshold": null}, {"pattern": [212, 47], "threshold": null}, {"pattern": [86], "threshold": null}, {"pattern": [204, 134], "threshold": null}, {"pattern": [217, 132], "threshold": null}, {"pattern": [65, 63], "threshold": null}, {"pattern": [25, 134], "threshold": null}, {"pattern": [188], "threshold": null}, {"pattern": [91, 212], "threshold": null}, {"pattern": [196, 102], "threshold": null}, {"pattern": [132], "threshold": null}, {"pattern": [158], "threshold": null}, {"pattern": [188, 71], "threshold": null}, {"pattern": [65], "threshold": null}, {"pattern": [65, 180], "threshold": null}, {"pattern": [212], "threshold": null}, {"pattern": [50, 90], "threshold": null}, {"pattern": [25], "threshold": null}, {"pattern": [188, 92], "threshold": null}, {"pattern": [134, 103], "threshold": null}, {"pattern": [88], "threshold": null}, {"pattern": [49, 109], "threshold": null}, {"pattern": [196], "threshold": null}, {"pattern": [13], "threshold": null}, {"pattern": [230], "threshold": null}, {"pattern": [93], "threshold": null}, {"pattern": [181, 215], "threshold": null}, {"pattern": [103], "threshold": null}]}]}