{"extra_info": {"version": "fallback_v1", "seed": 47}, "data": [{"config": {"code_name": "[CS CM CC][Len SSize MFit CAtom][GNone]", "population_size": 100, "evaluation_budget": 10000, "cluster_info_file_name": "C:\\Users\\gac8\\PycharmProjects\\PSSearch\\retail_forecasting_data_collection\\data\\cluster_info_250_random.pkl", "use_custom_sampling_operator": true, "use_custom_mutation_operator": true, "use_custom_crossover_operator": true, "use_custom_atomicity": true, "genome_threshold": null, "include_ps_len": true, "include_sample_quantity": true, "include_wasserstein_distance": false, "include_diff_median": false, "include_atomicity": true, "include_p_value": false, "include_mean_fitness": true, "include_variance": false}, "results": [{"pattern": [13], "threshold": null}, {"pattern": [232, 134], "threshold": null}, {"pattern": [11, 205], "threshold": null}, {"pattern": [18, 205], "threshold": null}, {"pattern": [212], "threshold": null}, {"pattern": [235, 196], "threshold": null}, {"pattern": [65], "threshold": null}, {"pattern": [88, 202], "threshold": null}, {"pattern": [226, 131], "threshold": null}, {"pattern": [237], "threshold": null}, {"pattern": [180, 86], "threshold": null}, {"pattern": [205, 109], "threshold": null}, {"pattern": [116, 215], "threshold": null}, {"pattern": [30, 87], "threshold": null}, {"pattern": [45], "threshold": null}, {"pattern": [158], "threshold": null}, {"pattern": [27, 215], "threshold": null}, {"pattern": [50, 151], "threshold": null}, {"pattern": [195, 13], "threshold": null}, {"pattern": [202, 215], "threshold": null}, {"pattern": [212, 13], "threshold": null}, {"pattern": [93, 13], "threshold": null}, {"pattern": [16, 235], "threshold": null}, {"pattern": [91, 215], "threshold": null}, {"pattern": [103], "threshold": null}, {"pattern": [16, 215], "threshold": null}, {"pattern": [181, 215], "threshold": null}, {"pattern": [120], "threshold": null}, {"pattern": [162, 196], "threshold": null}, {"pattern": [17, 134], "threshold": null}, {"pattern": [90, 27], "threshold": null}, {"pattern": [81, 132], "threshold": null}, {"pattern": [18, 63], "threshold": null}, {"pattern": [235, 116], "threshold": null}, {"pattern": [88], "threshold": null}, {"pattern": [202, 188], "threshold": null}, {"pattern": [116, 167], "threshold": null}, {"pattern": [230], "threshold": null}, {"pattern": [35, 30], "threshold": null}, {"pattern": [86], "threshold": null}, {"pattern": [16, 188], "threshold": null}, {"pattern": [16, 25], "threshold": null}, {"pattern": [56, 147], "threshold": null}, {"pattern": [25], "threshold": null}, {"pattern": [248, 25], "threshold": null}, {"pattern": [132], "threshold": null}, {"pattern": [196, 190], "threshold": null}, {"pattern": [188], "threshold": null}]}, {"config": {"code_name": "[CS CM CC][SSize MFit CAtom][GNone]", "population_size": 100, "evaluation_budget": 10000, "cluster_info_file_name": "C:\\Users\\gac8\\PycharmProjects\\PSSearch\\retail_forecasting_data_collection\\data\\cluster_info_250_random.pkl", "use_custom_sampling_operator": true, "use_custom_mutation_operator": true, "use_custom_crossover_operator": true, "use_custom_atomicity": true, "genome_threshold": null, "include_ps_len": false, "include_sample_quantity": true, "include_wasserstein_distance": false, "include_diff_median": false, "include_atomicity": true, "include_p_value": false, "include_mean_fitness": true, "include_variance": false}, "results": [{"pattern": [237, 63], "threshold": null}, {"pattern": [103], "threshold": null}, {"pattern": [184, 87], "threshold": null}, {"pattern": [90, 132], "threshold": null}, {"pattern": [232, 132], "threshold": null}, {"pattern": [188, 103], "threshold": null}, {"pattern": [177, 132], "threshold": null}, {"pattern": [204, 63], "threshold": null}, {"pattern": [188, 13], "threshold": null}, {"pattern": [188], "threshold": null}, {"pattern": [165, 158], "threshold": null}, {"pattern": [88, 164], "threshold": null}, {"pattern": [212, 190], "threshold": null}, {"pattern": [212, 69], "threshold": null}, {"pattern": [249, 43], "threshold": null}, {"pattern": [224, 244], "threshold": null}, {"pattern": [224, 177], "threshold": null}, {"pattern": [42, 103], "threshold": null}, {"pattern": [65], "threshold": null}, {"pattern": [109, 134], "threshold": null}, {"pattern": [225, 132], "threshold": null}, {"pattern": [86], "threshold": null}, {"pattern": [212, 77], "threshold": null}, {"pattern": [139, 92], "threshold": null}, {"pattern": [232, 212], "threshold": null}, {"pattern": [86, 215], "threshold": null}, {"pattern": [74, 35], "threshold": null}, {"pattern": [221, 158], "threshold": null}, {"pattern": [232, 158], "threshold": null}, {"pattern": [193, 215], "threshold": null}, {"pattern": [188, 215], "threshold": null}, {"pattern": [232, 87], "threshold": null}, {"pattern": [158], "threshold": null}, {"pattern": [211, 103], "threshold": null}, {"pattern": [248, 212], "threshold": null}, {"pattern": [205, 77], "threshold": null}, {"pattern": [164, 134], "threshold": null}, {"pattern": [212, 132], "threshold": null}, {"pattern": [196, 181], "threshold": null}, {"pattern": [27, 180], "threshold": null}, {"pattern": [66, 116], "threshold": null}, {"pattern": [248, 76], "threshold": null}, {"pattern": [13], "threshold": null}, {"pattern": [221, 86], "threshold": null}, {"pattern": [49, 116], "threshold": null}, {"pattern": [212], "threshold": null}, {"pattern": [158, 167], "threshold": null}, {"pattern": [241, 188, 215], "threshold": null}]}, {"config": {"code_name": "[CS CM CC][Len MFit CAtom][GNone]", "population_size": 100, "evaluation_budget": 10000, "cluster_info_file_name": "C:\\Users\\gac8\\PycharmProjects\\PSSearch\\retail_forecasting_data_collection\\data\\cluster_info_250_random.pkl", "use_custom_sampling_operator": true, "use_custom_mutation_operator": true, "use_custom_crossover_operator": true, "use_custom_atomicity": true, "genome_threshold": null, "include_ps_len": true, "include_sample_quantity": false, "include_wasserstein_distance": false, "include_diff_median": false, "include_atomicity": true, "include_p_value": false, "include_mean_fitness": true, "include_variance": false}, "results": [{"pattern": [120], "threshold": null}, {"pattern": [184, 61], "threshold": null}, {"pattern": [16, 25], "threshold": null}, {"pattern": [195, 39], "threshold": null}, {"pattern": [205, 37], "threshold": null}, {"pattern": [217, 237], "threshold": null}]}, {"config": {"code_name": "[CS CM CC][Len SSize CAtom][GNone]", "population_size": 100, "evaluation_budget": 10000, "cluster_info_file_name": "C:\\Users\\gac8\\PycharmProjects\\PSSearch\\retail_forecasting_data_collection\\data\\cluster_info_250_random.pkl", "use_custom_sampling_operator": true, "use_custom_mutation_operator": true, "use_custom_crossover_operator": true, "use_custom_atomicity": true, "genome_threshold": null, "include_ps_len": true, "include_sample_quantity": true, "include_wasserstein_distance": false, "include_diff_median": false, "include_atomicity": true, "include_p_value": false, "include_mean_fitness": false, "include_variance": false}, "results": [{"pattern": [205, 109], "threshold": null}, {"pattern": [196, 86], "threshold": null}, {"pattern": [188, 38], "threshold": null}, {"pattern": [34, 116], "threshold": null}, {"pattern": [35, 109], "threshold": null}, {"pattern": [193, 188], "threshold": null}, {"pattern": [188], "threshold": null}, {"pattern": [209, 59], "threshold": null}]}, {"config": {"code_name": "[CS CM CC][Len SSize MFit][GNone]", "population_size": 100, "evaluation_budget": 10000, "cluster_info_file_name": "C:\\Users\\gac8\\PycharmProjects\\PSSearch\\retail_forecasting_data_collection\\data\\cluster_info_250_random.pkl", "use_custom_sampling_operator": true, "use_custom_mutation_operator": true, "use_custom_crossover_operator": true, "use_custom_atomicity": true, "genome_threshold": null, "include_ps_len": true, "include_sample_quantity": true, "include_wasserstein_distance": false, "include_diff_median": false, "include_atomicity": false, "include_p_value": false, "include_mean_fitness": true, "include_variance": false}, "results": [{"pattern": [65, 188, 217], "threshold": null}, {"pattern": [177, 215], "threshold": null}, {"pattern": [90, 132], "threshold": null}, {"pattern": [120], "threshold": null}, {"pattern": [103], "threshold": null}, {"pattern": [86], "threshold": null}, {"pattern": [237], "threshold": null}, {"pattern": [88], "threshold": null}, {"pattern": [13], "threshold": null}, {"pattern": [65], "threshold": null}, {"pattern": [188, 237, 63], "threshold": null}, {"pattern": [16, 237], "threshold": null}, {"pattern": [188, 237], "threshold": null}, {"pattern": [45], "threshold": null}, {"pattern": [188], "threshold": null}, {"pattern": [212], "threshold": null}, {"pattern": [132], "threshold": null}, {"pattern": [25, 86], "threshold": null}, {"pattern": [230], "threshold": null}, {"pattern": [27, 180], "threshold": null}, {"pattern": [212, 86], "threshold": null}, {"pattern": [202, 196], "threshold": null}, {"pattern": [217, 180], "threshold": null}, {"pattern": [132, 158], "threshold": null}, {"pattern": [188, 132], "threshold": null}, {"pattern": [158], "threshold": null}, {"pattern": [25], "threshold": null}, {"pattern": [65, 202], "threshold": null}, {"pattern": [27, 158], "threshold": null}, {"pattern": [188, 86], "threshold": null}]}, {"config": {"code_name": "[OS CM CC][Len SSize MFit CAtom][GNone]", "population_size": 100, "evaluation_budget": 10000, "cluster_info_file_name": "C:\\Users\\gac8\\PycharmProjects\\PSSearch\\retail_forecasting_data_collection\\data\\cluster_info_250_random.pkl", "use_custom_sampling_operator": false, "use_custom_mutation_operator": true, "use_custom_crossover_operator": true, "use_custom_atomicity": true, "genome_threshold": null, "include_ps_len": true, "include_sample_quantity": true, "include_wasserstein_distance": false, "include_diff_median": false, "include_atomicity": true, "include_p_value": false, "include_mean_fitness": true, "include_variance": false}, "results": [{"pattern": [162, 188], "threshold": null}, {"pattern": [122, 119], "threshold": null}, {"pattern": [13], "threshold": null}, {"pattern": [232, 103], "threshold": null}, {"pattern": [25, 158], "threshold": null}, {"pattern": [212], "threshold": null}, {"pattern": [196, 93], "threshold": null}, {"pattern": [65], "threshold": null}, {"pattern": [204, 132], "threshold": null}, {"pattern": [237], "threshold": null}, {"pattern": [180, 116], "threshold": null}, {"pattern": [132, 244], "threshold": null}, {"pattern": [50, 90], "threshold": null}, {"pattern": [244, 215], "threshold": null}, {"pattern": [212, 188], "threshold": null}, {"pattern": [18, 38], "threshold": null}, {"pattern": [116, 215], "threshold": null}, {"pattern": [27, 215], "threshold": null}, {"pattern": [45], "threshold": null}, {"pattern": [158], "threshold": null}, {"pattern": [195, 212], "threshold": null}, {"pattern": [90, 196], "threshold": null}, {"pattern": [202, 13], "threshold": null}, {"pattern": [13, 181], "threshold": null}, {"pattern": [208, 141], "threshold": null}, {"pattern": [195, 13], "threshold": null}, {"pattern": [190, 134], "threshold": null}, {"pattern": [123, 13], "threshold": null}, {"pattern": [103], "threshold": null}, {"pattern": [65, 196], "threshold": null}, {"pattern": [171, 132], "threshold": null}, {"pattern": [241, 196], "threshold": null}, {"pattern": [120], "threshold": null}, {"pattern": [232, 25], "threshold": null}, {"pattern": [88], "threshold": null}, {"pattern": [245, 103], "threshold": null}, {"pattern": [204, 92], "threshold": null}, {"pattern": [230], "threshold": null}, {"pattern": [16, 180], "threshold": null}, {"pattern": [211, 212], "threshold": null}, {"pattern": [101, 13], "threshold": null}, {"pattern": [86], "threshold": null}, {"pattern": [249, 43], "threshold": null}, {"pattern": [25], "threshold": null}, {"pattern": [221, 55], "threshold": null}, {"pattern": [134, 215], "threshold": null}, {"pattern": [132], "threshold": null}, {"pattern": [188], "threshold": null}]}, {"config": {"code_name": "[CS OM CC][Len SSize MFit CAtom][GNone]", "population_size": 100, "evaluation_budget": 10000, "cluster_info_file_name": "C:\\Users\\gac8\\PycharmProjects\\PSSearch\\retail_forecasting_data_collection\\data\\cluster_info_250_random.pkl", "use_custom_sampling_operator": true, "use_custom_mutation_operator": false, "use_custom_crossover_operator": true, "use_custom_atomicity": true, "genome_threshold": null, "include_ps_len": true, "include_sample_quantity": true, "include_wasserstein_distance": false, "include_diff_median": false, "include_atomicity": true, "include_p_value": false, "include_mean_fitness": true, "include_variance": false}, "results": [{"pattern": [88, 188], "threshold": null}, {"pattern": [180, 245], "threshold": null}, {"pattern": [188, 101], "threshold": null}, {"pattern": [212, 188, 13], "threshold": null}, {"pattern": [212, 237], "threshold": null}, {"pattern": [202, 188, 103], "threshold": null}, {"pattern": [13], "threshold": null}, {"pattern": [212], "threshold": null}, {"pattern": [188, 212, 116], "threshold": null}, {"pattern": [232, 35, 188], "threshold": null}, {"pattern": [180, 212], "threshold": null}, {"pattern": [245, 190], "threshold": null}, {"pattern": [248, 212, 103], "threshold": null}, {"pattern": [16, 202], "threshold": null}, {"pattern": [65, 188, 212], "threshold": null}, {"pattern": [93], "threshold": null}, {"pattern": [116, 212, 188, 63], "threshold": null}, {"pattern": [180, 212, 188, 215], "threshold": null}, {"pattern": [212, 188], "threshold": null}, {"pattern": [202, 188, 158], "threshold": null}, {"pattern": [212, 4], "threshold": null}, {"pattern": [248, 158], "threshold": null}, {"pattern": [56, 155, 188], "threshold": null}, {"pattern": [248, 212, 215], "threshold": null}, {"pattern": [212, 132], "threshold": null}, {"pattern": [33, 202], "threshold": null}, {"pattern": [188, 116, 63], "threshold": null}, {"pattern": [202, 215], "threshold": null}, {"pattern": [202, 68], "threshold": null}, {"pattern": [16, 212, 188], "threshold": null}, {"pattern": [202, 188, 13, 103], "threshold": null}, {"pattern": [212, 188, 237], "threshold": null}, {"pattern": [81, 212], "threshold": null}, {"pattern": [180, 212, 132], "threshold": null}, {"pattern": [248, 188, 212, 215], "threshold": null}, {"pattern": [212, 188, 134], "threshold": null}, {"pattern": [190, 134], "threshold": null}, {"pattern": [212, 134, 63], "threshold": null}, {"pattern": [76, 190], "threshold": null}, {"pattern": [212, 134], "threshold": null}, {"pattern": [196, 212, 245], "threshold": null}, {"pattern": [188, 237], "threshold": null}, {"pattern": [212, 93], "threshold": null}, {"pattern": [248, 215], "threshold": null}, {"pattern": [116, 34, 212, 188], "threshold": null}, {"pattern": [88, 188, 215], "threshold": null}, {"pattern": [202, 142], "threshold": null}, {"pattern": [180, 212, 245], "threshold": null}, {"pattern": [177, 202], "threshold": null}, {"pattern": [132, 188], "threshold": null}, {"pattern": [180, 212, 188], "threshold": null}, {"pattern": [212, 190], "threshold": null}, {"pattern": [132, 27, 212], "threshold": null}, {"pattern": [190], "threshold": null}, {"pattern": [188, 13], "threshold": null}, {"pattern": [162, 202, 188], "threshold": null}, {"pattern": [27, 90, 212, 188], "threshold": null}, {"pattern": [248, 52], "threshold": null}, {"pattern": [202, 151], "threshold": null}, {"pattern": [180, 212, 103], "threshold": null}, {"pattern": [202, 43], "threshold": null}, {"pattern": [202, 63], "threshold": null}, {"pattern": [180, 188], "threshold": null}, {"pattern": [202, 134], "threshold": null}, {"pattern": [34, 188], "threshold": null}, {"pattern": [116, 93], "threshold": null}, {"pattern": [93, 103], "threshold": null}, {"pattern": [180, 212, 188, 103], "threshold": null}, {"pattern": [132], "threshold": null}, {"pattern": [188], "threshold": null}]}, {"config": {"code_name": "[CS CM OC][Len SSize MFit CAtom][GNone]", "population_size": 100, "evaluation_budget": 10000, "cluster_info_file_name": "C:\\Users\\gac8\\PycharmProjects\\PSSearch\\retail_forecasting_data_collection\\data\\cluster_info_250_random.pkl", "use_custom_sampling_operator": true, "use_custom_mutation_operator": true, "use_custom_crossover_operator": false, "use_custom_atomicity": true, "genome_threshold": null, "include_ps_len": true, "include_sample_quantity": true, "include_wasserstein_distance": false, "include_diff_median": false, "include_atomicity": true, "include_p_value": false, "include_mean_fitness": true, "include_variance": false}, "results": [{"pattern": [218, 51], "threshold": null}, {"pattern": [217, 158], "threshold": null}, {"pattern": [16, 90], "threshold": null}, {"pattern": [241, 132], "threshold": null}, {"pattern": [13], "threshold": null}, {"pattern": [212], "threshold": null}, {"pattern": [164, 86], "threshold": null}, {"pattern": [81, 180], "threshold": null}, {"pattern": [212, 180], "threshold": null}, {"pattern": [232, 109], "threshold": null}, {"pattern": [65], "threshold": null}, {"pattern": [237], "threshold": null}, {"pattern": [232, 116], "threshold": null}, {"pattern": [4, 63], "threshold": null}, {"pattern": [65, 171, 188, 86], "threshold": null}, {"pattern": [45], "threshold": null}, {"pattern": [158], "threshold": null}, {"pattern": [88, 196, 86], "threshold": null}, {"pattern": [195, 13], "threshold": null}, {"pattern": [27, 132], "threshold": null}, {"pattern": [245, 215], "threshold": null}, {"pattern": [13, 63], "threshold": null}, {"pattern": [26, 244], "threshold": null}, {"pattern": [103], "threshold": null}, {"pattern": [120], "threshold": null}, {"pattern": [88, 217], "threshold": null}, {"pattern": [132, 103], "threshold": null}, {"pattern": [211, 132], "threshold": null}, {"pattern": [35, 103], "threshold": null}, {"pattern": [188, 13], "threshold": null}, {"pattern": [88], "threshold": null}, {"pattern": [169, 235], "threshold": null}, {"pattern": [230], "threshold": null}, {"pattern": [139, 196], "threshold": null}, {"pattern": [86], "threshold": null}, {"pattern": [25, 215], "threshold": null}, {"pattern": [25], "threshold": null}, {"pattern": [66, 134], "threshold": null}, {"pattern": [170, 132], "threshold": null}, {"pattern": [13, 239], "threshold": null}, {"pattern": [196, 86], "threshold": null}, {"pattern": [195, 239], "threshold": null}, {"pattern": [132], "threshold": null}, {"pattern": [132, 86], "threshold": null}, {"pattern": [188], "threshold": null}]}]}