{"extra_info": {"version": "fallback_v1", "seed": 2}, "data": [{"config": {"code_name": "[CS CM CC][Len SSize MFit CAtom][GNone]", "population_size": 100, "evaluation_budget": 10000, "cluster_info_file_name": "C:\\Users\\gac8\\PycharmProjects\\PSSearch\\retail_forecasting_data_collection\\data\\cluster_info_250_random.pkl", "use_custom_sampling_operator": true, "use_custom_mutation_operator": true, "use_custom_crossover_operator": true, "use_custom_atomicity": true, "genome_threshold": null, "include_ps_len": true, "include_sample_quantity": true, "include_wasserstein_distance": false, "include_diff_median": false, "include_atomicity": true, "include_p_value": false, "include_mean_fitness": true, "include_variance": false}, "results": [{"pattern": [132, 13], "threshold": null}, {"pattern": [82, 77], "threshold": null}, {"pattern": [237], "threshold": null}, {"pattern": [16, 25], "threshold": null}, {"pattern": [188, 101], "threshold": null}, {"pattern": [54], "threshold": null}, {"pattern": [25, 215], "threshold": null}, {"pattern": [160, 245], "threshold": null}, {"pattern": [245, 190], "threshold": null}, {"pattern": [232, 235], "threshold": null}, {"pattern": [27, 86], "threshold": null}, {"pattern": [248, 25], "threshold": null}, {"pattern": [56, 38], "threshold": null}, {"pattern": [13], "threshold": null}, {"pattern": [34, 188], "threshold": null}, {"pattern": [49, 74], "threshold": null}, {"pattern": [195, 13], "threshold": null}, {"pattern": [88, 217], "threshold": null}, {"pattern": [188, 134], "threshold": null}, {"pattern": [196, 237], "threshold": null}, {"pattern": [34, 4], "threshold": null}, {"pattern": [120], "threshold": null}, {"pattern": [188], "threshold": null}, {"pattern": [27, 181], "threshold": null}, {"pattern": [88], "threshold": null}, {"pattern": [205, 119], "threshold": null}, {"pattern": [158], "threshold": null}, {"pattern": [65], "threshold": null}, {"pattern": [196], "threshold": null}, {"pattern": [76, 61], "threshold": null}, {"pattern": [188, 190], "threshold": null}, {"pattern": [162, 74], "threshold": null}, {"pattern": [158, 167], "threshold": null}, {"pattern": [132], "threshold": null}, {"pattern": [27, 180], "threshold": null}, {"pattern": [212], "threshold": null}, {"pattern": [65, 132], "threshold": null}, {"pattern": [134, 103], "threshold": null}, {"pattern": [25], "threshold": null}, {"pattern": [103], "threshold": null}, {"pattern": [45], "threshold": null}, {"pattern": [86], "threshold": null}, {"pattern": [88, 158], "threshold": null}]}, {"config": {"code_name": "[CS CM CC][SSize MFit CAtom][GNone]", "population_size": 100, "evaluation_budget": 10000, "cluster_info_file_name": "C:\\Users\\gac8\\PycharmProjects\\PSSearch\\retail_forecasting_data_collection\\data\\cluster_info_250_random.pkl", "use_custom_sampling_operator": true, "use_custom_mutation_operator": true, "use_custom_crossover_operator": true, "use_custom_atomicity": true, "genome_threshold": null, "include_ps_len": false, "include_sample_quantity": true, "include_wasserstein_distance": false, "include_diff_median": false, "include_atomicity": true, "include_p_value": false, "include_mean_fitness": true, "include_variance": false}, "results": [{"pattern": [211, 103], "threshold": null}, {"pattern": [16, 63], "threshold": null}, {"pattern": [190, 87], "threshold": null}, {"pattern": [56, 246], "threshold": null}, {"pattern": [188, 212, 116], "threshold": null}, {"pattern": [103], "threshold": null}, {"pattern": [202, 86], "threshold": null}, {"pattern": [65, 158], "threshold": null}, {"pattern": [217, 13], "threshold": null}, {"pattern": [188], "threshold": null}, {"pattern": [92, 63], "threshold": null}, {"pattern": [235, 103], "threshold": null}, {"pattern": [196, 86], "threshold": null}, {"pattern": [134, 103], "threshold": null}, {"pattern": [180, 132], "threshold": null}, {"pattern": [76, 190], "threshold": null}, {"pattern": [192, 135], "threshold": null}, {"pattern": [86], "threshold": null}, {"pattern": [16, 167], "threshold": null}, {"pattern": [137, 134], "threshold": null}, {"pattern": [188, 55], "threshold": null}, {"pattern": [212], "threshold": null}, {"pattern": [13], "threshold": null}, {"pattern": [196], "threshold": null}, {"pattern": [193, 244], "threshold": null}, {"pattern": [177, 53], "threshold": null}, {"pattern": [132], "threshold": null}, {"pattern": [25, 132], "threshold": null}, {"pattern": [65], "threshold": null}, {"pattern": [237], "threshold": null}, {"pattern": [27, 158], "threshold": null}, {"pattern": [88], "threshold": null}, {"pattern": [158], "threshold": null}, {"pattern": [88, 13], "threshold": null}, {"pattern": [88, 63], "threshold": null}]}, {"config": {"code_name": "[CS CM CC][Len MFit CAtom][GNone]", "population_size": 100, "evaluation_budget": 10000, "cluster_info_file_name": "C:\\Users\\gac8\\PycharmProjects\\PSSearch\\retail_forecasting_data_collection\\data\\cluster_info_250_random.pkl", "use_custom_sampling_operator": true, "use_custom_mutation_operator": true, "use_custom_crossover_operator": true, "use_custom_atomicity": true, "genome_threshold": null, "include_ps_len": true, "include_sample_quantity": false, "include_wasserstein_distance": false, "include_diff_median": false, "include_atomicity": true, "include_p_value": false, "include_mean_fitness": true, "include_variance": false}, "results": [{"pattern": [80, 52, 229], "threshold": null}, {"pattern": [82, 109], "threshold": null}, {"pattern": [25, 13], "threshold": null}, {"pattern": [49, 162], "threshold": null}, {"pattern": [24, 181], "threshold": null}, {"pattern": [27, 61], "threshold": null}, {"pattern": [25, 132], "threshold": null}, {"pattern": [120], "threshold": null}, {"pattern": [35, 30], "threshold": null}, {"pattern": [235, 103], "threshold": null}]}, {"config": {"code_name": "[CS CM CC][Len SSize CAtom][GNone]", "population_size": 100, "evaluation_budget": 10000, "cluster_info_file_name": "C:\\Users\\gac8\\PycharmProjects\\PSSearch\\retail_forecasting_data_collection\\data\\cluster_info_250_random.pkl", "use_custom_sampling_operator": true, "use_custom_mutation_operator": true, "use_custom_crossover_operator": true, "use_custom_atomicity": true, "genome_threshold": null, "include_ps_len": true, "include_sample_quantity": true, "include_wasserstein_distance": false, "include_diff_median": false, "include_atomicity": true, "include_p_value": false, "include_mean_fitness": false, "include_variance": false}, "results": [{"pattern": [188, 13], "threshold": null}, {"pattern": [188], "threshold": null}, {"pattern": [16, 188], "threshold": null}, {"pattern": [171, 47], "threshold": null}, {"pattern": [91, 47], "threshold": null}, {"pattern": [188, 158], "threshold": null}, {"pattern": [221, 30], "threshold": null}, {"pattern": [212, 63], "threshold": null}, {"pattern": [205, 119], "threshold": null}, {"pattern": [90, 188], "threshold": null}]}, {"config": {"code_name": "[CS CM CC][Len SSize MFit][GNone]", "population_size": 100, "evaluation_budget": 10000, "cluster_info_file_name": "C:\\Users\\gac8\\PycharmProjects\\PSSearch\\retail_forecasting_data_collection\\data\\cluster_info_250_random.pkl", "use_custom_sampling_operator": true, "use_custom_mutation_operator": true, "use_custom_crossover_operator": true, "use_custom_atomicity": true, "genome_threshold": null, "include_ps_len": true, "include_sample_quantity": true, "include_wasserstein_distance": false, "include_diff_median": false, "include_atomicity": false, "include_p_value": false, "include_mean_fitness": true, "include_variance": false}, "results": [{"pattern": [212, 215], "threshold": null}, {"pattern": [188], "threshold": null}, {"pattern": [202, 90], "threshold": null}, {"pattern": [215, 167], "threshold": null}, {"pattern": [212], "threshold": null}, {"pattern": [86], "threshold": null}, {"pattern": [25], "threshold": null}, {"pattern": [54], "threshold": null}, {"pattern": [134, 103], "threshold": null}, {"pattern": [211, 132], "threshold": null}, {"pattern": [211, 212], "threshold": null}, {"pattern": [13], "threshold": null}, {"pattern": [65, 212], "threshold": null}, {"pattern": [90, 237], "threshold": null}, {"pattern": [171, 86], "threshold": null}, {"pattern": [19, 196], "threshold": null}, {"pattern": [241, 212], "threshold": null}, {"pattern": [158], "threshold": null}, {"pattern": [132], "threshold": null}, {"pattern": [120], "threshold": null}, {"pattern": [103], "threshold": null}, {"pattern": [204, 134], "threshold": null}, {"pattern": [69, 215], "threshold": null}, {"pattern": [13, 134], "threshold": null}, {"pattern": [45], "threshold": null}, {"pattern": [88], "threshold": null}, {"pattern": [237], "threshold": null}, {"pattern": [244, 212, 13], "threshold": null}, {"pattern": [196], "threshold": null}, {"pattern": [180, 215], "threshold": null}, {"pattern": [65, 158], "threshold": null}, {"pattern": [65], "threshold": null}]}, {"config": {"code_name": "[OS CM CC][Len SSize MFit CAtom][GNone]", "population_size": 100, "evaluation_budget": 10000, "cluster_info_file_name": "C:\\Users\\gac8\\PycharmProjects\\PSSearch\\retail_forecasting_data_collection\\data\\cluster_info_250_random.pkl", "use_custom_sampling_operator": false, "use_custom_mutation_operator": true, "use_custom_crossover_operator": true, "use_custom_atomicity": true, "genome_threshold": null, "include_ps_len": true, "include_sample_quantity": true, "include_wasserstein_distance": false, "include_diff_median": false, "include_atomicity": true, "include_p_value": false, "include_mean_fitness": true, "include_variance": false}, "results": [{"pattern": [25, 196], "threshold": null}, {"pattern": [237], "threshold": null}, {"pattern": [19, 206], "threshold": null}, {"pattern": [204, 61], "threshold": null}, {"pattern": [188, 101], "threshold": null}, {"pattern": [54], "threshold": null}, {"pattern": [188, 205], "threshold": null}, {"pattern": [16, 241], "threshold": null}, {"pattern": [158, 215], "threshold": null}, {"pattern": [81, 63], "threshold": null}, {"pattern": [27, 86], "threshold": null}, {"pattern": [184, 221], "threshold": null}, {"pattern": [13], "threshold": null}, {"pattern": [120], "threshold": null}, {"pattern": [105, 205], "threshold": null}, {"pattern": [81, 90], "threshold": null}, {"pattern": [65, 202, 158], "threshold": null}, {"pattern": [16, 134], "threshold": null}, {"pattern": [80, 229], "threshold": null}, {"pattern": [13, 181], "threshold": null}, {"pattern": [196, 167], "threshold": null}, {"pattern": [25, 116], "threshold": null}, {"pattern": [188, 167], "threshold": null}, {"pattern": [188], "threshold": null}, {"pattern": [181, 127], "threshold": null}, {"pattern": [74, 103], "threshold": null}, {"pattern": [88], "threshold": null}, {"pattern": [134, 86], "threshold": null}, {"pattern": [180, 134], "threshold": null}, {"pattern": [158], "threshold": null}, {"pattern": [65], "threshold": null}, {"pattern": [196], "threshold": null}, {"pattern": [218, 11], "threshold": null}, {"pattern": [177, 217], "threshold": null}, {"pattern": [49, 196], "threshold": null}, {"pattern": [66, 63], "threshold": null}, {"pattern": [116, 13], "threshold": null}, {"pattern": [162, 221], "threshold": null}, {"pattern": [93, 215], "threshold": null}, {"pattern": [162, 74], "threshold": null}, {"pattern": [109, 38], "threshold": null}, {"pattern": [50, 188], "threshold": null}, {"pattern": [27, 13], "threshold": null}, {"pattern": [132], "threshold": null}, {"pattern": [212], "threshold": null}, {"pattern": [65, 132], "threshold": null}, {"pattern": [69, 63], "threshold": null}, {"pattern": [65, 245], "threshold": null}, {"pattern": [25], "threshold": null}, {"pattern": [103], "threshold": null}, {"pattern": [45], "threshold": null}, {"pattern": [202, 212], "threshold": null}, {"pattern": [86], "threshold": null}]}, {"config": {"code_name": "[CS OM CC][Len SSize MFit CAtom][GNone]", "population_size": 100, "evaluation_budget": 10000, "cluster_info_file_name": "C:\\Users\\gac8\\PycharmProjects\\PSSearch\\retail_forecasting_data_collection\\data\\cluster_info_250_random.pkl", "use_custom_sampling_operator": true, "use_custom_mutation_operator": false, "use_custom_crossover_operator": true, "use_custom_atomicity": true, "genome_threshold": null, "include_ps_len": true, "include_sample_quantity": true, "include_wasserstein_distance": false, "include_diff_median": false, "include_atomicity": true, "include_p_value": false, "include_mean_fitness": true, "include_variance": false}, "results": [{"pattern": [244, 47], "threshold": null}, {"pattern": [116, 212, 188, 86], "threshold": null}, {"pattern": [180, 188, 132], "threshold": null}, {"pattern": [171, 212], "threshold": null}, {"pattern": [212, 13], "threshold": null}, {"pattern": [226, 180], "threshold": null}, {"pattern": [27, 212, 86], "threshold": null}, {"pattern": [137], "threshold": null}, {"pattern": [171, 188], "threshold": null}, {"pattern": [180, 63], "threshold": null}, {"pattern": [88, 180], "threshold": null}, {"pattern": [224, 124], "threshold": null}, {"pattern": [132, 164, 212], "threshold": null}, {"pattern": [124, 244], "threshold": null}, {"pattern": [90, 158, 188, 86], "threshold": null}, {"pattern": [65, 202], "threshold": null}, {"pattern": [180, 188, 103], "threshold": null}, {"pattern": [180, 215], "threshold": null}, {"pattern": [180, 173], "threshold": null}, {"pattern": [56, 212], "threshold": null}, {"pattern": [202, 212, 188, 86], "threshold": null}, {"pattern": [132, 244], "threshold": null}, {"pattern": [81, 180], "threshold": null}, {"pattern": [188, 134], "threshold": null}, {"pattern": [65, 237], "threshold": null}, {"pattern": [65, 202, 158], "threshold": null}, {"pattern": [16, 157], "threshold": null}, {"pattern": [212, 188, 134], "threshold": null}, {"pattern": [90, 188, 86], "threshold": null}, {"pattern": [180, 132, 13], "threshold": null}, {"pattern": [177, 180, 188, 212], "threshold": null}, {"pattern": [137, 212], "threshold": null}, {"pattern": [188, 180, 134], "threshold": null}, {"pattern": [202, 188, 215], "threshold": null}, {"pattern": [157], "threshold": null}, {"pattern": [202, 188, 86], "threshold": null}, {"pattern": [90, 86], "threshold": null}, {"pattern": [27, 212], "threshold": null}, {"pattern": [188], "threshold": null}, {"pattern": [180, 212, 132], "threshold": null}, {"pattern": [171, 180, 215], "threshold": null}, {"pattern": [212, 134], "threshold": null}, {"pattern": [65], "threshold": null}, {"pattern": [202, 188], "threshold": null}, {"pattern": [137, 77], "threshold": null}, {"pattern": [65, 180, 188, 212], "threshold": null}, {"pattern": [34, 180], "threshold": null}, {"pattern": [137, 196], "threshold": null}, {"pattern": [202, 188, 158, 215], "threshold": null}, {"pattern": [89, 244], "threshold": null}, {"pattern": [212, 171, 188], "threshold": null}, {"pattern": [180], "threshold": null}, {"pattern": [188, 212, 180], "threshold": null}, {"pattern": [180, 167], "threshold": null}, {"pattern": [212], "threshold": null}, {"pattern": [132, 212], "threshold": null}, {"pattern": [132, 196, 244], "threshold": null}, {"pattern": [188, 215], "threshold": null}, {"pattern": [188, 180], "threshold": null}, {"pattern": [217, 212], "threshold": null}, {"pattern": [188, 180, 215], "threshold": null}, {"pattern": [132, 27, 212], "threshold": null}, {"pattern": [180, 132], "threshold": null}, {"pattern": [188, 86], "threshold": null}, {"pattern": [212, 188, 86], "threshold": null}, {"pattern": [212, 171, 188, 158], "threshold": null}, {"pattern": [212, 86], "threshold": null}, {"pattern": [188, 27, 212, 86], "threshold": null}, {"pattern": [212, 246], "threshold": null}, {"pattern": [16, 180], "threshold": null}, {"pattern": [132, 157], "threshold": null}, {"pattern": [208, 171, 212], "threshold": null}, {"pattern": [217, 180], "threshold": null}]}, {"config": {"code_name": "[CS CM OC][Len SSize MFit CAtom][GNone]", "population_size": 100, "evaluation_budget": 10000, "cluster_info_file_name": "C:\\Users\\gac8\\PycharmProjects\\PSSearch\\retail_forecasting_data_collection\\data\\cluster_info_250_random.pkl", "use_custom_sampling_operator": true, "use_custom_mutation_operator": true, "use_custom_crossover_operator": false, "use_custom_atomicity": true, "genome_threshold": null, "include_ps_len": true, "include_sample_quantity": true, "include_wasserstein_distance": false, "include_diff_median": false, "include_atomicity": true, "include_p_value": false, "include_mean_fitness": true, "include_variance": false}, "results": [{"pattern": [171, 212], "threshold": null}, {"pattern": [212, 13], "threshold": null}, {"pattern": [134, 30], "threshold": null}, {"pattern": [237], "threshold": null}, {"pattern": [26, 196], "threshold": null}, {"pattern": [35, 52], "threshold": null}, {"pattern": [54], "threshold": null}, {"pattern": [33, 74], "threshold": null}, {"pattern": [42, 212], "threshold": null}, {"pattern": [241, 158], "threshold": null}, {"pattern": [49, 116], "threshold": null}, {"pattern": [245, 215], "threshold": null}, {"pattern": [25, 171], "threshold": null}, {"pattern": [13], "threshold": null}, {"pattern": [119, 63], "threshold": null}, {"pattern": [56, 212], "threshold": null}, {"pattern": [221, 206], "threshold": null}, {"pattern": [241, 212], "threshold": null}, {"pattern": [120], "threshold": null}, {"pattern": [233, 37], "threshold": null}, {"pattern": [90, 167], "threshold": null}, {"pattern": [27, 222], "threshold": null}, {"pattern": [88, 13], "threshold": null}, {"pattern": [188], "threshold": null}, {"pattern": [88], "threshold": null}, {"pattern": [16, 237], "threshold": null}, {"pattern": [158], "threshold": null}, {"pattern": [65], "threshold": null}, {"pattern": [196], "threshold": null}, {"pattern": [49, 77], "threshold": null}, {"pattern": [202, 188], "threshold": null}, {"pattern": [27, 196], "threshold": null}, {"pattern": [109, 38], "threshold": null}, {"pattern": [132], "threshold": null}, {"pattern": [212], "threshold": null}, {"pattern": [80, 55], "threshold": null}, {"pattern": [25], "threshold": null}, {"pattern": [103], "threshold": null}, {"pattern": [45], "threshold": null}, {"pattern": [160, 190], "threshold": null}, {"pattern": [212, 86], "threshold": null}, {"pattern": [86], "threshold": null}, {"pattern": [235, 103], "threshold": null}, {"pattern": [27, 204], "threshold": null}]}]}