{"extra_info": {"version": "fallback_v1", "seed": 91}, "data": [{"config": {"code_name": "[CS CM CC][Len SSize MFit CAtom][GNone]", "population_size": 100, "evaluation_budget": 10000, "cluster_info_file_name": "C:\\Users\\gac8\\PycharmProjects\\PSSearch\\retail_forecasting_data_collection\\data\\cluster_info_250_random.pkl", "use_custom_sampling_operator": true, "use_custom_mutation_operator": true, "use_custom_crossover_operator": true, "use_custom_atomicity": true, "genome_threshold": null, "include_ps_len": true, "include_sample_quantity": true, "include_wasserstein_distance": false, "include_diff_median": false, "include_atomicity": true, "include_p_value": false, "include_mean_fitness": true, "include_variance": false}, "results": [{"pattern": [248, 116], "threshold": null}, {"pattern": [158], "threshold": null}, {"pattern": [188], "threshold": null}, {"pattern": [56, 86], "threshold": null}, {"pattern": [212], "threshold": null}, {"pattern": [24, 188, 86], "threshold": null}, {"pattern": [122, 11], "threshold": null}, {"pattern": [155, 63], "threshold": null}, {"pattern": [217], "threshold": null}, {"pattern": [132], "threshold": null}, {"pattern": [212, 103], "threshold": null}, {"pattern": [139, 215], "threshold": null}, {"pattern": [34, 4], "threshold": null}, {"pattern": [88, 217], "threshold": null}, {"pattern": [88], "threshold": null}, {"pattern": [76, 29], "threshold": null}, {"pattern": [237, 63], "threshold": null}, {"pattern": [205, 109], "threshold": null}, {"pattern": [35, 109], "threshold": null}, {"pattern": [25], "threshold": null}, {"pattern": [217, 180], "threshold": null}, {"pattern": [217, 158], "threshold": null}, {"pattern": [103], "threshold": null}, {"pattern": [132, 63], "threshold": null}, {"pattern": [202, 212], "threshold": null}, {"pattern": [221, 30], "threshold": null}, {"pattern": [120], "threshold": null}, {"pattern": [196, 215], "threshold": null}, {"pattern": [184, 221], "threshold": null}, {"pattern": [212, 69], "threshold": null}, {"pattern": [232, 105], "threshold": null}, {"pattern": [86], "threshold": null}, {"pattern": [202, 244], "threshold": null}, {"pattern": [215, 221, 103], "threshold": null}, {"pattern": [88, 188], "threshold": null}, {"pattern": [30, 63], "threshold": null}, {"pattern": [202, 43], "threshold": null}, {"pattern": [91, 47], "threshold": null}, {"pattern": [13], "threshold": null}, {"pattern": [54], "threshold": null}, {"pattern": [19, 171], "threshold": null}, {"pattern": [56, 204], "threshold": null}, {"pattern": [237], "threshold": null}, {"pattern": [162, 158], "threshold": null}, {"pattern": [45], "threshold": null}, {"pattern": [241, 215], "threshold": null}, {"pattern": [65], "threshold": null}, {"pattern": [209, 202], "threshold": null}, {"pattern": [81, 180], "threshold": null}, {"pattern": [25, 86], "threshold": null}, {"pattern": [196], "threshold": null}, {"pattern": [11, 77], "threshold": null}, {"pattern": [217, 134], "threshold": null}, {"pattern": [61, 63], "threshold": null}]}, {"config": {"code_name": "[CS CM CC][SSize MFit CAtom][GNone]", "population_size": 100, "evaluation_budget": 10000, "cluster_info_file_name": "C:\\Users\\gac8\\PycharmProjects\\PSSearch\\retail_forecasting_data_collection\\data\\cluster_info_250_random.pkl", "use_custom_sampling_operator": true, "use_custom_mutation_operator": true, "use_custom_crossover_operator": true, "use_custom_atomicity": true, "genome_threshold": null, "include_ps_len": false, "include_sample_quantity": true, "include_wasserstein_distance": false, "include_diff_median": false, "include_atomicity": true, "include_p_value": false, "include_mean_fitness": true, "include_variance": false}, "results": [{"pattern": [196], "threshold": null}, {"pattern": [25, 116], "threshold": null}, {"pattern": [103], "threshold": null}, {"pattern": [116, 190], "threshold": null}, {"pattern": [205, 37], "threshold": null}, {"pattern": [50, 151], "threshold": null}, {"pattern": [25, 245], "threshold": null}, {"pattern": [86], "threshold": null}, {"pattern": [116, 87], "threshold": null}, {"pattern": [158, 215], "threshold": null}, {"pattern": [248, 13], "threshold": null}, {"pattern": [188, 127], "threshold": null}, {"pattern": [27, 222], "threshold": null}, {"pattern": [241, 245], "threshold": null}, {"pattern": [29, 13], "threshold": null}, {"pattern": [25, 196], "threshold": null}, {"pattern": [241, 215], "threshold": null}, {"pattern": [158], "threshold": null}, {"pattern": [188], "threshold": null}, {"pattern": [241, 164], "threshold": null}, {"pattern": [56, 86], "threshold": null}, {"pattern": [33, 68], "threshold": null}, {"pattern": [241, 180], "threshold": null}, {"pattern": [88], "threshold": null}, {"pattern": [91, 188], "threshold": null}, {"pattern": [50, 212], "threshold": null}, {"pattern": [190, 87], "threshold": null}, {"pattern": [146, 149], "threshold": null}, {"pattern": [248, 131], "threshold": null}, {"pattern": [212], "threshold": null}, {"pattern": [88, 180], "threshold": null}, {"pattern": [132, 63], "threshold": null}, {"pattern": [65, 180], "threshold": null}, {"pattern": [13, 86], "threshold": null}, {"pattern": [248, 212], "threshold": null}, {"pattern": [13], "threshold": null}, {"pattern": [193, 13], "threshold": null}, {"pattern": [196, 237], "threshold": null}, {"pattern": [196, 181], "threshold": null}, {"pattern": [132], "threshold": null}, {"pattern": [158, 119], "threshold": null}, {"pattern": [34, 188], "threshold": null}, {"pattern": [232, 105], "threshold": null}, {"pattern": [61, 173], "threshold": null}, {"pattern": [65], "threshold": null}]}, {"config": {"code_name": "[CS CM CC][Len MFit CAtom][GNone]", "population_size": 100, "evaluation_budget": 10000, "cluster_info_file_name": "C:\\Users\\gac8\\PycharmProjects\\PSSearch\\retail_forecasting_data_collection\\data\\cluster_info_250_random.pkl", "use_custom_sampling_operator": true, "use_custom_mutation_operator": true, "use_custom_crossover_operator": true, "use_custom_atomicity": true, "genome_threshold": null, "include_ps_len": true, "include_sample_quantity": false, "include_wasserstein_distance": false, "include_diff_median": false, "include_atomicity": true, "include_p_value": false, "include_mean_fitness": true, "include_variance": false}, "results": [{"pattern": [120], "threshold": null}, {"pattern": [56, 155], "threshold": null}, {"pattern": [155, 63], "threshold": null}, {"pattern": [56, 246], "threshold": null}, {"pattern": [90, 171, 196], "threshold": null}, {"pattern": [16, 25], "threshold": null}, {"pattern": [184, 87], "threshold": null}]}, {"config": {"code_name": "[CS CM CC][Len SSize CAtom][GNone]", "population_size": 100, "evaluation_budget": 10000, "cluster_info_file_name": "C:\\Users\\gac8\\PycharmProjects\\PSSearch\\retail_forecasting_data_collection\\data\\cluster_info_250_random.pkl", "use_custom_sampling_operator": true, "use_custom_mutation_operator": true, "use_custom_crossover_operator": true, "use_custom_atomicity": true, "genome_threshold": null, "include_ps_len": true, "include_sample_quantity": true, "include_wasserstein_distance": false, "include_diff_median": false, "include_atomicity": true, "include_p_value": false, "include_mean_fitness": false, "include_variance": false}, "results": [{"pattern": [162, 221], "threshold": null}, {"pattern": [195, 239], "threshold": null}, {"pattern": [195, 39], "threshold": null}, {"pattern": [212, 86], "threshold": null}, {"pattern": [180, 215], "threshold": null}, {"pattern": [196, 86], "threshold": null}, {"pattern": [202, 43], "threshold": null}, {"pattern": [97, 101], "threshold": null}, {"pattern": [188, 86], "threshold": null}, {"pattern": [188], "threshold": null}, {"pattern": [171, 78], "threshold": null}, {"pattern": [171, 47], "threshold": null}]}, {"config": {"code_name": "[CS CM CC][Len SSize MFit][GNone]", "population_size": 100, "evaluation_budget": 10000, "cluster_info_file_name": "C:\\Users\\gac8\\PycharmProjects\\PSSearch\\retail_forecasting_data_collection\\data\\cluster_info_250_random.pkl", "use_custom_sampling_operator": true, "use_custom_mutation_operator": true, "use_custom_crossover_operator": true, "use_custom_atomicity": true, "genome_threshold": null, "include_ps_len": true, "include_sample_quantity": true, "include_wasserstein_distance": false, "include_diff_median": false, "include_atomicity": false, "include_p_value": false, "include_mean_fitness": true, "include_variance": false}, "results": [{"pattern": [65], "threshold": null}, {"pattern": [13, 103], "threshold": null}, {"pattern": [13], "threshold": null}, {"pattern": [65, 241], "threshold": null}, {"pattern": [120], "threshold": null}, {"pattern": [132], "threshold": null}, {"pattern": [217, 180], "threshold": null}, {"pattern": [212], "threshold": null}, {"pattern": [86], "threshold": null}, {"pattern": [196], "threshold": null}, {"pattern": [196, 127], "threshold": null}, {"pattern": [196, 134], "threshold": null}, {"pattern": [45], "threshold": null}, {"pattern": [116, 237], "threshold": null}, {"pattern": [54], "threshold": null}, {"pattern": [25], "threshold": null}, {"pattern": [196, 180], "threshold": null}, {"pattern": [196, 173], "threshold": null}, {"pattern": [19, 13], "threshold": null}, {"pattern": [65, 86], "threshold": null}, {"pattern": [211, 196], "threshold": null}, {"pattern": [103], "threshold": null}, {"pattern": [88], "threshold": null}, {"pattern": [217], "threshold": null}, {"pattern": [237], "threshold": null}, {"pattern": [188], "threshold": null}, {"pattern": [158], "threshold": null}]}, {"config": {"code_name": "[OS CM CC][Len SSize MFit CAtom][GNone]", "population_size": 100, "evaluation_budget": 10000, "cluster_info_file_name": "C:\\Users\\gac8\\PycharmProjects\\PSSearch\\retail_forecasting_data_collection\\data\\cluster_info_250_random.pkl", "use_custom_sampling_operator": false, "use_custom_mutation_operator": true, "use_custom_crossover_operator": true, "use_custom_atomicity": true, "genome_threshold": null, "include_ps_len": true, "include_sample_quantity": true, "include_wasserstein_distance": false, "include_diff_median": false, "include_atomicity": true, "include_p_value": false, "include_mean_fitness": true, "include_variance": false}, "results": [{"pattern": [158], "threshold": null}, {"pattern": [188], "threshold": null}, {"pattern": [88, 215], "threshold": null}, {"pattern": [212], "threshold": null}, {"pattern": [241, 50], "threshold": null}, {"pattern": [217], "threshold": null}, {"pattern": [132], "threshold": null}, {"pattern": [221, 215], "threshold": null}, {"pattern": [27, 63], "threshold": null}, {"pattern": [88], "threshold": null}, {"pattern": [208, 47], "threshold": null}, {"pattern": [25], "threshold": null}, {"pattern": [90, 215], "threshold": null}, {"pattern": [103], "threshold": null}, {"pattern": [120], "threshold": null}, {"pattern": [190, 63], "threshold": null}, {"pattern": [61, 190], "threshold": null}, {"pattern": [86], "threshold": null}, {"pattern": [241, 116], "threshold": null}, {"pattern": [88, 245], "threshold": null}, {"pattern": [81, 63], "threshold": null}, {"pattern": [13], "threshold": null}, {"pattern": [54], "threshold": null}, {"pattern": [132, 158], "threshold": null}, {"pattern": [237], "threshold": null}, {"pattern": [45], "threshold": null}, {"pattern": [205, 38], "threshold": null}, {"pattern": [65], "threshold": null}, {"pattern": [27, 204], "threshold": null}, {"pattern": [65, 244], "threshold": null}, {"pattern": [180, 167], "threshold": null}, {"pattern": [93, 13], "threshold": null}, {"pattern": [25, 139], "threshold": null}, {"pattern": [38, 63], "threshold": null}, {"pattern": [196], "threshold": null}, {"pattern": [69, 71], "threshold": null}]}, {"config": {"code_name": "[CS OM CC][Len SSize MFit CAtom][GNone]", "population_size": 100, "evaluation_budget": 10000, "cluster_info_file_name": "C:\\Users\\gac8\\PycharmProjects\\PSSearch\\retail_forecasting_data_collection\\data\\cluster_info_250_random.pkl", "use_custom_sampling_operator": true, "use_custom_mutation_operator": false, "use_custom_crossover_operator": true, "use_custom_atomicity": true, "genome_threshold": null, "include_ps_len": true, "include_sample_quantity": true, "include_wasserstein_distance": false, "include_diff_median": false, "include_atomicity": true, "include_p_value": false, "include_mean_fitness": true, "include_variance": false}, "results": [{"pattern": [16, 212], "threshold": null}, {"pattern": [202, 13, 86], "threshold": null}, {"pattern": [188, 38], "threshold": null}, {"pattern": [188], "threshold": null}, {"pattern": [202, 132, 103], "threshold": null}, {"pattern": [132, 212, 188, 158], "threshold": null}, {"pattern": [212], "threshold": null}, {"pattern": [116, 132, 188], "threshold": null}, {"pattern": [90, 188, 86], "threshold": null}, {"pattern": [38, 87], "threshold": null}, {"pattern": [158, 86, 103], "threshold": null}, {"pattern": [65, 215], "threshold": null}, {"pattern": [212, 215], "threshold": null}, {"pattern": [90, 86], "threshold": null}, {"pattern": [16, 188, 215], "threshold": null}, {"pattern": [188, 204, 116], "threshold": null}, {"pattern": [188, 71], "threshold": null}, {"pattern": [16], "threshold": null}, {"pattern": [196, 103], "threshold": null}, {"pattern": [116, 212, 188, 86], "threshold": null}, {"pattern": [202, 103], "threshold": null}, {"pattern": [16, 90, 188], "threshold": null}, {"pattern": [202, 235], "threshold": null}, {"pattern": [90, 158, 188, 86], "threshold": null}, {"pattern": [16, 158], "threshold": null}, {"pattern": [212, 38], "threshold": null}, {"pattern": [202, 158, 86], "threshold": null}, {"pattern": [65, 103], "threshold": null}, {"pattern": [188, 116], "threshold": null}, {"pattern": [196, 86, 103], "threshold": null}, {"pattern": [103], "threshold": null}, {"pattern": [202, 215, 103], "threshold": null}, {"pattern": [241, 188, 116], "threshold": null}, {"pattern": [38], "threshold": null}, {"pattern": [215, 103], "threshold": null}, {"pattern": [86, 103], "threshold": null}, {"pattern": [16, 212, 188], "threshold": null}, {"pattern": [215], "threshold": null}, {"pattern": [90, 188], "threshold": null}, {"pattern": [202, 134], "threshold": null}, {"pattern": [212, 196, 103], "threshold": null}, {"pattern": [202, 212, 188], "threshold": null}, {"pattern": [212, 188, 86, 103], "threshold": null}, {"pattern": [188, 212, 63], "threshold": null}, {"pattern": [34, 188, 38], "threshold": null}, {"pattern": [116, 188, 212], "threshold": null}, {"pattern": [202, 158], "threshold": null}, {"pattern": [16, 134], "threshold": null}, {"pattern": [16, 25], "threshold": null}, {"pattern": [188, 86, 103], "threshold": null}, {"pattern": [90, 188, 158], "threshold": null}, {"pattern": [16, 212, 13], "threshold": null}, {"pattern": [81, 103], "threshold": null}, {"pattern": [196, 188, 134], "threshold": null}, {"pattern": [212, 86, 103, 188, 13], "threshold": null}, {"pattern": [202, 13, 103], "threshold": null}, {"pattern": [188, 212], "threshold": null}, {"pattern": [224, 180], "threshold": null}, {"pattern": [188, 158], "threshold": null}, {"pattern": [90, 188, 158, 215], "threshold": null}, {"pattern": [90, 164, 188], "threshold": null}, {"pattern": [16, 25, 188], "threshold": null}, {"pattern": [116, 103], "threshold": null}, {"pattern": [16, 235], "threshold": null}, {"pattern": [16, 116, 188], "threshold": null}, {"pattern": [34, 38], "threshold": null}, {"pattern": [196, 188], "threshold": null}, {"pattern": [88, 196, 188], "threshold": null}, {"pattern": [202], "threshold": null}, {"pattern": [202, 86], "threshold": null}, {"pattern": [134, 103], "threshold": null}, {"pattern": [16, 65], "threshold": null}, {"pattern": [193, 215], "threshold": null}, {"pattern": [132, 212, 188], "threshold": null}]}, {"config": {"code_name": "[CS CM OC][Len SSize MFit CAtom][GNone]", "population_size": 100, "evaluation_budget": 10000, "cluster_info_file_name": "C:\\Users\\gac8\\PycharmProjects\\PSSearch\\retail_forecasting_data_collection\\data\\cluster_info_250_random.pkl", "use_custom_sampling_operator": true, "use_custom_mutation_operator": true, "use_custom_crossover_operator": false, "use_custom_atomicity": true, "genome_threshold": null, "include_ps_len": true, "include_sample_quantity": true, "include_wasserstein_distance": false, "include_diff_median": false, "include_atomicity": true, "include_p_value": false, "include_mean_fitness": true, "include_variance": false}, "results": [{"pattern": [158], "threshold": null}, {"pattern": [188], "threshold": null}, {"pattern": [212], "threshold": null}, {"pattern": [86, 127], "threshold": null}, {"pattern": [217], "threshold": null}, {"pattern": [158, 142], "threshold": null}, {"pattern": [43, 195], "threshold": null}, {"pattern": [132], "threshold": null}, {"pattern": [90, 134], "threshold": null}, {"pattern": [248, 226], "threshold": null}, {"pattern": [34, 180], "threshold": null}, {"pattern": [88], "threshold": null}, {"pattern": [188, 13], "threshold": null}, {"pattern": [103, 55], "threshold": null}, {"pattern": [157, 86], "threshold": null}, {"pattern": [25], "threshold": null}, {"pattern": [103], "threshold": null}, {"pattern": [212, 230], "threshold": null}, {"pattern": [56, 38], "threshold": null}, {"pattern": [120], "threshold": null}, {"pattern": [196, 215], "threshold": null}, {"pattern": [61, 190], "threshold": null}, {"pattern": [177, 193], "threshold": null}, {"pattern": [86], "threshold": null}, {"pattern": [208, 132], "threshold": null}, {"pattern": [92, 158], "threshold": null}, {"pattern": [13, 103], "threshold": null}, {"pattern": [182, 134], "threshold": null}, {"pattern": [202, 142], "threshold": null}, {"pattern": [13], "threshold": null}, {"pattern": [177, 132], "threshold": null}, {"pattern": [54], "threshold": null}, {"pattern": [184, 87], "threshold": null}, {"pattern": [237], "threshold": null}, {"pattern": [45], "threshold": null}, {"pattern": [212, 29], "threshold": null}, {"pattern": [212, 188], "threshold": null}, {"pattern": [65], "threshold": null}, {"pattern": [180, 181], "threshold": null}, {"pattern": [188, 244], "threshold": null}, {"pattern": [193, 202], "threshold": null}, {"pattern": [212, 221], "threshold": null}, {"pattern": [19, 103], "threshold": null}, {"pattern": [8, 188], "threshold": null}, {"pattern": [171, 180], "threshold": null}, {"pattern": [49, 13], "threshold": null}, {"pattern": [196], "threshold": null}, {"pattern": [224, 27], "threshold": null}, {"pattern": [56, 155], "threshold": null}, {"pattern": [241, 90], "threshold": null}, {"pattern": [158, 127], "threshold": null}]}]}