{"extra_info": {"version": "fallback_v1", "seed": 4}, "data": [{"config": {"code_name": "[CS CM CC][Len SSize MFit CAtom][GNone]", "population_size": 100, "evaluation_budget": 10000, "cluster_info_file_name": "C:\\Users\\gac8\\PycharmProjects\\PSSearch\\retail_forecasting_data_collection\\data\\cluster_info_250_random.pkl", "use_custom_sampling_operator": true, "use_custom_mutation_operator": true, "use_custom_crossover_operator": true, "use_custom_atomicity": true, "genome_threshold": null, "include_ps_len": true, "include_sample_quantity": true, "include_wasserstein_distance": false, "include_diff_median": false, "include_atomicity": true, "include_p_value": false, "include_mean_fitness": true, "include_variance": false}, "results": [{"pattern": [196, 157], "threshold": null}, {"pattern": [177, 27], "threshold": null}, {"pattern": [132], "threshold": null}, {"pattern": [103], "threshold": null}, {"pattern": [180, 173], "threshold": null}, {"pattern": [202, 19], "threshold": null}, {"pattern": [202, 13], "threshold": null}, {"pattern": [45], "threshold": null}, {"pattern": [196, 188], "threshold": null}, {"pattern": [120], "threshold": null}, {"pattern": [93], "threshold": null}, {"pattern": [132, 116], "threshold": null}, {"pattern": [25], "threshold": null}, {"pattern": [188], "threshold": null}, {"pattern": [211, 63], "threshold": null}, {"pattern": [88, 132], "threshold": null}, {"pattern": [196], "threshold": null}, {"pattern": [86], "threshold": null}, {"pattern": [217], "threshold": null}, {"pattern": [65, 173], "threshold": null}, {"pattern": [232, 119], "threshold": null}, {"pattern": [74, 215], "threshold": null}, {"pattern": [164, 134], "threshold": null}, {"pattern": [54], "threshold": null}, {"pattern": [13], "threshold": null}, {"pattern": [158], "threshold": null}, {"pattern": [230], "threshold": null}, {"pattern": [42, 188], "threshold": null}, {"pattern": [171, 47], "threshold": null}, {"pattern": [171, 212], "threshold": null}, {"pattern": [132, 63], "threshold": null}, {"pattern": [16, 139], "threshold": null}, {"pattern": [56, 38], "threshold": null}, {"pattern": [188, 245], "threshold": null}, {"pattern": [16, 197], "threshold": null}, {"pattern": [88], "threshold": null}, {"pattern": [190, 134], "threshold": null}, {"pattern": [217, 212], "threshold": null}, {"pattern": [65], "threshold": null}, {"pattern": [212], "threshold": null}, {"pattern": [241, 245], "threshold": null}, {"pattern": [177, 188], "threshold": null}, {"pattern": [235, 119], "threshold": null}, {"pattern": [26, 55], "threshold": null}, {"pattern": [116, 103], "threshold": null}, {"pattern": [50, 134], "threshold": null}, {"pattern": [180, 13], "threshold": null}, {"pattern": [88, 237], "threshold": null}, {"pattern": [34, 212], "threshold": null}, {"pattern": [237], "threshold": null}, {"pattern": [217, 237], "threshold": null}, {"pattern": [196, 221], "threshold": null}, {"pattern": [196, 38], "threshold": null}]}, {"config": {"code_name": "[CS CM CC][SSize MFit CAtom][GNone]", "population_size": 100, "evaluation_budget": 10000, "cluster_info_file_name": "C:\\Users\\gac8\\PycharmProjects\\PSSearch\\retail_forecasting_data_collection\\data\\cluster_info_250_random.pkl", "use_custom_sampling_operator": true, "use_custom_mutation_operator": true, "use_custom_crossover_operator": true, "use_custom_atomicity": true, "genome_threshold": null, "include_ps_len": false, "include_sample_quantity": true, "include_wasserstein_distance": false, "include_diff_median": false, "include_atomicity": true, "include_p_value": false, "include_mean_fitness": true, "include_variance": false}, "results": [{"pattern": [25, 245], "threshold": null}, {"pattern": [212], "threshold": null}, {"pattern": [56, 38], "threshold": null}, {"pattern": [25, 212], "threshold": null}, {"pattern": [139, 188], "threshold": null}, {"pattern": [196], "threshold": null}, {"pattern": [61, 158], "threshold": null}, {"pattern": [237], "threshold": null}, {"pattern": [188, 134], "threshold": null}, {"pattern": [224, 81], "threshold": null}, {"pattern": [188, 245, 103], "threshold": null}, {"pattern": [76, 190], "threshold": null}, {"pattern": [190, 134], "threshold": null}, {"pattern": [13], "threshold": null}, {"pattern": [132], "threshold": null}, {"pattern": [105, 119], "threshold": null}, {"pattern": [134, 30], "threshold": null}, {"pattern": [155, 38], "threshold": null}, {"pattern": [217, 158], "threshold": null}, {"pattern": [61, 63], "threshold": null}, {"pattern": [212, 69], "threshold": null}, {"pattern": [88, 158], "threshold": null}, {"pattern": [209, 151], "threshold": null}, {"pattern": [34, 190], "threshold": null}, {"pattern": [25], "threshold": null}, {"pattern": [103], "threshold": null}, {"pattern": [226, 212], "threshold": null}, {"pattern": [18, 158], "threshold": null}, {"pattern": [65], "threshold": null}, {"pattern": [196, 116], "threshold": null}, {"pattern": [196, 190], "threshold": null}, {"pattern": [188], "threshold": null}, {"pattern": [202, 212], "threshold": null}, {"pattern": [202, 43], "threshold": null}, {"pattern": [232, 158], "threshold": null}, {"pattern": [88], "threshold": null}, {"pattern": [158], "threshold": null}, {"pattern": [158, 103], "threshold": null}, {"pattern": [188, 173], "threshold": null}, {"pattern": [132, 237], "threshold": null}, {"pattern": [64, 212], "threshold": null}, {"pattern": [86], "threshold": null}, {"pattern": [13, 103], "threshold": null}]}, {"config": {"code_name": "[CS CM CC][Len MFit CAtom][GNone]", "population_size": 100, "evaluation_budget": 10000, "cluster_info_file_name": "C:\\Users\\gac8\\PycharmProjects\\PSSearch\\retail_forecasting_data_collection\\data\\cluster_info_250_random.pkl", "use_custom_sampling_operator": true, "use_custom_mutation_operator": true, "use_custom_crossover_operator": true, "use_custom_atomicity": true, "genome_threshold": null, "include_ps_len": true, "include_sample_quantity": false, "include_wasserstein_distance": false, "include_diff_median": false, "include_atomicity": true, "include_p_value": false, "include_mean_fitness": true, "include_variance": false}, "results": [{"pattern": [17, 30], "threshold": null}, {"pattern": [25, 134], "threshold": null}, {"pattern": [120], "threshold": null}, {"pattern": [38, 119], "threshold": null}, {"pattern": [76, 61], "threshold": null}]}, {"config": {"code_name": "[CS CM CC][Len SSize CAtom][GNone]", "population_size": 100, "evaluation_budget": 10000, "cluster_info_file_name": "C:\\Users\\gac8\\PycharmProjects\\PSSearch\\retail_forecasting_data_collection\\data\\cluster_info_250_random.pkl", "use_custom_sampling_operator": true, "use_custom_mutation_operator": true, "use_custom_crossover_operator": true, "use_custom_atomicity": true, "genome_threshold": null, "include_ps_len": true, "include_sample_quantity": true, "include_wasserstein_distance": false, "include_diff_median": false, "include_atomicity": true, "include_p_value": false, "include_mean_fitness": false, "include_variance": false}, "results": [{"pattern": [53, 158], "threshold": null}, {"pattern": [235, 52], "threshold": null}, {"pattern": [51, 205], "threshold": null}, {"pattern": [179, 71], "threshold": null}, {"pattern": [188, 13], "threshold": null}, {"pattern": [27, 212], "threshold": null}, {"pattern": [139, 116], "threshold": null}, {"pattern": [116, 87], "threshold": null}, {"pattern": [188, 116], "threshold": null}, {"pattern": [11, 109], "threshold": null}, {"pattern": [188], "threshold": null}, {"pattern": [90, 182], "threshold": null}, {"pattern": [212, 13], "threshold": null}, {"pattern": [235, 215], "threshold": null}]}, {"config": {"code_name": "[CS CM CC][Len SSize MFit][GNone]", "population_size": 100, "evaluation_budget": 10000, "cluster_info_file_name": "C:\\Users\\gac8\\PycharmProjects\\PSSearch\\retail_forecasting_data_collection\\data\\cluster_info_250_random.pkl", "use_custom_sampling_operator": true, "use_custom_mutation_operator": true, "use_custom_crossover_operator": true, "use_custom_atomicity": true, "genome_threshold": null, "include_ps_len": true, "include_sample_quantity": true, "include_wasserstein_distance": false, "include_diff_median": false, "include_atomicity": false, "include_p_value": false, "include_mean_fitness": true, "include_variance": false}, "results": [{"pattern": [188], "threshold": null}, {"pattern": [132, 215], "threshold": null}, {"pattern": [93, 13], "threshold": null}, {"pattern": [88, 248], "threshold": null}, {"pattern": [196, 180], "threshold": null}, {"pattern": [230], "threshold": null}, {"pattern": [45], "threshold": null}, {"pattern": [93], "threshold": null}, {"pattern": [27, 132], "threshold": null}, {"pattern": [212], "threshold": null}, {"pattern": [13], "threshold": null}, {"pattern": [188, 180, 158], "threshold": null}, {"pattern": [65], "threshold": null}, {"pattern": [120], "threshold": null}, {"pattern": [237], "threshold": null}, {"pattern": [196], "threshold": null}, {"pattern": [164, 158], "threshold": null}, {"pattern": [54], "threshold": null}, {"pattern": [103], "threshold": null}, {"pattern": [158], "threshold": null}, {"pattern": [86], "threshold": null}, {"pattern": [88], "threshold": null}, {"pattern": [74, 188], "threshold": null}, {"pattern": [132], "threshold": null}, {"pattern": [188, 134], "threshold": null}, {"pattern": [25], "threshold": null}, {"pattern": [217], "threshold": null}, {"pattern": [50, 158], "threshold": null}]}, {"config": {"code_name": "[OS CM CC][Len SSize MFit CAtom][GNone]", "population_size": 100, "evaluation_budget": 10000, "cluster_info_file_name": "C:\\Users\\gac8\\PycharmProjects\\PSSearch\\retail_forecasting_data_collection\\data\\cluster_info_250_random.pkl", "use_custom_sampling_operator": false, "use_custom_mutation_operator": true, "use_custom_crossover_operator": true, "use_custom_atomicity": true, "genome_threshold": null, "include_ps_len": true, "include_sample_quantity": true, "include_wasserstein_distance": false, "include_diff_median": false, "include_atomicity": true, "include_p_value": false, "include_mean_fitness": true, "include_variance": false}, "results": [{"pattern": [241, 202], "threshold": null}, {"pattern": [90, 132], "threshold": null}, {"pattern": [49, 116], "threshold": null}, {"pattern": [103], "threshold": null}, {"pattern": [16, 241], "threshold": null}, {"pattern": [88, 212], "threshold": null}, {"pattern": [16, 92], "threshold": null}, {"pattern": [45], "threshold": null}, {"pattern": [65, 86], "threshold": null}, {"pattern": [134, 63], "threshold": null}, {"pattern": [88, 134], "threshold": null}, {"pattern": [120], "threshold": null}, {"pattern": [93], "threshold": null}, {"pattern": [25], "threshold": null}, {"pattern": [188], "threshold": null}, {"pattern": [86], "threshold": null}, {"pattern": [196], "threshold": null}, {"pattern": [134, 215], "threshold": null}, {"pattern": [217], "threshold": null}, {"pattern": [54], "threshold": null}, {"pattern": [212, 38], "threshold": null}, {"pattern": [13], "threshold": null}, {"pattern": [158], "threshold": null}, {"pattern": [230], "threshold": null}, {"pattern": [91, 215], "threshold": null}, {"pattern": [241, 116], "threshold": null}, {"pattern": [68, 13], "threshold": null}, {"pattern": [61, 190], "threshold": null}, {"pattern": [184, 134], "threshold": null}, {"pattern": [16, 88], "threshold": null}, {"pattern": [208, 188], "threshold": null}, {"pattern": [88], "threshold": null}, {"pattern": [212], "threshold": null}, {"pattern": [65], "threshold": null}, {"pattern": [188, 95], "threshold": null}, {"pattern": [132, 86], "threshold": null}, {"pattern": [209, 151], "threshold": null}, {"pattern": [56, 246], "threshold": null}, {"pattern": [237], "threshold": null}, {"pattern": [196, 158], "threshold": null}, {"pattern": [184, 30], "threshold": null}, {"pattern": [132], "threshold": null}, {"pattern": [202, 86], "threshold": null}]}, {"config": {"code_name": "[CS OM CC][Len SSize MFit CAtom][GNone]", "population_size": 100, "evaluation_budget": 10000, "cluster_info_file_name": "C:\\Users\\gac8\\PycharmProjects\\PSSearch\\retail_forecasting_data_collection\\data\\cluster_info_250_random.pkl", "use_custom_sampling_operator": true, "use_custom_mutation_operator": false, "use_custom_crossover_operator": true, "use_custom_atomicity": true, "genome_threshold": null, "include_ps_len": true, "include_sample_quantity": true, "include_wasserstein_distance": false, "include_diff_median": false, "include_atomicity": true, "include_p_value": false, "include_mean_fitness": true, "include_variance": false}, "results": [{"pattern": [196, 212, 132], "threshold": null}, {"pattern": [241, 202, 212], "threshold": null}, {"pattern": [81, 212, 132], "threshold": null}, {"pattern": [196, 181], "threshold": null}, {"pattern": [93], "threshold": null}, {"pattern": [212, 13, 158], "threshold": null}, {"pattern": [188, 158], "threshold": null}, {"pattern": [90, 86], "threshold": null}, {"pattern": [13, 181], "threshold": null}, {"pattern": [13, 103], "threshold": null}, {"pattern": [202, 13, 103], "threshold": null}, {"pattern": [244, 13], "threshold": null}, {"pattern": [188, 180, 86], "threshold": null}, {"pattern": [93, 103], "threshold": null}, {"pattern": [171, 86], "threshold": null}, {"pattern": [13, 158], "threshold": null}, {"pattern": [241, 13], "threshold": null}, {"pattern": [241, 212], "threshold": null}, {"pattern": [237], "threshold": null}, {"pattern": [248, 212, 63], "threshold": null}, {"pattern": [202, 196, 212], "threshold": null}, {"pattern": [132, 90, 212, 13], "threshold": null}, {"pattern": [103], "threshold": null}, {"pattern": [202, 13], "threshold": null}, {"pattern": [212, 13], "threshold": null}, {"pattern": [88, 132], "threshold": null}, {"pattern": [248, 132, 212], "threshold": null}, {"pattern": [212, 132, 13], "threshold": null}, {"pattern": [241], "threshold": null}, {"pattern": [13], "threshold": null}, {"pattern": [81, 196, 212], "threshold": null}, {"pattern": [38, 86], "threshold": null}, {"pattern": [212, 77], "threshold": null}, {"pattern": [171, 132, 86], "threshold": null}, {"pattern": [180, 86], "threshold": null}, {"pattern": [88, 212, 132], "threshold": null}, {"pattern": [196, 212], "threshold": null}, {"pattern": [196, 212, 103], "threshold": null}, {"pattern": [123, 13], "threshold": null}, {"pattern": [241, 86], "threshold": null}, {"pattern": [241, 90], "threshold": null}, {"pattern": [90, 212, 13], "threshold": null}, {"pattern": [188, 13, 158], "threshold": null}, {"pattern": [196, 212, 13, 158], "threshold": null}, {"pattern": [188, 196, 212, 171], "threshold": null}, {"pattern": [188, 171, 180, 86], "threshold": null}, {"pattern": [212, 29], "threshold": null}, {"pattern": [181, 103], "threshold": null}, {"pattern": [235, 212], "threshold": null}, {"pattern": [35, 30], "threshold": null}, {"pattern": [86, 103], "threshold": null}, {"pattern": [212, 13, 134], "threshold": null}, {"pattern": [61, 86], "threshold": null}, {"pattern": [90, 116], "threshold": null}, {"pattern": [224, 196, 212], "threshold": null}, {"pattern": [212], "threshold": null}, {"pattern": [196, 212, 86], "threshold": null}, {"pattern": [212, 61], "threshold": null}, {"pattern": [217, 86], "threshold": null}, {"pattern": [171, 86, 215], "threshold": null}, {"pattern": [181, 86], "threshold": null}, {"pattern": [86, 215], "threshold": null}, {"pattern": [164, 212, 103], "threshold": null}, {"pattern": [237, 13], "threshold": null}, {"pattern": [212, 196, 13], "threshold": null}, {"pattern": [65, 188, 180, 86], "threshold": null}, {"pattern": [212, 132], "threshold": null}, {"pattern": [202, 86, 103], "threshold": null}, {"pattern": [86], "threshold": null}, {"pattern": [86, 127], "threshold": null}, {"pattern": [248, 212], "threshold": null}, {"pattern": [217], "threshold": null}, {"pattern": [180, 86, 215], "threshold": null}, {"pattern": [212, 13, 103], "threshold": null}, {"pattern": [188, 196, 212], "threshold": null}, {"pattern": [164, 212], "threshold": null}, {"pattern": [212, 215], "threshold": null}, {"pattern": [13, 30], "threshold": null}, {"pattern": [196, 212, 13, 86], "threshold": null}, {"pattern": [13, 86], "threshold": null}, {"pattern": [56, 86], "threshold": null}, {"pattern": [93, 86], "threshold": null}, {"pattern": [65, 196, 212, 86], "threshold": null}, {"pattern": [184, 30], "threshold": null}, {"pattern": [90, 212, 116], "threshold": null}, {"pattern": [217, 237], "threshold": null}, {"pattern": [196, 212, 132, 86], "threshold": null}]}, {"config": {"code_name": "[CS CM OC][Len SSize MFit CAtom][GNone]", "population_size": 100, "evaluation_budget": 10000, "cluster_info_file_name": "C:\\Users\\gac8\\PycharmProjects\\PSSearch\\retail_forecasting_data_collection\\data\\cluster_info_250_random.pkl", "use_custom_sampling_operator": true, "use_custom_mutation_operator": true, "use_custom_crossover_operator": false, "use_custom_atomicity": true, "genome_threshold": null, "include_ps_len": true, "include_sample_quantity": true, "include_wasserstein_distance": false, "include_diff_median": false, "include_atomicity": true, "include_p_value": false, "include_mean_fitness": true, "include_variance": false}, "results": [{"pattern": [65, 196], "threshold": null}, {"pattern": [13, 134], "threshold": null}, {"pattern": [74, 196], "threshold": null}, {"pattern": [208, 86], "threshold": null}, {"pattern": [103, 87], "threshold": null}, {"pattern": [103], "threshold": null}, {"pattern": [95, 63], "threshold": null}, {"pattern": [45], "threshold": null}, {"pattern": [241, 91], "threshold": null}, {"pattern": [120], "threshold": null}, {"pattern": [162, 103], "threshold": null}, {"pattern": [56, 18], "threshold": null}, {"pattern": [93], "threshold": null}, {"pattern": [34, 188], "threshold": null}, {"pattern": [25], "threshold": null}, {"pattern": [188], "threshold": null}, {"pattern": [35, 52], "threshold": null}, {"pattern": [86], "threshold": null}, {"pattern": [196], "threshold": null}, {"pattern": [65, 134], "threshold": null}, {"pattern": [217], "threshold": null}, {"pattern": [188, 132], "threshold": null}, {"pattern": [235, 134], "threshold": null}, {"pattern": [81, 188], "threshold": null}, {"pattern": [54], "threshold": null}, {"pattern": [134, 38], "threshold": null}, {"pattern": [13], "threshold": null}, {"pattern": [158], "threshold": null}, {"pattern": [230], "threshold": null}, {"pattern": [224, 81], "threshold": null}, {"pattern": [69, 29], "threshold": null}, {"pattern": [188, 109], "threshold": null}, {"pattern": [195, 13], "threshold": null}, {"pattern": [24, 158], "threshold": null}, {"pattern": [209, 245], "threshold": null}, {"pattern": [180, 86], "threshold": null}, {"pattern": [88], "threshold": null}, {"pattern": [237, 158], "threshold": null}, {"pattern": [211, 212], "threshold": null}, {"pattern": [212], "threshold": null}, {"pattern": [88, 245], "threshold": null}, {"pattern": [65], "threshold": null}, {"pattern": [196, 215], "threshold": null}, {"pattern": [241, 245], "threshold": null}, {"pattern": [16, 63], "threshold": null}, {"pattern": [61, 134], "threshold": null}, {"pattern": [75, 13], "threshold": null}, {"pattern": [237], "threshold": null}, {"pattern": [88, 237], "threshold": null}, {"pattern": [196, 158], "threshold": null}, {"pattern": [25, 158], "threshold": null}, {"pattern": [132], "threshold": null}, {"pattern": [212, 93], "threshold": null}, {"pattern": [76, 61], "threshold": null}]}]}