{"extra_info": {"version": "fallback_v1", "seed": 44}, "data": [{"config": {"code_name": "[CS CM CC][Len SSize MFit CAtom][GNone]", "population_size": 100, "evaluation_budget": 10000, "cluster_info_file_name": "C:\\Users\\gac8\\PycharmProjects\\PSSearch\\retail_forecasting_data_collection\\data\\cluster_info_250_random.pkl", "use_custom_sampling_operator": true, "use_custom_mutation_operator": true, "use_custom_crossover_operator": true, "use_custom_atomicity": true, "genome_threshold": null, "include_ps_len": true, "include_sample_quantity": true, "include_wasserstein_distance": false, "include_diff_median": false, "include_atomicity": true, "include_p_value": false, "include_mean_fitness": true, "include_variance": false}, "results": [{"pattern": [13], "threshold": null}, {"pattern": [74, 116], "threshold": null}, {"pattern": [248, 202], "threshold": null}, {"pattern": [217], "threshold": null}, {"pattern": [180, 244], "threshold": null}, {"pattern": [205, 158], "threshold": null}, {"pattern": [188], "threshold": null}, {"pattern": [212, 188], "threshold": null}, {"pattern": [212], "threshold": null}, {"pattern": [92, 183], "threshold": null}, {"pattern": [241, 86], "threshold": null}, {"pattern": [212, 135], "threshold": null}, {"pattern": [88, 180], "threshold": null}, {"pattern": [16, 248], "threshold": null}, {"pattern": [103], "threshold": null}, {"pattern": [88, 221], "threshold": null}, {"pattern": [209, 59], "threshold": null}, {"pattern": [248, 215], "threshold": null}, {"pattern": [248, 25], "threshold": null}, {"pattern": [132], "threshold": null}, {"pattern": [16, 188], "threshold": null}, {"pattern": [212, 134], "threshold": null}, {"pattern": [171, 86], "threshold": null}, {"pattern": [105, 52], "threshold": null}, {"pattern": [196, 180], "threshold": null}, {"pattern": [27, 204], "threshold": null}, {"pattern": [248, 103], "threshold": null}, {"pattern": [169, 235], "threshold": null}, {"pattern": [224, 26], "threshold": null}, {"pattern": [88, 86], "threshold": null}, {"pattern": [237], "threshold": null}, {"pattern": [163, 173], "threshold": null}, {"pattern": [217, 132], "threshold": null}, {"pattern": [88], "threshold": null}, {"pattern": [188, 103], "threshold": null}, {"pattern": [16, 74], "threshold": null}, {"pattern": [54], "threshold": null}, {"pattern": [53, 86], "threshold": null}, {"pattern": [65], "threshold": null}, {"pattern": [35, 68], "threshold": null}, {"pattern": [59, 245], "threshold": null}, {"pattern": [86], "threshold": null}, {"pattern": [25], "threshold": null}, {"pattern": [65, 25], "threshold": null}, {"pattern": [232, 205], "threshold": null}, {"pattern": [232, 105], "threshold": null}, {"pattern": [30, 103], "threshold": null}, {"pattern": [13, 157], "threshold": null}, {"pattern": [33, 75], "threshold": null}, {"pattern": [196], "threshold": null}, {"pattern": [16, 196], "threshold": null}, {"pattern": [158], "threshold": null}, {"pattern": [120], "threshold": null}, {"pattern": [155, 63], "threshold": null}, {"pattern": [45], "threshold": null}]}, {"config": {"code_name": "[CS CM CC][SSize MFit CAtom][GNone]", "population_size": 100, "evaluation_budget": 10000, "cluster_info_file_name": "C:\\Users\\gac8\\PycharmProjects\\PSSearch\\retail_forecasting_data_collection\\data\\cluster_info_250_random.pkl", "use_custom_sampling_operator": true, "use_custom_mutation_operator": true, "use_custom_crossover_operator": true, "use_custom_atomicity": true, "genome_threshold": null, "include_ps_len": false, "include_sample_quantity": true, "include_wasserstein_distance": false, "include_diff_median": false, "include_atomicity": true, "include_p_value": false, "include_mean_fitness": true, "include_variance": false}, "results": [{"pattern": [193, 196], "threshold": null}, {"pattern": [65], "threshold": null}, {"pattern": [162, 74], "threshold": null}, {"pattern": [38, 87], "threshold": null}, {"pattern": [56, 155], "threshold": null}, {"pattern": [158], "threshold": null}, {"pattern": [86], "threshold": null}, {"pattern": [27, 180], "threshold": null}, {"pattern": [90, 63], "threshold": null}, {"pattern": [43, 101], "threshold": null}, {"pattern": [221, 30], "threshold": null}, {"pattern": [193, 244], "threshold": null}, {"pattern": [235, 103], "threshold": null}, {"pattern": [77, 134], "threshold": null}, {"pattern": [196, 103], "threshold": null}, {"pattern": [224, 202], "threshold": null}, {"pattern": [202, 162], "threshold": null}, {"pattern": [180, 244], "threshold": null}, {"pattern": [195, 13], "threshold": null}, {"pattern": [212, 221], "threshold": null}, {"pattern": [212], "threshold": null}, {"pattern": [180, 237], "threshold": null}, {"pattern": [132, 103], "threshold": null}, {"pattern": [16, 151], "threshold": null}, {"pattern": [212, 132], "threshold": null}, {"pattern": [25, 13], "threshold": null}, {"pattern": [132], "threshold": null}, {"pattern": [188, 47], "threshold": null}, {"pattern": [196], "threshold": null}, {"pattern": [13], "threshold": null}, {"pattern": [86, 167], "threshold": null}, {"pattern": [218, 51], "threshold": null}, {"pattern": [188], "threshold": null}, {"pattern": [25, 177], "threshold": null}, {"pattern": [88], "threshold": null}, {"pattern": [27, 196, 215], "threshold": null}, {"pattern": [88, 158], "threshold": null}, {"pattern": [212, 134], "threshold": null}, {"pattern": [241, 50], "threshold": null}, {"pattern": [103], "threshold": null}]}, {"config": {"code_name": "[CS CM CC][Len MFit CAtom][GNone]", "population_size": 100, "evaluation_budget": 10000, "cluster_info_file_name": "C:\\Users\\gac8\\PycharmProjects\\PSSearch\\retail_forecasting_data_collection\\data\\cluster_info_250_random.pkl", "use_custom_sampling_operator": true, "use_custom_mutation_operator": true, "use_custom_crossover_operator": true, "use_custom_atomicity": true, "genome_threshold": null, "include_ps_len": true, "include_sample_quantity": false, "include_wasserstein_distance": false, "include_diff_median": false, "include_atomicity": true, "include_p_value": false, "include_mean_fitness": true, "include_variance": false}, "results": [{"pattern": [217, 134], "threshold": null}, {"pattern": [232, 25], "threshold": null}, {"pattern": [25, 90], "threshold": null}, {"pattern": [120], "threshold": null}, {"pattern": [211, 134], "threshold": null}, {"pattern": [4, 63], "threshold": null}, {"pattern": [35, 30], "threshold": null}]}, {"config": {"code_name": "[CS CM CC][Len SSize CAtom][GNone]", "population_size": 100, "evaluation_budget": 10000, "cluster_info_file_name": "C:\\Users\\gac8\\PycharmProjects\\PSSearch\\retail_forecasting_data_collection\\data\\cluster_info_250_random.pkl", "use_custom_sampling_operator": true, "use_custom_mutation_operator": true, "use_custom_crossover_operator": true, "use_custom_atomicity": true, "genome_threshold": null, "include_ps_len": true, "include_sample_quantity": true, "include_wasserstein_distance": false, "include_diff_median": false, "include_atomicity": true, "include_p_value": false, "include_mean_fitness": false, "include_variance": false}, "results": [{"pattern": [38, 63], "threshold": null}, {"pattern": [16, 188], "threshold": null}, {"pattern": [122, 205], "threshold": null}, {"pattern": [188], "threshold": null}, {"pattern": [27, 212], "threshold": null}, {"pattern": [195, 39], "threshold": null}, {"pattern": [134, 103], "threshold": null}, {"pattern": [212, 158], "threshold": null}, {"pattern": [13, 157], "threshold": null}, {"pattern": [221, 215], "threshold": null}, {"pattern": [81, 196], "threshold": null}]}, {"config": {"code_name": "[CS CM CC][Len SSize MFit][GNone]", "population_size": 100, "evaluation_budget": 10000, "cluster_info_file_name": "C:\\Users\\gac8\\PycharmProjects\\PSSearch\\retail_forecasting_data_collection\\data\\cluster_info_250_random.pkl", "use_custom_sampling_operator": true, "use_custom_mutation_operator": true, "use_custom_crossover_operator": true, "use_custom_atomicity": true, "genome_threshold": null, "include_ps_len": true, "include_sample_quantity": true, "include_wasserstein_distance": false, "include_diff_median": false, "include_atomicity": false, "include_p_value": false, "include_mean_fitness": true, "include_variance": false}, "results": [{"pattern": [65, 25], "threshold": null}, {"pattern": [188, 158], "threshold": null}, {"pattern": [132], "threshold": null}, {"pattern": [25, 13], "threshold": null}, {"pattern": [103], "threshold": null}, {"pattern": [88], "threshold": null}, {"pattern": [86], "threshold": null}, {"pattern": [45], "threshold": null}, {"pattern": [202, 132], "threshold": null}, {"pattern": [196], "threshold": null}, {"pattern": [90, 158], "threshold": null}, {"pattern": [25, 212], "threshold": null}, {"pattern": [171, 212], "threshold": null}, {"pattern": [196, 188], "threshold": null}, {"pattern": [248, 25], "threshold": null}, {"pattern": [65], "threshold": null}, {"pattern": [88, 196], "threshold": null}, {"pattern": [188], "threshold": null}, {"pattern": [34, 158], "threshold": null}, {"pattern": [237], "threshold": null}, {"pattern": [13], "threshold": null}, {"pattern": [54], "threshold": null}, {"pattern": [212], "threshold": null}, {"pattern": [88, 212], "threshold": null}, {"pattern": [120], "threshold": null}, {"pattern": [217], "threshold": null}, {"pattern": [13, 215], "threshold": null}, {"pattern": [158], "threshold": null}, {"pattern": [241, 132], "threshold": null}, {"pattern": [25], "threshold": null}]}, {"config": {"code_name": "[OS CM CC][Len SSize MFit CAtom][GNone]", "population_size": 100, "evaluation_budget": 10000, "cluster_info_file_name": "C:\\Users\\gac8\\PycharmProjects\\PSSearch\\retail_forecasting_data_collection\\data\\cluster_info_250_random.pkl", "use_custom_sampling_operator": false, "use_custom_mutation_operator": true, "use_custom_crossover_operator": true, "use_custom_atomicity": true, "genome_threshold": null, "include_ps_len": true, "include_sample_quantity": true, "include_wasserstein_distance": false, "include_diff_median": false, "include_atomicity": true, "include_p_value": false, "include_mean_fitness": true, "include_variance": false}, "results": [{"pattern": [13], "threshold": null}, {"pattern": [158], "threshold": null}, {"pattern": [177, 247], "threshold": null}, {"pattern": [74, 116], "threshold": null}, {"pattern": [190, 87], "threshold": null}, {"pattern": [217], "threshold": null}, {"pattern": [215, 63], "threshold": null}, {"pattern": [188], "threshold": null}, {"pattern": [212], "threshold": null}, {"pattern": [241, 132], "threshold": null}, {"pattern": [134, 103], "threshold": null}, {"pattern": [24, 27], "threshold": null}, {"pattern": [202, 215], "threshold": null}, {"pattern": [103], "threshold": null}, {"pattern": [217, 212], "threshold": null}, {"pattern": [16, 25], "threshold": null}, {"pattern": [16, 52], "threshold": null}, {"pattern": [188, 244], "threshold": null}, {"pattern": [132], "threshold": null}, {"pattern": [120], "threshold": null}, {"pattern": [16, 167], "threshold": null}, {"pattern": [105, 52], "threshold": null}, {"pattern": [158, 63], "threshold": null}, {"pattern": [25, 188], "threshold": null}, {"pattern": [237], "threshold": null}, {"pattern": [224, 124], "threshold": null}, {"pattern": [50, 86], "threshold": null}, {"pattern": [88], "threshold": null}, {"pattern": [217, 134], "threshold": null}, {"pattern": [54], "threshold": null}, {"pattern": [65], "threshold": null}, {"pattern": [25, 215], "threshold": null}, {"pattern": [86], "threshold": null}, {"pattern": [25], "threshold": null}, {"pattern": [202, 221], "threshold": null}, {"pattern": [56, 63], "threshold": null}, {"pattern": [196], "threshold": null}, {"pattern": [27, 158], "threshold": null}, {"pattern": [212, 158], "threshold": null}, {"pattern": [45], "threshold": null}]}, {"config": {"code_name": "[CS OM CC][Len SSize MFit CAtom][GNone]", "population_size": 100, "evaluation_budget": 10000, "cluster_info_file_name": "C:\\Users\\gac8\\PycharmProjects\\PSSearch\\retail_forecasting_data_collection\\data\\cluster_info_250_random.pkl", "use_custom_sampling_operator": true, "use_custom_mutation_operator": false, "use_custom_crossover_operator": true, "use_custom_atomicity": true, "genome_threshold": null, "include_ps_len": true, "include_sample_quantity": true, "include_wasserstein_distance": false, "include_diff_median": false, "include_atomicity": true, "include_p_value": false, "include_mean_fitness": true, "include_variance": false}, "results": [{"pattern": [93], "threshold": null}, {"pattern": [65, 180, 13], "threshold": null}, {"pattern": [162, 158], "threshold": null}, {"pattern": [162, 212, 215], "threshold": null}, {"pattern": [63, 215], "threshold": null}, {"pattern": [16, 212, 215], "threshold": null}, {"pattern": [34, 215], "threshold": null}, {"pattern": [212, 196], "threshold": null}, {"pattern": [65, 127], "threshold": null}, {"pattern": [248, 212, 215], "threshold": null}, {"pattern": [52, 215], "threshold": null}, {"pattern": [16, 241], "threshold": null}, {"pattern": [16, 180], "threshold": null}, {"pattern": [53, 215], "threshold": null}, {"pattern": [65, 27], "threshold": null}, {"pattern": [65, 164], "threshold": null}, {"pattern": [65, 215], "threshold": null}, {"pattern": [65, 212], "threshold": null}, {"pattern": [164], "threshold": null}, {"pattern": [248, 215], "threshold": null}, {"pattern": [65, 180], "threshold": null}, {"pattern": [16, 212], "threshold": null}, {"pattern": [87], "threshold": null}, {"pattern": [65, 27, 212], "threshold": null}, {"pattern": [16, 196, 212], "threshold": null}, {"pattern": [241, 158], "threshold": null}, {"pattern": [162, 74], "threshold": null}, {"pattern": [177], "threshold": null}, {"pattern": [215], "threshold": null}, {"pattern": [16, 215], "threshold": null}, {"pattern": [66, 63], "threshold": null}, {"pattern": [65, 90], "threshold": null}, {"pattern": [65, 245], "threshold": null}, {"pattern": [90, 215], "threshold": null}, {"pattern": [212, 221], "threshold": null}, {"pattern": [37, 38], "threshold": null}, {"pattern": [65], "threshold": null}, {"pattern": [29, 69], "threshold": null}, {"pattern": [212, 221, 215], "threshold": null}, {"pattern": [241], "threshold": null}, {"pattern": [65, 132, 215], "threshold": null}, {"pattern": [56, 188, 38], "threshold": null}, {"pattern": [65, 90, 212], "threshold": null}, {"pattern": [221, 215], "threshold": null}, {"pattern": [65, 25], "threshold": null}, {"pattern": [56, 38], "threshold": null}, {"pattern": [16], "threshold": null}, {"pattern": [16, 116], "threshold": null}, {"pattern": [65, 90, 212, 86], "threshold": null}, {"pattern": [162, 215], "threshold": null}, {"pattern": [132, 164], "threshold": null}, {"pattern": [69, 215], "threshold": null}, {"pattern": [93, 215], "threshold": null}]}, {"config": {"code_name": "[CS CM OC][Len SSize MFit CAtom][GNone]", "population_size": 100, "evaluation_budget": 10000, "cluster_info_file_name": "C:\\Users\\gac8\\PycharmProjects\\PSSearch\\retail_forecasting_data_collection\\data\\cluster_info_250_random.pkl", "use_custom_sampling_operator": true, "use_custom_mutation_operator": true, "use_custom_crossover_operator": false, "use_custom_atomicity": true, "genome_threshold": null, "include_ps_len": true, "include_sample_quantity": true, "include_wasserstein_distance": false, "include_diff_median": false, "include_atomicity": true, "include_p_value": false, "include_mean_fitness": true, "include_variance": false}, "results": [{"pattern": [13], "threshold": null}, {"pattern": [165, 47], "threshold": null}, {"pattern": [241, 167], "threshold": null}, {"pattern": [217], "threshold": null}, {"pattern": [167, 47], "threshold": null}, {"pattern": [65, 188, 180], "threshold": null}, {"pattern": [224, 167], "threshold": null}, {"pattern": [188], "threshold": null}, {"pattern": [18, 205], "threshold": null}, {"pattern": [151, 47], "threshold": null}, {"pattern": [212], "threshold": null}, {"pattern": [224, 202, 90], "threshold": null}, {"pattern": [11, 205], "threshold": null}, {"pattern": [204, 92], "threshold": null}, {"pattern": [103], "threshold": null}, {"pattern": [180, 134], "threshold": null}, {"pattern": [137, 63], "threshold": null}, {"pattern": [188, 237], "threshold": null}, {"pattern": [119, 103], "threshold": null}, {"pattern": [212, 164], "threshold": null}, {"pattern": [202, 13], "threshold": null}, {"pattern": [132], "threshold": null}, {"pattern": [188, 206], "threshold": null}, {"pattern": [76, 63], "threshold": null}, {"pattern": [137, 77], "threshold": null}, {"pattern": [212, 237], "threshold": null}, {"pattern": [212, 182], "threshold": null}, {"pattern": [237], "threshold": null}, {"pattern": [212, 181], "threshold": null}, {"pattern": [180, 158], "threshold": null}, {"pattern": [65, 190], "threshold": null}, {"pattern": [196, 158], "threshold": null}, {"pattern": [49, 74], "threshold": null}, {"pattern": [90, 77], "threshold": null}, {"pattern": [88], "threshold": null}, {"pattern": [232, 30], "threshold": null}, {"pattern": [25, 158], "threshold": null}, {"pattern": [180, 157], "threshold": null}, {"pattern": [54], "threshold": null}, {"pattern": [82, 77], "threshold": null}, {"pattern": [34, 158], "threshold": null}, {"pattern": [16, 88], "threshold": null}, {"pattern": [188, 158], "threshold": null}, {"pattern": [80, 229], "threshold": null}, {"pattern": [65], "threshold": null}, {"pattern": [50, 47], "threshold": null}, {"pattern": [86], "threshold": null}, {"pattern": [25], "threshold": null}, {"pattern": [122, 109], "threshold": null}, {"pattern": [27, 63], "threshold": null}, {"pattern": [69, 71], "threshold": null}, {"pattern": [88, 245], "threshold": null}, {"pattern": [147, 63], "threshold": null}, {"pattern": [196], "threshold": null}, {"pattern": [158], "threshold": null}, {"pattern": [120], "threshold": null}, {"pattern": [45], "threshold": null}]}]}