{"extra_info": {"version": "fallback_v1", "seed": 39}, "data": [{"config": {"code_name": "[CS CM CC][Len SSize MFit CAtom][GNone]", "population_size": 100, "evaluation_budget": 10000, "cluster_info_file_name": "C:\\Users\\gac8\\PycharmProjects\\PSSearch\\retail_forecasting_data_collection\\data\\cluster_info_250_random.pkl", "use_custom_sampling_operator": true, "use_custom_mutation_operator": true, "use_custom_crossover_operator": true, "use_custom_atomicity": true, "genome_threshold": null, "include_ps_len": true, "include_sample_quantity": true, "include_wasserstein_distance": false, "include_diff_median": false, "include_atomicity": true, "include_p_value": false, "include_mean_fitness": true, "include_variance": false}, "results": [{"pattern": [211, 134], "threshold": null}, {"pattern": [13, 158], "threshold": null}, {"pattern": [188, 132], "threshold": null}, {"pattern": [16, 134], "threshold": null}, {"pattern": [188, 205], "threshold": null}, {"pattern": [221, 134], "threshold": null}, {"pattern": [248, 26], "threshold": null}, {"pattern": [103], "threshold": null}, {"pattern": [202, 13], "threshold": null}, {"pattern": [132], "threshold": null}, {"pattern": [212], "threshold": null}, {"pattern": [116, 158], "threshold": null}, {"pattern": [204, 134], "threshold": null}, {"pattern": [188], "threshold": null}, {"pattern": [230], "threshold": null}, {"pattern": [88], "threshold": null}, {"pattern": [209, 34], "threshold": null}, {"pattern": [202, 134], "threshold": null}, {"pattern": [217, 158], "threshold": null}, {"pattern": [86], "threshold": null}, {"pattern": [153, 100], "threshold": null}, {"pattern": [132, 158], "threshold": null}, {"pattern": [171, 132], "threshold": null}, {"pattern": [169, 132], "threshold": null}, {"pattern": [65, 215], "threshold": null}, {"pattern": [16, 88], "threshold": null}, {"pattern": [188, 63], "threshold": null}, {"pattern": [120], "threshold": null}, {"pattern": [65], "threshold": null}, {"pattern": [212, 47], "threshold": null}, {"pattern": [25], "threshold": null}, {"pattern": [232, 109], "threshold": null}, {"pattern": [80, 229], "threshold": null}, {"pattern": [237], "threshold": null}, {"pattern": [18, 34], "threshold": null}, {"pattern": [195, 39], "threshold": null}, {"pattern": [109, 87], "threshold": null}, {"pattern": [132, 28], "threshold": null}, {"pattern": [54], "threshold": null}, {"pattern": [50, 188], "threshold": null}, {"pattern": [170, 103], "threshold": null}, {"pattern": [208, 212], "threshold": null}, {"pattern": [13], "threshold": null}, {"pattern": [202, 132], "threshold": null}, {"pattern": [45], "threshold": null}, {"pattern": [16, 196], "threshold": null}, {"pattern": [116, 197], "threshold": null}, {"pattern": [86, 127], "threshold": null}, {"pattern": [53, 215], "threshold": null}, {"pattern": [177, 244], "threshold": null}, {"pattern": [217], "threshold": null}, {"pattern": [65, 245], "threshold": null}, {"pattern": [27, 86], "threshold": null}, {"pattern": [158], "threshold": null}, {"pattern": [34, 38], "threshold": null}]}, {"config": {"code_name": "[CS CM CC][SSize MFit CAtom][GNone]", "population_size": 100, "evaluation_budget": 10000, "cluster_info_file_name": "C:\\Users\\gac8\\PycharmProjects\\PSSearch\\retail_forecasting_data_collection\\data\\cluster_info_250_random.pkl", "use_custom_sampling_operator": true, "use_custom_mutation_operator": true, "use_custom_crossover_operator": true, "use_custom_atomicity": true, "genome_threshold": null, "include_ps_len": false, "include_sample_quantity": true, "include_wasserstein_distance": false, "include_diff_median": false, "include_atomicity": true, "include_p_value": false, "include_mean_fitness": true, "include_variance": false}, "results": [{"pattern": [188], "threshold": null}, {"pattern": [13], "threshold": null}, {"pattern": [235, 212], "threshold": null}, {"pattern": [25, 90], "threshold": null}, {"pattern": [195, 135], "threshold": null}, {"pattern": [25, 134], "threshold": null}, {"pattern": [188, 134], "threshold": null}, {"pattern": [132, 86], "threshold": null}, {"pattern": [180, 134], "threshold": null}, {"pattern": [81, 63], "threshold": null}, {"pattern": [173, 63], "threshold": null}, {"pattern": [134, 30], "threshold": null}, {"pattern": [244, 47], "threshold": null}, {"pattern": [132], "threshold": null}, {"pattern": [16, 13], "threshold": null}, {"pattern": [86], "threshold": null}, {"pattern": [212, 215], "threshold": null}, {"pattern": [221, 215], "threshold": null}, {"pattern": [34, 38], "threshold": null}, {"pattern": [217, 90], "threshold": null}, {"pattern": [212], "threshold": null}, {"pattern": [132, 181], "threshold": null}, {"pattern": [65, 86], "threshold": null}, {"pattern": [56, 155], "threshold": null}, {"pattern": [25, 52], "threshold": null}, {"pattern": [88], "threshold": null}, {"pattern": [202, 91], "threshold": null}, {"pattern": [105, 119], "threshold": null}, {"pattern": [235, 13], "threshold": null}, {"pattern": [137, 61], "threshold": null}, {"pattern": [212, 134], "threshold": null}, {"pattern": [103], "threshold": null}, {"pattern": [35, 68], "threshold": null}, {"pattern": [65], "threshold": null}, {"pattern": [177, 132], "threshold": null}, {"pattern": [188, 132], "threshold": null}, {"pattern": [204, 61], "threshold": null}, {"pattern": [81, 235], "threshold": null}, {"pattern": [217, 158], "threshold": null}, {"pattern": [202, 196], "threshold": null}, {"pattern": [196, 173], "threshold": null}, {"pattern": [232, 87], "threshold": null}, {"pattern": [241, 180], "threshold": null}, {"pattern": [87, 63], "threshold": null}, {"pattern": [137, 134], "threshold": null}]}, {"config": {"code_name": "[CS CM CC][Len MFit CAtom][GNone]", "population_size": 100, "evaluation_budget": 10000, "cluster_info_file_name": "C:\\Users\\gac8\\PycharmProjects\\PSSearch\\retail_forecasting_data_collection\\data\\cluster_info_250_random.pkl", "use_custom_sampling_operator": true, "use_custom_mutation_operator": true, "use_custom_crossover_operator": true, "use_custom_atomicity": true, "genome_threshold": null, "include_ps_len": true, "include_sample_quantity": false, "include_wasserstein_distance": false, "include_diff_median": false, "include_atomicity": true, "include_p_value": false, "include_mean_fitness": true, "include_variance": false}, "results": [{"pattern": [4, 63], "threshold": null}, {"pattern": [34, 38], "threshold": null}, {"pattern": [120], "threshold": null}, {"pattern": [155, 134], "threshold": null}, {"pattern": [11, 205], "threshold": null}, {"pattern": [93, 215], "threshold": null}, {"pattern": [204, 92], "threshold": null}, {"pattern": [226, 76], "threshold": null}]}, {"config": {"code_name": "[CS CM CC][Len SSize CAtom][GNone]", "population_size": 100, "evaluation_budget": 10000, "cluster_info_file_name": "C:\\Users\\gac8\\PycharmProjects\\PSSearch\\retail_forecasting_data_collection\\data\\cluster_info_250_random.pkl", "use_custom_sampling_operator": true, "use_custom_mutation_operator": true, "use_custom_crossover_operator": true, "use_custom_atomicity": true, "genome_threshold": null, "include_ps_len": true, "include_sample_quantity": true, "include_wasserstein_distance": false, "include_diff_median": false, "include_atomicity": true, "include_p_value": false, "include_mean_fitness": false, "include_variance": false}, "results": [{"pattern": [212, 101], "threshold": null}, {"pattern": [188], "threshold": null}, {"pattern": [209, 59], "threshold": null}, {"pattern": [188, 71], "threshold": null}, {"pattern": [91, 158], "threshold": null}, {"pattern": [92, 165], "threshold": null}, {"pattern": [33, 68], "threshold": null}, {"pattern": [146, 101], "threshold": null}]}, {"config": {"code_name": "[CS CM CC][Len SSize MFit][GNone]", "population_size": 100, "evaluation_budget": 10000, "cluster_info_file_name": "C:\\Users\\gac8\\PycharmProjects\\PSSearch\\retail_forecasting_data_collection\\data\\cluster_info_250_random.pkl", "use_custom_sampling_operator": true, "use_custom_mutation_operator": true, "use_custom_crossover_operator": true, "use_custom_atomicity": true, "genome_threshold": null, "include_ps_len": true, "include_sample_quantity": true, "include_wasserstein_distance": false, "include_diff_median": false, "include_atomicity": false, "include_p_value": false, "include_mean_fitness": true, "include_variance": false}, "results": [{"pattern": [237], "threshold": null}, {"pattern": [188, 134, 215], "threshold": null}, {"pattern": [13], "threshold": null}, {"pattern": [54], "threshold": null}, {"pattern": [120], "threshold": null}, {"pattern": [217], "threshold": null}, {"pattern": [237, 215], "threshold": null}, {"pattern": [202, 158], "threshold": null}, {"pattern": [45], "threshold": null}, {"pattern": [25], "threshold": null}, {"pattern": [188], "threshold": null}, {"pattern": [88, 132], "threshold": null}, {"pattern": [217, 13], "threshold": null}, {"pattern": [16, 180], "threshold": null}, {"pattern": [188, 215], "threshold": null}, {"pattern": [241, 132], "threshold": null}, {"pattern": [132], "threshold": null}, {"pattern": [202, 86], "threshold": null}, {"pattern": [180, 215], "threshold": null}, {"pattern": [50, 86], "threshold": null}, {"pattern": [237, 134], "threshold": null}, {"pattern": [212], "threshold": null}, {"pattern": [88], "threshold": null}, {"pattern": [188, 134], "threshold": null}, {"pattern": [103], "threshold": null}, {"pattern": [90, 196], "threshold": null}, {"pattern": [86], "threshold": null}, {"pattern": [132, 13], "threshold": null}, {"pattern": [25, 134], "threshold": null}, {"pattern": [230], "threshold": null}, {"pattern": [65], "threshold": null}, {"pattern": [158], "threshold": null}]}, {"config": {"code_name": "[OS CM CC][Len SSize MFit CAtom][GNone]", "population_size": 100, "evaluation_budget": 10000, "cluster_info_file_name": "C:\\Users\\gac8\\PycharmProjects\\PSSearch\\retail_forecasting_data_collection\\data\\cluster_info_250_random.pkl", "use_custom_sampling_operator": false, "use_custom_mutation_operator": true, "use_custom_crossover_operator": true, "use_custom_atomicity": true, "genome_threshold": null, "include_ps_len": true, "include_sample_quantity": true, "include_wasserstein_distance": false, "include_diff_median": false, "include_atomicity": true, "include_p_value": false, "include_mean_fitness": true, "include_variance": false}, "results": [{"pattern": [18, 119], "threshold": null}, {"pattern": [97, 43], "threshold": null}, {"pattern": [103], "threshold": null}, {"pattern": [132], "threshold": null}, {"pattern": [81, 215], "threshold": null}, {"pattern": [212], "threshold": null}, {"pattern": [233, 114], "threshold": null}, {"pattern": [132, 13], "threshold": null}, {"pattern": [205, 109], "threshold": null}, {"pattern": [69, 103], "threshold": null}, {"pattern": [188], "threshold": null}, {"pattern": [230], "threshold": null}, {"pattern": [88], "threshold": null}, {"pattern": [74, 165], "threshold": null}, {"pattern": [196, 173], "threshold": null}, {"pattern": [86], "threshold": null}, {"pattern": [34, 134], "threshold": null}, {"pattern": [65, 90], "threshold": null}, {"pattern": [16, 88], "threshold": null}, {"pattern": [90, 127], "threshold": null}, {"pattern": [120], "threshold": null}, {"pattern": [16, 241], "threshold": null}, {"pattern": [132, 221], "threshold": null}, {"pattern": [190, 63], "threshold": null}, {"pattern": [65], "threshold": null}, {"pattern": [158, 215], "threshold": null}, {"pattern": [18, 92], "threshold": null}, {"pattern": [25], "threshold": null}, {"pattern": [61, 134], "threshold": null}, {"pattern": [237], "threshold": null}, {"pattern": [139, 103], "threshold": null}, {"pattern": [132, 190], "threshold": null}, {"pattern": [244, 158], "threshold": null}, {"pattern": [92, 158], "threshold": null}, {"pattern": [177, 91], "threshold": null}, {"pattern": [93, 215], "threshold": null}, {"pattern": [103, 55], "threshold": null}, {"pattern": [171, 212], "threshold": null}, {"pattern": [54], "threshold": null}, {"pattern": [13], "threshold": null}, {"pattern": [16, 116], "threshold": null}, {"pattern": [45], "threshold": null}, {"pattern": [172, 116], "threshold": null}, {"pattern": [61, 13], "threshold": null}, {"pattern": [217], "threshold": null}, {"pattern": [16, 87], "threshold": null}, {"pattern": [158], "threshold": null}, {"pattern": [11, 205], "threshold": null}, {"pattern": [188, 132, 158], "threshold": null}]}, {"config": {"code_name": "[CS OM CC][Len SSize MFit CAtom][GNone]", "population_size": 100, "evaluation_budget": 10000, "cluster_info_file_name": "C:\\Users\\gac8\\PycharmProjects\\PSSearch\\retail_forecasting_data_collection\\data\\cluster_info_250_random.pkl", "use_custom_sampling_operator": true, "use_custom_mutation_operator": false, "use_custom_crossover_operator": true, "use_custom_atomicity": true, "genome_threshold": null, "include_ps_len": true, "include_sample_quantity": true, "include_wasserstein_distance": false, "include_diff_median": false, "include_atomicity": true, "include_p_value": false, "include_mean_fitness": true, "include_variance": false}, "results": [{"pattern": [16, 180], "threshold": null}, {"pattern": [217, 188, 237], "threshold": null}, {"pattern": [65, 86], "threshold": null}, {"pattern": [217, 180], "threshold": null}, {"pattern": [86, 212, 134], "threshold": null}, {"pattern": [180, 212, 188, 158], "threshold": null}, {"pattern": [196, 188, 13, 215], "threshold": null}, {"pattern": [13, 86], "threshold": null}, {"pattern": [180, 13, 215], "threshold": null}, {"pattern": [212, 13], "threshold": null}, {"pattern": [202, 212, 188, 215], "threshold": null}, {"pattern": [136], "threshold": null}, {"pattern": [212], "threshold": null}, {"pattern": [180, 196, 215], "threshold": null}, {"pattern": [202, 196, 188, 215], "threshold": null}, {"pattern": [180, 212], "threshold": null}, {"pattern": [196, 188], "threshold": null}, {"pattern": [212, 180, 215], "threshold": null}, {"pattern": [180, 212, 158], "threshold": null}, {"pattern": [180, 196, 212, 13], "threshold": null}, {"pattern": [188], "threshold": null}, {"pattern": [237, 103], "threshold": null}, {"pattern": [248, 212, 215], "threshold": null}, {"pattern": [196, 215], "threshold": null}, {"pattern": [196, 188, 13], "threshold": null}, {"pattern": [188, 196, 90], "threshold": null}, {"pattern": [212, 221, 215], "threshold": null}, {"pattern": [86], "threshold": null}, {"pattern": [212, 188, 134], "threshold": null}, {"pattern": [196, 188, 103, 215], "threshold": null}, {"pattern": [196, 188, 215], "threshold": null}, {"pattern": [188, 212, 180, 215], "threshold": null}, {"pattern": [202, 188, 215], "threshold": null}, {"pattern": [180], "threshold": null}, {"pattern": [134], "threshold": null}, {"pattern": [34, 63], "threshold": null}, {"pattern": [34, 116, 63], "threshold": null}, {"pattern": [188, 13, 215], "threshold": null}, {"pattern": [137, 134], "threshold": null}, {"pattern": [27, 180], "threshold": null}, {"pattern": [134, 63], "threshold": null}, {"pattern": [65, 212, 180, 86], "threshold": null}, {"pattern": [212, 27, 196, 188], "threshold": null}, {"pattern": [180, 188, 196, 212], "threshold": null}, {"pattern": [212, 180, 86], "threshold": null}, {"pattern": [180, 188, 212], "threshold": null}, {"pattern": [158, 86], "threshold": null}, {"pattern": [34, 116], "threshold": null}, {"pattern": [196, 212, 221, 215], "threshold": null}, {"pattern": [180, 37], "threshold": null}, {"pattern": [88, 196], "threshold": null}, {"pattern": [196, 212, 134], "threshold": null}, {"pattern": [196, 212, 215, 188, 13], "threshold": null}, {"pattern": [88, 180], "threshold": null}, {"pattern": [134, 158], "threshold": null}, {"pattern": [212, 196, 188, 215], "threshold": null}, {"pattern": [212, 196, 188], "threshold": null}, {"pattern": [25, 212, 215], "threshold": null}, {"pattern": [180, 134], "threshold": null}, {"pattern": [212, 215], "threshold": null}, {"pattern": [212, 134, 215], "threshold": null}, {"pattern": [217, 237], "threshold": null}, {"pattern": [212, 27, 180], "threshold": null}, {"pattern": [132, 188, 196, 215], "threshold": null}, {"pattern": [171, 180, 86], "threshold": null}, {"pattern": [180, 86], "threshold": null}, {"pattern": [212, 237], "threshold": null}, {"pattern": [180, 196, 212], "threshold": null}, {"pattern": [25, 212], "threshold": null}, {"pattern": [241, 180, 212], "threshold": null}, {"pattern": [180, 215], "threshold": null}, {"pattern": [158, 180, 86], "threshold": null}, {"pattern": [248, 212], "threshold": null}, {"pattern": [34, 87, 63], "threshold": null}]}, {"config": {"code_name": "[CS CM OC][Len SSize MFit CAtom][GNone]", "population_size": 100, "evaluation_budget": 10000, "cluster_info_file_name": "C:\\Users\\gac8\\PycharmProjects\\PSSearch\\retail_forecasting_data_collection\\data\\cluster_info_250_random.pkl", "use_custom_sampling_operator": true, "use_custom_mutation_operator": true, "use_custom_crossover_operator": false, "use_custom_atomicity": true, "genome_threshold": null, "include_ps_len": true, "include_sample_quantity": true, "include_wasserstein_distance": false, "include_diff_median": false, "include_atomicity": true, "include_p_value": false, "include_mean_fitness": true, "include_variance": false}, "results": [{"pattern": [16, 180], "threshold": null}, {"pattern": [81, 153], "threshold": null}, {"pattern": [116, 215], "threshold": null}, {"pattern": [164, 158], "threshold": null}, {"pattern": [103], "threshold": null}, {"pattern": [132], "threshold": null}, {"pattern": [212], "threshold": null}, {"pattern": [212, 190], "threshold": null}, {"pattern": [65, 196], "threshold": null}, {"pattern": [241, 116], "threshold": null}, {"pattern": [76, 69], "threshold": null}, {"pattern": [34, 215], "threshold": null}, {"pattern": [188], "threshold": null}, {"pattern": [230], "threshold": null}, {"pattern": [88], "threshold": null}, {"pattern": [50, 158], "threshold": null}, {"pattern": [249, 43], "threshold": null}, {"pattern": [162, 91], "threshold": null}, {"pattern": [86], "threshold": null}, {"pattern": [204, 158], "threshold": null}, {"pattern": [158, 47], "threshold": null}, {"pattern": [180, 103], "threshold": null}, {"pattern": [81, 180], "threshold": null}, {"pattern": [56, 63], "threshold": null}, {"pattern": [139, 132], "threshold": null}, {"pattern": [120], "threshold": null}, {"pattern": [50, 139], "threshold": null}, {"pattern": [65], "threshold": null}, {"pattern": [25], "threshold": null}, {"pattern": [24, 127], "threshold": null}, {"pattern": [212, 157], "threshold": null}, {"pattern": [237], "threshold": null}, {"pattern": [93, 215], "threshold": null}, {"pattern": [116, 13], "threshold": null}, {"pattern": [245, 86], "threshold": null}, {"pattern": [18, 63], "threshold": null}, {"pattern": [42, 188], "threshold": null}, {"pattern": [90, 235], "threshold": null}, {"pattern": [235, 103], "threshold": null}, {"pattern": [204, 116], "threshold": null}, {"pattern": [54], "threshold": null}, {"pattern": [25, 90], "threshold": null}, {"pattern": [241, 188], "threshold": null}, {"pattern": [13], "threshold": null}, {"pattern": [116, 63], "threshold": null}, {"pattern": [16, 34], "threshold": null}, {"pattern": [45], "threshold": null}, {"pattern": [88, 13], "threshold": null}, {"pattern": [241, 50], "threshold": null}, {"pattern": [217, 132], "threshold": null}, {"pattern": [217], "threshold": null}, {"pattern": [245, 190], "threshold": null}, {"pattern": [184, 30], "threshold": null}, {"pattern": [158], "threshold": null}, {"pattern": [171, 86], "threshold": null}]}]}