{"extra_info": {"version": "fallback_v1", "seed": 85}, "data": [{"config": {"code_name": "[CS CM CC][Len SSize MFit CAtom][GNone]", "population_size": 100, "evaluation_budget": 10000, "cluster_info_file_name": "C:\\Users\\gac8\\PycharmProjects\\PSSearch\\retail_forecasting_data_collection\\data\\cluster_info_250_random.pkl", "use_custom_sampling_operator": true, "use_custom_mutation_operator": true, "use_custom_crossover_operator": true, "use_custom_atomicity": true, "genome_threshold": null, "include_ps_len": true, "include_sample_quantity": true, "include_wasserstein_distance": false, "include_diff_median": false, "include_atomicity": true, "include_p_value": false, "include_mean_fitness": true, "include_variance": false}, "results": [{"pattern": [27, 181], "threshold": null}, {"pattern": [246, 63], "threshold": null}, {"pattern": [45], "threshold": null}, {"pattern": [205, 86], "threshold": null}, {"pattern": [120], "threshold": null}, {"pattern": [17, 30], "threshold": null}, {"pattern": [158], "threshold": null}, {"pattern": [16, 235], "threshold": null}, {"pattern": [34, 38], "threshold": null}, {"pattern": [220, 135], "threshold": null}, {"pattern": [86], "threshold": null}, {"pattern": [237], "threshold": null}, {"pattern": [90, 196], "threshold": null}, {"pattern": [27, 132], "threshold": null}, {"pattern": [13], "threshold": null}, {"pattern": [202, 91], "threshold": null}, {"pattern": [237, 13], "threshold": null}, {"pattern": [65, 132], "threshold": null}, {"pattern": [188], "threshold": null}, {"pattern": [205, 77], "threshold": null}, {"pattern": [237, 134], "threshold": null}, {"pattern": [88], "threshold": null}, {"pattern": [209, 202], "threshold": null}, {"pattern": [25], "threshold": null}, {"pattern": [134, 86], "threshold": null}, {"pattern": [217], "threshold": null}, {"pattern": [86, 103], "threshold": null}, {"pattern": [232, 35], "threshold": null}, {"pattern": [50, 92], "threshold": null}, {"pattern": [88, 134], "threshold": null}, {"pattern": [65], "threshold": null}, {"pattern": [158, 215], "threshold": null}, {"pattern": [202, 90], "threshold": null}, {"pattern": [82, 77], "threshold": null}, {"pattern": [54], "threshold": null}, {"pattern": [237, 158], "threshold": null}, {"pattern": [88, 90], "threshold": null}, {"pattern": [90, 221], "threshold": null}, {"pattern": [212], "threshold": null}, {"pattern": [196], "threshold": null}, {"pattern": [132], "threshold": null}, {"pattern": [230], "threshold": null}, {"pattern": [241, 180], "threshold": null}, {"pattern": [88, 237], "threshold": null}, {"pattern": [27, 180], "threshold": null}, {"pattern": [202, 158], "threshold": null}, {"pattern": [103], "threshold": null}, {"pattern": [217, 188], "threshold": null}, {"pattern": [65, 212], "threshold": null}, {"pattern": [30, 63], "threshold": null}, {"pattern": [81, 173], "threshold": null}, {"pattern": [190, 134], "threshold": null}, {"pattern": [93, 103], "threshold": null}]}, {"config": {"code_name": "[CS CM CC][SSize MFit CAtom][GNone]", "population_size": 100, "evaluation_budget": 10000, "cluster_info_file_name": "C:\\Users\\gac8\\PycharmProjects\\PSSearch\\retail_forecasting_data_collection\\data\\cluster_info_250_random.pkl", "use_custom_sampling_operator": true, "use_custom_mutation_operator": true, "use_custom_crossover_operator": true, "use_custom_atomicity": true, "genome_threshold": null, "include_ps_len": false, "include_sample_quantity": true, "include_wasserstein_distance": false, "include_diff_median": false, "include_atomicity": true, "include_p_value": false, "include_mean_fitness": true, "include_variance": false}, "results": [{"pattern": [188], "threshold": null}, {"pattern": [37, 63], "threshold": null}, {"pattern": [241, 103], "threshold": null}, {"pattern": [202, 90], "threshold": null}, {"pattern": [90, 221], "threshold": null}, {"pattern": [212, 13], "threshold": null}, {"pattern": [237], "threshold": null}, {"pattern": [65, 237], "threshold": null}, {"pattern": [139, 158], "threshold": null}, {"pattern": [122, 109], "threshold": null}, {"pattern": [177, 247], "threshold": null}, {"pattern": [80, 229], "threshold": null}, {"pattern": [81, 196], "threshold": null}, {"pattern": [16, 50], "threshold": null}, {"pattern": [202, 212], "threshold": null}, {"pattern": [56, 196], "threshold": null}, {"pattern": [65], "threshold": null}, {"pattern": [90, 212], "threshold": null}, {"pattern": [204, 188], "threshold": null}, {"pattern": [56, 134], "threshold": null}, {"pattern": [217, 237], "threshold": null}, {"pattern": [162, 188], "threshold": null}, {"pattern": [146, 239], "threshold": null}, {"pattern": [158, 38], "threshold": null}, {"pattern": [86], "threshold": null}, {"pattern": [177, 196], "threshold": null}, {"pattern": [88], "threshold": null}, {"pattern": [56, 63], "threshold": null}, {"pattern": [190, 87], "threshold": null}, {"pattern": [235, 86], "threshold": null}, {"pattern": [25], "threshold": null}, {"pattern": [93, 86], "threshold": null}, {"pattern": [27, 196], "threshold": null}, {"pattern": [132], "threshold": null}, {"pattern": [153, 100], "threshold": null}, {"pattern": [212], "threshold": null}, {"pattern": [81, 212], "threshold": null}, {"pattern": [180, 188, 132], "threshold": null}, {"pattern": [16, 212], "threshold": null}, {"pattern": [80, 55], "threshold": null}, {"pattern": [103], "threshold": null}, {"pattern": [16, 87], "threshold": null}, {"pattern": [158], "threshold": null}, {"pattern": [217, 180], "threshold": null}, {"pattern": [13], "threshold": null}, {"pattern": [90, 237], "threshold": null}, {"pattern": [33, 86], "threshold": null}, {"pattern": [196], "threshold": null}, {"pattern": [241, 215], "threshold": null}]}, {"config": {"code_name": "[CS CM CC][Len MFit CAtom][GNone]", "population_size": 100, "evaluation_budget": 10000, "cluster_info_file_name": "C:\\Users\\gac8\\PycharmProjects\\PSSearch\\retail_forecasting_data_collection\\data\\cluster_info_250_random.pkl", "use_custom_sampling_operator": true, "use_custom_mutation_operator": true, "use_custom_crossover_operator": true, "use_custom_atomicity": true, "genome_threshold": null, "include_ps_len": true, "include_sample_quantity": false, "include_wasserstein_distance": false, "include_diff_median": false, "include_atomicity": true, "include_p_value": false, "include_mean_fitness": true, "include_variance": false}, "results": [{"pattern": [232, 35], "threshold": null}, {"pattern": [120], "threshold": null}, {"pattern": [81, 169], "threshold": null}, {"pattern": [49, 116], "threshold": null}, {"pattern": [158, 119], "threshold": null}, {"pattern": [75, 68], "threshold": null}, {"pattern": [25, 202], "threshold": null}, {"pattern": [190, 87], "threshold": null}]}, {"config": {"code_name": "[CS CM CC][Len SSize CAtom][GNone]", "population_size": 100, "evaluation_budget": 10000, "cluster_info_file_name": "C:\\Users\\gac8\\PycharmProjects\\PSSearch\\retail_forecasting_data_collection\\data\\cluster_info_250_random.pkl", "use_custom_sampling_operator": true, "use_custom_mutation_operator": true, "use_custom_crossover_operator": true, "use_custom_atomicity": true, "genome_threshold": null, "include_ps_len": true, "include_sample_quantity": true, "include_wasserstein_distance": false, "include_diff_median": false, "include_atomicity": true, "include_p_value": false, "include_mean_fitness": false, "include_variance": false}, "results": [{"pattern": [160, 245], "threshold": null}, {"pattern": [188, 47], "threshold": null}, {"pattern": [180, 86], "threshold": null}, {"pattern": [212, 69], "threshold": null}, {"pattern": [188], "threshold": null}, {"pattern": [35, 68], "threshold": null}, {"pattern": [212, 215], "threshold": null}]}, {"config": {"code_name": "[CS CM CC][Len SSize MFit][GNone]", "population_size": 100, "evaluation_budget": 10000, "cluster_info_file_name": "C:\\Users\\gac8\\PycharmProjects\\PSSearch\\retail_forecasting_data_collection\\data\\cluster_info_250_random.pkl", "use_custom_sampling_operator": true, "use_custom_mutation_operator": true, "use_custom_crossover_operator": true, "use_custom_atomicity": true, "genome_threshold": null, "include_ps_len": true, "include_sample_quantity": true, "include_wasserstein_distance": false, "include_diff_median": false, "include_atomicity": false, "include_p_value": false, "include_mean_fitness": true, "include_variance": false}, "results": [{"pattern": [196, 86], "threshold": null}, {"pattern": [217, 158], "threshold": null}, {"pattern": [212, 63], "threshold": null}, {"pattern": [196], "threshold": null}, {"pattern": [215, 103], "threshold": null}, {"pattern": [88], "threshold": null}, {"pattern": [120], "threshold": null}, {"pattern": [81, 188], "threshold": null}, {"pattern": [54], "threshold": null}, {"pattern": [103], "threshold": null}, {"pattern": [65, 13], "threshold": null}, {"pattern": [65], "threshold": null}, {"pattern": [237], "threshold": null}, {"pattern": [217], "threshold": null}, {"pattern": [158], "threshold": null}, {"pattern": [188], "threshold": null}, {"pattern": [230], "threshold": null}, {"pattern": [13], "threshold": null}, {"pattern": [65, 237], "threshold": null}, {"pattern": [25, 134], "threshold": null}, {"pattern": [132, 158], "threshold": null}, {"pattern": [241, 13], "threshold": null}, {"pattern": [16, 63], "threshold": null}, {"pattern": [45], "threshold": null}, {"pattern": [86], "threshold": null}, {"pattern": [132], "threshold": null}, {"pattern": [25], "threshold": null}, {"pattern": [132, 13], "threshold": null}, {"pattern": [212], "threshold": null}]}, {"config": {"code_name": "[OS CM CC][Len SSize MFit CAtom][GNone]", "population_size": 100, "evaluation_budget": 10000, "cluster_info_file_name": "C:\\Users\\gac8\\PycharmProjects\\PSSearch\\retail_forecasting_data_collection\\data\\cluster_info_250_random.pkl", "use_custom_sampling_operator": false, "use_custom_mutation_operator": true, "use_custom_crossover_operator": true, "use_custom_atomicity": true, "genome_threshold": null, "include_ps_len": true, "include_sample_quantity": true, "include_wasserstein_distance": false, "include_diff_median": false, "include_atomicity": true, "include_p_value": false, "include_mean_fitness": true, "include_variance": false}, "results": [{"pattern": [248, 134], "threshold": null}, {"pattern": [45], "threshold": null}, {"pattern": [120], "threshold": null}, {"pattern": [164, 134], "threshold": null}, {"pattern": [158], "threshold": null}, {"pattern": [25, 235], "threshold": null}, {"pattern": [16, 38], "threshold": null}, {"pattern": [86], "threshold": null}, {"pattern": [212, 237], "threshold": null}, {"pattern": [237], "threshold": null}, {"pattern": [188, 132], "threshold": null}, {"pattern": [13], "threshold": null}, {"pattern": [196, 116], "threshold": null}, {"pattern": [212, 190], "threshold": null}, {"pattern": [188], "threshold": null}, {"pattern": [65, 244], "threshold": null}, {"pattern": [188, 71], "threshold": null}, {"pattern": [88], "threshold": null}, {"pattern": [184, 30], "threshold": null}, {"pattern": [241, 188], "threshold": null}, {"pattern": [188, 61], "threshold": null}, {"pattern": [25], "threshold": null}, {"pattern": [16, 90], "threshold": null}, {"pattern": [217], "threshold": null}, {"pattern": [13, 189], "threshold": null}, {"pattern": [204, 134], "threshold": null}, {"pattern": [241, 63], "threshold": null}, {"pattern": [65], "threshold": null}, {"pattern": [91, 212], "threshold": null}, {"pattern": [54], "threshold": null}, {"pattern": [224, 81], "threshold": null}, {"pattern": [212], "threshold": null}, {"pattern": [75, 13], "threshold": null}, {"pattern": [25, 177], "threshold": null}, {"pattern": [196], "threshold": null}, {"pattern": [90, 132], "threshold": null}, {"pattern": [88, 180], "threshold": null}, {"pattern": [132], "threshold": null}, {"pattern": [230], "threshold": null}, {"pattern": [27, 180], "threshold": null}, {"pattern": [56, 237], "threshold": null}, {"pattern": [103], "threshold": null}, {"pattern": [146, 101], "threshold": null}, {"pattern": [212, 215], "threshold": null}, {"pattern": [16, 34], "threshold": null}, {"pattern": [26, 244], "threshold": null}, {"pattern": [34, 27], "threshold": null}, {"pattern": [202, 180], "threshold": null}]}, {"config": {"code_name": "[CS OM CC][Len SSize MFit CAtom][GNone]", "population_size": 100, "evaluation_budget": 10000, "cluster_info_file_name": "C:\\Users\\gac8\\PycharmProjects\\PSSearch\\retail_forecasting_data_collection\\data\\cluster_info_250_random.pkl", "use_custom_sampling_operator": true, "use_custom_mutation_operator": false, "use_custom_crossover_operator": true, "use_custom_atomicity": true, "genome_threshold": null, "include_ps_len": true, "include_sample_quantity": true, "include_wasserstein_distance": false, "include_diff_median": false, "include_atomicity": true, "include_p_value": false, "include_mean_fitness": true, "include_variance": false}, "results": [{"pattern": [232, 103], "threshold": null}, {"pattern": [119, 103], "threshold": null}, {"pattern": [90, 27], "threshold": null}, {"pattern": [132, 86], "threshold": null}, {"pattern": [180, 27, 188], "threshold": null}, {"pattern": [93, 215], "threshold": null}, {"pattern": [246, 63], "threshold": null}, {"pattern": [132, 158], "threshold": null}, {"pattern": [212, 245], "threshold": null}, {"pattern": [90, 188, 86], "threshold": null}, {"pattern": [202, 132], "threshold": null}, {"pattern": [212, 132, 158], "threshold": null}, {"pattern": [202, 103], "threshold": null}, {"pattern": [25, 212], "threshold": null}, {"pattern": [134, 55], "threshold": null}, {"pattern": [180, 134], "threshold": null}, {"pattern": [89, 132], "threshold": null}, {"pattern": [90, 196, 188, 86], "threshold": null}, {"pattern": [90, 196, 188], "threshold": null}, {"pattern": [134], "threshold": null}, {"pattern": [87, 103], "threshold": null}, {"pattern": [53, 215], "threshold": null}, {"pattern": [241, 212, 215], "threshold": null}, {"pattern": [27, 188, 86], "threshold": null}, {"pattern": [132, 212, 103], "threshold": null}, {"pattern": [196, 132, 215], "threshold": null}, {"pattern": [132, 63], "threshold": null}, {"pattern": [158, 103], "threshold": null}, {"pattern": [51, 215], "threshold": null}, {"pattern": [61], "threshold": null}, {"pattern": [88, 13, 215], "threshold": null}, {"pattern": [65, 180, 212], "threshold": null}, {"pattern": [90, 188], "threshold": null}, {"pattern": [132, 212, 134], "threshold": null}, {"pattern": [186], "threshold": null}, {"pattern": [88, 134], "threshold": null}, {"pattern": [241, 215], "threshold": null}, {"pattern": [25, 215], "threshold": null}, {"pattern": [132, 212], "threshold": null}, {"pattern": [212, 132, 13, 215], "threshold": null}, {"pattern": [18, 77], "threshold": null}, {"pattern": [196, 212, 103], "threshold": null}, {"pattern": [217, 212], "threshold": null}, {"pattern": [90, 27, 86], "threshold": null}, {"pattern": [202, 188, 132], "threshold": null}, {"pattern": [202, 215], "threshold": null}, {"pattern": [212], "threshold": null}, {"pattern": [212, 90, 27, 188], "threshold": null}, {"pattern": [215], "threshold": null}, {"pattern": [241, 132], "threshold": null}, {"pattern": [188, 212], "threshold": null}, {"pattern": [177, 212], "threshold": null}, {"pattern": [132], "threshold": null}, {"pattern": [132, 215], "threshold": null}, {"pattern": [134, 95], "threshold": null}, {"pattern": [171, 212, 86], "threshold": null}, {"pattern": [212, 27, 188], "threshold": null}, {"pattern": [13, 215], "threshold": null}, {"pattern": [90, 27, 188, 86], "threshold": null}, {"pattern": [103], "threshold": null}, {"pattern": [212, 103], "threshold": null}, {"pattern": [86, 215], "threshold": null}, {"pattern": [212, 13, 158], "threshold": null}, {"pattern": [132, 13, 215], "threshold": null}, {"pattern": [90, 188, 212], "threshold": null}, {"pattern": [90, 188, 212, 86], "threshold": null}, {"pattern": [212, 215], "threshold": null}, {"pattern": [65, 212], "threshold": null}, {"pattern": [34, 245], "threshold": null}, {"pattern": [43, 212], "threshold": null}, {"pattern": [221, 134], "threshold": null}, {"pattern": [212, 90, 196, 188], "threshold": null}, {"pattern": [188, 103], "threshold": null}, {"pattern": [65, 212, 215], "threshold": null}]}, {"config": {"code_name": "[CS CM OC][Len SSize MFit CAtom][GNone]", "population_size": 100, "evaluation_budget": 10000, "cluster_info_file_name": "C:\\Users\\gac8\\PycharmProjects\\PSSearch\\retail_forecasting_data_collection\\data\\cluster_info_250_random.pkl", "use_custom_sampling_operator": true, "use_custom_mutation_operator": true, "use_custom_crossover_operator": false, "use_custom_atomicity": true, "genome_threshold": null, "include_ps_len": true, "include_sample_quantity": true, "include_wasserstein_distance": false, "include_diff_median": false, "include_atomicity": true, "include_p_value": false, "include_mean_fitness": true, "include_variance": false}, "results": [{"pattern": [169, 63], "threshold": null}, {"pattern": [16, 188], "threshold": null}, {"pattern": [45], "threshold": null}, {"pattern": [169, 132], "threshold": null}, {"pattern": [120], "threshold": null}, {"pattern": [241, 90], "threshold": null}, {"pattern": [180, 86], "threshold": null}, {"pattern": [188, 38], "threshold": null}, {"pattern": [233, 37], "threshold": null}, {"pattern": [158], "threshold": null}, {"pattern": [132, 212, 116], "threshold": null}, {"pattern": [217, 86], "threshold": null}, {"pattern": [16, 74], "threshold": null}, {"pattern": [25, 90], "threshold": null}, {"pattern": [86], "threshold": null}, {"pattern": [237], "threshold": null}, {"pattern": [248, 190], "threshold": null}, {"pattern": [13], "threshold": null}, {"pattern": [217, 180], "threshold": null}, {"pattern": [188], "threshold": null}, {"pattern": [224, 158], "threshold": null}, {"pattern": [74, 116], "threshold": null}, {"pattern": [88], "threshold": null}, {"pattern": [11, 77], "threshold": null}, {"pattern": [25], "threshold": null}, {"pattern": [16, 164], "threshold": null}, {"pattern": [217], "threshold": null}, {"pattern": [241, 86], "threshold": null}, {"pattern": [88, 134], "threshold": null}, {"pattern": [65], "threshold": null}, {"pattern": [82, 109], "threshold": null}, {"pattern": [54], "threshold": null}, {"pattern": [212], "threshold": null}, {"pattern": [132, 134], "threshold": null}, {"pattern": [97, 43], "threshold": null}, {"pattern": [196], "threshold": null}, {"pattern": [241, 132], "threshold": null}, {"pattern": [11, 109], "threshold": null}, {"pattern": [212, 188], "threshold": null}, {"pattern": [132], "threshold": null}, {"pattern": [230], "threshold": null}, {"pattern": [233, 114], "threshold": null}, {"pattern": [103], "threshold": null}, {"pattern": [188, 157], "threshold": null}, {"pattern": [80, 229], "threshold": null}, {"pattern": [74, 158], "threshold": null}, {"pattern": [109, 38], "threshold": null}]}]}