{"extra_info": {"version": "fallback_v1", "seed": 68}, "data": [{"config": {"code_name": "[CS CM CC][Len SSize MFit CAtom][GNone]", "population_size": 100, "evaluation_budget": 10000, "cluster_info_file_name": "C:\\Users\\gac8\\PycharmProjects\\PSSearch\\retail_forecasting_data_collection\\data\\cluster_info_250_random.pkl", "use_custom_sampling_operator": true, "use_custom_mutation_operator": true, "use_custom_crossover_operator": true, "use_custom_atomicity": true, "genome_threshold": null, "include_ps_len": true, "include_sample_quantity": true, "include_wasserstein_distance": false, "include_diff_median": false, "include_atomicity": true, "include_p_value": false, "include_mean_fitness": true, "include_variance": false}, "results": [{"pattern": [226, 63], "threshold": null}, {"pattern": [65, 13], "threshold": null}, {"pattern": [132], "threshold": null}, {"pattern": [16, 157], "threshold": null}, {"pattern": [146, 101], "threshold": null}, {"pattern": [217, 86], "threshold": null}, {"pattern": [120], "threshold": null}, {"pattern": [49, 77], "threshold": null}, {"pattern": [158], "threshold": null}, {"pattern": [65, 90, 212, 202], "threshold": null}, {"pattern": [49, 86], "threshold": null}, {"pattern": [13], "threshold": null}, {"pattern": [52, 205], "threshold": null}, {"pattern": [137, 134], "threshold": null}, {"pattern": [25], "threshold": null}, {"pattern": [158, 119], "threshold": null}, {"pattern": [16, 167], "threshold": null}, {"pattern": [188], "threshold": null}, {"pattern": [132, 13], "threshold": null}, {"pattern": [88], "threshold": null}, {"pattern": [74, 215], "threshold": null}, {"pattern": [188, 93, 13], "threshold": null}, {"pattern": [65], "threshold": null}, {"pattern": [193, 244], "threshold": null}, {"pattern": [65, 27], "threshold": null}, {"pattern": [103, 87], "threshold": null}, {"pattern": [35, 52], "threshold": null}, {"pattern": [93], "threshold": null}, {"pattern": [53, 103], "threshold": null}, {"pattern": [212], "threshold": null}, {"pattern": [249, 101], "threshold": null}, {"pattern": [190, 134], "threshold": null}, {"pattern": [65, 180], "threshold": null}, {"pattern": [50, 212, 103], "threshold": null}, {"pattern": [132, 116], "threshold": null}, {"pattern": [103], "threshold": null}, {"pattern": [180, 245], "threshold": null}, {"pattern": [232, 30], "threshold": null}, {"pattern": [88, 212], "threshold": null}, {"pattern": [86], "threshold": null}, {"pattern": [105, 119], "threshold": null}, {"pattern": [230], "threshold": null}, {"pattern": [25, 212], "threshold": null}, {"pattern": [177, 212], "threshold": null}, {"pattern": [45], "threshold": null}, {"pattern": [237], "threshold": null}, {"pattern": [204, 92], "threshold": null}, {"pattern": [88, 63], "threshold": null}, {"pattern": [202, 221], "threshold": null}, {"pattern": [50, 132], "threshold": null}, {"pattern": [139, 116], "threshold": null}]}, {"config": {"code_name": "[CS CM CC][SSize MFit CAtom][GNone]", "population_size": 100, "evaluation_budget": 10000, "cluster_info_file_name": "C:\\Users\\gac8\\PycharmProjects\\PSSearch\\retail_forecasting_data_collection\\data\\cluster_info_250_random.pkl", "use_custom_sampling_operator": true, "use_custom_mutation_operator": true, "use_custom_crossover_operator": true, "use_custom_atomicity": true, "genome_threshold": null, "include_ps_len": false, "include_sample_quantity": true, "include_wasserstein_distance": false, "include_diff_median": false, "include_atomicity": true, "include_p_value": false, "include_mean_fitness": true, "include_variance": false}, "results": [{"pattern": [42, 188], "threshold": null}, {"pattern": [13], "threshold": null}, {"pattern": [171, 212], "threshold": null}, {"pattern": [65, 27], "threshold": null}, {"pattern": [16, 65], "threshold": null}, {"pattern": [217, 63], "threshold": null}, {"pattern": [137, 158], "threshold": null}, {"pattern": [188, 86, 167], "threshold": null}, {"pattern": [188, 134], "threshold": null}, {"pattern": [56, 86], "threshold": null}, {"pattern": [188], "threshold": null}, {"pattern": [155, 38], "threshold": null}, {"pattern": [88], "threshold": null}, {"pattern": [196, 188], "threshold": null}, {"pattern": [244, 239], "threshold": null}, {"pattern": [212, 77], "threshold": null}, {"pattern": [196, 77], "threshold": null}, {"pattern": [212], "threshold": null}, {"pattern": [221, 55], "threshold": null}, {"pattern": [202, 196], "threshold": null}, {"pattern": [155, 86], "threshold": null}, {"pattern": [162, 158], "threshold": null}, {"pattern": [211, 134], "threshold": null}, {"pattern": [212, 116], "threshold": null}, {"pattern": [212, 87], "threshold": null}, {"pattern": [24, 127], "threshold": null}, {"pattern": [241, 103], "threshold": null}, {"pattern": [56, 246], "threshold": null}, {"pattern": [86], "threshold": null}, {"pattern": [217, 212], "threshold": null}, {"pattern": [237, 134], "threshold": null}, {"pattern": [196, 180], "threshold": null}, {"pattern": [202, 27], "threshold": null}, {"pattern": [158, 127], "threshold": null}, {"pattern": [50, 167], "threshold": null}, {"pattern": [65, 188, 215], "threshold": null}, {"pattern": [132], "threshold": null}, {"pattern": [25, 86], "threshold": null}, {"pattern": [65], "threshold": null}, {"pattern": [211, 196], "threshold": null}, {"pattern": [132, 215], "threshold": null}, {"pattern": [158], "threshold": null}, {"pattern": [33, 202], "threshold": null}]}, {"config": {"code_name": "[CS CM CC][Len MFit CAtom][GNone]", "population_size": 100, "evaluation_budget": 10000, "cluster_info_file_name": "C:\\Users\\gac8\\PycharmProjects\\PSSearch\\retail_forecasting_data_collection\\data\\cluster_info_250_random.pkl", "use_custom_sampling_operator": true, "use_custom_mutation_operator": true, "use_custom_crossover_operator": true, "use_custom_atomicity": true, "genome_threshold": null, "include_ps_len": true, "include_sample_quantity": false, "include_wasserstein_distance": false, "include_diff_median": false, "include_atomicity": true, "include_p_value": false, "include_mean_fitness": true, "include_variance": false}, "results": [{"pattern": [34, 4], "threshold": null}, {"pattern": [132, 244, 86], "threshold": null}, {"pattern": [116, 197], "threshold": null}, {"pattern": [25, 13], "threshold": null}, {"pattern": [190, 158], "threshold": null}, {"pattern": [92, 158], "threshold": null}, {"pattern": [25, 202], "threshold": null}, {"pattern": [27, 181], "threshold": null}, {"pattern": [64, 117], "threshold": null}, {"pattern": [120], "threshold": null}]}, {"config": {"code_name": "[CS CM CC][Len SSize CAtom][GNone]", "population_size": 100, "evaluation_budget": 10000, "cluster_info_file_name": "C:\\Users\\gac8\\PycharmProjects\\PSSearch\\retail_forecasting_data_collection\\data\\cluster_info_250_random.pkl", "use_custom_sampling_operator": true, "use_custom_mutation_operator": true, "use_custom_crossover_operator": true, "use_custom_atomicity": true, "genome_threshold": null, "include_ps_len": true, "include_sample_quantity": true, "include_wasserstein_distance": false, "include_diff_median": false, "include_atomicity": true, "include_p_value": false, "include_mean_fitness": false, "include_variance": false}, "results": [{"pattern": [4, 63], "threshold": null}, {"pattern": [188], "threshold": null}, {"pattern": [81, 196], "threshold": null}, {"pattern": [212, 215], "threshold": null}, {"pattern": [171, 188], "threshold": null}, {"pattern": [224, 180], "threshold": null}, {"pattern": [81, 212], "threshold": null}]}, {"config": {"code_name": "[CS CM CC][Len SSize MFit][GNone]", "population_size": 100, "evaluation_budget": 10000, "cluster_info_file_name": "C:\\Users\\gac8\\PycharmProjects\\PSSearch\\retail_forecasting_data_collection\\data\\cluster_info_250_random.pkl", "use_custom_sampling_operator": true, "use_custom_mutation_operator": true, "use_custom_crossover_operator": true, "use_custom_atomicity": true, "genome_threshold": null, "include_ps_len": true, "include_sample_quantity": true, "include_wasserstein_distance": false, "include_diff_median": false, "include_atomicity": false, "include_p_value": false, "include_mean_fitness": true, "include_variance": false}, "results": [{"pattern": [88, 237], "threshold": null}, {"pattern": [120], "threshold": null}, {"pattern": [88], "threshold": null}, {"pattern": [158, 63], "threshold": null}, {"pattern": [196, 87], "threshold": null}, {"pattern": [16, 241], "threshold": null}, {"pattern": [103], "threshold": null}, {"pattern": [212, 182], "threshold": null}, {"pattern": [132], "threshold": null}, {"pattern": [237], "threshold": null}, {"pattern": [177, 13], "threshold": null}, {"pattern": [188, 167], "threshold": null}, {"pattern": [45], "threshold": null}, {"pattern": [86], "threshold": null}, {"pattern": [180, 132], "threshold": null}, {"pattern": [50, 188, 134], "threshold": null}, {"pattern": [65], "threshold": null}, {"pattern": [230], "threshold": null}, {"pattern": [90, 134], "threshold": null}, {"pattern": [158], "threshold": null}, {"pattern": [181, 158], "threshold": null}, {"pattern": [13], "threshold": null}, {"pattern": [212], "threshold": null}, {"pattern": [25], "threshold": null}, {"pattern": [93], "threshold": null}, {"pattern": [237, 86], "threshold": null}, {"pattern": [25, 202], "threshold": null}, {"pattern": [188], "threshold": null}]}, {"config": {"code_name": "[OS CM CC][Len SSize MFit CAtom][GNone]", "population_size": 100, "evaluation_budget": 10000, "cluster_info_file_name": "C:\\Users\\gac8\\PycharmProjects\\PSSearch\\retail_forecasting_data_collection\\data\\cluster_info_250_random.pkl", "use_custom_sampling_operator": false, "use_custom_mutation_operator": true, "use_custom_crossover_operator": true, "use_custom_atomicity": true, "genome_threshold": null, "include_ps_len": true, "include_sample_quantity": true, "include_wasserstein_distance": false, "include_diff_median": false, "include_atomicity": true, "include_p_value": false, "include_mean_fitness": true, "include_variance": false}, "results": [{"pattern": [65, 13], "threshold": null}, {"pattern": [132], "threshold": null}, {"pattern": [49, 63], "threshold": null}, {"pattern": [248, 235], "threshold": null}, {"pattern": [13, 134], "threshold": null}, {"pattern": [196, 63], "threshold": null}, {"pattern": [109, 87], "threshold": null}, {"pattern": [132, 158], "threshold": null}, {"pattern": [162, 13], "threshold": null}, {"pattern": [120], "threshold": null}, {"pattern": [158], "threshold": null}, {"pattern": [16, 134], "threshold": null}, {"pattern": [13], "threshold": null}, {"pattern": [25], "threshold": null}, {"pattern": [212, 47], "threshold": null}, {"pattern": [88], "threshold": null}, {"pattern": [188], "threshold": null}, {"pattern": [212, 63], "threshold": null}, {"pattern": [65], "threshold": null}, {"pattern": [116, 158], "threshold": null}, {"pattern": [237, 13], "threshold": null}, {"pattern": [241, 86], "threshold": null}, {"pattern": [24, 158], "threshold": null}, {"pattern": [93], "threshold": null}, {"pattern": [212], "threshold": null}, {"pattern": [122, 109], "threshold": null}, {"pattern": [90, 13], "threshold": null}, {"pattern": [27, 158], "threshold": null}, {"pattern": [245, 47], "threshold": null}, {"pattern": [103], "threshold": null}, {"pattern": [158, 127], "threshold": null}, {"pattern": [86], "threshold": null}, {"pattern": [1, 188], "threshold": null}, {"pattern": [217, 63], "threshold": null}, {"pattern": [88, 217], "threshold": null}, {"pattern": [188, 158], "threshold": null}, {"pattern": [132, 86], "threshold": null}, {"pattern": [34, 4], "threshold": null}, {"pattern": [230], "threshold": null}, {"pattern": [37, 182], "threshold": null}, {"pattern": [4, 63], "threshold": null}, {"pattern": [147, 38], "threshold": null}, {"pattern": [45], "threshold": null}, {"pattern": [237], "threshold": null}, {"pattern": [188, 101], "threshold": null}, {"pattern": [65, 158], "threshold": null}, {"pattern": [217, 212], "threshold": null}, {"pattern": [13, 103], "threshold": null}, {"pattern": [209, 245], "threshold": null}]}, {"config": {"code_name": "[CS OM CC][Len SSize MFit CAtom][GNone]", "population_size": 100, "evaluation_budget": 10000, "cluster_info_file_name": "C:\\Users\\gac8\\PycharmProjects\\PSSearch\\retail_forecasting_data_collection\\data\\cluster_info_250_random.pkl", "use_custom_sampling_operator": true, "use_custom_mutation_operator": false, "use_custom_crossover_operator": true, "use_custom_atomicity": true, "genome_threshold": null, "include_ps_len": true, "include_sample_quantity": true, "include_wasserstein_distance": false, "include_diff_median": false, "include_atomicity": true, "include_p_value": false, "include_mean_fitness": true, "include_variance": false}, "results": [{"pattern": [202, 212, 244], "threshold": null}, {"pattern": [65, 196, 86, 188, 13], "threshold": null}, {"pattern": [132], "threshold": null}, {"pattern": [202, 188, 196, 212], "threshold": null}, {"pattern": [116, 38], "threshold": null}, {"pattern": [188, 103], "threshold": null}, {"pattern": [142, 47], "threshold": null}, {"pattern": [25], "threshold": null}, {"pattern": [188], "threshold": null}, {"pattern": [104, 142], "threshold": null}, {"pattern": [188, 13, 181], "threshold": null}, {"pattern": [27, 244, 13], "threshold": null}, {"pattern": [188, 86, 215], "threshold": null}, {"pattern": [196, 13], "threshold": null}, {"pattern": [212, 244], "threshold": null}, {"pattern": [188, 196, 13, 215], "threshold": null}, {"pattern": [65, 188, 196, 13], "threshold": null}, {"pattern": [188, 63, 92], "threshold": null}, {"pattern": [212, 188, 190], "threshold": null}, {"pattern": [65, 196], "threshold": null}, {"pattern": [146, 13], "threshold": null}, {"pattern": [18, 205], "threshold": null}, {"pattern": [63, 86, 215], "threshold": null}, {"pattern": [212, 196, 13], "threshold": null}, {"pattern": [25, 202], "threshold": null}, {"pattern": [42, 188], "threshold": null}, {"pattern": [188, 92], "threshold": null}, {"pattern": [188, 196, 13], "threshold": null}, {"pattern": [65, 188], "threshold": null}, {"pattern": [25, 188], "threshold": null}, {"pattern": [90, 132, 13], "threshold": null}, {"pattern": [56, 188, 86], "threshold": null}, {"pattern": [241, 212, 188], "threshold": null}, {"pattern": [188, 13], "threshold": null}, {"pattern": [132, 13], "threshold": null}, {"pattern": [212, 188, 86, 215], "threshold": null}, {"pattern": [181], "threshold": null}, {"pattern": [132, 188], "threshold": null}, {"pattern": [65, 212, 188, 215], "threshold": null}, {"pattern": [241, 13], "threshold": null}, {"pattern": [132, 188, 196, 13], "threshold": null}, {"pattern": [13], "threshold": null}, {"pattern": [196, 13, 86, 215], "threshold": null}, {"pattern": [50, 188, 86], "threshold": null}, {"pattern": [132, 134], "threshold": null}, {"pattern": [241], "threshold": null}, {"pattern": [196, 212, 188], "threshold": null}, {"pattern": [181, 86], "threshold": null}, {"pattern": [29, 13], "threshold": null}, {"pattern": [188, 245, 86], "threshold": null}, {"pattern": [188, 86], "threshold": null}, {"pattern": [25, 188, 86], "threshold": null}, {"pattern": [217, 13], "threshold": null}, {"pattern": [132, 13, 134], "threshold": null}, {"pattern": [13, 157], "threshold": null}, {"pattern": [202, 247], "threshold": null}, {"pattern": [196, 212, 188, 139], "threshold": null}, {"pattern": [86, 215], "threshold": null}, {"pattern": [224, 202, 244], "threshold": null}, {"pattern": [196, 13, 215], "threshold": null}, {"pattern": [212, 188], "threshold": null}, {"pattern": [65, 212, 188], "threshold": null}, {"pattern": [90, 212, 158], "threshold": null}, {"pattern": [212, 196, 13, 103], "threshold": null}, {"pattern": [13, 134], "threshold": null}, {"pattern": [202, 132], "threshold": null}, {"pattern": [65, 196, 13], "threshold": null}, {"pattern": [193, 132], "threshold": null}, {"pattern": [212, 13, 103], "threshold": null}, {"pattern": [27, 13], "threshold": null}, {"pattern": [196, 212, 90, 202, 188], "threshold": null}, {"pattern": [25, 177], "threshold": null}, {"pattern": [208, 188, 86], "threshold": null}, {"pattern": [186, 13], "threshold": null}, {"pattern": [196, 13, 103], "threshold": null}, {"pattern": [202, 188, 86], "threshold": null}, {"pattern": [211, 13], "threshold": null}, {"pattern": [204, 86], "threshold": null}, {"pattern": [241, 134], "threshold": null}, {"pattern": [82, 30], "threshold": null}, {"pattern": [116, 132, 188], "threshold": null}]}, {"config": {"code_name": "[CS CM OC][Len SSize MFit CAtom][GNone]", "population_size": 100, "evaluation_budget": 10000, "cluster_info_file_name": "C:\\Users\\gac8\\PycharmProjects\\PSSearch\\retail_forecasting_data_collection\\data\\cluster_info_250_random.pkl", "use_custom_sampling_operator": true, "use_custom_mutation_operator": true, "use_custom_crossover_operator": false, "use_custom_atomicity": true, "genome_threshold": null, "include_ps_len": true, "include_sample_quantity": true, "include_wasserstein_distance": false, "include_diff_median": false, "include_atomicity": true, "include_p_value": false, "include_mean_fitness": true, "include_variance": false}, "results": [{"pattern": [158, 142], "threshold": null}, {"pattern": [132], "threshold": null}, {"pattern": [86, 87], "threshold": null}, {"pattern": [16, 27], "threshold": null}, {"pattern": [120], "threshold": null}, {"pattern": [53, 215], "threshold": null}, {"pattern": [241, 50], "threshold": null}, {"pattern": [158], "threshold": null}, {"pattern": [244, 86], "threshold": null}, {"pattern": [188, 206], "threshold": null}, {"pattern": [13], "threshold": null}, {"pattern": [25, 52], "threshold": null}, {"pattern": [25], "threshold": null}, {"pattern": [88], "threshold": null}, {"pattern": [188], "threshold": null}, {"pattern": [104, 142], "threshold": null}, {"pattern": [177, 158], "threshold": null}, {"pattern": [232, 87], "threshold": null}, {"pattern": [65], "threshold": null}, {"pattern": [91, 86], "threshold": null}, {"pattern": [132, 93], "threshold": null}, {"pattern": [93], "threshold": null}, {"pattern": [61, 63], "threshold": null}, {"pattern": [212], "threshold": null}, {"pattern": [90, 13], "threshold": null}, {"pattern": [103], "threshold": null}, {"pattern": [34, 63], "threshold": null}, {"pattern": [86], "threshold": null}, {"pattern": [205, 77], "threshold": null}, {"pattern": [37, 63], "threshold": null}, {"pattern": [230], "threshold": null}, {"pattern": [50, 92], "threshold": null}, {"pattern": [235, 132], "threshold": null}, {"pattern": [25, 212], "threshold": null}, {"pattern": [208, 47], "threshold": null}, {"pattern": [116, 190], "threshold": null}, {"pattern": [45], "threshold": null}, {"pattern": [82, 77], "threshold": null}, {"pattern": [25, 158], "threshold": null}, {"pattern": [237], "threshold": null}, {"pattern": [212, 86], "threshold": null}, {"pattern": [13, 158], "threshold": null}]}]}