{"extra_info": {"version": "fallback_v1", "seed": 43}, "data": [{"config": {"code_name": "[CS CM CC][Len SSize MFit CAtom][GNone]", "population_size": 100, "evaluation_budget": 10000, "cluster_info_file_name": "C:\\Users\\gac8\\PycharmProjects\\PSSearch\\retail_forecasting_data_collection\\data\\cluster_info_250_random.pkl", "use_custom_sampling_operator": true, "use_custom_mutation_operator": true, "use_custom_crossover_operator": true, "use_custom_atomicity": true, "genome_threshold": null, "include_ps_len": true, "include_sample_quantity": true, "include_wasserstein_distance": false, "include_diff_median": false, "include_atomicity": true, "include_p_value": false, "include_mean_fitness": true, "include_variance": false}, "results": [{"pattern": [132], "threshold": null}, {"pattern": [202, 221], "threshold": null}, {"pattern": [230], "threshold": null}, {"pattern": [25], "threshold": null}, {"pattern": [180, 237], "threshold": null}, {"pattern": [188], "threshold": null}, {"pattern": [158], "threshold": null}, {"pattern": [93], "threshold": null}, {"pattern": [212, 69], "threshold": null}, {"pattern": [45], "threshold": null}, {"pattern": [146, 43], "threshold": null}, {"pattern": [103], "threshold": null}, {"pattern": [217], "threshold": null}, {"pattern": [244, 47], "threshold": null}, {"pattern": [217, 237], "threshold": null}, {"pattern": [232, 235], "threshold": null}, {"pattern": [50, 245], "threshold": null}, {"pattern": [56, 38], "threshold": null}, {"pattern": [54], "threshold": null}, {"pattern": [91, 212], "threshold": null}, {"pattern": [27, 61], "threshold": null}, {"pattern": [248, 52], "threshold": null}, {"pattern": [179, 71], "threshold": null}, {"pattern": [65], "threshold": null}, {"pattern": [88], "threshold": null}, {"pattern": [196, 158], "threshold": null}, {"pattern": [90, 86], "threshold": null}, {"pattern": [132, 28], "threshold": null}, {"pattern": [56, 237], "threshold": null}, {"pattern": [196], "threshold": null}, {"pattern": [120], "threshold": null}, {"pattern": [25, 13], "threshold": null}, {"pattern": [122, 11], "threshold": null}, {"pattern": [13], "threshold": null}, {"pattern": [209, 245], "threshold": null}, {"pattern": [86], "threshold": null}, {"pattern": [76, 61], "threshold": null}, {"pattern": [64, 75], "threshold": null}, {"pattern": [196, 134, 215], "threshold": null}, {"pattern": [212], "threshold": null}, {"pattern": [248, 34], "threshold": null}, {"pattern": [25, 86], "threshold": null}, {"pattern": [188, 221], "threshold": null}, {"pattern": [248, 202, 212], "threshold": null}, {"pattern": [167, 47], "threshold": null}, {"pattern": [237], "threshold": null}, {"pattern": [171, 132, 86], "threshold": null}, {"pattern": [184, 212], "threshold": null}, {"pattern": [212, 61], "threshold": null}, {"pattern": [212, 38], "threshold": null}, {"pattern": [105, 119], "threshold": null}, {"pattern": [226, 131], "threshold": null}]}, {"config": {"code_name": "[CS CM CC][SSize MFit CAtom][GNone]", "population_size": 100, "evaluation_budget": 10000, "cluster_info_file_name": "C:\\Users\\gac8\\PycharmProjects\\PSSearch\\retail_forecasting_data_collection\\data\\cluster_info_250_random.pkl", "use_custom_sampling_operator": true, "use_custom_mutation_operator": true, "use_custom_crossover_operator": true, "use_custom_atomicity": true, "genome_threshold": null, "include_ps_len": false, "include_sample_quantity": true, "include_wasserstein_distance": false, "include_diff_median": false, "include_atomicity": true, "include_p_value": false, "include_mean_fitness": true, "include_variance": false}, "results": [{"pattern": [241, 215], "threshold": null}, {"pattern": [86], "threshold": null}, {"pattern": [237], "threshold": null}, {"pattern": [16, 188], "threshold": null}, {"pattern": [29, 13], "threshold": null}, {"pattern": [13, 103], "threshold": null}, {"pattern": [103, 87], "threshold": null}, {"pattern": [65, 245], "threshold": null}, {"pattern": [90, 158], "threshold": null}, {"pattern": [217], "threshold": null}, {"pattern": [132], "threshold": null}, {"pattern": [25, 63], "threshold": null}, {"pattern": [25, 13], "threshold": null}, {"pattern": [65], "threshold": null}, {"pattern": [134, 86], "threshold": null}, {"pattern": [27, 132], "threshold": null}, {"pattern": [226, 131], "threshold": null}, {"pattern": [49, 116], "threshold": null}, {"pattern": [65, 27], "threshold": null}, {"pattern": [157, 215], "threshold": null}, {"pattern": [88, 90], "threshold": null}, {"pattern": [88, 245], "threshold": null}, {"pattern": [13], "threshold": null}, {"pattern": [103], "threshold": null}, {"pattern": [196], "threshold": null}, {"pattern": [158], "threshold": null}, {"pattern": [181, 158], "threshold": null}, {"pattern": [188], "threshold": null}, {"pattern": [16, 237], "threshold": null}, {"pattern": [34, 87], "threshold": null}, {"pattern": [177, 63], "threshold": null}, {"pattern": [209, 151], "threshold": null}, {"pattern": [88, 116], "threshold": null}, {"pattern": [16, 202], "threshold": null}, {"pattern": [34, 212], "threshold": null}, {"pattern": [212], "threshold": null}, {"pattern": [26, 215], "threshold": null}, {"pattern": [241, 167], "threshold": null}, {"pattern": [188, 244], "threshold": null}, {"pattern": [34, 215], "threshold": null}, {"pattern": [116, 190], "threshold": null}, {"pattern": [90, 235], "threshold": null}, {"pattern": [224, 47], "threshold": null}, {"pattern": [38, 87], "threshold": null}, {"pattern": [90, 134], "threshold": null}, {"pattern": [88], "threshold": null}, {"pattern": [202, 13], "threshold": null}, {"pattern": [27, 212], "threshold": null}]}, {"config": {"code_name": "[CS CM CC][Len MFit CAtom][GNone]", "population_size": 100, "evaluation_budget": 10000, "cluster_info_file_name": "C:\\Users\\gac8\\PycharmProjects\\PSSearch\\retail_forecasting_data_collection\\data\\cluster_info_250_random.pkl", "use_custom_sampling_operator": true, "use_custom_mutation_operator": true, "use_custom_crossover_operator": true, "use_custom_atomicity": true, "genome_threshold": null, "include_ps_len": true, "include_sample_quantity": false, "include_wasserstein_distance": false, "include_diff_median": false, "include_atomicity": true, "include_p_value": false, "include_mean_fitness": true, "include_variance": false}, "results": [{"pattern": [137, 61], "threshold": null}, {"pattern": [27, 61], "threshold": null}, {"pattern": [120], "threshold": null}, {"pattern": [212, 196, 182], "threshold": null}, {"pattern": [56, 155], "threshold": null}, {"pattern": [74, 90], "threshold": null}, {"pattern": [93, 215], "threshold": null}, {"pattern": [190, 103], "threshold": null}, {"pattern": [212, 132, 158], "threshold": null}, {"pattern": [25, 235], "threshold": null}]}, {"config": {"code_name": "[CS CM CC][Len SSize CAtom][GNone]", "population_size": 100, "evaluation_budget": 10000, "cluster_info_file_name": "C:\\Users\\gac8\\PycharmProjects\\PSSearch\\retail_forecasting_data_collection\\data\\cluster_info_250_random.pkl", "use_custom_sampling_operator": true, "use_custom_mutation_operator": true, "use_custom_crossover_operator": true, "use_custom_atomicity": true, "genome_threshold": null, "include_ps_len": true, "include_sample_quantity": true, "include_wasserstein_distance": false, "include_diff_median": false, "include_atomicity": true, "include_p_value": false, "include_mean_fitness": false, "include_variance": false}, "results": [{"pattern": [56, 38], "threshold": null}, {"pattern": [27, 212], "threshold": null}, {"pattern": [146, 195], "threshold": null}, {"pattern": [139, 188], "threshold": null}, {"pattern": [188, 237], "threshold": null}, {"pattern": [43, 149], "threshold": null}, {"pattern": [188], "threshold": null}]}, {"config": {"code_name": "[CS CM CC][Len SSize MFit][GNone]", "population_size": 100, "evaluation_budget": 10000, "cluster_info_file_name": "C:\\Users\\gac8\\PycharmProjects\\PSSearch\\retail_forecasting_data_collection\\data\\cluster_info_250_random.pkl", "use_custom_sampling_operator": true, "use_custom_mutation_operator": true, "use_custom_crossover_operator": true, "use_custom_atomicity": true, "genome_threshold": null, "include_ps_len": true, "include_sample_quantity": true, "include_wasserstein_distance": false, "include_diff_median": false, "include_atomicity": false, "include_p_value": false, "include_mean_fitness": true, "include_variance": false}, "results": [{"pattern": [65], "threshold": null}, {"pattern": [93, 215], "threshold": null}, {"pattern": [86], "threshold": null}, {"pattern": [158], "threshold": null}, {"pattern": [93], "threshold": null}, {"pattern": [212, 132], "threshold": null}, {"pattern": [45], "threshold": null}, {"pattern": [103], "threshold": null}, {"pattern": [188], "threshold": null}, {"pattern": [88, 132], "threshold": null}, {"pattern": [230], "threshold": null}, {"pattern": [217], "threshold": null}, {"pattern": [65, 215], "threshold": null}, {"pattern": [158, 167], "threshold": null}, {"pattern": [212, 196], "threshold": null}, {"pattern": [237], "threshold": null}, {"pattern": [132, 237], "threshold": null}, {"pattern": [88], "threshold": null}, {"pattern": [188, 180], "threshold": null}, {"pattern": [13], "threshold": null}, {"pattern": [196], "threshold": null}, {"pattern": [132], "threshold": null}, {"pattern": [54], "threshold": null}, {"pattern": [90, 103], "threshold": null}, {"pattern": [212], "threshold": null}, {"pattern": [25], "threshold": null}, {"pattern": [120], "threshold": null}, {"pattern": [88, 248], "threshold": null}]}, {"config": {"code_name": "[OS CM CC][Len SSize MFit CAtom][GNone]", "population_size": 100, "evaluation_budget": 10000, "cluster_info_file_name": "C:\\Users\\gac8\\PycharmProjects\\PSSearch\\retail_forecasting_data_collection\\data\\cluster_info_250_random.pkl", "use_custom_sampling_operator": false, "use_custom_mutation_operator": true, "use_custom_crossover_operator": true, "use_custom_atomicity": true, "genome_threshold": null, "include_ps_len": true, "include_sample_quantity": true, "include_wasserstein_distance": false, "include_diff_median": false, "include_atomicity": true, "include_p_value": false, "include_mean_fitness": true, "include_variance": false}, "results": [{"pattern": [132], "threshold": null}, {"pattern": [202, 103], "threshold": null}, {"pattern": [196, 190], "threshold": null}, {"pattern": [18, 114], "threshold": null}, {"pattern": [230], "threshold": null}, {"pattern": [25], "threshold": null}, {"pattern": [158], "threshold": null}, {"pattern": [188], "threshold": null}, {"pattern": [65, 134], "threshold": null}, {"pattern": [93], "threshold": null}, {"pattern": [16, 74], "threshold": null}, {"pattern": [16, 232], "threshold": null}, {"pattern": [45], "threshold": null}, {"pattern": [233, 37], "threshold": null}, {"pattern": [103], "threshold": null}, {"pattern": [16, 86], "threshold": null}, {"pattern": [217, 63], "threshold": null}, {"pattern": [217], "threshold": null}, {"pattern": [11, 119], "threshold": null}, {"pattern": [132, 61], "threshold": null}, {"pattern": [16, 63], "threshold": null}, {"pattern": [88, 50], "threshold": null}, {"pattern": [164, 86], "threshold": null}, {"pattern": [211, 103], "threshold": null}, {"pattern": [54], "threshold": null}, {"pattern": [93, 13], "threshold": null}, {"pattern": [50, 92], "threshold": null}, {"pattern": [49, 63], "threshold": null}, {"pattern": [188, 181], "threshold": null}, {"pattern": [27, 215], "threshold": null}, {"pattern": [65], "threshold": null}, {"pattern": [224, 91], "threshold": null}, {"pattern": [27, 134], "threshold": null}, {"pattern": [177, 196], "threshold": null}, {"pattern": [88], "threshold": null}, {"pattern": [212, 190], "threshold": null}, {"pattern": [209, 202], "threshold": null}, {"pattern": [132, 86], "threshold": null}, {"pattern": [105, 207], "threshold": null}, {"pattern": [83, 151], "threshold": null}, {"pattern": [196], "threshold": null}, {"pattern": [27, 103], "threshold": null}, {"pattern": [241, 132], "threshold": null}, {"pattern": [120], "threshold": null}, {"pattern": [13], "threshold": null}, {"pattern": [195, 135], "threshold": null}, {"pattern": [86], "threshold": null}, {"pattern": [81, 165], "threshold": null}, {"pattern": [104, 142], "threshold": null}, {"pattern": [76, 61], "threshold": null}, {"pattern": [212], "threshold": null}, {"pattern": [202, 188], "threshold": null}, {"pattern": [65, 212], "threshold": null}, {"pattern": [33, 74], "threshold": null}, {"pattern": [217, 212], "threshold": null}, {"pattern": [116, 151], "threshold": null}, {"pattern": [237], "threshold": null}, {"pattern": [116, 86], "threshold": null}, {"pattern": [33, 75], "threshold": null}]}, {"config": {"code_name": "[CS OM CC][Len SSize MFit CAtom][GNone]", "population_size": 100, "evaluation_budget": 10000, "cluster_info_file_name": "C:\\Users\\gac8\\PycharmProjects\\PSSearch\\retail_forecasting_data_collection\\data\\cluster_info_250_random.pkl", "use_custom_sampling_operator": true, "use_custom_mutation_operator": false, "use_custom_crossover_operator": true, "use_custom_atomicity": true, "genome_threshold": null, "include_ps_len": true, "include_sample_quantity": true, "include_wasserstein_distance": false, "include_diff_median": false, "include_atomicity": true, "include_p_value": false, "include_mean_fitness": true, "include_variance": false}, "results": [{"pattern": [190], "threshold": null}, {"pattern": [90, 196, 86], "threshold": null}, {"pattern": [232, 103], "threshold": null}, {"pattern": [132, 13, 215], "threshold": null}, {"pattern": [162, 103], "threshold": null}, {"pattern": [25, 212, 215], "threshold": null}, {"pattern": [180, 171, 212], "threshold": null}, {"pattern": [13, 239], "threshold": null}, {"pattern": [16, 180], "threshold": null}, {"pattern": [196, 103], "threshold": null}, {"pattern": [212, 215], "threshold": null}, {"pattern": [25], "threshold": null}, {"pattern": [13, 134], "threshold": null}, {"pattern": [241, 212, 158], "threshold": null}, {"pattern": [90, 188, 196, 86], "threshold": null}, {"pattern": [217, 158], "threshold": null}, {"pattern": [65, 212, 86], "threshold": null}, {"pattern": [65, 90, 221], "threshold": null}, {"pattern": [212, 158], "threshold": null}, {"pattern": [103], "threshold": null}, {"pattern": [116, 190], "threshold": null}, {"pattern": [180, 103], "threshold": null}, {"pattern": [158, 196, 86], "threshold": null}, {"pattern": [25, 212], "threshold": null}, {"pattern": [196, 212, 86], "threshold": null}, {"pattern": [212, 86, 63], "threshold": null}, {"pattern": [212, 13], "threshold": null}, {"pattern": [180, 212, 86], "threshold": null}, {"pattern": [212, 13, 103], "threshold": null}, {"pattern": [217, 13], "threshold": null}, {"pattern": [25, 235], "threshold": null}, {"pattern": [88, 103], "threshold": null}, {"pattern": [65, 196, 86], "threshold": null}, {"pattern": [64, 117], "threshold": null}, {"pattern": [188, 103], "threshold": null}, {"pattern": [134, 215], "threshold": null}, {"pattern": [27, 134], "threshold": null}, {"pattern": [248, 190], "threshold": null}, {"pattern": [180, 212], "threshold": null}, {"pattern": [134, 103], "threshold": null}, {"pattern": [196, 86], "threshold": null}, {"pattern": [130, 13], "threshold": null}, {"pattern": [13, 103], "threshold": null}, {"pattern": [132, 103], "threshold": null}, {"pattern": [105, 205], "threshold": null}, {"pattern": [13], "threshold": null}, {"pattern": [16, 103], "threshold": null}, {"pattern": [90], "threshold": null}, {"pattern": [180, 212, 158], "threshold": null}, {"pattern": [212, 63, 215], "threshold": null}, {"pattern": [93, 103], "threshold": null}, {"pattern": [212, 86], "threshold": null}, {"pattern": [232, 105, 205], "threshold": null}, {"pattern": [134], "threshold": null}, {"pattern": [212, 63], "threshold": null}, {"pattern": [212, 197], "threshold": null}, {"pattern": [212], "threshold": null}, {"pattern": [241, 103], "threshold": null}, {"pattern": [116, 212, 86], "threshold": null}, {"pattern": [132, 212], "threshold": null}, {"pattern": [212, 134, 215], "threshold": null}, {"pattern": [132, 134, 103], "threshold": null}, {"pattern": [196, 212, 86, 90, 188], "threshold": null}, {"pattern": [132, 212, 158], "threshold": null}, {"pattern": [180, 212, 215], "threshold": null}, {"pattern": [212, 134], "threshold": null}, {"pattern": [233, 82], "threshold": null}, {"pattern": [212, 134, 63], "threshold": null}, {"pattern": [35, 103], "threshold": null}]}, {"config": {"code_name": "[CS CM OC][Len SSize MFit CAtom][GNone]", "population_size": 100, "evaluation_budget": 10000, "cluster_info_file_name": "C:\\Users\\gac8\\PycharmProjects\\PSSearch\\retail_forecasting_data_collection\\data\\cluster_info_250_random.pkl", "use_custom_sampling_operator": true, "use_custom_mutation_operator": true, "use_custom_crossover_operator": false, "use_custom_atomicity": true, "genome_threshold": null, "include_ps_len": true, "include_sample_quantity": true, "include_wasserstein_distance": false, "include_diff_median": false, "include_atomicity": true, "include_p_value": false, "include_mean_fitness": true, "include_variance": false}, "results": [{"pattern": [132], "threshold": null}, {"pattern": [137, 134], "threshold": null}, {"pattern": [74, 215], "threshold": null}, {"pattern": [180, 37], "threshold": null}, {"pattern": [158, 63], "threshold": null}, {"pattern": [88, 196], "threshold": null}, {"pattern": [230], "threshold": null}, {"pattern": [25], "threshold": null}, {"pattern": [158], "threshold": null}, {"pattern": [188], "threshold": null}, {"pattern": [208, 212], "threshold": null}, {"pattern": [74, 103], "threshold": null}, {"pattern": [25, 177], "threshold": null}, {"pattern": [93], "threshold": null}, {"pattern": [45], "threshold": null}, {"pattern": [103], "threshold": null}, {"pattern": [147, 77], "threshold": null}, {"pattern": [217], "threshold": null}, {"pattern": [196, 134], "threshold": null}, {"pattern": [54], "threshold": null}, {"pattern": [132, 93], "threshold": null}, {"pattern": [217, 134], "threshold": null}, {"pattern": [235, 196], "threshold": null}, {"pattern": [16, 188], "threshold": null}, {"pattern": [224, 248], "threshold": null}, {"pattern": [218, 51], "threshold": null}, {"pattern": [153, 100], "threshold": null}, {"pattern": [65], "threshold": null}, {"pattern": [221, 55], "threshold": null}, {"pattern": [88], "threshold": null}, {"pattern": [196, 158], "threshold": null}, {"pattern": [90, 171], "threshold": null}, {"pattern": [188, 237], "threshold": null}, {"pattern": [212, 180], "threshold": null}, {"pattern": [196], "threshold": null}, {"pattern": [88, 237], "threshold": null}, {"pattern": [120], "threshold": null}, {"pattern": [13], "threshold": null}, {"pattern": [26, 196], "threshold": null}, {"pattern": [202, 42], "threshold": null}, {"pattern": [74, 68], "threshold": null}, {"pattern": [86], "threshold": null}, {"pattern": [132, 87], "threshold": null}, {"pattern": [65, 27], "threshold": null}, {"pattern": [212], "threshold": null}, {"pattern": [224, 81], "threshold": null}, {"pattern": [184, 63], "threshold": null}, {"pattern": [237], "threshold": null}, {"pattern": [180, 157], "threshold": null}, {"pattern": [74, 196], "threshold": null}, {"pattern": [24, 127], "threshold": null}, {"pattern": [233, 82], "threshold": null}, {"pattern": [119, 103], "threshold": null}, {"pattern": [105, 119], "threshold": null}, {"pattern": [88, 245], "threshold": null}]}]}