{"extra_info": {"version": "fallback_v1", "seed": 33}, "data": [{"config": {"code_name": "[CS CM CC][Len SSize MFit CAtom][GNone]", "population_size": 100, "evaluation_budget": 10000, "cluster_info_file_name": "C:\\Users\\gac8\\PycharmProjects\\PSSearch\\retail_forecasting_data_collection\\data\\cluster_info_250_random.pkl", "use_custom_sampling_operator": true, "use_custom_mutation_operator": true, "use_custom_crossover_operator": true, "use_custom_atomicity": true, "genome_threshold": null, "include_ps_len": true, "include_sample_quantity": true, "include_wasserstein_distance": false, "include_diff_median": false, "include_atomicity": true, "include_p_value": false, "include_mean_fitness": true, "include_variance": false}, "results": [{"pattern": [100, 13], "threshold": null}, {"pattern": [43, 212], "threshold": null}, {"pattern": [212, 13], "threshold": null}, {"pattern": [56, 13], "threshold": null}, {"pattern": [13], "threshold": null}, {"pattern": [16, 167], "threshold": null}, {"pattern": [158], "threshold": null}, {"pattern": [90, 181], "threshold": null}, {"pattern": [188], "threshold": null}, {"pattern": [27, 181], "threshold": null}, {"pattern": [212], "threshold": null}, {"pattern": [132], "threshold": null}, {"pattern": [218, 51], "threshold": null}, {"pattern": [45], "threshold": null}, {"pattern": [16, 164], "threshold": null}, {"pattern": [65, 211], "threshold": null}, {"pattern": [25], "threshold": null}, {"pattern": [65], "threshold": null}, {"pattern": [88], "threshold": null}, {"pattern": [16, 202], "threshold": null}, {"pattern": [25, 245], "threshold": null}, {"pattern": [103], "threshold": null}, {"pattern": [49, 162], "threshold": null}, {"pattern": [188, 116], "threshold": null}, {"pattern": [25, 116], "threshold": null}, {"pattern": [25, 212], "threshold": null}, {"pattern": [13, 134], "threshold": null}, {"pattern": [232, 205], "threshold": null}, {"pattern": [217], "threshold": null}, {"pattern": [120], "threshold": null}, {"pattern": [27, 196], "threshold": null}, {"pattern": [50, 151], "threshold": null}, {"pattern": [158, 86], "threshold": null}, {"pattern": [160, 245], "threshold": null}, {"pattern": [196], "threshold": null}, {"pattern": [195, 239], "threshold": null}, {"pattern": [49, 109], "threshold": null}, {"pattern": [38, 63], "threshold": null}, {"pattern": [54], "threshold": null}, {"pattern": [188, 237], "threshold": null}, {"pattern": [88, 248], "threshold": null}, {"pattern": [230], "threshold": null}, {"pattern": [86], "threshold": null}, {"pattern": [16, 212], "threshold": null}, {"pattern": [237], "threshold": null}]}, {"config": {"code_name": "[CS CM CC][SSize MFit CAtom][GNone]", "population_size": 100, "evaluation_budget": 10000, "cluster_info_file_name": "C:\\Users\\gac8\\PycharmProjects\\PSSearch\\retail_forecasting_data_collection\\data\\cluster_info_250_random.pkl", "use_custom_sampling_operator": true, "use_custom_mutation_operator": true, "use_custom_crossover_operator": true, "use_custom_atomicity": true, "genome_threshold": null, "include_ps_len": false, "include_sample_quantity": true, "include_wasserstein_distance": false, "include_diff_median": false, "include_atomicity": true, "include_p_value": false, "include_mean_fitness": true, "include_variance": false}, "results": [{"pattern": [205, 63], "threshold": null}, {"pattern": [86, 47], "threshold": null}, {"pattern": [132, 86], "threshold": null}, {"pattern": [241, 245], "threshold": null}, {"pattern": [158, 38], "threshold": null}, {"pattern": [196, 93], "threshold": null}, {"pattern": [16, 103], "threshold": null}, {"pattern": [245, 158], "threshold": null}, {"pattern": [212, 132], "threshold": null}, {"pattern": [196, 38], "threshold": null}, {"pattern": [196, 188], "threshold": null}, {"pattern": [116, 93], "threshold": null}, {"pattern": [74, 116], "threshold": null}, {"pattern": [188], "threshold": null}, {"pattern": [50, 103], "threshold": null}, {"pattern": [195, 239], "threshold": null}, {"pattern": [132], "threshold": null}, {"pattern": [25, 139], "threshold": null}, {"pattern": [64, 132], "threshold": null}, {"pattern": [65, 103], "threshold": null}, {"pattern": [217, 134], "threshold": null}, {"pattern": [81, 180], "threshold": null}, {"pattern": [224, 196, 244], "threshold": null}, {"pattern": [158], "threshold": null}, {"pattern": [88], "threshold": null}, {"pattern": [77, 37], "threshold": null}, {"pattern": [65], "threshold": null}, {"pattern": [132, 134], "threshold": null}, {"pattern": [158, 127], "threshold": null}, {"pattern": [13], "threshold": null}, {"pattern": [188, 190], "threshold": null}, {"pattern": [34, 4], "threshold": null}, {"pattern": [212], "threshold": null}, {"pattern": [188, 164], "threshold": null}, {"pattern": [25, 13], "threshold": null}, {"pattern": [196], "threshold": null}, {"pattern": [188, 215], "threshold": null}, {"pattern": [132, 87], "threshold": null}, {"pattern": [103, 87], "threshold": null}, {"pattern": [86], "threshold": null}]}, {"config": {"code_name": "[CS CM CC][Len MFit CAtom][GNone]", "population_size": 100, "evaluation_budget": 10000, "cluster_info_file_name": "C:\\Users\\gac8\\PycharmProjects\\PSSearch\\retail_forecasting_data_collection\\data\\cluster_info_250_random.pkl", "use_custom_sampling_operator": true, "use_custom_mutation_operator": true, "use_custom_crossover_operator": true, "use_custom_atomicity": true, "genome_threshold": null, "include_ps_len": true, "include_sample_quantity": false, "include_wasserstein_distance": false, "include_diff_median": false, "include_atomicity": true, "include_p_value": false, "include_mean_fitness": true, "include_variance": false}, "results": [{"pattern": [153, 163], "threshold": null}, {"pattern": [249, 43], "threshold": null}, {"pattern": [88, 196, 215], "threshold": null}, {"pattern": [61, 190], "threshold": null}, {"pattern": [16, 180], "threshold": null}, {"pattern": [38, 103], "threshold": null}, {"pattern": [120], "threshold": null}]}, {"config": {"code_name": "[CS CM CC][Len SSize CAtom][GNone]", "population_size": 100, "evaluation_budget": 10000, "cluster_info_file_name": "C:\\Users\\gac8\\PycharmProjects\\PSSearch\\retail_forecasting_data_collection\\data\\cluster_info_250_random.pkl", "use_custom_sampling_operator": true, "use_custom_mutation_operator": true, "use_custom_crossover_operator": true, "use_custom_atomicity": true, "genome_threshold": null, "include_ps_len": true, "include_sample_quantity": true, "include_wasserstein_distance": false, "include_diff_median": false, "include_atomicity": true, "include_p_value": false, "include_mean_fitness": false, "include_variance": false}, "results": [{"pattern": [160, 245], "threshold": null}, {"pattern": [205, 109], "threshold": null}, {"pattern": [11, 109], "threshold": null}, {"pattern": [146, 13], "threshold": null}, {"pattern": [212, 245], "threshold": null}, {"pattern": [224, 188], "threshold": null}, {"pattern": [188], "threshold": null}, {"pattern": [146, 101], "threshold": null}, {"pattern": [177, 188], "threshold": null}]}, {"config": {"code_name": "[CS CM CC][Len SSize MFit][GNone]", "population_size": 100, "evaluation_budget": 10000, "cluster_info_file_name": "C:\\Users\\gac8\\PycharmProjects\\PSSearch\\retail_forecasting_data_collection\\data\\cluster_info_250_random.pkl", "use_custom_sampling_operator": true, "use_custom_mutation_operator": true, "use_custom_crossover_operator": true, "use_custom_atomicity": true, "genome_threshold": null, "include_ps_len": true, "include_sample_quantity": true, "include_wasserstein_distance": false, "include_diff_median": false, "include_atomicity": false, "include_p_value": false, "include_mean_fitness": true, "include_variance": false}, "results": [{"pattern": [188], "threshold": null}, {"pattern": [54], "threshold": null}, {"pattern": [158], "threshold": null}, {"pattern": [212, 204, 116], "threshold": null}, {"pattern": [196], "threshold": null}, {"pattern": [88, 103], "threshold": null}, {"pattern": [13], "threshold": null}, {"pattern": [16, 134], "threshold": null}, {"pattern": [171, 180], "threshold": null}, {"pattern": [16, 25], "threshold": null}, {"pattern": [16, 241], "threshold": null}, {"pattern": [27, 86], "threshold": null}, {"pattern": [230], "threshold": null}, {"pattern": [158, 215], "threshold": null}, {"pattern": [132], "threshold": null}, {"pattern": [120], "threshold": null}, {"pattern": [25], "threshold": null}, {"pattern": [86], "threshold": null}, {"pattern": [212, 86], "threshold": null}, {"pattern": [237], "threshold": null}, {"pattern": [65], "threshold": null}, {"pattern": [45], "threshold": null}, {"pattern": [212], "threshold": null}, {"pattern": [217], "threshold": null}, {"pattern": [88], "threshold": null}, {"pattern": [50, 212], "threshold": null}, {"pattern": [134, 86], "threshold": null}, {"pattern": [212, 164], "threshold": null}, {"pattern": [103], "threshold": null}]}, {"config": {"code_name": "[OS CM CC][Len SSize MFit CAtom][GNone]", "population_size": 100, "evaluation_budget": 10000, "cluster_info_file_name": "C:\\Users\\gac8\\PycharmProjects\\PSSearch\\retail_forecasting_data_collection\\data\\cluster_info_250_random.pkl", "use_custom_sampling_operator": false, "use_custom_mutation_operator": true, "use_custom_crossover_operator": true, "use_custom_atomicity": true, "genome_threshold": null, "include_ps_len": true, "include_sample_quantity": true, "include_wasserstein_distance": false, "include_diff_median": false, "include_atomicity": true, "include_p_value": false, "include_mean_fitness": true, "include_variance": false}, "results": [{"pattern": [190, 134], "threshold": null}, {"pattern": [184, 30], "threshold": null}, {"pattern": [109, 77], "threshold": null}, {"pattern": [232, 188], "threshold": null}, {"pattern": [13], "threshold": null}, {"pattern": [76, 173], "threshold": null}, {"pattern": [158], "threshold": null}, {"pattern": [116, 63], "threshold": null}, {"pattern": [90, 221], "threshold": null}, {"pattern": [188], "threshold": null}, {"pattern": [212], "threshold": null}, {"pattern": [171, 196], "threshold": null}, {"pattern": [132], "threshold": null}, {"pattern": [116, 86], "threshold": null}, {"pattern": [24, 127], "threshold": null}, {"pattern": [226, 131], "threshold": null}, {"pattern": [180, 63], "threshold": null}, {"pattern": [45], "threshold": null}, {"pattern": [224, 65], "threshold": null}, {"pattern": [212, 188], "threshold": null}, {"pattern": [25], "threshold": null}, {"pattern": [65], "threshold": null}, {"pattern": [88], "threshold": null}, {"pattern": [237, 103], "threshold": null}, {"pattern": [103], "threshold": null}, {"pattern": [131, 188], "threshold": null}, {"pattern": [103, 87], "threshold": null}, {"pattern": [217], "threshold": null}, {"pattern": [16, 215], "threshold": null}, {"pattern": [120], "threshold": null}, {"pattern": [19, 206], "threshold": null}, {"pattern": [235, 132], "threshold": null}, {"pattern": [81, 196], "threshold": null}, {"pattern": [25, 132], "threshold": null}, {"pattern": [196], "threshold": null}, {"pattern": [202, 221], "threshold": null}, {"pattern": [188, 78], "threshold": null}, {"pattern": [134, 103], "threshold": null}, {"pattern": [54], "threshold": null}, {"pattern": [132, 158], "threshold": null}, {"pattern": [248, 25], "threshold": null}, {"pattern": [86, 63], "threshold": null}, {"pattern": [91, 47], "threshold": null}, {"pattern": [230], "threshold": null}, {"pattern": [86], "threshold": null}, {"pattern": [164, 103], "threshold": null}, {"pattern": [237], "threshold": null}]}, {"config": {"code_name": "[CS OM CC][Len SSize MFit CAtom][GNone]", "population_size": 100, "evaluation_budget": 10000, "cluster_info_file_name": "C:\\Users\\gac8\\PycharmProjects\\PSSearch\\retail_forecasting_data_collection\\data\\cluster_info_250_random.pkl", "use_custom_sampling_operator": true, "use_custom_mutation_operator": false, "use_custom_crossover_operator": true, "use_custom_atomicity": true, "genome_threshold": null, "include_ps_len": true, "include_sample_quantity": true, "include_wasserstein_distance": false, "include_diff_median": false, "include_atomicity": true, "include_p_value": false, "include_mean_fitness": true, "include_variance": false}, "results": [{"pattern": [249, 146, 86], "threshold": null}, {"pattern": [212, 13], "threshold": null}, {"pattern": [146, 43, 86], "threshold": null}, {"pattern": [16, 204], "threshold": null}, {"pattern": [16, 90, 212], "threshold": null}, {"pattern": [25, 235], "threshold": null}, {"pattern": [132, 86, 103], "threshold": null}, {"pattern": [16, 212, 86], "threshold": null}, {"pattern": [212, 103], "threshold": null}, {"pattern": [241, 212, 13], "threshold": null}, {"pattern": [13], "threshold": null}, {"pattern": [25, 215], "threshold": null}, {"pattern": [88, 134], "threshold": null}, {"pattern": [188], "threshold": null}, {"pattern": [212], "threshold": null}, {"pattern": [69, 71], "threshold": null}, {"pattern": [132], "threshold": null}, {"pattern": [188, 13], "threshold": null}, {"pattern": [65, 25], "threshold": null}, {"pattern": [25, 63], "threshold": null}, {"pattern": [25], "threshold": null}, {"pattern": [65, 212, 86], "threshold": null}, {"pattern": [202, 103], "threshold": null}, {"pattern": [88], "threshold": null}, {"pattern": [25, 86], "threshold": null}, {"pattern": [50, 188], "threshold": null}, {"pattern": [88, 188], "threshold": null}, {"pattern": [116, 25, 188], "threshold": null}, {"pattern": [88, 196], "threshold": null}, {"pattern": [88, 188, 212], "threshold": null}, {"pattern": [123, 13], "threshold": null}, {"pattern": [116, 188], "threshold": null}, {"pattern": [132, 215], "threshold": null}, {"pattern": [25, 116], "threshold": null}, {"pattern": [88, 132, 103], "threshold": null}, {"pattern": [116, 212], "threshold": null}, {"pattern": [116, 16, 212], "threshold": null}, {"pattern": [25, 212], "threshold": null}, {"pattern": [180, 188], "threshold": null}, {"pattern": [212, 86, 103], "threshold": null}, {"pattern": [132, 103], "threshold": null}, {"pattern": [212, 237], "threshold": null}, {"pattern": [188, 132, 86], "threshold": null}, {"pattern": [158, 132, 86], "threshold": null}, {"pattern": [237, 13], "threshold": null}, {"pattern": [90, 132, 215], "threshold": null}, {"pattern": [134], "threshold": null}, {"pattern": [237, 86], "threshold": null}, {"pattern": [212, 86], "threshold": null}, {"pattern": [132, 13, 103], "threshold": null}, {"pattern": [132, 13], "threshold": null}, {"pattern": [241, 212, 86], "threshold": null}, {"pattern": [202, 188, 103], "threshold": null}, {"pattern": [88, 13, 215], "threshold": null}, {"pattern": [132, 86], "threshold": null}, {"pattern": [201, 132], "threshold": null}, {"pattern": [16, 188], "threshold": null}, {"pattern": [132, 13, 86], "threshold": null}, {"pattern": [116, 212, 63], "threshold": null}, {"pattern": [132, 158], "threshold": null}, {"pattern": [88, 13], "threshold": null}, {"pattern": [13, 181], "threshold": null}, {"pattern": [212, 13, 158], "threshold": null}, {"pattern": [248, 25], "threshold": null}, {"pattern": [188, 158], "threshold": null}, {"pattern": [188, 158, 63], "threshold": null}, {"pattern": [196, 212, 13, 215], "threshold": null}, {"pattern": [212, 13, 215], "threshold": null}, {"pattern": [86], "threshold": null}, {"pattern": [16, 212], "threshold": null}, {"pattern": [88, 212], "threshold": null}, {"pattern": [88, 212, 103], "threshold": null}, {"pattern": [196, 132, 86], "threshold": null}]}, {"config": {"code_name": "[CS CM OC][Len SSize MFit CAtom][GNone]", "population_size": 100, "evaluation_budget": 10000, "cluster_info_file_name": "C:\\Users\\gac8\\PycharmProjects\\PSSearch\\retail_forecasting_data_collection\\data\\cluster_info_250_random.pkl", "use_custom_sampling_operator": true, "use_custom_mutation_operator": true, "use_custom_crossover_operator": false, "use_custom_atomicity": true, "genome_threshold": null, "include_ps_len": true, "include_sample_quantity": true, "include_wasserstein_distance": false, "include_diff_median": false, "include_atomicity": true, "include_p_value": false, "include_mean_fitness": true, "include_variance": false}, "results": [{"pattern": [65, 245], "threshold": null}, {"pattern": [241, 116], "threshold": null}, {"pattern": [16, 52], "threshold": null}, {"pattern": [16, 237], "threshold": null}, {"pattern": [13], "threshold": null}, {"pattern": [158], "threshold": null}, {"pattern": [90, 221], "threshold": null}, {"pattern": [188], "threshold": null}, {"pattern": [27, 181], "threshold": null}, {"pattern": [212], "threshold": null}, {"pattern": [132], "threshold": null}, {"pattern": [142, 47], "threshold": null}, {"pattern": [24, 127], "threshold": null}, {"pattern": [215, 196, 103], "threshold": null}, {"pattern": [116, 103], "threshold": null}, {"pattern": [56, 237], "threshold": null}, {"pattern": [45], "threshold": null}, {"pattern": [25], "threshold": null}, {"pattern": [65], "threshold": null}, {"pattern": [88], "threshold": null}, {"pattern": [103], "threshold": null}, {"pattern": [132, 215], "threshold": null}, {"pattern": [88, 158], "threshold": null}, {"pattern": [248, 27], "threshold": null}, {"pattern": [169, 235], "threshold": null}, {"pattern": [97, 43], "threshold": null}, {"pattern": [232, 34], "threshold": null}, {"pattern": [232, 205], "threshold": null}, {"pattern": [217], "threshold": null}, {"pattern": [202, 90], "threshold": null}, {"pattern": [120], "threshold": null}, {"pattern": [50, 13], "threshold": null}, {"pattern": [69, 158], "threshold": null}, {"pattern": [42, 245], "threshold": null}, {"pattern": [190, 158], "threshold": null}, {"pattern": [196], "threshold": null}, {"pattern": [1, 196], "threshold": null}, {"pattern": [244, 47], "threshold": null}, {"pattern": [158, 134], "threshold": null}, {"pattern": [54], "threshold": null}, {"pattern": [186, 221], "threshold": null}, {"pattern": [248, 25], "threshold": null}, {"pattern": [232, 30], "threshold": null}, {"pattern": [230], "threshold": null}, {"pattern": [244, 86], "threshold": null}, {"pattern": [224, 132], "threshold": null}, {"pattern": [86], "threshold": null}, {"pattern": [212, 204], "threshold": null}, {"pattern": [237], "threshold": null}]}]}