{"extra_info": {"version": "fallback_v1", "seed": 22}, "data": [{"config": {"code_name": "[CS CM CC][Len SSize MFit CAtom][GNone]", "population_size": 100, "evaluation_budget": 10000, "cluster_info_file_name": "C:\\Users\\gac8\\PycharmProjects\\PSSearch\\retail_forecasting_data_collection\\data\\cluster_info_250_random.pkl", "use_custom_sampling_operator": true, "use_custom_mutation_operator": true, "use_custom_crossover_operator": true, "use_custom_atomicity": true, "genome_threshold": null, "include_ps_len": true, "include_sample_quantity": true, "include_wasserstein_distance": false, "include_diff_median": false, "include_atomicity": true, "include_p_value": false, "include_mean_fitness": true, "include_variance": false}, "results": [{"pattern": [16, 103], "threshold": null}, {"pattern": [103], "threshold": null}, {"pattern": [86], "threshold": null}, {"pattern": [155], "threshold": null}, {"pattern": [171, 86], "threshold": null}, {"pattern": [25], "threshold": null}, {"pattern": [69, 165], "threshold": null}, {"pattern": [13, 103], "threshold": null}, {"pattern": [180, 244], "threshold": null}, {"pattern": [13], "threshold": null}, {"pattern": [158, 167], "threshold": null}, {"pattern": [88], "threshold": null}, {"pattern": [195, 239], "threshold": null}, {"pattern": [241, 182], "threshold": null}, {"pattern": [54], "threshold": null}, {"pattern": [188], "threshold": null}, {"pattern": [18, 63], "threshold": null}, {"pattern": [64, 75], "threshold": null}, {"pattern": [65], "threshold": null}, {"pattern": [248, 52], "threshold": null}, {"pattern": [217, 116], "threshold": null}, {"pattern": [65, 188, 180], "threshold": null}, {"pattern": [88, 196], "threshold": null}, {"pattern": [177, 212, 215], "threshold": null}, {"pattern": [235, 134], "threshold": null}, {"pattern": [8, 26], "threshold": null}, {"pattern": [224, 180], "threshold": null}, {"pattern": [162, 30], "threshold": null}, {"pattern": [119, 87], "threshold": null}, {"pattern": [184, 103], "threshold": null}, {"pattern": [74, 188, 103], "threshold": null}, {"pattern": [132], "threshold": null}, {"pattern": [88, 158], "threshold": null}, {"pattern": [248, 215], "threshold": null}, {"pattern": [212, 188, 167], "threshold": null}, {"pattern": [27, 103], "threshold": null}, {"pattern": [89, 244], "threshold": null}, {"pattern": [177, 158], "threshold": null}, {"pattern": [237], "threshold": null}, {"pattern": [158], "threshold": null}, {"pattern": [120], "threshold": null}, {"pattern": [97, 101], "threshold": null}, {"pattern": [212], "threshold": null}, {"pattern": [45], "threshold": null}]}, {"config": {"code_name": "[CS CM CC][SSize MFit CAtom][GNone]", "population_size": 100, "evaluation_budget": 10000, "cluster_info_file_name": "C:\\Users\\gac8\\PycharmProjects\\PSSearch\\retail_forecasting_data_collection\\data\\cluster_info_250_random.pkl", "use_custom_sampling_operator": true, "use_custom_mutation_operator": true, "use_custom_crossover_operator": true, "use_custom_atomicity": true, "genome_threshold": null, "include_ps_len": false, "include_sample_quantity": true, "include_wasserstein_distance": false, "include_diff_median": false, "include_atomicity": true, "include_p_value": false, "include_mean_fitness": true, "include_variance": false}, "results": [{"pattern": [209, 151], "threshold": null}, {"pattern": [212], "threshold": null}, {"pattern": [157, 103], "threshold": null}, {"pattern": [88], "threshold": null}, {"pattern": [53, 103], "threshold": null}, {"pattern": [116, 134], "threshold": null}, {"pattern": [235, 63], "threshold": null}, {"pattern": [158, 63], "threshold": null}, {"pattern": [146, 43], "threshold": null}, {"pattern": [165, 63], "threshold": null}, {"pattern": [80, 52], "threshold": null}, {"pattern": [56, 204], "threshold": null}, {"pattern": [158], "threshold": null}, {"pattern": [25, 177], "threshold": null}, {"pattern": [196, 103], "threshold": null}, {"pattern": [188, 151], "threshold": null}, {"pattern": [196, 102], "threshold": null}, {"pattern": [221, 215], "threshold": null}, {"pattern": [171, 13], "threshold": null}, {"pattern": [86], "threshold": null}, {"pattern": [132], "threshold": null}, {"pattern": [134, 55], "threshold": null}, {"pattern": [208, 188], "threshold": null}, {"pattern": [13], "threshold": null}, {"pattern": [25], "threshold": null}, {"pattern": [56, 63], "threshold": null}, {"pattern": [137, 212], "threshold": null}, {"pattern": [232, 30], "threshold": null}, {"pattern": [155, 38], "threshold": null}, {"pattern": [116, 197], "threshold": null}, {"pattern": [237], "threshold": null}, {"pattern": [237, 103], "threshold": null}, {"pattern": [27, 212], "threshold": null}, {"pattern": [158, 167], "threshold": null}, {"pattern": [26, 215], "threshold": null}, {"pattern": [25, 235], "threshold": null}, {"pattern": [88, 134], "threshold": null}, {"pattern": [248, 52], "threshold": null}, {"pattern": [224, 196], "threshold": null}, {"pattern": [61, 30], "threshold": null}, {"pattern": [103], "threshold": null}, {"pattern": [221, 61], "threshold": null}, {"pattern": [134, 215], "threshold": null}, {"pattern": [209, 202], "threshold": null}, {"pattern": [188], "threshold": null}, {"pattern": [65], "threshold": null}, {"pattern": [215, 63], "threshold": null}]}, {"config": {"code_name": "[CS CM CC][Len MFit CAtom][GNone]", "population_size": 100, "evaluation_budget": 10000, "cluster_info_file_name": "C:\\Users\\gac8\\PycharmProjects\\PSSearch\\retail_forecasting_data_collection\\data\\cluster_info_250_random.pkl", "use_custom_sampling_operator": true, "use_custom_mutation_operator": true, "use_custom_crossover_operator": true, "use_custom_atomicity": true, "genome_threshold": null, "include_ps_len": true, "include_sample_quantity": false, "include_wasserstein_distance": false, "include_diff_median": false, "include_atomicity": true, "include_p_value": false, "include_mean_fitness": true, "include_variance": false}, "results": [{"pattern": [211, 63], "threshold": null}, {"pattern": [76, 29], "threshold": null}, {"pattern": [56, 246], "threshold": null}, {"pattern": [120], "threshold": null}, {"pattern": [137, 61], "threshold": null}, {"pattern": [49, 109], "threshold": null}]}, {"config": {"code_name": "[CS CM CC][Len SSize CAtom][GNone]", "population_size": 100, "evaluation_budget": 10000, "cluster_info_file_name": "C:\\Users\\gac8\\PycharmProjects\\PSSearch\\retail_forecasting_data_collection\\data\\cluster_info_250_random.pkl", "use_custom_sampling_operator": true, "use_custom_mutation_operator": true, "use_custom_crossover_operator": true, "use_custom_atomicity": true, "genome_threshold": null, "include_ps_len": true, "include_sample_quantity": true, "include_wasserstein_distance": false, "include_diff_median": false, "include_atomicity": true, "include_p_value": false, "include_mean_fitness": false, "include_variance": false}, "results": [{"pattern": [88, 13], "threshold": null}, {"pattern": [221, 30], "threshold": null}, {"pattern": [105, 119], "threshold": null}, {"pattern": [90, 215], "threshold": null}, {"pattern": [188], "threshold": null}, {"pattern": [241, 188], "threshold": null}, {"pattern": [35, 109], "threshold": null}, {"pattern": [13, 103], "threshold": null}, {"pattern": [212, 244], "threshold": null}, {"pattern": [38, 63], "threshold": null}, {"pattern": [188, 215], "threshold": null}]}, {"config": {"code_name": "[CS CM CC][Len SSize MFit][GNone]", "population_size": 100, "evaluation_budget": 10000, "cluster_info_file_name": "C:\\Users\\gac8\\PycharmProjects\\PSSearch\\retail_forecasting_data_collection\\data\\cluster_info_250_random.pkl", "use_custom_sampling_operator": true, "use_custom_mutation_operator": true, "use_custom_crossover_operator": true, "use_custom_atomicity": true, "genome_threshold": null, "include_ps_len": true, "include_sample_quantity": true, "include_wasserstein_distance": false, "include_diff_median": false, "include_atomicity": false, "include_p_value": false, "include_mean_fitness": true, "include_variance": false}, "results": [{"pattern": [65, 103], "threshold": null}, {"pattern": [202, 13], "threshold": null}, {"pattern": [61, 158], "threshold": null}, {"pattern": [16, 158], "threshold": null}, {"pattern": [86], "threshold": null}, {"pattern": [196, 215], "threshold": null}, {"pattern": [25, 63], "threshold": null}, {"pattern": [212, 132], "threshold": null}, {"pattern": [237, 215], "threshold": null}, {"pattern": [212], "threshold": null}, {"pattern": [237, 103], "threshold": null}, {"pattern": [188], "threshold": null}, {"pattern": [139, 196], "threshold": null}, {"pattern": [241, 212], "threshold": null}, {"pattern": [88], "threshold": null}, {"pattern": [45], "threshold": null}, {"pattern": [132], "threshold": null}, {"pattern": [158], "threshold": null}, {"pattern": [103], "threshold": null}, {"pattern": [54], "threshold": null}, {"pattern": [120], "threshold": null}, {"pattern": [155], "threshold": null}, {"pattern": [25], "threshold": null}, {"pattern": [237], "threshold": null}, {"pattern": [13], "threshold": null}, {"pattern": [65], "threshold": null}]}, {"config": {"code_name": "[OS CM CC][Len SSize MFit CAtom][GNone]", "population_size": 100, "evaluation_budget": 10000, "cluster_info_file_name": "C:\\Users\\gac8\\PycharmProjects\\PSSearch\\retail_forecasting_data_collection\\data\\cluster_info_250_random.pkl", "use_custom_sampling_operator": false, "use_custom_mutation_operator": true, "use_custom_crossover_operator": true, "use_custom_atomicity": true, "genome_threshold": null, "include_ps_len": true, "include_sample_quantity": true, "include_wasserstein_distance": false, "include_diff_median": false, "include_atomicity": true, "include_p_value": false, "include_mean_fitness": true, "include_variance": false}, "results": [{"pattern": [81, 180], "threshold": null}, {"pattern": [103], "threshold": null}, {"pattern": [86], "threshold": null}, {"pattern": [45], "threshold": null}, {"pattern": [155], "threshold": null}, {"pattern": [88, 132], "threshold": null}, {"pattern": [25], "threshold": null}, {"pattern": [37, 86], "threshold": null}, {"pattern": [13], "threshold": null}, {"pattern": [88], "threshold": null}, {"pattern": [65, 190], "threshold": null}, {"pattern": [25, 139], "threshold": null}, {"pattern": [217, 215], "threshold": null}, {"pattern": [122, 205], "threshold": null}, {"pattern": [54], "threshold": null}, {"pattern": [188], "threshold": null}, {"pattern": [146, 212], "threshold": null}, {"pattern": [65], "threshold": null}, {"pattern": [132, 86], "threshold": null}, {"pattern": [205, 37], "threshold": null}, {"pattern": [16, 25], "threshold": null}, {"pattern": [232, 116], "threshold": null}, {"pattern": [74, 68], "threshold": null}, {"pattern": [202, 245], "threshold": null}, {"pattern": [90, 215], "threshold": null}, {"pattern": [90, 221], "threshold": null}, {"pattern": [86, 103], "threshold": null}, {"pattern": [26, 19], "threshold": null}, {"pattern": [11, 109], "threshold": null}, {"pattern": [235, 119], "threshold": null}, {"pattern": [16, 235], "threshold": null}, {"pattern": [16, 158], "threshold": null}, {"pattern": [132], "threshold": null}, {"pattern": [19, 206], "threshold": null}, {"pattern": [181, 127], "threshold": null}, {"pattern": [157, 86], "threshold": null}, {"pattern": [13, 127], "threshold": null}, {"pattern": [162, 221], "threshold": null}, {"pattern": [24, 158], "threshold": null}, {"pattern": [212, 116], "threshold": null}, {"pattern": [193, 132], "threshold": null}, {"pattern": [235, 196], "threshold": null}, {"pattern": [66, 63], "threshold": null}, {"pattern": [217, 158], "threshold": null}, {"pattern": [237], "threshold": null}, {"pattern": [158], "threshold": null}, {"pattern": [120], "threshold": null}, {"pattern": [224, 196], "threshold": null}, {"pattern": [212, 37], "threshold": null}, {"pattern": [180, 164], "threshold": null}, {"pattern": [56, 86], "threshold": null}, {"pattern": [212], "threshold": null}, {"pattern": [134, 86], "threshold": null}, {"pattern": [212, 101], "threshold": null}]}, {"config": {"code_name": "[CS OM CC][Len SSize MFit CAtom][GNone]", "population_size": 100, "evaluation_budget": 10000, "cluster_info_file_name": "C:\\Users\\gac8\\PycharmProjects\\PSSearch\\retail_forecasting_data_collection\\data\\cluster_info_250_random.pkl", "use_custom_sampling_operator": true, "use_custom_mutation_operator": false, "use_custom_crossover_operator": true, "use_custom_atomicity": true, "genome_threshold": null, "include_ps_len": true, "include_sample_quantity": true, "include_wasserstein_distance": false, "include_diff_median": false, "include_atomicity": true, "include_p_value": false, "include_mean_fitness": true, "include_variance": false}, "results": [{"pattern": [19, 196], "threshold": null}, {"pattern": [212, 188, 13], "threshold": null}, {"pattern": [162, 196, 188], "threshold": null}, {"pattern": [202, 132, 215], "threshold": null}, {"pattern": [212, 158, 215], "threshold": null}, {"pattern": [188, 86, 63], "threshold": null}, {"pattern": [56, 246], "threshold": null}, {"pattern": [188, 13, 134], "threshold": null}, {"pattern": [13, 158, 215], "threshold": null}, {"pattern": [162, 188], "threshold": null}, {"pattern": [196, 188, 13], "threshold": null}, {"pattern": [188, 63], "threshold": null}, {"pattern": [215, 167], "threshold": null}, {"pattern": [224, 202, 215], "threshold": null}, {"pattern": [116, 49, 188], "threshold": null}, {"pattern": [188, 158], "threshold": null}, {"pattern": [202, 221, 215], "threshold": null}, {"pattern": [196, 167], "threshold": null}, {"pattern": [13], "threshold": null}, {"pattern": [13, 93], "threshold": null}, {"pattern": [158, 167], "threshold": null}, {"pattern": [93], "threshold": null}, {"pattern": [208], "threshold": null}, {"pattern": [196, 188], "threshold": null}, {"pattern": [188, 71], "threshold": null}, {"pattern": [188], "threshold": null}, {"pattern": [232, 188, 119], "threshold": null}, {"pattern": [196, 212, 103, 188, 13], "threshold": null}, {"pattern": [188, 13, 86], "threshold": null}, {"pattern": [158, 215], "threshold": null}, {"pattern": [212, 188, 13, 103], "threshold": null}, {"pattern": [25, 63], "threshold": null}, {"pattern": [202, 196, 215], "threshold": null}, {"pattern": [196, 77], "threshold": null}, {"pattern": [188, 237, 158], "threshold": null}, {"pattern": [93, 86], "threshold": null}, {"pattern": [196, 188, 13, 215], "threshold": null}, {"pattern": [49, 77], "threshold": null}, {"pattern": [196], "threshold": null}, {"pattern": [162, 13], "threshold": null}, {"pattern": [49], "threshold": null}, {"pattern": [49, 74], "threshold": null}, {"pattern": [217, 196], "threshold": null}, {"pattern": [202, 215], "threshold": null}, {"pattern": [202, 158, 215], "threshold": null}, {"pattern": [224, 202], "threshold": null}, {"pattern": [237, 188, 13], "threshold": null}, {"pattern": [224, 202, 212], "threshold": null}, {"pattern": [208, 86], "threshold": null}, {"pattern": [193, 196, 215], "threshold": null}, {"pattern": [212, 196, 188, 13], "threshold": null}, {"pattern": [16, 212, 188, 13], "threshold": null}, {"pattern": [56, 38], "threshold": null}, {"pattern": [167], "threshold": null}, {"pattern": [202, 180, 215], "threshold": null}, {"pattern": [188, 158, 167], "threshold": null}, {"pattern": [153, 196], "threshold": null}, {"pattern": [208, 158], "threshold": null}, {"pattern": [27, 196, 188, 13], "threshold": null}, {"pattern": [188, 245], "threshold": null}, {"pattern": [116, 196, 188], "threshold": null}, {"pattern": [180, 188], "threshold": null}, {"pattern": [177, 188, 13], "threshold": null}, {"pattern": [132, 188], "threshold": null}, {"pattern": [116, 188], "threshold": null}, {"pattern": [232, 119], "threshold": null}, {"pattern": [188, 190, 63], "threshold": null}, {"pattern": [184], "threshold": null}, {"pattern": [188, 13], "threshold": null}, {"pattern": [188, 237], "threshold": null}, {"pattern": [34, 63], "threshold": null}, {"pattern": [188, 167], "threshold": null}]}, {"config": {"code_name": "[CS CM OC][Len SSize MFit CAtom][GNone]", "population_size": 100, "evaluation_budget": 10000, "cluster_info_file_name": "C:\\Users\\gac8\\PycharmProjects\\PSSearch\\retail_forecasting_data_collection\\data\\cluster_info_250_random.pkl", "use_custom_sampling_operator": true, "use_custom_mutation_operator": true, "use_custom_crossover_operator": false, "use_custom_atomicity": true, "genome_threshold": null, "include_ps_len": true, "include_sample_quantity": true, "include_wasserstein_distance": false, "include_diff_median": false, "include_atomicity": true, "include_p_value": false, "include_mean_fitness": true, "include_variance": false}, "results": [{"pattern": [241, 103], "threshold": null}, {"pattern": [212, 13], "threshold": null}, {"pattern": [103], "threshold": null}, {"pattern": [86], "threshold": null}, {"pattern": [241, 116], "threshold": null}, {"pattern": [25, 235], "threshold": null}, {"pattern": [171, 132], "threshold": null}, {"pattern": [45], "threshold": null}, {"pattern": [248, 26], "threshold": null}, {"pattern": [155], "threshold": null}, {"pattern": [25], "threshold": null}, {"pattern": [30, 63], "threshold": null}, {"pattern": [52, 215], "threshold": null}, {"pattern": [61, 190], "threshold": null}, {"pattern": [13], "threshold": null}, {"pattern": [88], "threshold": null}, {"pattern": [202, 162], "threshold": null}, {"pattern": [188, 215], "threshold": null}, {"pattern": [54], "threshold": null}, {"pattern": [190, 63], "threshold": null}, {"pattern": [196, 188], "threshold": null}, {"pattern": [217, 86], "threshold": null}, {"pattern": [188], "threshold": null}, {"pattern": [27, 86], "threshold": null}, {"pattern": [65], "threshold": null}, {"pattern": [59, 245], "threshold": null}, {"pattern": [0, 229], "threshold": null}, {"pattern": [237, 134], "threshold": null}, {"pattern": [25, 188], "threshold": null}, {"pattern": [224, 13], "threshold": null}, {"pattern": [74, 68], "threshold": null}, {"pattern": [90, 221], "threshold": null}, {"pattern": [155, 134], "threshold": null}, {"pattern": [171, 134], "threshold": null}, {"pattern": [235, 119], "threshold": null}, {"pattern": [132], "threshold": null}, {"pattern": [164, 103], "threshold": null}, {"pattern": [27, 221], "threshold": null}, {"pattern": [202, 235], "threshold": null}, {"pattern": [241, 171], "threshold": null}, {"pattern": [237], "threshold": null}, {"pattern": [158], "threshold": null}, {"pattern": [162, 103], "threshold": null}, {"pattern": [212, 188], "threshold": null}, {"pattern": [120], "threshold": null}, {"pattern": [248, 158], "threshold": null}, {"pattern": [52, 119], "threshold": null}, {"pattern": [212, 221], "threshold": null}, {"pattern": [88, 237], "threshold": null}, {"pattern": [221, 206], "threshold": null}, {"pattern": [212], "threshold": null}, {"pattern": [134, 86], "threshold": null}]}]}