{"extra_info": {"version": "fallback_v1", "seed": 13}, "data": [{"config": {"code_name": "[CS CM CC][Len SSize MFit CAtom][GNone]", "population_size": 100, "evaluation_budget": 10000, "cluster_info_file_name": "C:\\Users\\gac8\\PycharmProjects\\PSSearch\\retail_forecasting_data_collection\\data\\cluster_info_250_random.pkl", "use_custom_sampling_operator": true, "use_custom_mutation_operator": true, "use_custom_crossover_operator": true, "use_custom_atomicity": true, "genome_threshold": null, "include_ps_len": true, "include_sample_quantity": true, "include_wasserstein_distance": false, "include_diff_median": false, "include_atomicity": true, "include_p_value": false, "include_mean_fitness": true, "include_variance": false}, "results": [{"pattern": [221, 30], "threshold": null}, {"pattern": [241, 182], "threshold": null}, {"pattern": [120], "threshold": null}, {"pattern": [188, 164], "threshold": null}, {"pattern": [27, 132], "threshold": null}, {"pattern": [119, 87], "threshold": null}, {"pattern": [43, 212], "threshold": null}, {"pattern": [65, 237], "threshold": null}, {"pattern": [105, 205], "threshold": null}, {"pattern": [183, 63], "threshold": null}, {"pattern": [188], "threshold": null}, {"pattern": [16, 132], "threshold": null}, {"pattern": [27, 134], "threshold": null}, {"pattern": [158], "threshold": null}, {"pattern": [86], "threshold": null}, {"pattern": [237, 103], "threshold": null}, {"pattern": [88], "threshold": null}, {"pattern": [230], "threshold": null}, {"pattern": [237], "threshold": null}, {"pattern": [181, 86], "threshold": null}, {"pattern": [86, 215], "threshold": null}, {"pattern": [184, 61], "threshold": null}, {"pattern": [241, 215], "threshold": null}, {"pattern": [74, 158], "threshold": null}, {"pattern": [180, 63], "threshold": null}, {"pattern": [202, 158], "threshold": null}, {"pattern": [217, 212], "threshold": null}, {"pattern": [180, 173], "threshold": null}, {"pattern": [221, 206], "threshold": null}, {"pattern": [54], "threshold": null}, {"pattern": [147, 38], "threshold": null}, {"pattern": [81, 188], "threshold": null}, {"pattern": [88, 202], "threshold": null}, {"pattern": [56, 237], "threshold": null}, {"pattern": [27, 116], "threshold": null}, {"pattern": [162, 13], "threshold": null}, {"pattern": [177, 188], "threshold": null}, {"pattern": [212], "threshold": null}, {"pattern": [211, 134], "threshold": null}, {"pattern": [196], "threshold": null}, {"pattern": [217], "threshold": null}, {"pattern": [93], "threshold": null}, {"pattern": [65], "threshold": null}, {"pattern": [35, 30], "threshold": null}, {"pattern": [13, 103], "threshold": null}, {"pattern": [86, 127], "threshold": null}, {"pattern": [212, 47], "threshold": null}, {"pattern": [177, 215], "threshold": null}, {"pattern": [25], "threshold": null}, {"pattern": [116, 237], "threshold": null}, {"pattern": [241, 132], "threshold": null}, {"pattern": [45], "threshold": null}, {"pattern": [34, 4], "threshold": null}, {"pattern": [132], "threshold": null}, {"pattern": [80, 229], "threshold": null}, {"pattern": [88, 13], "threshold": null}, {"pattern": [103], "threshold": null}, {"pattern": [65, 171], "threshold": null}, {"pattern": [13], "threshold": null}]}, {"config": {"code_name": "[CS CM CC][SSize MFit CAtom][GNone]", "population_size": 100, "evaluation_budget": 10000, "cluster_info_file_name": "C:\\Users\\gac8\\PycharmProjects\\PSSearch\\retail_forecasting_data_collection\\data\\cluster_info_250_random.pkl", "use_custom_sampling_operator": true, "use_custom_mutation_operator": true, "use_custom_crossover_operator": true, "use_custom_atomicity": true, "genome_threshold": null, "include_ps_len": false, "include_sample_quantity": true, "include_wasserstein_distance": false, "include_diff_median": false, "include_atomicity": true, "include_p_value": false, "include_mean_fitness": true, "include_variance": false}, "results": [{"pattern": [217], "threshold": null}, {"pattern": [196], "threshold": null}, {"pattern": [38, 63], "threshold": null}, {"pattern": [13], "threshold": null}, {"pattern": [69, 215], "threshold": null}, {"pattern": [86, 63], "threshold": null}, {"pattern": [202, 162], "threshold": null}, {"pattern": [25], "threshold": null}, {"pattern": [53, 215], "threshold": null}, {"pattern": [88, 132], "threshold": null}, {"pattern": [81, 196, 13], "threshold": null}, {"pattern": [147, 38], "threshold": null}, {"pattern": [65, 241], "threshold": null}, {"pattern": [132], "threshold": null}, {"pattern": [193, 132], "threshold": null}, {"pattern": [116, 237], "threshold": null}, {"pattern": [212, 204], "threshold": null}, {"pattern": [158], "threshold": null}, {"pattern": [132, 116], "threshold": null}, {"pattern": [141, 222], "threshold": null}, {"pattern": [162, 90], "threshold": null}, {"pattern": [16, 88], "threshold": null}, {"pattern": [86], "threshold": null}, {"pattern": [245, 86], "threshold": null}, {"pattern": [86, 38], "threshold": null}, {"pattern": [43, 212], "threshold": null}, {"pattern": [169, 132], "threshold": null}, {"pattern": [16, 212], "threshold": null}, {"pattern": [212, 221], "threshold": null}, {"pattern": [237], "threshold": null}, {"pattern": [188], "threshold": null}, {"pattern": [103], "threshold": null}, {"pattern": [181, 86], "threshold": null}, {"pattern": [241, 215], "threshold": null}, {"pattern": [100, 13], "threshold": null}, {"pattern": [171, 47], "threshold": null}, {"pattern": [180, 158], "threshold": null}, {"pattern": [212], "threshold": null}, {"pattern": [201, 195], "threshold": null}, {"pattern": [184, 87], "threshold": null}, {"pattern": [65, 212], "threshold": null}, {"pattern": [180, 173], "threshold": null}, {"pattern": [65], "threshold": null}, {"pattern": [65, 202], "threshold": null}, {"pattern": [67, 206], "threshold": null}]}, {"config": {"code_name": "[CS CM CC][Len MFit CAtom][GNone]", "population_size": 100, "evaluation_budget": 10000, "cluster_info_file_name": "C:\\Users\\gac8\\PycharmProjects\\PSSearch\\retail_forecasting_data_collection\\data\\cluster_info_250_random.pkl", "use_custom_sampling_operator": true, "use_custom_mutation_operator": true, "use_custom_crossover_operator": true, "use_custom_atomicity": true, "genome_threshold": null, "include_ps_len": true, "include_sample_quantity": false, "include_wasserstein_distance": false, "include_diff_median": false, "include_atomicity": true, "include_p_value": false, "include_mean_fitness": true, "include_variance": false}, "results": [{"pattern": [75, 35], "threshold": null}, {"pattern": [18, 34], "threshold": null}, {"pattern": [56, 155], "threshold": null}, {"pattern": [74, 103], "threshold": null}, {"pattern": [237, 158], "threshold": null}, {"pattern": [232, 132], "threshold": null}, {"pattern": [120], "threshold": null}, {"pattern": [249, 146], "threshold": null}, {"pattern": [180, 173], "threshold": null}, {"pattern": [158, 38], "threshold": null}]}, {"config": {"code_name": "[CS CM CC][Len SSize CAtom][GNone]", "population_size": 100, "evaluation_budget": 10000, "cluster_info_file_name": "C:\\Users\\gac8\\PycharmProjects\\PSSearch\\retail_forecasting_data_collection\\data\\cluster_info_250_random.pkl", "use_custom_sampling_operator": true, "use_custom_mutation_operator": true, "use_custom_crossover_operator": true, "use_custom_atomicity": true, "genome_threshold": null, "include_ps_len": true, "include_sample_quantity": true, "include_wasserstein_distance": false, "include_diff_median": false, "include_atomicity": true, "include_p_value": false, "include_mean_fitness": false, "include_variance": false}, "results": [{"pattern": [212, 13], "threshold": null}, {"pattern": [188, 164], "threshold": null}, {"pattern": [188], "threshold": null}, {"pattern": [171, 212], "threshold": null}, {"pattern": [56, 246], "threshold": null}, {"pattern": [221, 215], "threshold": null}, {"pattern": [34, 245], "threshold": null}, {"pattern": [13, 239], "threshold": null}]}, {"config": {"code_name": "[CS CM CC][Len SSize MFit][GNone]", "population_size": 100, "evaluation_budget": 10000, "cluster_info_file_name": "C:\\Users\\gac8\\PycharmProjects\\PSSearch\\retail_forecasting_data_collection\\data\\cluster_info_250_random.pkl", "use_custom_sampling_operator": true, "use_custom_mutation_operator": true, "use_custom_crossover_operator": true, "use_custom_atomicity": true, "genome_threshold": null, "include_ps_len": true, "include_sample_quantity": true, "include_wasserstein_distance": false, "include_diff_median": false, "include_atomicity": false, "include_p_value": false, "include_mean_fitness": true, "include_variance": false}, "results": [{"pattern": [54], "threshold": null}, {"pattern": [120], "threshold": null}, {"pattern": [230], "threshold": null}, {"pattern": [217], "threshold": null}, {"pattern": [212], "threshold": null}, {"pattern": [65], "threshold": null}, {"pattern": [13], "threshold": null}, {"pattern": [212, 215], "threshold": null}, {"pattern": [25], "threshold": null}, {"pattern": [196], "threshold": null}, {"pattern": [16, 196], "threshold": null}, {"pattern": [103], "threshold": null}, {"pattern": [93], "threshold": null}, {"pattern": [16, 86], "threshold": null}, {"pattern": [132], "threshold": null}, {"pattern": [88, 13], "threshold": null}, {"pattern": [158], "threshold": null}, {"pattern": [180, 134], "threshold": null}, {"pattern": [25, 86], "threshold": null}, {"pattern": [86], "threshold": null}, {"pattern": [45], "threshold": null}, {"pattern": [88], "threshold": null}, {"pattern": [241, 13], "threshold": null}, {"pattern": [188], "threshold": null}, {"pattern": [237], "threshold": null}]}, {"config": {"code_name": "[OS CM CC][Len SSize MFit CAtom][GNone]", "population_size": 100, "evaluation_budget": 10000, "cluster_info_file_name": "C:\\Users\\gac8\\PycharmProjects\\PSSearch\\retail_forecasting_data_collection\\data\\cluster_info_250_random.pkl", "use_custom_sampling_operator": false, "use_custom_mutation_operator": true, "use_custom_crossover_operator": true, "use_custom_atomicity": true, "genome_threshold": null, "include_ps_len": true, "include_sample_quantity": true, "include_wasserstein_distance": false, "include_diff_median": false, "include_atomicity": true, "include_p_value": false, "include_mean_fitness": true, "include_variance": false}, "results": [{"pattern": [90, 173], "threshold": null}, {"pattern": [120], "threshold": null}, {"pattern": [209, 202], "threshold": null}, {"pattern": [184, 134], "threshold": null}, {"pattern": [183, 63], "threshold": null}, {"pattern": [27, 244], "threshold": null}, {"pattern": [188], "threshold": null}, {"pattern": [25, 196], "threshold": null}, {"pattern": [196, 86], "threshold": null}, {"pattern": [158], "threshold": null}, {"pattern": [86], "threshold": null}, {"pattern": [132, 63], "threshold": null}, {"pattern": [33, 68], "threshold": null}, {"pattern": [91, 212, 215], "threshold": null}, {"pattern": [16, 196], "threshold": null}, {"pattern": [50, 92], "threshold": null}, {"pattern": [90, 157], "threshold": null}, {"pattern": [88], "threshold": null}, {"pattern": [230], "threshold": null}, {"pattern": [237], "threshold": null}, {"pattern": [188, 63], "threshold": null}, {"pattern": [226, 63], "threshold": null}, {"pattern": [19, 206], "threshold": null}, {"pattern": [13], "threshold": null}, {"pattern": [16, 232], "threshold": null}, {"pattern": [54], "threshold": null}, {"pattern": [56, 155], "threshold": null}, {"pattern": [248, 27], "threshold": null}, {"pattern": [215, 135], "threshold": null}, {"pattern": [88, 248], "threshold": null}, {"pattern": [74, 132], "threshold": null}, {"pattern": [69, 103], "threshold": null}, {"pattern": [16, 74], "threshold": null}, {"pattern": [193, 202], "threshold": null}, {"pattern": [162, 13], "threshold": null}, {"pattern": [27, 222], "threshold": null}, {"pattern": [212], "threshold": null}, {"pattern": [90, 180], "threshold": null}, {"pattern": [50, 47], "threshold": null}, {"pattern": [164, 132], "threshold": null}, {"pattern": [196], "threshold": null}, {"pattern": [217], "threshold": null}, {"pattern": [180, 164], "threshold": null}, {"pattern": [93], "threshold": null}, {"pattern": [61, 173], "threshold": null}, {"pattern": [65], "threshold": null}, {"pattern": [56, 204], "threshold": null}, {"pattern": [88, 86], "threshold": null}, {"pattern": [81, 165], "threshold": null}, {"pattern": [25], "threshold": null}, {"pattern": [190, 134], "threshold": null}, {"pattern": [13, 86], "threshold": null}, {"pattern": [45], "threshold": null}, {"pattern": [232, 13], "threshold": null}, {"pattern": [132], "threshold": null}, {"pattern": [190, 103], "threshold": null}, {"pattern": [16, 151], "threshold": null}, {"pattern": [103], "threshold": null}, {"pattern": [217, 13], "threshold": null}, {"pattern": [202, 196], "threshold": null}]}, {"config": {"code_name": "[CS OM CC][Len SSize MFit CAtom][GNone]", "population_size": 100, "evaluation_budget": 10000, "cluster_info_file_name": "C:\\Users\\gac8\\PycharmProjects\\PSSearch\\retail_forecasting_data_collection\\data\\cluster_info_250_random.pkl", "use_custom_sampling_operator": true, "use_custom_mutation_operator": false, "use_custom_crossover_operator": true, "use_custom_atomicity": true, "genome_threshold": null, "include_ps_len": true, "include_sample_quantity": true, "include_wasserstein_distance": false, "include_diff_median": false, "include_atomicity": true, "include_p_value": false, "include_mean_fitness": true, "include_variance": false}, "results": [{"pattern": [177, 90], "threshold": null}, {"pattern": [211], "threshold": null}, {"pattern": [188, 134], "threshold": null}, {"pattern": [132, 53], "threshold": null}, {"pattern": [134, 30], "threshold": null}, {"pattern": [137, 134], "threshold": null}, {"pattern": [88, 237], "threshold": null}, {"pattern": [196, 188], "threshold": null}, {"pattern": [188], "threshold": null}, {"pattern": [88, 63], "threshold": null}, {"pattern": [16, 132], "threshold": null}, {"pattern": [134], "threshold": null}, {"pattern": [16, 188, 134], "threshold": null}, {"pattern": [188, 134, 63], "threshold": null}, {"pattern": [88], "threshold": null}, {"pattern": [184, 232], "threshold": null}, {"pattern": [16, 188, 212, 132], "threshold": null}, {"pattern": [212, 188, 244], "threshold": null}, {"pattern": [16, 132, 188], "threshold": null}, {"pattern": [188, 212, 134], "threshold": null}, {"pattern": [188, 61], "threshold": null}, {"pattern": [24, 90], "threshold": null}, {"pattern": [211, 13], "threshold": null}, {"pattern": [90, 221], "threshold": null}, {"pattern": [139, 188], "threshold": null}, {"pattern": [35, 75], "threshold": null}, {"pattern": [188, 134, 87], "threshold": null}, {"pattern": [188, 245, 190], "threshold": null}, {"pattern": [16, 188], "threshold": null}, {"pattern": [225, 132], "threshold": null}, {"pattern": [132, 158], "threshold": null}, {"pattern": [88, 132], "threshold": null}, {"pattern": [188, 245], "threshold": null}, {"pattern": [90, 180], "threshold": null}, {"pattern": [212, 132, 134], "threshold": null}, {"pattern": [93], "threshold": null}, {"pattern": [90], "threshold": null}, {"pattern": [188, 244], "threshold": null}, {"pattern": [116, 53], "threshold": null}, {"pattern": [204, 188], "threshold": null}, {"pattern": [188, 212, 13, 134], "threshold": null}, {"pattern": [132, 188, 134], "threshold": null}, {"pattern": [188, 190, 134], "threshold": null}, {"pattern": [132, 212, 188, 134], "threshold": null}, {"pattern": [34, 4], "threshold": null}, {"pattern": [132], "threshold": null}, {"pattern": [137, 188, 134], "threshold": null}, {"pattern": [16, 116, 132], "threshold": null}, {"pattern": [88, 158], "threshold": null}, {"pattern": [16, 212, 132], "threshold": null}, {"pattern": [16, 90, 188], "threshold": null}]}, {"config": {"code_name": "[CS CM OC][Len SSize MFit CAtom][GNone]", "population_size": 100, "evaluation_budget": 10000, "cluster_info_file_name": "C:\\Users\\gac8\\PycharmProjects\\PSSearch\\retail_forecasting_data_collection\\data\\cluster_info_250_random.pkl", "use_custom_sampling_operator": true, "use_custom_mutation_operator": true, "use_custom_crossover_operator": false, "use_custom_atomicity": true, "genome_threshold": null, "include_ps_len": true, "include_sample_quantity": true, "include_wasserstein_distance": false, "include_diff_median": false, "include_atomicity": true, "include_p_value": false, "include_mean_fitness": true, "include_variance": false}, "results": [{"pattern": [116, 103], "threshold": null}, {"pattern": [27, 204], "threshold": null}, {"pattern": [235, 55], "threshold": null}, {"pattern": [120], "threshold": null}, {"pattern": [90, 132], "threshold": null}, {"pattern": [65, 188], "threshold": null}, {"pattern": [232, 52], "threshold": null}, {"pattern": [13, 157], "threshold": null}, {"pattern": [188], "threshold": null}, {"pattern": [27, 13], "threshold": null}, {"pattern": [158], "threshold": null}, {"pattern": [86], "threshold": null}, {"pattern": [65, 74], "threshold": null}, {"pattern": [116, 215], "threshold": null}, {"pattern": [69, 157], "threshold": null}, {"pattern": [88], "threshold": null}, {"pattern": [230], "threshold": null}, {"pattern": [237], "threshold": null}, {"pattern": [16, 167], "threshold": null}, {"pattern": [215, 87], "threshold": null}, {"pattern": [232, 158], "threshold": null}, {"pattern": [18, 34], "threshold": null}, {"pattern": [190, 87], "threshold": null}, {"pattern": [132, 181], "threshold": null}, {"pattern": [26, 196], "threshold": null}, {"pattern": [155, 86], "threshold": null}, {"pattern": [16, 69], "threshold": null}, {"pattern": [54], "threshold": null}, {"pattern": [232, 87], "threshold": null}, {"pattern": [212, 86], "threshold": null}, {"pattern": [139, 132], "threshold": null}, {"pattern": [74, 132], "threshold": null}, {"pattern": [61, 86], "threshold": null}, {"pattern": [196, 103], "threshold": null}, {"pattern": [103, 87], "threshold": null}, {"pattern": [90, 87], "threshold": null}, {"pattern": [105, 119], "threshold": null}, {"pattern": [90, 158], "threshold": null}, {"pattern": [212, 190], "threshold": null}, {"pattern": [69, 63], "threshold": null}, {"pattern": [212], "threshold": null}, {"pattern": [188, 245], "threshold": null}, {"pattern": [27, 181], "threshold": null}, {"pattern": [248, 134], "threshold": null}, {"pattern": [196], "threshold": null}, {"pattern": [217], "threshold": null}, {"pattern": [162, 74], "threshold": null}, {"pattern": [211, 103], "threshold": null}, {"pattern": [93], "threshold": null}, {"pattern": [65], "threshold": null}, {"pattern": [74, 196], "threshold": null}, {"pattern": [65, 25], "threshold": null}, {"pattern": [86, 127], "threshold": null}, {"pattern": [25], "threshold": null}, {"pattern": [13, 86], "threshold": null}, {"pattern": [45], "threshold": null}, {"pattern": [132, 116], "threshold": null}, {"pattern": [132], "threshold": null}, {"pattern": [224, 244], "threshold": null}, {"pattern": [103], "threshold": null}, {"pattern": [248, 63], "threshold": null}, {"pattern": [13], "threshold": null}, {"pattern": [196, 215], "threshold": null}]}]}