{"extra_info": {"version": "fallback_v1", "seed": 11}, "data": [{"config": {"code_name": "[CS CM CC][Len SSize MFit CAtom][GNone]", "population_size": 100, "evaluation_budget": 10000, "cluster_info_file_name": "C:\\Users\\gac8\\PycharmProjects\\PSSearch\\retail_forecasting_data_collection\\data\\cluster_info_250_random.pkl", "use_custom_sampling_operator": true, "use_custom_mutation_operator": true, "use_custom_crossover_operator": true, "use_custom_atomicity": true, "genome_threshold": null, "include_ps_len": true, "include_sample_quantity": true, "include_wasserstein_distance": false, "include_diff_median": false, "include_atomicity": true, "include_p_value": false, "include_mean_fitness": true, "include_variance": false}, "results": [{"pattern": [34, 116], "threshold": null}, {"pattern": [86], "threshold": null}, {"pattern": [188, 13], "threshold": null}, {"pattern": [132, 181], "threshold": null}, {"pattern": [209, 34], "threshold": null}, {"pattern": [196, 132], "threshold": null}, {"pattern": [54], "threshold": null}, {"pattern": [232, 103], "threshold": null}, {"pattern": [196, 188], "threshold": null}, {"pattern": [27, 188], "threshold": null}, {"pattern": [50, 47], "threshold": null}, {"pattern": [181, 103], "threshold": null}, {"pattern": [91, 215], "threshold": null}, {"pattern": [88], "threshold": null}, {"pattern": [103, 63], "threshold": null}, {"pattern": [120], "threshold": null}, {"pattern": [212], "threshold": null}, {"pattern": [16, 212], "threshold": null}, {"pattern": [171, 158], "threshold": null}, {"pattern": [25, 235], "threshold": null}, {"pattern": [38, 87], "threshold": null}, {"pattern": [246, 63], "threshold": null}, {"pattern": [16, 50], "threshold": null}, {"pattern": [180, 173], "threshold": null}, {"pattern": [103], "threshold": null}, {"pattern": [13, 239], "threshold": null}, {"pattern": [155, 212], "threshold": null}, {"pattern": [202, 221], "threshold": null}, {"pattern": [65], "threshold": null}, {"pattern": [180, 134], "threshold": null}, {"pattern": [25, 13], "threshold": null}, {"pattern": [201, 195], "threshold": null}, {"pattern": [146, 43], "threshold": null}, {"pattern": [134, 30], "threshold": null}, {"pattern": [177, 188, 86], "threshold": null}, {"pattern": [13, 158], "threshold": null}, {"pattern": [88, 86], "threshold": null}, {"pattern": [50, 196], "threshold": null}, {"pattern": [132], "threshold": null}, {"pattern": [132, 215], "threshold": null}, {"pattern": [237], "threshold": null}, {"pattern": [196, 215], "threshold": null}, {"pattern": [1, 171], "threshold": null}, {"pattern": [212, 101], "threshold": null}, {"pattern": [139, 235], "threshold": null}, {"pattern": [224, 196], "threshold": null}, {"pattern": [45], "threshold": null}, {"pattern": [196], "threshold": null}, {"pattern": [122, 11], "threshold": null}, {"pattern": [188, 167], "threshold": null}, {"pattern": [25, 196], "threshold": null}, {"pattern": [158], "threshold": null}, {"pattern": [13], "threshold": null}, {"pattern": [158, 38], "threshold": null}, {"pattern": [158, 63], "threshold": null}, {"pattern": [177, 132], "threshold": null}, {"pattern": [16, 74], "threshold": null}, {"pattern": [230], "threshold": null}, {"pattern": [88, 180], "threshold": null}, {"pattern": [188], "threshold": null}, {"pattern": [25], "threshold": null}]}, {"config": {"code_name": "[CS CM CC][SSize MFit CAtom][GNone]", "population_size": 100, "evaluation_budget": 10000, "cluster_info_file_name": "C:\\Users\\gac8\\PycharmProjects\\PSSearch\\retail_forecasting_data_collection\\data\\cluster_info_250_random.pkl", "use_custom_sampling_operator": true, "use_custom_mutation_operator": true, "use_custom_crossover_operator": true, "use_custom_atomicity": true, "genome_threshold": null, "include_ps_len": false, "include_sample_quantity": true, "include_wasserstein_distance": false, "include_diff_median": false, "include_atomicity": true, "include_p_value": false, "include_mean_fitness": true, "include_variance": false}, "results": [{"pattern": [69, 215], "threshold": null}, {"pattern": [188], "threshold": null}, {"pattern": [65, 221], "threshold": null}, {"pattern": [56, 114], "threshold": null}, {"pattern": [50, 167], "threshold": null}, {"pattern": [196], "threshold": null}, {"pattern": [88, 132], "threshold": null}, {"pattern": [217, 13], "threshold": null}, {"pattern": [196, 63], "threshold": null}, {"pattern": [208, 47], "threshold": null}, {"pattern": [37, 63], "threshold": null}, {"pattern": [180, 158], "threshold": null}, {"pattern": [25, 177], "threshold": null}, {"pattern": [212, 190], "threshold": null}, {"pattern": [134, 63], "threshold": null}, {"pattern": [248, 215], "threshold": null}, {"pattern": [164, 132], "threshold": null}, {"pattern": [102, 215], "threshold": null}, {"pattern": [137, 158], "threshold": null}, {"pattern": [88, 180], "threshold": null}, {"pattern": [248, 52], "threshold": null}, {"pattern": [86, 215], "threshold": null}, {"pattern": [76, 190], "threshold": null}, {"pattern": [212], "threshold": null}, {"pattern": [195, 239], "threshold": null}, {"pattern": [34, 38], "threshold": null}, {"pattern": [86], "threshold": null}, {"pattern": [103], "threshold": null}, {"pattern": [13], "threshold": null}, {"pattern": [65], "threshold": null}, {"pattern": [69, 71], "threshold": null}, {"pattern": [13, 134], "threshold": null}, {"pattern": [190, 158], "threshold": null}, {"pattern": [146, 212], "threshold": null}, {"pattern": [158], "threshold": null}, {"pattern": [137, 212], "threshold": null}, {"pattern": [132], "threshold": null}, {"pattern": [188, 158], "threshold": null}, {"pattern": [221, 61], "threshold": null}, {"pattern": [215, 167], "threshold": null}]}, {"config": {"code_name": "[CS CM CC][Len MFit CAtom][GNone]", "population_size": 100, "evaluation_budget": 10000, "cluster_info_file_name": "C:\\Users\\gac8\\PycharmProjects\\PSSearch\\retail_forecasting_data_collection\\data\\cluster_info_250_random.pkl", "use_custom_sampling_operator": true, "use_custom_mutation_operator": true, "use_custom_crossover_operator": true, "use_custom_atomicity": true, "genome_threshold": null, "include_ps_len": true, "include_sample_quantity": false, "include_wasserstein_distance": false, "include_diff_median": false, "include_atomicity": true, "include_p_value": false, "include_mean_fitness": true, "include_variance": false}, "results": [{"pattern": [120], "threshold": null}, {"pattern": [190, 103], "threshold": null}, {"pattern": [119, 103], "threshold": null}, {"pattern": [61, 190], "threshold": null}, {"pattern": [180, 237], "threshold": null}, {"pattern": [204, 166], "threshold": null}]}, {"config": {"code_name": "[CS CM CC][Len SSize CAtom][GNone]", "population_size": 100, "evaluation_budget": 10000, "cluster_info_file_name": "C:\\Users\\gac8\\PycharmProjects\\PSSearch\\retail_forecasting_data_collection\\data\\cluster_info_250_random.pkl", "use_custom_sampling_operator": true, "use_custom_mutation_operator": true, "use_custom_crossover_operator": true, "use_custom_atomicity": true, "genome_threshold": null, "include_ps_len": true, "include_sample_quantity": true, "include_wasserstein_distance": false, "include_diff_median": false, "include_atomicity": true, "include_p_value": false, "include_mean_fitness": false, "include_variance": false}, "results": [{"pattern": [35, 68], "threshold": null}, {"pattern": [132, 103], "threshold": null}, {"pattern": [188], "threshold": null}, {"pattern": [34, 245], "threshold": null}, {"pattern": [184, 30], "threshold": null}, {"pattern": [212, 215], "threshold": null}]}, {"config": {"code_name": "[CS CM CC][Len SSize MFit][GNone]", "population_size": 100, "evaluation_budget": 10000, "cluster_info_file_name": "C:\\Users\\gac8\\PycharmProjects\\PSSearch\\retail_forecasting_data_collection\\data\\cluster_info_250_random.pkl", "use_custom_sampling_operator": true, "use_custom_mutation_operator": true, "use_custom_crossover_operator": true, "use_custom_atomicity": true, "genome_threshold": null, "include_ps_len": true, "include_sample_quantity": true, "include_wasserstein_distance": false, "include_diff_median": false, "include_atomicity": false, "include_p_value": false, "include_mean_fitness": true, "include_variance": false}, "results": [{"pattern": [120], "threshold": null}, {"pattern": [132], "threshold": null}, {"pattern": [45], "threshold": null}, {"pattern": [65, 158], "threshold": null}, {"pattern": [212], "threshold": null}, {"pattern": [188], "threshold": null}, {"pattern": [158, 63], "threshold": null}, {"pattern": [188, 132], "threshold": null}, {"pattern": [90, 13], "threshold": null}, {"pattern": [86], "threshold": null}, {"pattern": [241, 13], "threshold": null}, {"pattern": [54], "threshold": null}, {"pattern": [90, 132], "threshold": null}, {"pattern": [230], "threshold": null}, {"pattern": [180, 237], "threshold": null}, {"pattern": [25], "threshold": null}, {"pattern": [25, 196], "threshold": null}, {"pattern": [237], "threshold": null}, {"pattern": [158], "threshold": null}, {"pattern": [196], "threshold": null}, {"pattern": [103], "threshold": null}, {"pattern": [65], "threshold": null}, {"pattern": [13], "threshold": null}, {"pattern": [88], "threshold": null}]}, {"config": {"code_name": "[OS CM CC][Len SSize MFit CAtom][GNone]", "population_size": 100, "evaluation_budget": 10000, "cluster_info_file_name": "C:\\Users\\gac8\\PycharmProjects\\PSSearch\\retail_forecasting_data_collection\\data\\cluster_info_250_random.pkl", "use_custom_sampling_operator": false, "use_custom_mutation_operator": true, "use_custom_crossover_operator": true, "use_custom_atomicity": true, "genome_threshold": null, "include_ps_len": true, "include_sample_quantity": true, "include_wasserstein_distance": false, "include_diff_median": false, "include_atomicity": true, "include_p_value": false, "include_mean_fitness": true, "include_variance": false}, "results": [{"pattern": [86], "threshold": null}, {"pattern": [196, 237], "threshold": null}, {"pattern": [171, 151], "threshold": null}, {"pattern": [54], "threshold": null}, {"pattern": [212, 69], "threshold": null}, {"pattern": [116, 13], "threshold": null}, {"pattern": [202, 43], "threshold": null}, {"pattern": [195, 101], "threshold": null}, {"pattern": [88], "threshold": null}, {"pattern": [120], "threshold": null}, {"pattern": [65, 177], "threshold": null}, {"pattern": [212], "threshold": null}, {"pattern": [88, 196], "threshold": null}, {"pattern": [19, 171], "threshold": null}, {"pattern": [103], "threshold": null}, {"pattern": [237, 13], "threshold": null}, {"pattern": [25, 86], "threshold": null}, {"pattern": [56, 114], "threshold": null}, {"pattern": [61, 173], "threshold": null}, {"pattern": [65], "threshold": null}, {"pattern": [25, 13], "threshold": null}, {"pattern": [123, 221], "threshold": null}, {"pattern": [116, 93], "threshold": null}, {"pattern": [188, 158], "threshold": null}, {"pattern": [184, 63], "threshold": null}, {"pattern": [132], "threshold": null}, {"pattern": [217, 132], "threshold": null}, {"pattern": [56, 63], "threshold": null}, {"pattern": [232, 188], "threshold": null}, {"pattern": [188, 180], "threshold": null}, {"pattern": [37, 63], "threshold": null}, {"pattern": [195, 135], "threshold": null}, {"pattern": [184, 132], "threshold": null}, {"pattern": [237], "threshold": null}, {"pattern": [90, 188], "threshold": null}, {"pattern": [45], "threshold": null}, {"pattern": [16, 90], "threshold": null}, {"pattern": [232, 34], "threshold": null}, {"pattern": [196, 63], "threshold": null}, {"pattern": [196], "threshold": null}, {"pattern": [158], "threshold": null}, {"pattern": [13], "threshold": null}, {"pattern": [64, 117], "threshold": null}, {"pattern": [91, 158], "threshold": null}, {"pattern": [230], "threshold": null}, {"pattern": [208, 212], "threshold": null}, {"pattern": [188], "threshold": null}, {"pattern": [25], "threshold": null}]}, {"config": {"code_name": "[CS OM CC][Len SSize MFit CAtom][GNone]", "population_size": 100, "evaluation_budget": 10000, "cluster_info_file_name": "C:\\Users\\gac8\\PycharmProjects\\PSSearch\\retail_forecasting_data_collection\\data\\cluster_info_250_random.pkl", "use_custom_sampling_operator": true, "use_custom_mutation_operator": false, "use_custom_crossover_operator": true, "use_custom_atomicity": true, "genome_threshold": null, "include_ps_len": true, "include_sample_quantity": true, "include_wasserstein_distance": false, "include_diff_median": false, "include_atomicity": true, "include_p_value": false, "include_mean_fitness": true, "include_variance": false}, "results": [{"pattern": [180, 188, 63], "threshold": null}, {"pattern": [202, 142], "threshold": null}, {"pattern": [116, 132, 212], "threshold": null}, {"pattern": [188, 235, 132], "threshold": null}, {"pattern": [132, 212, 188], "threshold": null}, {"pattern": [188, 215], "threshold": null}, {"pattern": [171, 188, 158], "threshold": null}, {"pattern": [65, 180, 188], "threshold": null}, {"pattern": [212, 132, 134], "threshold": null}, {"pattern": [16, 188, 132], "threshold": null}, {"pattern": [65, 188, 212], "threshold": null}, {"pattern": [87], "threshold": null}, {"pattern": [232, 105], "threshold": null}, {"pattern": [188, 132, 13, 86], "threshold": null}, {"pattern": [25, 90], "threshold": null}, {"pattern": [147, 188], "threshold": null}, {"pattern": [212, 171, 188], "threshold": null}, {"pattern": [188, 158, 63], "threshold": null}, {"pattern": [65, 90, 132], "threshold": null}, {"pattern": [88, 188], "threshold": null}, {"pattern": [215, 188, 63], "threshold": null}, {"pattern": [212, 134], "threshold": null}, {"pattern": [171, 158], "threshold": null}, {"pattern": [241, 188], "threshold": null}, {"pattern": [139, 103], "threshold": null}, {"pattern": [212, 13, 157], "threshold": null}, {"pattern": [132, 188, 13], "threshold": null}, {"pattern": [212, 13], "threshold": null}, {"pattern": [164], "threshold": null}, {"pattern": [146, 101], "threshold": null}, {"pattern": [188, 109], "threshold": null}, {"pattern": [188, 132, 134, 103], "threshold": null}, {"pattern": [180, 196, 188], "threshold": null}, {"pattern": [65], "threshold": null}, {"pattern": [132, 212, 188, 86], "threshold": null}, {"pattern": [188, 180, 158], "threshold": null}, {"pattern": [65, 132, 188, 215], "threshold": null}, {"pattern": [65, 132], "threshold": null}, {"pattern": [188, 132], "threshold": null}, {"pattern": [188, 132, 103], "threshold": null}, {"pattern": [249, 146], "threshold": null}, {"pattern": [90], "threshold": null}, {"pattern": [171, 188], "threshold": null}, {"pattern": [132, 188, 134], "threshold": null}, {"pattern": [34, 188, 4], "threshold": null}, {"pattern": [180, 188], "threshold": null}, {"pattern": [212, 171, 188, 158], "threshold": null}, {"pattern": [132, 90, 212], "threshold": null}, {"pattern": [65, 78], "threshold": null}, {"pattern": [188, 63], "threshold": null}, {"pattern": [232], "threshold": null}, {"pattern": [134, 87], "threshold": null}, {"pattern": [164, 188], "threshold": null}, {"pattern": [132, 196, 188], "threshold": null}, {"pattern": [132, 188, 215], "threshold": null}, {"pattern": [132, 212, 188, 134], "threshold": null}, {"pattern": [65, 188], "threshold": null}, {"pattern": [90, 164], "threshold": null}, {"pattern": [139, 212, 13], "threshold": null}, {"pattern": [34, 4], "threshold": null}, {"pattern": [188, 95], "threshold": null}, {"pattern": [132, 188, 13, 215], "threshold": null}, {"pattern": [188, 86, 63], "threshold": null}, {"pattern": [139, 116], "threshold": null}, {"pattern": [180, 158], "threshold": null}, {"pattern": [232, 87], "threshold": null}, {"pattern": [139], "threshold": null}, {"pattern": [164, 134], "threshold": null}, {"pattern": [164, 182], "threshold": null}, {"pattern": [90, 86], "threshold": null}, {"pattern": [188], "threshold": null}, {"pattern": [132, 212], "threshold": null}]}, {"config": {"code_name": "[CS CM OC][Len SSize MFit CAtom][GNone]", "population_size": 100, "evaluation_budget": 10000, "cluster_info_file_name": "C:\\Users\\gac8\\PycharmProjects\\PSSearch\\retail_forecasting_data_collection\\data\\cluster_info_250_random.pkl", "use_custom_sampling_operator": true, "use_custom_mutation_operator": true, "use_custom_crossover_operator": false, "use_custom_atomicity": true, "genome_threshold": null, "include_ps_len": true, "include_sample_quantity": true, "include_wasserstein_distance": false, "include_diff_median": false, "include_atomicity": true, "include_p_value": false, "include_mean_fitness": true, "include_variance": false}, "results": [{"pattern": [86], "threshold": null}, {"pattern": [233, 114], "threshold": null}, {"pattern": [33, 75], "threshold": null}, {"pattern": [54], "threshold": null}, {"pattern": [88], "threshold": null}, {"pattern": [196, 181], "threshold": null}, {"pattern": [120], "threshold": null}, {"pattern": [212], "threshold": null}, {"pattern": [16, 212], "threshold": null}, {"pattern": [212, 237, 86], "threshold": null}, {"pattern": [65, 171], "threshold": null}, {"pattern": [235, 215], "threshold": null}, {"pattern": [103], "threshold": null}, {"pattern": [65], "threshold": null}, {"pattern": [26, 55], "threshold": null}, {"pattern": [116, 63], "threshold": null}, {"pattern": [190, 63], "threshold": null}, {"pattern": [16, 197], "threshold": null}, {"pattern": [38, 103], "threshold": null}, {"pattern": [132, 69], "threshold": null}, {"pattern": [180, 63], "threshold": null}, {"pattern": [34, 245], "threshold": null}, {"pattern": [81, 173], "threshold": null}, {"pattern": [132], "threshold": null}, {"pattern": [188, 180], "threshold": null}, {"pattern": [248, 13], "threshold": null}, {"pattern": [235, 134], "threshold": null}, {"pattern": [132, 190], "threshold": null}, {"pattern": [61, 103], "threshold": null}, {"pattern": [132, 116], "threshold": null}, {"pattern": [92, 158], "threshold": null}, {"pattern": [237], "threshold": null}, {"pattern": [132, 86], "threshold": null}, {"pattern": [52, 205], "threshold": null}, {"pattern": [16, 248], "threshold": null}, {"pattern": [45], "threshold": null}, {"pattern": [232, 34], "threshold": null}, {"pattern": [19, 188, 86], "threshold": null}, {"pattern": [196], "threshold": null}, {"pattern": [16, 103], "threshold": null}, {"pattern": [232, 119], "threshold": null}, {"pattern": [188, 13, 215], "threshold": null}, {"pattern": [158], "threshold": null}, {"pattern": [13], "threshold": null}, {"pattern": [69, 165], "threshold": null}, {"pattern": [202, 188], "threshold": null}, {"pattern": [158, 63], "threshold": null}, {"pattern": [74, 68], "threshold": null}, {"pattern": [164, 134], "threshold": null}, {"pattern": [69, 158], "threshold": null}, {"pattern": [230], "threshold": null}, {"pattern": [188], "threshold": null}, {"pattern": [25], "threshold": null}]}]}