{"extra_info": {"version": "fallback_v1", "seed": 52}, "data": [{"config": {"code_name": "[CS CM CC][Len SSize MFit CAtom][GNone]", "population_size": 100, "evaluation_budget": 10000, "cluster_info_file_name": "C:\\Users\\gac8\\PycharmProjects\\PSSearch\\retail_forecasting_data_collection\\data\\cluster_info_250_random.pkl", "use_custom_sampling_operator": true, "use_custom_mutation_operator": true, "use_custom_crossover_operator": true, "use_custom_atomicity": true, "genome_threshold": null, "include_ps_len": true, "include_sample_quantity": true, "include_wasserstein_distance": false, "include_diff_median": false, "include_atomicity": true, "include_p_value": false, "include_mean_fitness": true, "include_variance": false}, "results": [{"pattern": [61, 215], "threshold": null}, {"pattern": [45], "threshold": null}, {"pattern": [86], "threshold": null}, {"pattern": [16, 235], "threshold": null}, {"pattern": [86, 95], "threshold": null}, {"pattern": [25], "threshold": null}, {"pattern": [233, 37], "threshold": null}, {"pattern": [186, 221], "threshold": null}, {"pattern": [65, 188, 182], "threshold": null}, {"pattern": [241, 116], "threshold": null}, {"pattern": [27, 19], "threshold": null}, {"pattern": [134, 55], "threshold": null}, {"pattern": [188, 38], "threshold": null}, {"pattern": [105, 207], "threshold": null}, {"pattern": [103], "threshold": null}, {"pattern": [120], "threshold": null}, {"pattern": [226, 76], "threshold": null}, {"pattern": [171, 103], "threshold": null}, {"pattern": [188, 237], "threshold": null}, {"pattern": [241, 139], "threshold": null}, {"pattern": [188], "threshold": null}, {"pattern": [54], "threshold": null}, {"pattern": [244, 47], "threshold": null}, {"pattern": [88], "threshold": null}, {"pattern": [241, 86], "threshold": null}, {"pattern": [212], "threshold": null}, {"pattern": [13, 157], "threshold": null}, {"pattern": [212, 237], "threshold": null}, {"pattern": [232, 248], "threshold": null}, {"pattern": [19, 188], "threshold": null}, {"pattern": [235, 215], "threshold": null}, {"pattern": [188, 205], "threshold": null}, {"pattern": [218, 11], "threshold": null}, {"pattern": [65, 212, 196, 86], "threshold": null}, {"pattern": [65, 188], "threshold": null}, {"pattern": [65], "threshold": null}, {"pattern": [65, 221], "threshold": null}, {"pattern": [132], "threshold": null}, {"pattern": [158], "threshold": null}, {"pattern": [13], "threshold": null}, {"pattern": [230], "threshold": null}, {"pattern": [87, 63], "threshold": null}, {"pattern": [8, 19], "threshold": null}, {"pattern": [237], "threshold": null}]}, {"config": {"code_name": "[CS CM CC][SSize MFit CAtom][GNone]", "population_size": 100, "evaluation_budget": 10000, "cluster_info_file_name": "C:\\Users\\gac8\\PycharmProjects\\PSSearch\\retail_forecasting_data_collection\\data\\cluster_info_250_random.pkl", "use_custom_sampling_operator": true, "use_custom_mutation_operator": true, "use_custom_crossover_operator": true, "use_custom_atomicity": true, "genome_threshold": null, "include_ps_len": false, "include_sample_quantity": true, "include_wasserstein_distance": false, "include_diff_median": false, "include_atomicity": true, "include_p_value": false, "include_mean_fitness": true, "include_variance": false}, "results": [{"pattern": [134, 30], "threshold": null}, {"pattern": [25, 103], "threshold": null}, {"pattern": [97, 101], "threshold": null}, {"pattern": [56, 63], "threshold": null}, {"pattern": [157, 215], "threshold": null}, {"pattern": [132, 158], "threshold": null}, {"pattern": [11, 77], "threshold": null}, {"pattern": [76, 29], "threshold": null}, {"pattern": [18, 92], "threshold": null}, {"pattern": [158], "threshold": null}, {"pattern": [188, 76], "threshold": null}, {"pattern": [16, 215], "threshold": null}, {"pattern": [212], "threshold": null}, {"pattern": [77, 63], "threshold": null}, {"pattern": [76, 69], "threshold": null}, {"pattern": [232, 205], "threshold": null}, {"pattern": [71, 47], "threshold": null}, {"pattern": [86], "threshold": null}, {"pattern": [237], "threshold": null}, {"pattern": [34, 237], "threshold": null}, {"pattern": [34, 87], "threshold": null}, {"pattern": [16, 241], "threshold": null}, {"pattern": [42, 212], "threshold": null}, {"pattern": [65, 13], "threshold": null}, {"pattern": [162, 212], "threshold": null}, {"pattern": [116, 61], "threshold": null}, {"pattern": [212, 182], "threshold": null}, {"pattern": [158, 134], "threshold": null}, {"pattern": [204, 237], "threshold": null}, {"pattern": [146, 13], "threshold": null}, {"pattern": [38, 119], "threshold": null}, {"pattern": [88], "threshold": null}, {"pattern": [25, 177], "threshold": null}, {"pattern": [103], "threshold": null}, {"pattern": [16, 34], "threshold": null}, {"pattern": [188], "threshold": null}, {"pattern": [132], "threshold": null}, {"pattern": [249, 239], "threshold": null}, {"pattern": [91, 158], "threshold": null}, {"pattern": [93, 86], "threshold": null}, {"pattern": [65], "threshold": null}, {"pattern": [182, 103], "threshold": null}, {"pattern": [139, 132], "threshold": null}, {"pattern": [13, 157], "threshold": null}, {"pattern": [146, 101], "threshold": null}, {"pattern": [13], "threshold": null}]}, {"config": {"code_name": "[CS CM CC][Len MFit CAtom][GNone]", "population_size": 100, "evaluation_budget": 10000, "cluster_info_file_name": "C:\\Users\\gac8\\PycharmProjects\\PSSearch\\retail_forecasting_data_collection\\data\\cluster_info_250_random.pkl", "use_custom_sampling_operator": true, "use_custom_mutation_operator": true, "use_custom_crossover_operator": true, "use_custom_atomicity": true, "genome_threshold": null, "include_ps_len": true, "include_sample_quantity": false, "include_wasserstein_distance": false, "include_diff_median": false, "include_atomicity": true, "include_p_value": false, "include_mean_fitness": true, "include_variance": false}, "results": [{"pattern": [155, 86], "threshold": null}, {"pattern": [35, 109], "threshold": null}, {"pattern": [120], "threshold": null}, {"pattern": [232, 87], "threshold": null}, {"pattern": [158, 188, 134], "threshold": null}, {"pattern": [119, 87], "threshold": null}, {"pattern": [88, 134], "threshold": null}]}, {"config": {"code_name": "[CS CM CC][Len SSize CAtom][GNone]", "population_size": 100, "evaluation_budget": 10000, "cluster_info_file_name": "C:\\Users\\gac8\\PycharmProjects\\PSSearch\\retail_forecasting_data_collection\\data\\cluster_info_250_random.pkl", "use_custom_sampling_operator": true, "use_custom_mutation_operator": true, "use_custom_crossover_operator": true, "use_custom_atomicity": true, "genome_threshold": null, "include_ps_len": true, "include_sample_quantity": true, "include_wasserstein_distance": false, "include_diff_median": false, "include_atomicity": true, "include_p_value": false, "include_mean_fitness": false, "include_variance": false}, "results": [{"pattern": [91, 47], "threshold": null}, {"pattern": [87, 63], "threshold": null}, {"pattern": [16, 197], "threshold": null}, {"pattern": [188, 158], "threshold": null}, {"pattern": [188], "threshold": null}, {"pattern": [27, 86], "threshold": null}, {"pattern": [81, 196], "threshold": null}, {"pattern": [188, 119], "threshold": null}, {"pattern": [42, 188], "threshold": null}, {"pattern": [212, 221], "threshold": null}, {"pattern": [158, 86], "threshold": null}, {"pattern": [244, 47], "threshold": null}]}, {"config": {"code_name": "[CS CM CC][Len SSize MFit][GNone]", "population_size": 100, "evaluation_budget": 10000, "cluster_info_file_name": "C:\\Users\\gac8\\PycharmProjects\\PSSearch\\retail_forecasting_data_collection\\data\\cluster_info_250_random.pkl", "use_custom_sampling_operator": true, "use_custom_mutation_operator": true, "use_custom_crossover_operator": true, "use_custom_atomicity": true, "genome_threshold": null, "include_ps_len": true, "include_sample_quantity": true, "include_wasserstein_distance": false, "include_diff_median": false, "include_atomicity": false, "include_p_value": false, "include_mean_fitness": true, "include_variance": false}, "results": [{"pattern": [212, 188], "threshold": null}, {"pattern": [158], "threshold": null}, {"pattern": [196, 86], "threshold": null}, {"pattern": [86], "threshold": null}, {"pattern": [212, 13], "threshold": null}, {"pattern": [180, 237], "threshold": null}, {"pattern": [45], "threshold": null}, {"pattern": [248, 116], "threshold": null}, {"pattern": [25], "threshold": null}, {"pattern": [25, 86], "threshold": null}, {"pattern": [230], "threshold": null}, {"pattern": [86, 103], "threshold": null}, {"pattern": [212], "threshold": null}, {"pattern": [196, 237], "threshold": null}, {"pattern": [188], "threshold": null}, {"pattern": [202, 13], "threshold": null}, {"pattern": [34, 132], "threshold": null}, {"pattern": [132], "threshold": null}, {"pattern": [120], "threshold": null}, {"pattern": [88], "threshold": null}, {"pattern": [65], "threshold": null}, {"pattern": [54], "threshold": null}, {"pattern": [237], "threshold": null}, {"pattern": [13], "threshold": null}, {"pattern": [248, 25], "threshold": null}, {"pattern": [103], "threshold": null}]}, {"config": {"code_name": "[OS CM CC][Len SSize MFit CAtom][GNone]", "population_size": 100, "evaluation_budget": 10000, "cluster_info_file_name": "C:\\Users\\gac8\\PycharmProjects\\PSSearch\\retail_forecasting_data_collection\\data\\cluster_info_250_random.pkl", "use_custom_sampling_operator": false, "use_custom_mutation_operator": true, "use_custom_crossover_operator": true, "use_custom_atomicity": true, "genome_threshold": null, "include_ps_len": true, "include_sample_quantity": true, "include_wasserstein_distance": false, "include_diff_median": false, "include_atomicity": true, "include_p_value": false, "include_mean_fitness": true, "include_variance": false}, "results": [{"pattern": [13, 181], "threshold": null}, {"pattern": [45], "threshold": null}, {"pattern": [202, 151], "threshold": null}, {"pattern": [224, 81], "threshold": null}, {"pattern": [86], "threshold": null}, {"pattern": [204, 61], "threshold": null}, {"pattern": [25], "threshold": null}, {"pattern": [235, 116], "threshold": null}, {"pattern": [56, 204], "threshold": null}, {"pattern": [56, 86], "threshold": null}, {"pattern": [190, 63], "threshold": null}, {"pattern": [132, 237], "threshold": null}, {"pattern": [116, 13], "threshold": null}, {"pattern": [205, 38], "threshold": null}, {"pattern": [155, 63], "threshold": null}, {"pattern": [103], "threshold": null}, {"pattern": [16, 13], "threshold": null}, {"pattern": [90, 164], "threshold": null}, {"pattern": [120], "threshold": null}, {"pattern": [146, 101], "threshold": null}, {"pattern": [211, 132], "threshold": null}, {"pattern": [177, 217], "threshold": null}, {"pattern": [13, 239], "threshold": null}, {"pattern": [188], "threshold": null}, {"pattern": [54], "threshold": null}, {"pattern": [24, 181], "threshold": null}, {"pattern": [88], "threshold": null}, {"pattern": [13, 103], "threshold": null}, {"pattern": [237, 215], "threshold": null}, {"pattern": [188, 103], "threshold": null}, {"pattern": [212], "threshold": null}, {"pattern": [105, 52], "threshold": null}, {"pattern": [16, 204], "threshold": null}, {"pattern": [65], "threshold": null}, {"pattern": [158, 103], "threshold": null}, {"pattern": [86, 103], "threshold": null}, {"pattern": [162, 103], "threshold": null}, {"pattern": [65, 221], "threshold": null}, {"pattern": [132], "threshold": null}, {"pattern": [158], "threshold": null}, {"pattern": [13], "threshold": null}, {"pattern": [230], "threshold": null}, {"pattern": [65, 237], "threshold": null}, {"pattern": [224, 212], "threshold": null}, {"pattern": [91, 47], "threshold": null}, {"pattern": [196, 103], "threshold": null}, {"pattern": [237], "threshold": null}, {"pattern": [218, 51], "threshold": null}, {"pattern": [232, 109], "threshold": null}]}, {"config": {"code_name": "[CS OM CC][Len SSize MFit CAtom][GNone]", "population_size": 100, "evaluation_budget": 10000, "cluster_info_file_name": "C:\\Users\\gac8\\PycharmProjects\\PSSearch\\retail_forecasting_data_collection\\data\\cluster_info_250_random.pkl", "use_custom_sampling_operator": true, "use_custom_mutation_operator": false, "use_custom_crossover_operator": true, "use_custom_atomicity": true, "genome_threshold": null, "include_ps_len": true, "include_sample_quantity": true, "include_wasserstein_distance": false, "include_diff_median": false, "include_atomicity": true, "include_p_value": false, "include_mean_fitness": true, "include_variance": false}, "results": [{"pattern": [202, 180, 196], "threshold": null}, {"pattern": [202, 196, 188, 86], "threshold": null}, {"pattern": [74, 68], "threshold": null}, {"pattern": [209, 202], "threshold": null}, {"pattern": [196, 190], "threshold": null}, {"pattern": [188, 13], "threshold": null}, {"pattern": [88, 196, 188], "threshold": null}, {"pattern": [65, 90, 221], "threshold": null}, {"pattern": [132, 202, 196, 188], "threshold": null}, {"pattern": [212], "threshold": null}, {"pattern": [65, 90, 188], "threshold": null}, {"pattern": [202, 196], "threshold": null}, {"pattern": [226, 180], "threshold": null}, {"pattern": [237, 134], "threshold": null}, {"pattern": [241, 180, 188], "threshold": null}, {"pattern": [74], "threshold": null}, {"pattern": [202, 180, 212], "threshold": null}, {"pattern": [212, 93], "threshold": null}, {"pattern": [65, 237], "threshold": null}, {"pattern": [65, 90], "threshold": null}, {"pattern": [188, 158], "threshold": null}, {"pattern": [212, 202, 180, 188], "threshold": null}, {"pattern": [202, 196, 188, 215], "threshold": null}, {"pattern": [202, 86], "threshold": null}, {"pattern": [65, 217], "threshold": null}, {"pattern": [82, 78], "threshold": null}, {"pattern": [49, 196], "threshold": null}, {"pattern": [241, 134], "threshold": null}, {"pattern": [212, 196, 221], "threshold": null}, {"pattern": [27, 65, 212, 188], "threshold": null}, {"pattern": [196, 63], "threshold": null}, {"pattern": [249, 239], "threshold": null}, {"pattern": [224, 188, 196], "threshold": null}, {"pattern": [202, 196, 86], "threshold": null}, {"pattern": [188], "threshold": null}, {"pattern": [65, 212, 13], "threshold": null}, {"pattern": [235, 134], "threshold": null}, {"pattern": [196, 221], "threshold": null}, {"pattern": [116, 65, 212], "threshold": null}, {"pattern": [83, 171], "threshold": null}, {"pattern": [188, 202, 180, 196], "threshold": null}, {"pattern": [65, 196], "threshold": null}, {"pattern": [235, 196], "threshold": null}, {"pattern": [27, 196], "threshold": null}, {"pattern": [65, 188, 212], "threshold": null}, {"pattern": [196, 77], "threshold": null}, {"pattern": [65, 90, 212, 188], "threshold": null}, {"pattern": [65, 212], "threshold": null}, {"pattern": [212, 244], "threshold": null}, {"pattern": [49, 74], "threshold": null}, {"pattern": [137, 134], "threshold": null}, {"pattern": [248, 226], "threshold": null}, {"pattern": [212, 87], "threshold": null}, {"pattern": [188, 86], "threshold": null}, {"pattern": [241, 188, 158], "threshold": null}, {"pattern": [202, 196, 188], "threshold": null}, {"pattern": [65, 202, 196], "threshold": null}, {"pattern": [188, 245, 158], "threshold": null}, {"pattern": [134], "threshold": null}, {"pattern": [196], "threshold": null}, {"pattern": [196, 212, 215, 202, 188], "threshold": null}, {"pattern": [49, 212], "threshold": null}, {"pattern": [188, 103], "threshold": null}, {"pattern": [212, 196], "threshold": null}, {"pattern": [28], "threshold": null}, {"pattern": [224, 196], "threshold": null}, {"pattern": [171, 188, 215], "threshold": null}, {"pattern": [188, 167], "threshold": null}, {"pattern": [25, 134], "threshold": null}, {"pattern": [65, 212, 245], "threshold": null}, {"pattern": [93], "threshold": null}, {"pattern": [190, 134], "threshold": null}, {"pattern": [81, 188, 196, 212], "threshold": null}, {"pattern": [202, 188, 196, 221], "threshold": null}, {"pattern": [49], "threshold": null}, {"pattern": [171, 188], "threshold": null}, {"pattern": [81, 188, 196], "threshold": null}, {"pattern": [65, 212, 217], "threshold": null}, {"pattern": [188, 190], "threshold": null}, {"pattern": [132, 188, 215], "threshold": null}, {"pattern": [65], "threshold": null}, {"pattern": [208, 151], "threshold": null}, {"pattern": [50, 188, 158], "threshold": null}, {"pattern": [217, 212], "threshold": null}]}, {"config": {"code_name": "[CS CM OC][Len SSize MFit CAtom][GNone]", "population_size": 100, "evaluation_budget": 10000, "cluster_info_file_name": "C:\\Users\\gac8\\PycharmProjects\\PSSearch\\retail_forecasting_data_collection\\data\\cluster_info_250_random.pkl", "use_custom_sampling_operator": true, "use_custom_mutation_operator": true, "use_custom_crossover_operator": false, "use_custom_atomicity": true, "genome_threshold": null, "include_ps_len": true, "include_sample_quantity": true, "include_wasserstein_distance": false, "include_diff_median": false, "include_atomicity": true, "include_p_value": false, "include_mean_fitness": true, "include_variance": false}, "results": [{"pattern": [102, 63], "threshold": null}, {"pattern": [45], "threshold": null}, {"pattern": [42, 158], "threshold": null}, {"pattern": [224, 202], "threshold": null}, {"pattern": [16, 74], "threshold": null}, {"pattern": [65, 212, 103], "threshold": null}, {"pattern": [248, 52], "threshold": null}, {"pattern": [184, 134], "threshold": null}, {"pattern": [241, 202], "threshold": null}, {"pattern": [86], "threshold": null}, {"pattern": [212, 157], "threshold": null}, {"pattern": [25], "threshold": null}, {"pattern": [91, 188], "threshold": null}, {"pattern": [224, 180], "threshold": null}, {"pattern": [13, 86], "threshold": null}, {"pattern": [208, 47], "threshold": null}, {"pattern": [83, 151], "threshold": null}, {"pattern": [51, 11], "threshold": null}, {"pattern": [212, 167], "threshold": null}, {"pattern": [155, 38], "threshold": null}, {"pattern": [18, 63], "threshold": null}, {"pattern": [103], "threshold": null}, {"pattern": [120], "threshold": null}, {"pattern": [244, 158], "threshold": null}, {"pattern": [13, 134], "threshold": null}, {"pattern": [177, 215], "threshold": null}, {"pattern": [177, 86], "threshold": null}, {"pattern": [188], "threshold": null}, {"pattern": [61, 190], "threshold": null}, {"pattern": [54], "threshold": null}, {"pattern": [188, 215], "threshold": null}, {"pattern": [232, 235], "threshold": null}, {"pattern": [139, 132], "threshold": null}, {"pattern": [88], "threshold": null}, {"pattern": [8, 26], "threshold": null}, {"pattern": [237, 103], "threshold": null}, {"pattern": [49, 212], "threshold": null}, {"pattern": [217, 103], "threshold": null}, {"pattern": [212], "threshold": null}, {"pattern": [193, 215], "threshold": null}, {"pattern": [90, 180, 215], "threshold": null}, {"pattern": [65, 215], "threshold": null}, {"pattern": [88, 245], "threshold": null}, {"pattern": [24, 158], "threshold": null}, {"pattern": [65], "threshold": null}, {"pattern": [50, 167], "threshold": null}, {"pattern": [29, 86], "threshold": null}, {"pattern": [237, 182], "threshold": null}, {"pattern": [132], "threshold": null}, {"pattern": [208, 27], "threshold": null}, {"pattern": [158], "threshold": null}, {"pattern": [13], "threshold": null}, {"pattern": [230], "threshold": null}, {"pattern": [13, 158], "threshold": null}, {"pattern": [202, 134], "threshold": null}, {"pattern": [188, 158], "threshold": null}, {"pattern": [237], "threshold": null}, {"pattern": [116, 167], "threshold": null}]}]}