{"extra_info": {"version": "fallback_v1", "seed": 71}, "data": [{"config": {"code_name": "[CS CM CC][Len SSize MFit CAtom][GNone]", "population_size": 100, "evaluation_budget": 10000, "cluster_info_file_name": "C:\\Users\\gac8\\PycharmProjects\\PSSearch\\retail_forecasting_data_collection\\data\\cluster_info_250_random.pkl", "use_custom_sampling_operator": true, "use_custom_mutation_operator": true, "use_custom_crossover_operator": true, "use_custom_atomicity": true, "genome_threshold": null, "include_ps_len": true, "include_sample_quantity": true, "include_wasserstein_distance": false, "include_diff_median": false, "include_atomicity": true, "include_p_value": false, "include_mean_fitness": true, "include_variance": false}, "results": [{"pattern": [237], "threshold": null}, {"pattern": [132, 63], "threshold": null}, {"pattern": [164, 103], "threshold": null}, {"pattern": [74, 91], "threshold": null}, {"pattern": [180, 134], "threshold": null}, {"pattern": [212, 116], "threshold": null}, {"pattern": [56, 63], "threshold": null}, {"pattern": [45], "threshold": null}, {"pattern": [217, 86], "threshold": null}, {"pattern": [54], "threshold": null}, {"pattern": [56, 246], "threshold": null}, {"pattern": [86], "threshold": null}, {"pattern": [235, 86], "threshold": null}, {"pattern": [217], "threshold": null}, {"pattern": [50, 196], "threshold": null}, {"pattern": [232, 103], "threshold": null}, {"pattern": [13, 86], "threshold": null}, {"pattern": [212, 134], "threshold": null}, {"pattern": [25], "threshold": null}, {"pattern": [65, 202], "threshold": null}, {"pattern": [65], "threshold": null}, {"pattern": [221, 61], "threshold": null}, {"pattern": [132, 158], "threshold": null}, {"pattern": [13], "threshold": null}, {"pattern": [16, 74], "threshold": null}, {"pattern": [103, 87], "threshold": null}, {"pattern": [212], "threshold": null}, {"pattern": [120], "threshold": null}, {"pattern": [103], "threshold": null}, {"pattern": [212, 188, 38], "threshold": null}, {"pattern": [88], "threshold": null}, {"pattern": [188, 215], "threshold": null}, {"pattern": [13, 157], "threshold": null}, {"pattern": [241, 212], "threshold": null}, {"pattern": [158], "threshold": null}, {"pattern": [241, 63], "threshold": null}, {"pattern": [105, 205], "threshold": null}, {"pattern": [90, 55], "threshold": null}, {"pattern": [230], "threshold": null}, {"pattern": [180, 86], "threshold": null}, {"pattern": [25, 245], "threshold": null}, {"pattern": [188], "threshold": null}, {"pattern": [65, 202, 215], "threshold": null}, {"pattern": [132], "threshold": null}]}, {"config": {"code_name": "[CS CM CC][SSize MFit CAtom][GNone]", "population_size": 100, "evaluation_budget": 10000, "cluster_info_file_name": "C:\\Users\\gac8\\PycharmProjects\\PSSearch\\retail_forecasting_data_collection\\data\\cluster_info_250_random.pkl", "use_custom_sampling_operator": true, "use_custom_mutation_operator": true, "use_custom_crossover_operator": true, "use_custom_atomicity": true, "genome_threshold": null, "include_ps_len": false, "include_sample_quantity": true, "include_wasserstein_distance": false, "include_diff_median": false, "include_atomicity": true, "include_p_value": false, "include_mean_fitness": true, "include_variance": false}, "results": [{"pattern": [188, 215], "threshold": null}, {"pattern": [16, 202], "threshold": null}, {"pattern": [188], "threshold": null}, {"pattern": [224, 244], "threshold": null}, {"pattern": [56, 246], "threshold": null}, {"pattern": [196, 93], "threshold": null}, {"pattern": [241, 212], "threshold": null}, {"pattern": [132, 221], "threshold": null}, {"pattern": [132, 237], "threshold": null}, {"pattern": [13], "threshold": null}, {"pattern": [137, 134], "threshold": null}, {"pattern": [188, 13], "threshold": null}, {"pattern": [248, 151], "threshold": null}, {"pattern": [76, 190], "threshold": null}, {"pattern": [56, 237], "threshold": null}, {"pattern": [103], "threshold": null}, {"pattern": [65], "threshold": null}, {"pattern": [232, 13], "threshold": null}, {"pattern": [212, 215], "threshold": null}, {"pattern": [146, 86], "threshold": null}, {"pattern": [188, 158], "threshold": null}, {"pattern": [158], "threshold": null}, {"pattern": [86, 215], "threshold": null}, {"pattern": [88], "threshold": null}, {"pattern": [16, 87], "threshold": null}, {"pattern": [158, 167], "threshold": null}, {"pattern": [162, 221], "threshold": null}, {"pattern": [61, 86], "threshold": null}, {"pattern": [212, 54], "threshold": null}, {"pattern": [212], "threshold": null}, {"pattern": [17, 134], "threshold": null}, {"pattern": [18, 38], "threshold": null}, {"pattern": [171, 47], "threshold": null}, {"pattern": [158, 103], "threshold": null}, {"pattern": [91, 158], "threshold": null}, {"pattern": [245, 86], "threshold": null}, {"pattern": [193, 90], "threshold": null}]}, {"config": {"code_name": "[CS CM CC][Len MFit CAtom][GNone]", "population_size": 100, "evaluation_budget": 10000, "cluster_info_file_name": "C:\\Users\\gac8\\PycharmProjects\\PSSearch\\retail_forecasting_data_collection\\data\\cluster_info_250_random.pkl", "use_custom_sampling_operator": true, "use_custom_mutation_operator": true, "use_custom_crossover_operator": true, "use_custom_atomicity": true, "genome_threshold": null, "include_ps_len": true, "include_sample_quantity": false, "include_wasserstein_distance": false, "include_diff_median": false, "include_atomicity": true, "include_p_value": false, "include_mean_fitness": true, "include_variance": false}, "results": [{"pattern": [241, 167], "threshold": null}, {"pattern": [235, 103], "threshold": null}, {"pattern": [192, 101], "threshold": null}, {"pattern": [120], "threshold": null}, {"pattern": [169, 235], "threshold": null}, {"pattern": [16, 241], "threshold": null}]}, {"config": {"code_name": "[CS CM CC][Len SSize CAtom][GNone]", "population_size": 100, "evaluation_budget": 10000, "cluster_info_file_name": "C:\\Users\\gac8\\PycharmProjects\\PSSearch\\retail_forecasting_data_collection\\data\\cluster_info_250_random.pkl", "use_custom_sampling_operator": true, "use_custom_mutation_operator": true, "use_custom_crossover_operator": true, "use_custom_atomicity": true, "genome_threshold": null, "include_ps_len": true, "include_sample_quantity": true, "include_wasserstein_distance": false, "include_diff_median": false, "include_atomicity": true, "include_p_value": false, "include_mean_fitness": false, "include_variance": false}, "results": [{"pattern": [104, 142], "threshold": null}, {"pattern": [91, 188], "threshold": null}, {"pattern": [188, 71], "threshold": null}, {"pattern": [248, 215], "threshold": null}, {"pattern": [196, 86], "threshold": null}, {"pattern": [188], "threshold": null}, {"pattern": [81, 153], "threshold": null}, {"pattern": [18, 37], "threshold": null}, {"pattern": [244, 47], "threshold": null}, {"pattern": [202, 142], "threshold": null}, {"pattern": [209, 188], "threshold": null}]}, {"config": {"code_name": "[CS CM CC][Len SSize MFit][GNone]", "population_size": 100, "evaluation_budget": 10000, "cluster_info_file_name": "C:\\Users\\gac8\\PycharmProjects\\PSSearch\\retail_forecasting_data_collection\\data\\cluster_info_250_random.pkl", "use_custom_sampling_operator": true, "use_custom_mutation_operator": true, "use_custom_crossover_operator": true, "use_custom_atomicity": true, "genome_threshold": null, "include_ps_len": true, "include_sample_quantity": true, "include_wasserstein_distance": false, "include_diff_median": false, "include_atomicity": false, "include_p_value": false, "include_mean_fitness": true, "include_variance": false}, "results": [{"pattern": [158, 127], "threshold": null}, {"pattern": [16, 38], "threshold": null}, {"pattern": [132, 134], "threshold": null}, {"pattern": [65], "threshold": null}, {"pattern": [25], "threshold": null}, {"pattern": [132], "threshold": null}, {"pattern": [158], "threshold": null}, {"pattern": [61, 158], "threshold": null}, {"pattern": [34, 158], "threshold": null}, {"pattern": [88, 248], "threshold": null}, {"pattern": [221, 215], "threshold": null}, {"pattern": [212], "threshold": null}, {"pattern": [54], "threshold": null}, {"pattern": [188], "threshold": null}, {"pattern": [88], "threshold": null}, {"pattern": [103], "threshold": null}, {"pattern": [45], "threshold": null}, {"pattern": [132, 215], "threshold": null}, {"pattern": [86], "threshold": null}, {"pattern": [13], "threshold": null}, {"pattern": [16, 86], "threshold": null}, {"pattern": [241, 63], "threshold": null}, {"pattern": [212, 164], "threshold": null}, {"pattern": [230], "threshold": null}, {"pattern": [16, 88], "threshold": null}, {"pattern": [217], "threshold": null}, {"pattern": [237], "threshold": null}, {"pattern": [180, 158], "threshold": null}, {"pattern": [120], "threshold": null}]}, {"config": {"code_name": "[OS CM CC][Len SSize MFit CAtom][GNone]", "population_size": 100, "evaluation_budget": 10000, "cluster_info_file_name": "C:\\Users\\gac8\\PycharmProjects\\PSSearch\\retail_forecasting_data_collection\\data\\cluster_info_250_random.pkl", "use_custom_sampling_operator": false, "use_custom_mutation_operator": true, "use_custom_crossover_operator": true, "use_custom_atomicity": true, "genome_threshold": null, "include_ps_len": true, "include_sample_quantity": true, "include_wasserstein_distance": false, "include_diff_median": false, "include_atomicity": true, "include_p_value": false, "include_mean_fitness": true, "include_variance": false}, "results": [{"pattern": [237], "threshold": null}, {"pattern": [196, 86], "threshold": null}, {"pattern": [49, 116], "threshold": null}, {"pattern": [81, 202], "threshold": null}, {"pattern": [86, 167], "threshold": null}, {"pattern": [11, 77], "threshold": null}, {"pattern": [212, 93], "threshold": null}, {"pattern": [45], "threshold": null}, {"pattern": [116, 197], "threshold": null}, {"pattern": [54], "threshold": null}, {"pattern": [86], "threshold": null}, {"pattern": [205, 109], "threshold": null}, {"pattern": [202, 215], "threshold": null}, {"pattern": [217], "threshold": null}, {"pattern": [81, 180], "threshold": null}, {"pattern": [13, 86], "threshold": null}, {"pattern": [49, 13], "threshold": null}, {"pattern": [25], "threshold": null}, {"pattern": [212, 167], "threshold": null}, {"pattern": [65], "threshold": null}, {"pattern": [13], "threshold": null}, {"pattern": [171, 188], "threshold": null}, {"pattern": [164, 86], "threshold": null}, {"pattern": [202, 235], "threshold": null}, {"pattern": [167, 47], "threshold": null}, {"pattern": [212], "threshold": null}, {"pattern": [25, 215], "threshold": null}, {"pattern": [120], "threshold": null}, {"pattern": [103], "threshold": null}, {"pattern": [88], "threshold": null}, {"pattern": [188, 215], "threshold": null}, {"pattern": [16, 134], "threshold": null}, {"pattern": [184, 221], "threshold": null}, {"pattern": [248, 116], "threshold": null}, {"pattern": [16, 63], "threshold": null}, {"pattern": [25, 188], "threshold": null}, {"pattern": [43, 149], "threshold": null}, {"pattern": [244, 103], "threshold": null}, {"pattern": [158], "threshold": null}, {"pattern": [237, 13], "threshold": null}, {"pattern": [65, 164], "threshold": null}, {"pattern": [137, 134], "threshold": null}, {"pattern": [230], "threshold": null}, {"pattern": [16, 235], "threshold": null}, {"pattern": [188], "threshold": null}, {"pattern": [165, 47], "threshold": null}, {"pattern": [81, 47], "threshold": null}, {"pattern": [132], "threshold": null}, {"pattern": [205, 38], "threshold": null}]}, {"config": {"code_name": "[CS OM CC][Len SSize MFit CAtom][GNone]", "population_size": 100, "evaluation_budget": 10000, "cluster_info_file_name": "C:\\Users\\gac8\\PycharmProjects\\PSSearch\\retail_forecasting_data_collection\\data\\cluster_info_250_random.pkl", "use_custom_sampling_operator": true, "use_custom_mutation_operator": false, "use_custom_crossover_operator": true, "use_custom_atomicity": true, "genome_threshold": null, "include_ps_len": true, "include_sample_quantity": true, "include_wasserstein_distance": false, "include_diff_median": false, "include_atomicity": true, "include_p_value": false, "include_mean_fitness": true, "include_variance": false}, "results": [{"pattern": [233, 37], "threshold": null}, {"pattern": [241, 180, 212], "threshold": null}, {"pattern": [13, 158], "threshold": null}, {"pattern": [212, 38], "threshold": null}, {"pattern": [90, 196, 158], "threshold": null}, {"pattern": [212, 63], "threshold": null}, {"pattern": [180, 215], "threshold": null}, {"pattern": [134, 38], "threshold": null}, {"pattern": [162, 13], "threshold": null}, {"pattern": [116, 188, 212, 158], "threshold": null}, {"pattern": [90, 188, 158], "threshold": null}, {"pattern": [180, 212], "threshold": null}, {"pattern": [180, 196, 212], "threshold": null}, {"pattern": [180, 212, 158], "threshold": null}, {"pattern": [212, 158, 63], "threshold": null}, {"pattern": [49, 212], "threshold": null}, {"pattern": [244, 13], "threshold": null}, {"pattern": [86], "threshold": null}, {"pattern": [88, 212, 158], "threshold": null}, {"pattern": [188, 212, 63], "threshold": null}, {"pattern": [180, 171, 212], "threshold": null}, {"pattern": [248, 16], "threshold": null}, {"pattern": [134, 86], "threshold": null}, {"pattern": [116, 212, 158], "threshold": null}, {"pattern": [212, 188], "threshold": null}, {"pattern": [158, 63], "threshold": null}, {"pattern": [90, 196, 188, 158], "threshold": null}, {"pattern": [172, 116], "threshold": null}, {"pattern": [137, 158], "threshold": null}, {"pattern": [212, 86], "threshold": null}, {"pattern": [147, 38], "threshold": null}, {"pattern": [38], "threshold": null}, {"pattern": [49], "threshold": null}, {"pattern": [142, 158], "threshold": null}, {"pattern": [212], "threshold": null}, {"pattern": [171, 212], "threshold": null}, {"pattern": [65, 196, 212], "threshold": null}, {"pattern": [188, 38, 63], "threshold": null}, {"pattern": [132, 212, 116], "threshold": null}, {"pattern": [88, 158], "threshold": null}, {"pattern": [188, 212, 38], "threshold": null}, {"pattern": [50, 158], "threshold": null}, {"pattern": [134, 212, 86], "threshold": null}, {"pattern": [241, 212, 86], "threshold": null}, {"pattern": [212, 158], "threshold": null}, {"pattern": [212, 190], "threshold": null}, {"pattern": [77, 38], "threshold": null}, {"pattern": [158], "threshold": null}, {"pattern": [212, 245, 158], "threshold": null}, {"pattern": [27, 86], "threshold": null}, {"pattern": [180, 212, 215], "threshold": null}, {"pattern": [42, 38], "threshold": null}, {"pattern": [177, 158], "threshold": null}, {"pattern": [16, 188], "threshold": null}, {"pattern": [202, 212, 86], "threshold": null}, {"pattern": [90, 158], "threshold": null}, {"pattern": [212, 86, 103], "threshold": null}, {"pattern": [188, 86], "threshold": null}, {"pattern": [188, 212, 34, 63], "threshold": null}, {"pattern": [235, 158], "threshold": null}, {"pattern": [19, 158], "threshold": null}, {"pattern": [65, 212], "threshold": null}, {"pattern": [208, 158], "threshold": null}, {"pattern": [50, 86], "threshold": null}, {"pattern": [237, 158], "threshold": null}]}, {"config": {"code_name": "[CS CM OC][Len SSize MFit CAtom][GNone]", "population_size": 100, "evaluation_budget": 10000, "cluster_info_file_name": "C:\\Users\\gac8\\PycharmProjects\\PSSearch\\retail_forecasting_data_collection\\data\\cluster_info_250_random.pkl", "use_custom_sampling_operator": true, "use_custom_mutation_operator": true, "use_custom_crossover_operator": false, "use_custom_atomicity": true, "genome_threshold": null, "include_ps_len": true, "include_sample_quantity": true, "include_wasserstein_distance": false, "include_diff_median": false, "include_atomicity": true, "include_p_value": false, "include_mean_fitness": true, "include_variance": false}, "results": [{"pattern": [180, 63], "threshold": null}, {"pattern": [237], "threshold": null}, {"pattern": [180, 132], "threshold": null}, {"pattern": [146, 86], "threshold": null}, {"pattern": [202, 212], "threshold": null}, {"pattern": [81, 153], "threshold": null}, {"pattern": [45], "threshold": null}, {"pattern": [54], "threshold": null}, {"pattern": [86], "threshold": null}, {"pattern": [179, 71], "threshold": null}, {"pattern": [217], "threshold": null}, {"pattern": [52, 215], "threshold": null}, {"pattern": [90, 212], "threshold": null}, {"pattern": [25], "threshold": null}, {"pattern": [65], "threshold": null}, {"pattern": [235, 188], "threshold": null}, {"pattern": [13], "threshold": null}, {"pattern": [19, 206], "threshold": null}, {"pattern": [16, 241], "threshold": null}, {"pattern": [221, 13], "threshold": null}, {"pattern": [116, 47], "threshold": null}, {"pattern": [34, 212], "threshold": null}, {"pattern": [212], "threshold": null}, {"pattern": [56, 155], "threshold": null}, {"pattern": [164, 182], "threshold": null}, {"pattern": [162, 188], "threshold": null}, {"pattern": [25, 215], "threshold": null}, {"pattern": [120], "threshold": null}, {"pattern": [19, 188, 215], "threshold": null}, {"pattern": [103], "threshold": null}, {"pattern": [88], "threshold": null}, {"pattern": [248, 63], "threshold": null}, {"pattern": [81, 244], "threshold": null}, {"pattern": [224, 244], "threshold": null}, {"pattern": [158], "threshold": null}, {"pattern": [27, 181], "threshold": null}, {"pattern": [92, 165], "threshold": null}, {"pattern": [171, 103], "threshold": null}, {"pattern": [230], "threshold": null}, {"pattern": [217, 237], "threshold": null}, {"pattern": [170, 132], "threshold": null}, {"pattern": [19, 196], "threshold": null}, {"pattern": [132, 30], "threshold": null}, {"pattern": [188], "threshold": null}, {"pattern": [132], "threshold": null}, {"pattern": [248, 55], "threshold": null}, {"pattern": [90, 63], "threshold": null}, {"pattern": [25, 134], "threshold": null}]}]}