{"extra_info": {"version": "fallback_v1", "seed": 63}, "data": [{"config": {"code_name": "[CS CM CC][Len SSize MFit CAtom][GNone]", "population_size": 100, "evaluation_budget": 10000, "cluster_info_file_name": "C:\\Users\\gac8\\PycharmProjects\\PSSearch\\retail_forecasting_data_collection\\data\\cluster_info_250_random.pkl", "use_custom_sampling_operator": true, "use_custom_mutation_operator": true, "use_custom_crossover_operator": true, "use_custom_atomicity": true, "genome_threshold": null, "include_ps_len": true, "include_sample_quantity": true, "include_wasserstein_distance": false, "include_diff_median": false, "include_atomicity": true, "include_p_value": false, "include_mean_fitness": true, "include_variance": false}, "results": [{"pattern": [49, 13], "threshold": null}, {"pattern": [50, 92], "threshold": null}, {"pattern": [74, 63], "threshold": null}, {"pattern": [164, 134], "threshold": null}, {"pattern": [65, 180, 158], "threshold": null}, {"pattern": [13], "threshold": null}, {"pattern": [151, 103], "threshold": null}, {"pattern": [86, 103], "threshold": null}, {"pattern": [103], "threshold": null}, {"pattern": [212, 196, 132], "threshold": null}, {"pattern": [116, 197], "threshold": null}, {"pattern": [132, 182], "threshold": null}, {"pattern": [188], "threshold": null}, {"pattern": [45], "threshold": null}, {"pattern": [30, 63], "threshold": null}, {"pattern": [235, 215], "threshold": null}, {"pattern": [196, 237], "threshold": null}, {"pattern": [93, 103], "threshold": null}, {"pattern": [132, 93], "threshold": null}, {"pattern": [212, 86], "threshold": null}, {"pattern": [241, 164], "threshold": null}, {"pattern": [25], "threshold": null}, {"pattern": [208, 212], "threshold": null}, {"pattern": [237], "threshold": null}, {"pattern": [88], "threshold": null}, {"pattern": [120], "threshold": null}, {"pattern": [190, 63], "threshold": null}, {"pattern": [218, 51], "threshold": null}, {"pattern": [132], "threshold": null}, {"pattern": [212, 215], "threshold": null}, {"pattern": [86], "threshold": null}, {"pattern": [27, 55], "threshold": null}, {"pattern": [188, 92], "threshold": null}, {"pattern": [65, 158], "threshold": null}, {"pattern": [74, 35], "threshold": null}, {"pattern": [25, 202], "threshold": null}, {"pattern": [180, 63], "threshold": null}, {"pattern": [76, 173], "threshold": null}, {"pattern": [88, 196], "threshold": null}, {"pattern": [139, 245], "threshold": null}, {"pattern": [82, 122], "threshold": null}, {"pattern": [230], "threshold": null}, {"pattern": [212], "threshold": null}, {"pattern": [65, 13], "threshold": null}, {"pattern": [65, 212], "threshold": null}, {"pattern": [35, 109], "threshold": null}, {"pattern": [61, 158], "threshold": null}, {"pattern": [158], "threshold": null}, {"pattern": [212, 180, 103], "threshold": null}, {"pattern": [180, 116], "threshold": null}, {"pattern": [162, 13], "threshold": null}, {"pattern": [180, 13], "threshold": null}]}, {"config": {"code_name": "[CS CM CC][SSize MFit CAtom][GNone]", "population_size": 100, "evaluation_budget": 10000, "cluster_info_file_name": "C:\\Users\\gac8\\PycharmProjects\\PSSearch\\retail_forecasting_data_collection\\data\\cluster_info_250_random.pkl", "use_custom_sampling_operator": true, "use_custom_mutation_operator": true, "use_custom_crossover_operator": true, "use_custom_atomicity": true, "genome_threshold": null, "include_ps_len": false, "include_sample_quantity": true, "include_wasserstein_distance": false, "include_diff_median": false, "include_atomicity": true, "include_p_value": false, "include_mean_fitness": true, "include_variance": false}, "results": [{"pattern": [97, 146], "threshold": null}, {"pattern": [27, 196], "threshold": null}, {"pattern": [42, 63], "threshold": null}, {"pattern": [232, 109], "threshold": null}, {"pattern": [16, 50], "threshold": null}, {"pattern": [188, 212, 132], "threshold": null}, {"pattern": [65, 212], "threshold": null}, {"pattern": [61, 158], "threshold": null}, {"pattern": [196, 221], "threshold": null}, {"pattern": [196, 188], "threshold": null}, {"pattern": [13], "threshold": null}, {"pattern": [61, 215], "threshold": null}, {"pattern": [177, 212, 188], "threshold": null}, {"pattern": [56, 155], "threshold": null}, {"pattern": [88, 202], "threshold": null}, {"pattern": [162, 196], "threshold": null}, {"pattern": [188], "threshold": null}, {"pattern": [134, 215], "threshold": null}, {"pattern": [193, 158], "threshold": null}, {"pattern": [196, 93], "threshold": null}, {"pattern": [30, 63], "threshold": null}, {"pattern": [132], "threshold": null}, {"pattern": [208, 50], "threshold": null}, {"pattern": [25, 116], "threshold": null}, {"pattern": [50, 196], "threshold": null}, {"pattern": [27, 180], "threshold": null}, {"pattern": [212, 180], "threshold": null}, {"pattern": [53, 158], "threshold": null}, {"pattern": [202, 212, 86], "threshold": null}, {"pattern": [34, 63], "threshold": null}, {"pattern": [27, 132], "threshold": null}, {"pattern": [158], "threshold": null}, {"pattern": [196, 38], "threshold": null}, {"pattern": [74, 116], "threshold": null}, {"pattern": [86], "threshold": null}, {"pattern": [237, 86], "threshold": null}, {"pattern": [212], "threshold": null}, {"pattern": [204, 61], "threshold": null}]}, {"config": {"code_name": "[CS CM CC][Len MFit CAtom][GNone]", "population_size": 100, "evaluation_budget": 10000, "cluster_info_file_name": "C:\\Users\\gac8\\PycharmProjects\\PSSearch\\retail_forecasting_data_collection\\data\\cluster_info_250_random.pkl", "use_custom_sampling_operator": true, "use_custom_mutation_operator": true, "use_custom_crossover_operator": true, "use_custom_atomicity": true, "genome_threshold": null, "include_ps_len": true, "include_sample_quantity": false, "include_wasserstein_distance": false, "include_diff_median": false, "include_atomicity": true, "include_p_value": false, "include_mean_fitness": true, "include_variance": false}, "results": [{"pattern": [184, 30], "threshold": null}, {"pattern": [17, 134], "threshold": null}, {"pattern": [120], "threshold": null}, {"pattern": [43, 149], "threshold": null}, {"pattern": [25, 158], "threshold": null}, {"pattern": [38, 87], "threshold": null}]}, {"config": {"code_name": "[CS CM CC][Len SSize CAtom][GNone]", "population_size": 100, "evaluation_budget": 10000, "cluster_info_file_name": "C:\\Users\\gac8\\PycharmProjects\\PSSearch\\retail_forecasting_data_collection\\data\\cluster_info_250_random.pkl", "use_custom_sampling_operator": true, "use_custom_mutation_operator": true, "use_custom_crossover_operator": true, "use_custom_atomicity": true, "genome_threshold": null, "include_ps_len": true, "include_sample_quantity": true, "include_wasserstein_distance": false, "include_diff_median": false, "include_atomicity": true, "include_p_value": false, "include_mean_fitness": false, "include_variance": false}, "results": [{"pattern": [188, 103], "threshold": null}, {"pattern": [249, 146], "threshold": null}, {"pattern": [188], "threshold": null}, {"pattern": [42, 188], "threshold": null}, {"pattern": [188, 205], "threshold": null}, {"pattern": [188, 245], "threshold": null}, {"pattern": [43, 212], "threshold": null}]}, {"config": {"code_name": "[CS CM CC][Len SSize MFit][GNone]", "population_size": 100, "evaluation_budget": 10000, "cluster_info_file_name": "C:\\Users\\gac8\\PycharmProjects\\PSSearch\\retail_forecasting_data_collection\\data\\cluster_info_250_random.pkl", "use_custom_sampling_operator": true, "use_custom_mutation_operator": true, "use_custom_crossover_operator": true, "use_custom_atomicity": true, "genome_threshold": null, "include_ps_len": true, "include_sample_quantity": true, "include_wasserstein_distance": false, "include_diff_median": false, "include_atomicity": false, "include_p_value": false, "include_mean_fitness": true, "include_variance": false}, "results": [{"pattern": [196, 116], "threshold": null}, {"pattern": [120], "threshold": null}, {"pattern": [248, 158], "threshold": null}, {"pattern": [132], "threshold": null}, {"pattern": [237], "threshold": null}, {"pattern": [235, 103], "threshold": null}, {"pattern": [45], "threshold": null}, {"pattern": [212, 13], "threshold": null}, {"pattern": [88], "threshold": null}, {"pattern": [158], "threshold": null}, {"pattern": [103], "threshold": null}, {"pattern": [86], "threshold": null}, {"pattern": [158, 103], "threshold": null}, {"pattern": [196, 13], "threshold": null}, {"pattern": [212], "threshold": null}, {"pattern": [188, 215], "threshold": null}, {"pattern": [25], "threshold": null}, {"pattern": [181, 158], "threshold": null}, {"pattern": [16, 212], "threshold": null}, {"pattern": [88, 132], "threshold": null}, {"pattern": [13], "threshold": null}, {"pattern": [188], "threshold": null}, {"pattern": [230], "threshold": null}, {"pattern": [202, 134], "threshold": null}, {"pattern": [88, 63], "threshold": null}]}, {"config": {"code_name": "[OS CM CC][Len SSize MFit CAtom][GNone]", "population_size": 100, "evaluation_budget": 10000, "cluster_info_file_name": "C:\\Users\\gac8\\PycharmProjects\\PSSearch\\retail_forecasting_data_collection\\data\\cluster_info_250_random.pkl", "use_custom_sampling_operator": false, "use_custom_mutation_operator": true, "use_custom_crossover_operator": true, "use_custom_atomicity": true, "genome_threshold": null, "include_ps_len": true, "include_sample_quantity": true, "include_wasserstein_distance": false, "include_diff_median": false, "include_atomicity": true, "include_p_value": false, "include_mean_fitness": true, "include_variance": false}, "results": [{"pattern": [184, 87], "threshold": null}, {"pattern": [186, 196], "threshold": null}, {"pattern": [16, 139], "threshold": null}, {"pattern": [13], "threshold": null}, {"pattern": [56, 155], "threshold": null}, {"pattern": [103], "threshold": null}, {"pattern": [241, 188], "threshold": null}, {"pattern": [188], "threshold": null}, {"pattern": [45], "threshold": null}, {"pattern": [221, 103], "threshold": null}, {"pattern": [90, 87], "threshold": null}, {"pattern": [224, 244], "threshold": null}, {"pattern": [196, 180], "threshold": null}, {"pattern": [248, 134], "threshold": null}, {"pattern": [34, 132], "threshold": null}, {"pattern": [90, 102], "threshold": null}, {"pattern": [25], "threshold": null}, {"pattern": [171, 180], "threshold": null}, {"pattern": [88, 212], "threshold": null}, {"pattern": [56, 241], "threshold": null}, {"pattern": [237], "threshold": null}, {"pattern": [88], "threshold": null}, {"pattern": [87, 63], "threshold": null}, {"pattern": [120], "threshold": null}, {"pattern": [182, 134], "threshold": null}, {"pattern": [204, 132], "threshold": null}, {"pattern": [241, 182], "threshold": null}, {"pattern": [132], "threshold": null}, {"pattern": [92, 165], "threshold": null}, {"pattern": [188, 206], "threshold": null}, {"pattern": [86], "threshold": null}, {"pattern": [68, 13], "threshold": null}, {"pattern": [86, 215], "threshold": null}, {"pattern": [49, 215], "threshold": null}, {"pattern": [37, 38], "threshold": null}, {"pattern": [232, 87], "threshold": null}, {"pattern": [230], "threshold": null}, {"pattern": [212], "threshold": null}, {"pattern": [24, 212], "threshold": null}, {"pattern": [88, 188], "threshold": null}, {"pattern": [158], "threshold": null}, {"pattern": [65, 25], "threshold": null}, {"pattern": [248, 188], "threshold": null}, {"pattern": [25, 13], "threshold": null}, {"pattern": [132, 63], "threshold": null}, {"pattern": [17, 134], "threshold": null}]}, {"config": {"code_name": "[CS OM CC][Len SSize MFit CAtom][GNone]", "population_size": 100, "evaluation_budget": 10000, "cluster_info_file_name": "C:\\Users\\gac8\\PycharmProjects\\PSSearch\\retail_forecasting_data_collection\\data\\cluster_info_250_random.pkl", "use_custom_sampling_operator": true, "use_custom_mutation_operator": false, "use_custom_crossover_operator": true, "use_custom_atomicity": true, "genome_threshold": null, "include_ps_len": true, "include_sample_quantity": true, "include_wasserstein_distance": false, "include_diff_median": false, "include_atomicity": true, "include_p_value": false, "include_mean_fitness": true, "include_variance": false}, "results": [{"pattern": [83, 47], "threshold": null}, {"pattern": [34, 215], "threshold": null}, {"pattern": [90, 188], "threshold": null}, {"pattern": [212, 103, 215], "threshold": null}, {"pattern": [130], "threshold": null}, {"pattern": [132, 188, 212], "threshold": null}, {"pattern": [202, 91], "threshold": null}, {"pattern": [180, 237], "threshold": null}, {"pattern": [202, 188, 212], "threshold": null}, {"pattern": [212, 158], "threshold": null}, {"pattern": [116, 212, 188, 103], "threshold": null}, {"pattern": [64, 146], "threshold": null}, {"pattern": [188], "threshold": null}, {"pattern": [74, 215], "threshold": null}, {"pattern": [65, 132], "threshold": null}, {"pattern": [116, 188, 13], "threshold": null}, {"pattern": [212, 37], "threshold": null}, {"pattern": [180], "threshold": null}, {"pattern": [212, 103], "threshold": null}, {"pattern": [212, 158, 215], "threshold": null}, {"pattern": [196, 212, 188, 103], "threshold": null}, {"pattern": [212, 86], "threshold": null}, {"pattern": [90, 212, 86], "threshold": null}, {"pattern": [65, 90, 188, 212], "threshold": null}, {"pattern": [16, 132, 212, 188], "threshold": null}, {"pattern": [237, 86], "threshold": null}, {"pattern": [91, 212, 215], "threshold": null}, {"pattern": [212, 77], "threshold": null}, {"pattern": [237], "threshold": null}, {"pattern": [241, 212], "threshold": null}, {"pattern": [43, 91], "threshold": null}, {"pattern": [65, 212, 188], "threshold": null}, {"pattern": [80, 182], "threshold": null}, {"pattern": [132, 90, 188, 212], "threshold": null}, {"pattern": [212, 215], "threshold": null}, {"pattern": [25, 188, 212], "threshold": null}, {"pattern": [188, 212], "threshold": null}, {"pattern": [16, 90, 188, 212], "threshold": null}, {"pattern": [132, 90, 212, 86], "threshold": null}, {"pattern": [202], "threshold": null}, {"pattern": [90, 212, 188], "threshold": null}, {"pattern": [105, 205], "threshold": null}, {"pattern": [212, 188, 13], "threshold": null}, {"pattern": [116, 188], "threshold": null}, {"pattern": [65, 245], "threshold": null}, {"pattern": [65, 237], "threshold": null}, {"pattern": [65, 78], "threshold": null}, {"pattern": [188, 212, 103, 215], "threshold": null}, {"pattern": [212, 221, 215], "threshold": null}, {"pattern": [217, 212], "threshold": null}, {"pattern": [90, 188, 212, 86], "threshold": null}, {"pattern": [116, 212], "threshold": null}, {"pattern": [16, 188, 196, 212], "threshold": null}, {"pattern": [248, 188, 212], "threshold": null}, {"pattern": [116, 188, 212], "threshold": null}, {"pattern": [212], "threshold": null}, {"pattern": [180, 212, 158], "threshold": null}, {"pattern": [65, 212], "threshold": null}, {"pattern": [56, 212], "threshold": null}, {"pattern": [132, 212, 90, 188, 13], "threshold": null}, {"pattern": [241, 212, 188], "threshold": null}, {"pattern": [237, 63], "threshold": null}, {"pattern": [90, 212, 215], "threshold": null}, {"pattern": [27, 212, 86], "threshold": null}, {"pattern": [132, 212, 63], "threshold": null}, {"pattern": [212, 188, 103], "threshold": null}, {"pattern": [132, 212], "threshold": null}, {"pattern": [241, 212, 215], "threshold": null}, {"pattern": [132, 90, 188], "threshold": null}, {"pattern": [16, 188, 212], "threshold": null}, {"pattern": [65], "threshold": null}, {"pattern": [97, 91], "threshold": null}, {"pattern": [241, 91], "threshold": null}, {"pattern": [132, 188, 212, 13], "threshold": null}]}, {"config": {"code_name": "[CS CM OC][Len SSize MFit CAtom][GNone]", "population_size": 100, "evaluation_budget": 10000, "cluster_info_file_name": "C:\\Users\\gac8\\PycharmProjects\\PSSearch\\retail_forecasting_data_collection\\data\\cluster_info_250_random.pkl", "use_custom_sampling_operator": true, "use_custom_mutation_operator": true, "use_custom_crossover_operator": false, "use_custom_atomicity": true, "genome_threshold": null, "include_ps_len": true, "include_sample_quantity": true, "include_wasserstein_distance": false, "include_diff_median": false, "include_atomicity": true, "include_p_value": false, "include_mean_fitness": true, "include_variance": false}, "results": [{"pattern": [25, 158], "threshold": null}, {"pattern": [235, 134], "threshold": null}, {"pattern": [13], "threshold": null}, {"pattern": [241, 180], "threshold": null}, {"pattern": [132, 86], "threshold": null}, {"pattern": [103], "threshold": null}, {"pattern": [16, 204], "threshold": null}, {"pattern": [188], "threshold": null}, {"pattern": [167, 103], "threshold": null}, {"pattern": [45], "threshold": null}, {"pattern": [202, 244], "threshold": null}, {"pattern": [248, 25], "threshold": null}, {"pattern": [64, 75], "threshold": null}, {"pattern": [196, 53], "threshold": null}, {"pattern": [188, 237, 103], "threshold": null}, {"pattern": [25], "threshold": null}, {"pattern": [76, 61], "threshold": null}, {"pattern": [88], "threshold": null}, {"pattern": [237], "threshold": null}, {"pattern": [87, 63], "threshold": null}, {"pattern": [38, 87], "threshold": null}, {"pattern": [120], "threshold": null}, {"pattern": [61, 190], "threshold": null}, {"pattern": [188, 38], "threshold": null}, {"pattern": [132], "threshold": null}, {"pattern": [232, 52], "threshold": null}, {"pattern": [132, 158], "threshold": null}, {"pattern": [86], "threshold": null}, {"pattern": [34, 87], "threshold": null}, {"pattern": [16, 164], "threshold": null}, {"pattern": [116, 95], "threshold": null}, {"pattern": [49, 212], "threshold": null}, {"pattern": [226, 131], "threshold": null}, {"pattern": [221, 134], "threshold": null}, {"pattern": [13, 181], "threshold": null}, {"pattern": [146, 101], "threshold": null}, {"pattern": [11, 205], "threshold": null}, {"pattern": [230], "threshold": null}, {"pattern": [212], "threshold": null}, {"pattern": [188, 132, 167], "threshold": null}, {"pattern": [182, 103], "threshold": null}, {"pattern": [158], "threshold": null}, {"pattern": [196, 188], "threshold": null}, {"pattern": [177, 212], "threshold": null}, {"pattern": [195, 135], "threshold": null}]}]}