{"extra_info": {"version": "fallback_v1", "seed": 93}, "data": [{"config": {"code_name": "[CS CM CC][Len SSize MFit CAtom][GNone]", "population_size": 100, "evaluation_budget": 10000, "cluster_info_file_name": "C:\\Users\\gac8\\PycharmProjects\\PSSearch\\retail_forecasting_data_collection\\data\\cluster_info_250_random.pkl", "use_custom_sampling_operator": true, "use_custom_mutation_operator": true, "use_custom_crossover_operator": true, "use_custom_atomicity": true, "genome_threshold": null, "include_ps_len": true, "include_sample_quantity": true, "include_wasserstein_distance": false, "include_diff_median": false, "include_atomicity": true, "include_p_value": false, "include_mean_fitness": true, "include_variance": false}, "results": [{"pattern": [158], "threshold": null}, {"pattern": [212, 190], "threshold": null}, {"pattern": [65, 158], "threshold": null}, {"pattern": [171, 47], "threshold": null}, {"pattern": [109, 87], "threshold": null}, {"pattern": [132], "threshold": null}, {"pattern": [25], "threshold": null}, {"pattern": [241, 13], "threshold": null}, {"pattern": [75, 35], "threshold": null}, {"pattern": [16, 215], "threshold": null}, {"pattern": [45], "threshold": null}, {"pattern": [25, 202], "threshold": null}, {"pattern": [217, 132], "threshold": null}, {"pattern": [13, 103], "threshold": null}, {"pattern": [212, 135], "threshold": null}, {"pattern": [204, 132], "threshold": null}, {"pattern": [180, 244], "threshold": null}, {"pattern": [188, 165], "threshold": null}, {"pattern": [16, 232], "threshold": null}, {"pattern": [237], "threshold": null}, {"pattern": [65, 27], "threshold": null}, {"pattern": [217], "threshold": null}, {"pattern": [217, 63], "threshold": null}, {"pattern": [120], "threshold": null}, {"pattern": [30, 63], "threshold": null}, {"pattern": [61, 190], "threshold": null}, {"pattern": [34, 158], "threshold": null}, {"pattern": [196], "threshold": null}, {"pattern": [86], "threshold": null}, {"pattern": [93, 13], "threshold": null}, {"pattern": [88], "threshold": null}, {"pattern": [188], "threshold": null}, {"pattern": [54], "threshold": null}, {"pattern": [235, 103], "threshold": null}, {"pattern": [162, 188], "threshold": null}, {"pattern": [103], "threshold": null}, {"pattern": [188, 244], "threshold": null}, {"pattern": [160, 245], "threshold": null}, {"pattern": [13], "threshold": null}, {"pattern": [157, 173], "threshold": null}, {"pattern": [171, 188], "threshold": null}, {"pattern": [212], "threshold": null}, {"pattern": [0, 215], "threshold": null}, {"pattern": [204, 237], "threshold": null}, {"pattern": [90, 63], "threshold": null}, {"pattern": [49, 212], "threshold": null}, {"pattern": [188, 109], "threshold": null}, {"pattern": [221, 102], "threshold": null}, {"pattern": [232, 119], "threshold": null}, {"pattern": [132, 86], "threshold": null}, {"pattern": [224, 55], "threshold": null}, {"pattern": [80, 248], "threshold": null}, {"pattern": [230], "threshold": null}, {"pattern": [196, 167], "threshold": null}, {"pattern": [241, 103], "threshold": null}, {"pattern": [90, 212, 86], "threshold": null}, {"pattern": [93], "threshold": null}, {"pattern": [181, 127], "threshold": null}, {"pattern": [65], "threshold": null}]}, {"config": {"code_name": "[CS CM CC][SSize MFit CAtom][GNone]", "population_size": 100, "evaluation_budget": 10000, "cluster_info_file_name": "C:\\Users\\gac8\\PycharmProjects\\PSSearch\\retail_forecasting_data_collection\\data\\cluster_info_250_random.pkl", "use_custom_sampling_operator": true, "use_custom_mutation_operator": true, "use_custom_crossover_operator": true, "use_custom_atomicity": true, "genome_threshold": null, "include_ps_len": false, "include_sample_quantity": true, "include_wasserstein_distance": false, "include_diff_median": false, "include_atomicity": true, "include_p_value": false, "include_mean_fitness": true, "include_variance": false}, "results": [{"pattern": [13], "threshold": null}, {"pattern": [237], "threshold": null}, {"pattern": [103], "threshold": null}, {"pattern": [92, 165], "threshold": null}, {"pattern": [50, 92], "threshold": null}, {"pattern": [224, 244], "threshold": null}, {"pattern": [218, 51], "threshold": null}, {"pattern": [217], "threshold": null}, {"pattern": [232, 87], "threshold": null}, {"pattern": [132, 244], "threshold": null}, {"pattern": [158], "threshold": null}, {"pattern": [212], "threshold": null}, {"pattern": [212, 237], "threshold": null}, {"pattern": [204, 215], "threshold": null}, {"pattern": [202, 188], "threshold": null}, {"pattern": [132], "threshold": null}, {"pattern": [190, 87], "threshold": null}, {"pattern": [235, 134], "threshold": null}, {"pattern": [241, 212], "threshold": null}, {"pattern": [18, 38], "threshold": null}, {"pattern": [248, 25], "threshold": null}, {"pattern": [88], "threshold": null}, {"pattern": [75, 35], "threshold": null}, {"pattern": [205, 119], "threshold": null}, {"pattern": [235, 215], "threshold": null}, {"pattern": [134, 55], "threshold": null}, {"pattern": [196], "threshold": null}, {"pattern": [212, 93], "threshold": null}, {"pattern": [65], "threshold": null}, {"pattern": [132, 61], "threshold": null}, {"pattern": [188], "threshold": null}, {"pattern": [8, 188], "threshold": null}, {"pattern": [27, 134], "threshold": null}, {"pattern": [132, 93], "threshold": null}, {"pattern": [177, 212], "threshold": null}, {"pattern": [86], "threshold": null}, {"pattern": [90, 212], "threshold": null}, {"pattern": [180, 158], "threshold": null}]}, {"config": {"code_name": "[CS CM CC][Len MFit CAtom][GNone]", "population_size": 100, "evaluation_budget": 10000, "cluster_info_file_name": "C:\\Users\\gac8\\PycharmProjects\\PSSearch\\retail_forecasting_data_collection\\data\\cluster_info_250_random.pkl", "use_custom_sampling_operator": true, "use_custom_mutation_operator": true, "use_custom_crossover_operator": true, "use_custom_atomicity": true, "genome_threshold": null, "include_ps_len": true, "include_sample_quantity": false, "include_wasserstein_distance": false, "include_diff_median": false, "include_atomicity": true, "include_p_value": false, "include_mean_fitness": true, "include_variance": false}, "results": [{"pattern": [25, 90], "threshold": null}, {"pattern": [218, 51], "threshold": null}, {"pattern": [87, 63], "threshold": null}, {"pattern": [235, 158], "threshold": null}, {"pattern": [217, 237], "threshold": null}, {"pattern": [120], "threshold": null}, {"pattern": [38, 63], "threshold": null}, {"pattern": [24, 181], "threshold": null}, {"pattern": [241, 134], "threshold": null}]}, {"config": {"code_name": "[CS CM CC][Len SSize CAtom][GNone]", "population_size": 100, "evaluation_budget": 10000, "cluster_info_file_name": "C:\\Users\\gac8\\PycharmProjects\\PSSearch\\retail_forecasting_data_collection\\data\\cluster_info_250_random.pkl", "use_custom_sampling_operator": true, "use_custom_mutation_operator": true, "use_custom_crossover_operator": true, "use_custom_atomicity": true, "genome_threshold": null, "include_ps_len": true, "include_sample_quantity": true, "include_wasserstein_distance": false, "include_diff_median": false, "include_atomicity": true, "include_p_value": false, "include_mean_fitness": false, "include_variance": false}, "results": [{"pattern": [212, 188], "threshold": null}, {"pattern": [184, 221], "threshold": null}, {"pattern": [232, 207], "threshold": null}, {"pattern": [134, 63], "threshold": null}, {"pattern": [146, 13], "threshold": null}, {"pattern": [50, 47], "threshold": null}, {"pattern": [71, 47], "threshold": null}, {"pattern": [119, 63], "threshold": null}, {"pattern": [188], "threshold": null}, {"pattern": [196, 86], "threshold": null}, {"pattern": [42, 63], "threshold": null}, {"pattern": [248, 131], "threshold": null}]}, {"config": {"code_name": "[CS CM CC][Len SSize MFit][GNone]", "population_size": 100, "evaluation_budget": 10000, "cluster_info_file_name": "C:\\Users\\gac8\\PycharmProjects\\PSSearch\\retail_forecasting_data_collection\\data\\cluster_info_250_random.pkl", "use_custom_sampling_operator": true, "use_custom_mutation_operator": true, "use_custom_crossover_operator": true, "use_custom_atomicity": true, "genome_threshold": null, "include_ps_len": true, "include_sample_quantity": true, "include_wasserstein_distance": false, "include_diff_median": false, "include_atomicity": false, "include_p_value": false, "include_mean_fitness": true, "include_variance": false}, "results": [{"pattern": [65, 132], "threshold": null}, {"pattern": [215, 63], "threshold": null}, {"pattern": [177, 13], "threshold": null}, {"pattern": [158], "threshold": null}, {"pattern": [93], "threshold": null}, {"pattern": [132], "threshold": null}, {"pattern": [158, 167], "threshold": null}, {"pattern": [13], "threshold": null}, {"pattern": [16, 86], "threshold": null}, {"pattern": [180, 63], "threshold": null}, {"pattern": [212], "threshold": null}, {"pattern": [188, 215], "threshold": null}, {"pattern": [230], "threshold": null}, {"pattern": [86], "threshold": null}, {"pattern": [217], "threshold": null}, {"pattern": [196], "threshold": null}, {"pattern": [237], "threshold": null}, {"pattern": [65], "threshold": null}, {"pattern": [188], "threshold": null}, {"pattern": [196, 116], "threshold": null}, {"pattern": [88], "threshold": null}, {"pattern": [88, 180], "threshold": null}, {"pattern": [196, 86], "threshold": null}, {"pattern": [45], "threshold": null}, {"pattern": [103], "threshold": null}, {"pattern": [188, 103], "threshold": null}, {"pattern": [54], "threshold": null}, {"pattern": [25], "threshold": null}, {"pattern": [27, 212], "threshold": null}, {"pattern": [120], "threshold": null}]}, {"config": {"code_name": "[OS CM CC][Len SSize MFit CAtom][GNone]", "population_size": 100, "evaluation_budget": 10000, "cluster_info_file_name": "C:\\Users\\gac8\\PycharmProjects\\PSSearch\\retail_forecasting_data_collection\\data\\cluster_info_250_random.pkl", "use_custom_sampling_operator": false, "use_custom_mutation_operator": true, "use_custom_crossover_operator": true, "use_custom_atomicity": true, "genome_threshold": null, "include_ps_len": true, "include_sample_quantity": true, "include_wasserstein_distance": false, "include_diff_median": false, "include_atomicity": true, "include_p_value": false, "include_mean_fitness": true, "include_variance": false}, "results": [{"pattern": [158], "threshold": null}, {"pattern": [132, 188, 116], "threshold": null}, {"pattern": [132], "threshold": null}, {"pattern": [25], "threshold": null}, {"pattern": [241, 13], "threshold": null}, {"pattern": [88, 217], "threshold": null}, {"pattern": [45], "threshold": null}, {"pattern": [162, 196], "threshold": null}, {"pattern": [66, 134], "threshold": null}, {"pattern": [132, 237], "threshold": null}, {"pattern": [16, 204], "threshold": null}, {"pattern": [50, 47], "threshold": null}, {"pattern": [134, 63], "threshold": null}, {"pattern": [180, 158], "threshold": null}, {"pattern": [248, 196], "threshold": null}, {"pattern": [93, 86], "threshold": null}, {"pattern": [237], "threshold": null}, {"pattern": [212, 13], "threshold": null}, {"pattern": [49, 116], "threshold": null}, {"pattern": [180, 13], "threshold": null}, {"pattern": [74, 116], "threshold": null}, {"pattern": [90, 237], "threshold": null}, {"pattern": [24, 212], "threshold": null}, {"pattern": [16, 197], "threshold": null}, {"pattern": [217], "threshold": null}, {"pattern": [232, 103], "threshold": null}, {"pattern": [25, 212], "threshold": null}, {"pattern": [120], "threshold": null}, {"pattern": [86], "threshold": null}, {"pattern": [61, 190], "threshold": null}, {"pattern": [196], "threshold": null}, {"pattern": [88], "threshold": null}, {"pattern": [188], "threshold": null}, {"pattern": [54], "threshold": null}, {"pattern": [119, 103], "threshold": null}, {"pattern": [92, 165], "threshold": null}, {"pattern": [25, 86], "threshold": null}, {"pattern": [103], "threshold": null}, {"pattern": [188, 38], "threshold": null}, {"pattern": [212], "threshold": null}, {"pattern": [13], "threshold": null}, {"pattern": [212, 53], "threshold": null}, {"pattern": [218, 51], "threshold": null}, {"pattern": [212, 167], "threshold": null}, {"pattern": [196, 63], "threshold": null}, {"pattern": [230], "threshold": null}, {"pattern": [93], "threshold": null}, {"pattern": [38, 87], "threshold": null}, {"pattern": [65], "threshold": null}]}, {"config": {"code_name": "[CS OM CC][Len SSize MFit CAtom][GNone]", "population_size": 100, "evaluation_budget": 10000, "cluster_info_file_name": "C:\\Users\\gac8\\PycharmProjects\\PSSearch\\retail_forecasting_data_collection\\data\\cluster_info_250_random.pkl", "use_custom_sampling_operator": true, "use_custom_mutation_operator": false, "use_custom_crossover_operator": true, "use_custom_atomicity": true, "genome_threshold": null, "include_ps_len": true, "include_sample_quantity": true, "include_wasserstein_distance": false, "include_diff_median": false, "include_atomicity": true, "include_p_value": false, "include_mean_fitness": true, "include_variance": false}, "results": [{"pattern": [196, 13, 63], "threshold": null}, {"pattern": [158], "threshold": null}, {"pattern": [134, 103], "threshold": null}, {"pattern": [202, 149], "threshold": null}, {"pattern": [188, 86], "threshold": null}, {"pattern": [212, 158], "threshold": null}, {"pattern": [16, 196], "threshold": null}, {"pattern": [202, 212, 221], "threshold": null}, {"pattern": [100, 13], "threshold": null}, {"pattern": [25], "threshold": null}, {"pattern": [237, 158], "threshold": null}, {"pattern": [180, 116], "threshold": null}, {"pattern": [171, 212, 103], "threshold": null}, {"pattern": [212, 196], "threshold": null}, {"pattern": [86, 212, 13, 158], "threshold": null}, {"pattern": [202, 196, 132], "threshold": null}, {"pattern": [224, 202, 212], "threshold": null}, {"pattern": [212, 196, 86], "threshold": null}, {"pattern": [188, 116], "threshold": null}, {"pattern": [212, 116], "threshold": null}, {"pattern": [132, 202, 212], "threshold": null}, {"pattern": [169, 235], "threshold": null}, {"pattern": [217, 103], "threshold": null}, {"pattern": [196, 181], "threshold": null}, {"pattern": [212, 196, 63], "threshold": null}, {"pattern": [188, 212, 196, 215], "threshold": null}, {"pattern": [196, 188, 86, 63], "threshold": null}, {"pattern": [212, 116, 63], "threshold": null}, {"pattern": [13, 158], "threshold": null}, {"pattern": [188, 13, 158], "threshold": null}, {"pattern": [18, 37], "threshold": null}, {"pattern": [177, 202, 188, 86], "threshold": null}, {"pattern": [202, 212, 13], "threshold": null}, {"pattern": [181, 158], "threshold": null}, {"pattern": [188, 212, 196, 86], "threshold": null}, {"pattern": [212, 103], "threshold": null}, {"pattern": [171, 212, 158], "threshold": null}, {"pattern": [202, 188, 86], "threshold": null}, {"pattern": [171, 158], "threshold": null}, {"pattern": [202, 132], "threshold": null}, {"pattern": [196], "threshold": null}, {"pattern": [202, 132, 13], "threshold": null}, {"pattern": [215, 103], "threshold": null}, {"pattern": [16, 188, 86], "threshold": null}, {"pattern": [61], "threshold": null}, {"pattern": [25, 158], "threshold": null}, {"pattern": [188, 86, 167], "threshold": null}, {"pattern": [235, 103], "threshold": null}, {"pattern": [235, 158], "threshold": null}, {"pattern": [103], "threshold": null}, {"pattern": [171, 86], "threshold": null}, {"pattern": [61, 173], "threshold": null}, {"pattern": [13], "threshold": null}, {"pattern": [212], "threshold": null}, {"pattern": [202, 13, 86], "threshold": null}, {"pattern": [202, 212], "threshold": null}, {"pattern": [202, 196, 212], "threshold": null}, {"pattern": [196, 63], "threshold": null}, {"pattern": [25, 188, 116], "threshold": null}, {"pattern": [65, 212, 116], "threshold": null}, {"pattern": [202, 212, 13, 86], "threshold": null}, {"pattern": [202, 86], "threshold": null}, {"pattern": [158, 167], "threshold": null}, {"pattern": [188, 212, 196], "threshold": null}, {"pattern": [50, 212, 196], "threshold": null}, {"pattern": [196, 188, 13, 158], "threshold": null}]}, {"config": {"code_name": "[CS CM OC][Len SSize MFit CAtom][GNone]", "population_size": 100, "evaluation_budget": 10000, "cluster_info_file_name": "C:\\Users\\gac8\\PycharmProjects\\PSSearch\\retail_forecasting_data_collection\\data\\cluster_info_250_random.pkl", "use_custom_sampling_operator": true, "use_custom_mutation_operator": true, "use_custom_crossover_operator": false, "use_custom_atomicity": true, "genome_threshold": null, "include_ps_len": true, "include_sample_quantity": true, "include_wasserstein_distance": false, "include_diff_median": false, "include_atomicity": true, "include_p_value": false, "include_mean_fitness": true, "include_variance": false}, "results": [{"pattern": [158], "threshold": null}, {"pattern": [177, 171, 86], "threshold": null}, {"pattern": [202, 188], "threshold": null}, {"pattern": [162, 13], "threshold": null}, {"pattern": [25, 245], "threshold": null}, {"pattern": [132], "threshold": null}, {"pattern": [177, 158], "threshold": null}, {"pattern": [64, 117], "threshold": null}, {"pattern": [25], "threshold": null}, {"pattern": [157, 86], "threshold": null}, {"pattern": [65, 38], "threshold": null}, {"pattern": [196, 190], "threshold": null}, {"pattern": [45], "threshold": null}, {"pattern": [56, 237], "threshold": null}, {"pattern": [137, 63], "threshold": null}, {"pattern": [158, 119], "threshold": null}, {"pattern": [27, 158], "threshold": null}, {"pattern": [237], "threshold": null}, {"pattern": [177, 212], "threshold": null}, {"pattern": [88, 212], "threshold": null}, {"pattern": [88, 86], "threshold": null}, {"pattern": [37, 134], "threshold": null}, {"pattern": [204, 61], "threshold": null}, {"pattern": [217], "threshold": null}, {"pattern": [120], "threshold": null}, {"pattern": [177, 247], "threshold": null}, {"pattern": [86, 38], "threshold": null}, {"pattern": [188, 221], "threshold": null}, {"pattern": [196], "threshold": null}, {"pattern": [86], "threshold": null}, {"pattern": [42, 63], "threshold": null}, {"pattern": [93], "threshold": null}, {"pattern": [88], "threshold": null}, {"pattern": [188], "threshold": null}, {"pattern": [54], "threshold": null}, {"pattern": [180, 86], "threshold": null}, {"pattern": [86, 167], "threshold": null}, {"pattern": [103], "threshold": null}, {"pattern": [160, 245], "threshold": null}, {"pattern": [196, 13], "threshold": null}, {"pattern": [13], "threshold": null}, {"pattern": [212], "threshold": null}, {"pattern": [56, 155], "threshold": null}, {"pattern": [232, 235], "threshold": null}, {"pattern": [212, 134], "threshold": null}, {"pattern": [217, 13], "threshold": null}, {"pattern": [230], "threshold": null}, {"pattern": [27, 127], "threshold": null}, {"pattern": [188, 95], "threshold": null}, {"pattern": [16, 116], "threshold": null}, {"pattern": [65], "threshold": null}]}]}