{"extra_info": {"version": "fallback_v1", "seed": 25}, "data": [{"config": {"code_name": "[CS CM CC][Len SSize MFit CAtom][GNone]", "population_size": 100, "evaluation_budget": 10000, "cluster_info_file_name": "C:\\Users\\gac8\\PycharmProjects\\PSSearch\\retail_forecasting_data_collection\\data\\cluster_info_250_random.pkl", "use_custom_sampling_operator": true, "use_custom_mutation_operator": true, "use_custom_crossover_operator": true, "use_custom_atomicity": true, "genome_threshold": null, "include_ps_len": true, "include_sample_quantity": true, "include_wasserstein_distance": false, "include_diff_median": false, "include_atomicity": true, "include_p_value": false, "include_mean_fitness": true, "include_variance": false}, "results": [{"pattern": [212, 38], "threshold": null}, {"pattern": [103], "threshold": null}, {"pattern": [217], "threshold": null}, {"pattern": [204, 132], "threshold": null}, {"pattern": [221, 30], "threshold": null}, {"pattern": [212, 197], "threshold": null}, {"pattern": [158], "threshold": null}, {"pattern": [80, 52], "threshold": null}, {"pattern": [88], "threshold": null}, {"pattern": [248, 86], "threshold": null}, {"pattern": [249, 43], "threshold": null}, {"pattern": [212, 180, 86], "threshold": null}, {"pattern": [45], "threshold": null}, {"pattern": [24, 127], "threshold": null}, {"pattern": [27, 212], "threshold": null}, {"pattern": [237, 103], "threshold": null}, {"pattern": [54], "threshold": null}, {"pattern": [132], "threshold": null}, {"pattern": [212, 61], "threshold": null}, {"pattern": [177, 132], "threshold": null}, {"pattern": [158, 103], "threshold": null}, {"pattern": [146, 195], "threshold": null}, {"pattern": [237], "threshold": null}, {"pattern": [120], "threshold": null}, {"pattern": [155], "threshold": null}, {"pattern": [35, 68], "threshold": null}, {"pattern": [196], "threshold": null}, {"pattern": [212], "threshold": null}, {"pattern": [248, 103], "threshold": null}, {"pattern": [65], "threshold": null}, {"pattern": [25, 171], "threshold": null}, {"pattern": [241, 90], "threshold": null}, {"pattern": [177, 91], "threshold": null}, {"pattern": [196, 215], "threshold": null}, {"pattern": [177, 215], "threshold": null}, {"pattern": [38, 119], "threshold": null}, {"pattern": [16, 180], "threshold": null}, {"pattern": [13], "threshold": null}, {"pattern": [86], "threshold": null}, {"pattern": [212, 215], "threshold": null}, {"pattern": [190, 134], "threshold": null}, {"pattern": [177, 212], "threshold": null}, {"pattern": [18, 119], "threshold": null}, {"pattern": [25], "threshold": null}, {"pattern": [188], "threshold": null}, {"pattern": [230], "threshold": null}]}, {"config": {"code_name": "[CS CM CC][SSize MFit CAtom][GNone]", "population_size": 100, "evaluation_budget": 10000, "cluster_info_file_name": "C:\\Users\\gac8\\PycharmProjects\\PSSearch\\retail_forecasting_data_collection\\data\\cluster_info_250_random.pkl", "use_custom_sampling_operator": true, "use_custom_mutation_operator": true, "use_custom_crossover_operator": true, "use_custom_atomicity": true, "genome_threshold": null, "include_ps_len": false, "include_sample_quantity": true, "include_wasserstein_distance": false, "include_diff_median": false, "include_atomicity": true, "include_p_value": false, "include_mean_fitness": true, "include_variance": false}, "results": [{"pattern": [65], "threshold": null}, {"pattern": [132], "threshold": null}, {"pattern": [182, 103], "threshold": null}, {"pattern": [212, 180], "threshold": null}, {"pattern": [86], "threshold": null}, {"pattern": [90, 188], "threshold": null}, {"pattern": [90, 103], "threshold": null}, {"pattern": [196], "threshold": null}, {"pattern": [16, 188], "threshold": null}, {"pattern": [95, 63], "threshold": null}, {"pattern": [132, 86], "threshold": null}, {"pattern": [13, 181], "threshold": null}, {"pattern": [202, 158], "threshold": null}, {"pattern": [184, 30], "threshold": null}, {"pattern": [42, 245], "threshold": null}, {"pattern": [188], "threshold": null}, {"pattern": [88, 248], "threshold": null}, {"pattern": [16, 63], "threshold": null}, {"pattern": [202, 215], "threshold": null}, {"pattern": [248, 63], "threshold": null}, {"pattern": [157, 173], "threshold": null}, {"pattern": [27, 245], "threshold": null}, {"pattern": [212], "threshold": null}, {"pattern": [25, 215], "threshold": null}, {"pattern": [88], "threshold": null}, {"pattern": [137, 212], "threshold": null}, {"pattern": [184, 87], "threshold": null}, {"pattern": [132, 13], "threshold": null}, {"pattern": [16, 88], "threshold": null}, {"pattern": [65, 90], "threshold": null}, {"pattern": [205, 119], "threshold": null}, {"pattern": [34, 87], "threshold": null}, {"pattern": [42, 188], "threshold": null}, {"pattern": [76, 61], "threshold": null}, {"pattern": [158], "threshold": null}, {"pattern": [103], "threshold": null}, {"pattern": [202, 19], "threshold": null}, {"pattern": [43, 101], "threshold": null}, {"pattern": [25, 103], "threshold": null}, {"pattern": [245, 158], "threshold": null}, {"pattern": [202, 91], "threshold": null}, {"pattern": [13], "threshold": null}]}, {"config": {"code_name": "[CS CM CC][Len MFit CAtom][GNone]", "population_size": 100, "evaluation_budget": 10000, "cluster_info_file_name": "C:\\Users\\gac8\\PycharmProjects\\PSSearch\\retail_forecasting_data_collection\\data\\cluster_info_250_random.pkl", "use_custom_sampling_operator": true, "use_custom_mutation_operator": true, "use_custom_crossover_operator": true, "use_custom_atomicity": true, "genome_threshold": null, "include_ps_len": true, "include_sample_quantity": false, "include_wasserstein_distance": false, "include_diff_median": false, "include_atomicity": true, "include_p_value": false, "include_mean_fitness": true, "include_variance": false}, "results": [{"pattern": [16, 87], "threshold": null}, {"pattern": [162, 74], "threshold": null}, {"pattern": [81, 235], "threshold": null}, {"pattern": [56, 246], "threshold": null}, {"pattern": [74, 103], "threshold": null}, {"pattern": [16, 237], "threshold": null}, {"pattern": [235, 68], "threshold": null}, {"pattern": [237, 103], "threshold": null}, {"pattern": [120], "threshold": null}]}, {"config": {"code_name": "[CS CM CC][Len SSize CAtom][GNone]", "population_size": 100, "evaluation_budget": 10000, "cluster_info_file_name": "C:\\Users\\gac8\\PycharmProjects\\PSSearch\\retail_forecasting_data_collection\\data\\cluster_info_250_random.pkl", "use_custom_sampling_operator": true, "use_custom_mutation_operator": true, "use_custom_crossover_operator": true, "use_custom_atomicity": true, "genome_threshold": null, "include_ps_len": true, "include_sample_quantity": true, "include_wasserstein_distance": false, "include_diff_median": false, "include_atomicity": true, "include_p_value": false, "include_mean_fitness": false, "include_variance": false}, "results": [{"pattern": [212, 158], "threshold": null}, {"pattern": [188], "threshold": null}, {"pattern": [188, 132], "threshold": null}, {"pattern": [188, 205], "threshold": null}, {"pattern": [249, 146], "threshold": null}, {"pattern": [188, 116], "threshold": null}]}, {"config": {"code_name": "[CS CM CC][Len SSize MFit][GNone]", "population_size": 100, "evaluation_budget": 10000, "cluster_info_file_name": "C:\\Users\\gac8\\PycharmProjects\\PSSearch\\retail_forecasting_data_collection\\data\\cluster_info_250_random.pkl", "use_custom_sampling_operator": true, "use_custom_mutation_operator": true, "use_custom_crossover_operator": true, "use_custom_atomicity": true, "genome_threshold": null, "include_ps_len": true, "include_sample_quantity": true, "include_wasserstein_distance": false, "include_diff_median": false, "include_atomicity": false, "include_p_value": false, "include_mean_fitness": true, "include_variance": false}, "results": [{"pattern": [54], "threshold": null}, {"pattern": [196], "threshold": null}, {"pattern": [237, 215], "threshold": null}, {"pattern": [16, 13], "threshold": null}, {"pattern": [27, 86], "threshold": null}, {"pattern": [155], "threshold": null}, {"pattern": [45], "threshold": null}, {"pattern": [180, 53], "threshold": null}, {"pattern": [88], "threshold": null}, {"pattern": [188], "threshold": null}, {"pattern": [103], "threshold": null}, {"pattern": [208, 188], "threshold": null}, {"pattern": [212], "threshold": null}, {"pattern": [86], "threshold": null}, {"pattern": [13], "threshold": null}, {"pattern": [158], "threshold": null}, {"pattern": [65], "threshold": null}, {"pattern": [50, 158], "threshold": null}, {"pattern": [132], "threshold": null}, {"pattern": [16, 158], "threshold": null}, {"pattern": [237], "threshold": null}, {"pattern": [132, 190], "threshold": null}, {"pattern": [27, 13], "threshold": null}, {"pattern": [25], "threshold": null}, {"pattern": [217], "threshold": null}, {"pattern": [120], "threshold": null}, {"pattern": [230], "threshold": null}]}, {"config": {"code_name": "[OS CM CC][Len SSize MFit CAtom][GNone]", "population_size": 100, "evaluation_budget": 10000, "cluster_info_file_name": "C:\\Users\\gac8\\PycharmProjects\\PSSearch\\retail_forecasting_data_collection\\data\\cluster_info_250_random.pkl", "use_custom_sampling_operator": false, "use_custom_mutation_operator": true, "use_custom_crossover_operator": true, "use_custom_atomicity": true, "genome_threshold": null, "include_ps_len": true, "include_sample_quantity": true, "include_wasserstein_distance": false, "include_diff_median": false, "include_atomicity": true, "include_p_value": false, "include_mean_fitness": true, "include_variance": false}, "results": [{"pattern": [103], "threshold": null}, {"pattern": [217], "threshold": null}, {"pattern": [158, 134], "threshold": null}, {"pattern": [155, 134], "threshold": null}, {"pattern": [74, 68], "threshold": null}, {"pattern": [132, 116], "threshold": null}, {"pattern": [158], "threshold": null}, {"pattern": [132, 93], "threshold": null}, {"pattern": [88], "threshold": null}, {"pattern": [170, 132], "threshold": null}, {"pattern": [244, 215], "threshold": null}, {"pattern": [204, 116], "threshold": null}, {"pattern": [30, 87], "threshold": null}, {"pattern": [74, 35], "threshold": null}, {"pattern": [45], "threshold": null}, {"pattern": [27, 212], "threshold": null}, {"pattern": [54], "threshold": null}, {"pattern": [132], "threshold": null}, {"pattern": [91, 43], "threshold": null}, {"pattern": [91, 212], "threshold": null}, {"pattern": [42, 151], "threshold": null}, {"pattern": [88, 196], "threshold": null}, {"pattern": [184, 134], "threshold": null}, {"pattern": [76, 173], "threshold": null}, {"pattern": [77, 63], "threshold": null}, {"pattern": [120], "threshold": null}, {"pattern": [237], "threshold": null}, {"pattern": [248, 65], "threshold": null}, {"pattern": [212, 13], "threshold": null}, {"pattern": [155], "threshold": null}, {"pattern": [88, 188], "threshold": null}, {"pattern": [91, 135], "threshold": null}, {"pattern": [56, 37], "threshold": null}, {"pattern": [188, 164], "threshold": null}, {"pattern": [196], "threshold": null}, {"pattern": [170, 103], "threshold": null}, {"pattern": [212], "threshold": null}, {"pattern": [146, 117], "threshold": null}, {"pattern": [221, 86], "threshold": null}, {"pattern": [116, 151], "threshold": null}, {"pattern": [16, 134], "threshold": null}, {"pattern": [65], "threshold": null}, {"pattern": [171, 13], "threshold": null}, {"pattern": [109, 87], "threshold": null}, {"pattern": [13], "threshold": null}, {"pattern": [158, 127], "threshold": null}, {"pattern": [86], "threshold": null}, {"pattern": [11, 109], "threshold": null}, {"pattern": [171, 188], "threshold": null}, {"pattern": [177, 212], "threshold": null}, {"pattern": [212, 188, 134], "threshold": null}, {"pattern": [232, 35], "threshold": null}, {"pattern": [217, 188], "threshold": null}, {"pattern": [25], "threshold": null}, {"pattern": [188], "threshold": null}, {"pattern": [230], "threshold": null}, {"pattern": [184, 87], "threshold": null}]}, {"config": {"code_name": "[CS OM CC][Len SSize MFit CAtom][GNone]", "population_size": 100, "evaluation_budget": 10000, "cluster_info_file_name": "C:\\Users\\gac8\\PycharmProjects\\PSSearch\\retail_forecasting_data_collection\\data\\cluster_info_250_random.pkl", "use_custom_sampling_operator": true, "use_custom_mutation_operator": false, "use_custom_crossover_operator": true, "use_custom_atomicity": true, "genome_threshold": null, "include_ps_len": true, "include_sample_quantity": true, "include_wasserstein_distance": false, "include_diff_median": false, "include_atomicity": true, "include_p_value": false, "include_mean_fitness": true, "include_variance": false}, "results": [{"pattern": [180], "threshold": null}, {"pattern": [132, 188, 103], "threshold": null}, {"pattern": [196, 86], "threshold": null}, {"pattern": [212, 132, 134], "threshold": null}, {"pattern": [65, 212, 196], "threshold": null}, {"pattern": [235, 158], "threshold": null}, {"pattern": [16], "threshold": null}, {"pattern": [188, 215], "threshold": null}, {"pattern": [180, 13], "threshold": null}, {"pattern": [132, 93], "threshold": null}, {"pattern": [16, 27], "threshold": null}, {"pattern": [179, 222], "threshold": null}, {"pattern": [65, 188, 212, 86], "threshold": null}, {"pattern": [61, 158], "threshold": null}, {"pattern": [90, 212, 134], "threshold": null}, {"pattern": [212, 188, 86, 63], "threshold": null}, {"pattern": [134, 215], "threshold": null}, {"pattern": [180, 127], "threshold": null}, {"pattern": [184, 61], "threshold": null}, {"pattern": [188, 212, 237], "threshold": null}, {"pattern": [132, 13], "threshold": null}, {"pattern": [61, 30], "threshold": null}, {"pattern": [90, 212], "threshold": null}, {"pattern": [25, 212], "threshold": null}, {"pattern": [167], "threshold": null}, {"pattern": [24, 158], "threshold": null}, {"pattern": [188, 196, 86], "threshold": null}, {"pattern": [38], "threshold": null}, {"pattern": [132, 215], "threshold": null}, {"pattern": [188, 13], "threshold": null}, {"pattern": [132], "threshold": null}, {"pattern": [188, 167], "threshold": null}, {"pattern": [188, 134, 212, 86], "threshold": null}, {"pattern": [132, 134], "threshold": null}, {"pattern": [27, 215], "threshold": null}, {"pattern": [16, 188, 212, 86], "threshold": null}, {"pattern": [180, 37], "threshold": null}, {"pattern": [61, 190], "threshold": null}, {"pattern": [212, 196, 103], "threshold": null}, {"pattern": [16, 212], "threshold": null}, {"pattern": [132, 13, 158], "threshold": null}, {"pattern": [127], "threshold": null}, {"pattern": [212, 196], "threshold": null}, {"pattern": [188, 212, 86], "threshold": null}, {"pattern": [196, 86, 215], "threshold": null}, {"pattern": [16, 151], "threshold": null}, {"pattern": [232, 132], "threshold": null}, {"pattern": [235, 132], "threshold": null}, {"pattern": [188, 212, 237, 86], "threshold": null}, {"pattern": [215], "threshold": null}, {"pattern": [188, 132], "threshold": null}, {"pattern": [86, 202, 212, 158], "threshold": null}, {"pattern": [132, 90, 212], "threshold": null}, {"pattern": [99], "threshold": null}, {"pattern": [212], "threshold": null}, {"pattern": [202, 212], "threshold": null}, {"pattern": [132, 212, 86, 202, 188], "threshold": null}, {"pattern": [196, 215], "threshold": null}, {"pattern": [61], "threshold": null}, {"pattern": [132, 103], "threshold": null}, {"pattern": [16, 13], "threshold": null}, {"pattern": [188, 132, 13], "threshold": null}, {"pattern": [13], "threshold": null}, {"pattern": [66], "threshold": null}, {"pattern": [202, 212, 158], "threshold": null}, {"pattern": [202, 212, 188, 86], "threshold": null}, {"pattern": [212, 87], "threshold": null}, {"pattern": [27, 212, 215], "threshold": null}, {"pattern": [16, 116, 212], "threshold": null}, {"pattern": [202, 212, 215], "threshold": null}, {"pattern": [90, 196, 212], "threshold": null}, {"pattern": [202, 212, 86], "threshold": null}, {"pattern": [65, 188, 86], "threshold": null}, {"pattern": [217, 212], "threshold": null}, {"pattern": [188], "threshold": null}, {"pattern": [217, 188, 212], "threshold": null}]}, {"config": {"code_name": "[CS CM OC][Len SSize MFit CAtom][GNone]", "population_size": 100, "evaluation_budget": 10000, "cluster_info_file_name": "C:\\Users\\gac8\\PycharmProjects\\PSSearch\\retail_forecasting_data_collection\\data\\cluster_info_250_random.pkl", "use_custom_sampling_operator": true, "use_custom_mutation_operator": true, "use_custom_crossover_operator": false, "use_custom_atomicity": true, "genome_threshold": null, "include_ps_len": true, "include_sample_quantity": true, "include_wasserstein_distance": false, "include_diff_median": false, "include_atomicity": true, "include_p_value": false, "include_mean_fitness": true, "include_variance": false}, "results": [{"pattern": [91, 158], "threshold": null}, {"pattern": [241, 158], "threshold": null}, {"pattern": [209, 59], "threshold": null}, {"pattern": [204, 183], "threshold": null}, {"pattern": [196, 188], "threshold": null}, {"pattern": [103], "threshold": null}, {"pattern": [217], "threshold": null}, {"pattern": [147, 188], "threshold": null}, {"pattern": [158], "threshold": null}, {"pattern": [88], "threshold": null}, {"pattern": [204, 63], "threshold": null}, {"pattern": [195, 39], "threshold": null}, {"pattern": [212, 93], "threshold": null}, {"pattern": [184, 27], "threshold": null}, {"pattern": [50, 245], "threshold": null}, {"pattern": [45], "threshold": null}, {"pattern": [162, 221], "threshold": null}, {"pattern": [54], "threshold": null}, {"pattern": [132], "threshold": null}, {"pattern": [188, 167], "threshold": null}, {"pattern": [241, 132], "threshold": null}, {"pattern": [25, 90], "threshold": null}, {"pattern": [232, 105], "threshold": null}, {"pattern": [90, 13], "threshold": null}, {"pattern": [146, 195], "threshold": null}, {"pattern": [237], "threshold": null}, {"pattern": [120], "threshold": null}, {"pattern": [217, 86], "threshold": null}, {"pattern": [81, 165], "threshold": null}, {"pattern": [155], "threshold": null}, {"pattern": [119, 103], "threshold": null}, {"pattern": [16, 232], "threshold": null}, {"pattern": [25, 132], "threshold": null}, {"pattern": [244, 247], "threshold": null}, {"pattern": [196], "threshold": null}, {"pattern": [188, 132], "threshold": null}, {"pattern": [137, 63], "threshold": null}, {"pattern": [56, 147], "threshold": null}, {"pattern": [212], "threshold": null}, {"pattern": [65], "threshold": null}, {"pattern": [208, 188], "threshold": null}, {"pattern": [100, 13], "threshold": null}, {"pattern": [202, 158], "threshold": null}, {"pattern": [202, 132], "threshold": null}, {"pattern": [13], "threshold": null}, {"pattern": [180, 245], "threshold": null}, {"pattern": [192, 101], "threshold": null}, {"pattern": [86], "threshold": null}, {"pattern": [19, 171], "threshold": null}, {"pattern": [18, 119], "threshold": null}, {"pattern": [217, 188], "threshold": null}, {"pattern": [25], "threshold": null}, {"pattern": [188], "threshold": null}, {"pattern": [230], "threshold": null}]}]}