{"extra_info": {"version": "fallback_v1", "seed": 86}, "data": [{"config": {"code_name": "[CS CM CC][Len SSize MFit CAtom][GNone]", "population_size": 100, "evaluation_budget": 10000, "cluster_info_file_name": "C:\\Users\\gac8\\PycharmProjects\\PSSearch\\retail_forecasting_data_collection\\data\\cluster_info_250_random.pkl", "use_custom_sampling_operator": true, "use_custom_mutation_operator": true, "use_custom_crossover_operator": true, "use_custom_atomicity": true, "genome_threshold": null, "include_ps_len": true, "include_sample_quantity": true, "include_wasserstein_distance": false, "include_diff_median": false, "include_atomicity": true, "include_p_value": false, "include_mean_fitness": true, "include_variance": false}, "results": [{"pattern": [196, 181], "threshold": null}, {"pattern": [177, 132], "threshold": null}, {"pattern": [88, 202], "threshold": null}, {"pattern": [160, 245], "threshold": null}, {"pattern": [204, 158], "threshold": null}, {"pattern": [158], "threshold": null}, {"pattern": [171, 180], "threshold": null}, {"pattern": [86], "threshold": null}, {"pattern": [190, 87], "threshold": null}, {"pattern": [88, 50], "threshold": null}, {"pattern": [18, 63], "threshold": null}, {"pattern": [137, 61], "threshold": null}, {"pattern": [212, 204], "threshold": null}, {"pattern": [45], "threshold": null}, {"pattern": [188], "threshold": null}, {"pattern": [27, 212], "threshold": null}, {"pattern": [25, 52], "threshold": null}, {"pattern": [193, 244], "threshold": null}, {"pattern": [132], "threshold": null}, {"pattern": [158, 142], "threshold": null}, {"pattern": [13], "threshold": null}, {"pattern": [217], "threshold": null}, {"pattern": [248, 151], "threshold": null}, {"pattern": [65], "threshold": null}, {"pattern": [171, 78], "threshold": null}, {"pattern": [103], "threshold": null}, {"pattern": [188, 116], "threshold": null}, {"pattern": [147, 77], "threshold": null}, {"pattern": [34, 4], "threshold": null}, {"pattern": [35, 103], "threshold": null}, {"pattern": [24, 127], "threshold": null}, {"pattern": [34, 212, 215], "threshold": null}, {"pattern": [212], "threshold": null}, {"pattern": [92, 158], "threshold": null}, {"pattern": [105, 52], "threshold": null}, {"pattern": [158, 38], "threshold": null}, {"pattern": [25], "threshold": null}, {"pattern": [249, 239], "threshold": null}, {"pattern": [16, 132], "threshold": null}, {"pattern": [65, 103], "threshold": null}, {"pattern": [65, 188], "threshold": null}, {"pattern": [88], "threshold": null}, {"pattern": [88, 215], "threshold": null}, {"pattern": [230], "threshold": null}, {"pattern": [120], "threshold": null}, {"pattern": [25, 90], "threshold": null}, {"pattern": [237], "threshold": null}, {"pattern": [249, 43], "threshold": null}, {"pattern": [18, 37], "threshold": null}, {"pattern": [119, 87], "threshold": null}, {"pattern": [224, 26], "threshold": null}]}, {"config": {"code_name": "[CS CM CC][SSize MFit CAtom][GNone]", "population_size": 100, "evaluation_budget": 10000, "cluster_info_file_name": "C:\\Users\\gac8\\PycharmProjects\\PSSearch\\retail_forecasting_data_collection\\data\\cluster_info_250_random.pkl", "use_custom_sampling_operator": true, "use_custom_mutation_operator": true, "use_custom_crossover_operator": true, "use_custom_atomicity": true, "genome_threshold": null, "include_ps_len": false, "include_sample_quantity": true, "include_wasserstein_distance": false, "include_diff_median": false, "include_atomicity": true, "include_p_value": false, "include_mean_fitness": true, "include_variance": false}, "results": [{"pattern": [177, 244], "threshold": null}, {"pattern": [164, 63], "threshold": null}, {"pattern": [88], "threshold": null}, {"pattern": [116, 134], "threshold": null}, {"pattern": [212], "threshold": null}, {"pattern": [103], "threshold": null}, {"pattern": [212, 103], "threshold": null}, {"pattern": [180, 103], "threshold": null}, {"pattern": [248, 190], "threshold": null}, {"pattern": [158, 38], "threshold": null}, {"pattern": [92, 63], "threshold": null}, {"pattern": [177, 90, 196], "threshold": null}, {"pattern": [16, 188], "threshold": null}, {"pattern": [18, 38], "threshold": null}, {"pattern": [211, 196], "threshold": null}, {"pattern": [27, 158], "threshold": null}, {"pattern": [244, 158], "threshold": null}, {"pattern": [181, 158], "threshold": null}, {"pattern": [244, 13], "threshold": null}, {"pattern": [248, 13], "threshold": null}, {"pattern": [184, 87], "threshold": null}, {"pattern": [91, 215], "threshold": null}, {"pattern": [158], "threshold": null}, {"pattern": [119, 63], "threshold": null}, {"pattern": [132], "threshold": null}, {"pattern": [241, 215], "threshold": null}, {"pattern": [34, 116], "threshold": null}, {"pattern": [65], "threshold": null}, {"pattern": [86, 63], "threshold": null}, {"pattern": [25, 245], "threshold": null}, {"pattern": [162, 221], "threshold": null}, {"pattern": [101, 135], "threshold": null}, {"pattern": [13], "threshold": null}, {"pattern": [235, 212], "threshold": null}, {"pattern": [173, 158], "threshold": null}, {"pattern": [211, 86], "threshold": null}, {"pattern": [217, 134], "threshold": null}, {"pattern": [188, 206], "threshold": null}, {"pattern": [25, 52], "threshold": null}, {"pattern": [158, 103], "threshold": null}, {"pattern": [171, 188], "threshold": null}, {"pattern": [86], "threshold": null}, {"pattern": [74, 215], "threshold": null}, {"pattern": [233, 37], "threshold": null}, {"pattern": [116, 87], "threshold": null}, {"pattern": [18, 92], "threshold": null}, {"pattern": [224, 81], "threshold": null}, {"pattern": [202, 27], "threshold": null}, {"pattern": [188], "threshold": null}, {"pattern": [92, 158], "threshold": null}, {"pattern": [232, 35], "threshold": null}]}, {"config": {"code_name": "[CS CM CC][Len MFit CAtom][GNone]", "population_size": 100, "evaluation_budget": 10000, "cluster_info_file_name": "C:\\Users\\gac8\\PycharmProjects\\PSSearch\\retail_forecasting_data_collection\\data\\cluster_info_250_random.pkl", "use_custom_sampling_operator": true, "use_custom_mutation_operator": true, "use_custom_crossover_operator": true, "use_custom_atomicity": true, "genome_threshold": null, "include_ps_len": true, "include_sample_quantity": false, "include_wasserstein_distance": false, "include_diff_median": false, "include_atomicity": true, "include_p_value": false, "include_mean_fitness": true, "include_variance": false}, "results": [{"pattern": [25, 196], "threshold": null}, {"pattern": [137, 61], "threshold": null}, {"pattern": [56, 246], "threshold": null}, {"pattern": [120], "threshold": null}]}, {"config": {"code_name": "[CS CM CC][Len SSize CAtom][GNone]", "population_size": 100, "evaluation_budget": 10000, "cluster_info_file_name": "C:\\Users\\gac8\\PycharmProjects\\PSSearch\\retail_forecasting_data_collection\\data\\cluster_info_250_random.pkl", "use_custom_sampling_operator": true, "use_custom_mutation_operator": true, "use_custom_crossover_operator": true, "use_custom_atomicity": true, "genome_threshold": null, "include_ps_len": true, "include_sample_quantity": true, "include_wasserstein_distance": false, "include_diff_median": false, "include_atomicity": true, "include_p_value": false, "include_mean_fitness": false, "include_variance": false}, "results": [{"pattern": [16, 116], "threshold": null}, {"pattern": [188, 116], "threshold": null}, {"pattern": [220, 135], "threshold": null}, {"pattern": [188, 13], "threshold": null}, {"pattern": [188], "threshold": null}, {"pattern": [92, 165], "threshold": null}, {"pattern": [232, 109], "threshold": null}]}, {"config": {"code_name": "[CS CM CC][Len SSize MFit][GNone]", "population_size": 100, "evaluation_budget": 10000, "cluster_info_file_name": "C:\\Users\\gac8\\PycharmProjects\\PSSearch\\retail_forecasting_data_collection\\data\\cluster_info_250_random.pkl", "use_custom_sampling_operator": true, "use_custom_mutation_operator": true, "use_custom_crossover_operator": true, "use_custom_atomicity": true, "genome_threshold": null, "include_ps_len": true, "include_sample_quantity": true, "include_wasserstein_distance": false, "include_diff_median": false, "include_atomicity": false, "include_p_value": false, "include_mean_fitness": true, "include_variance": false}, "results": [{"pattern": [65], "threshold": null}, {"pattern": [237], "threshold": null}, {"pattern": [88], "threshold": null}, {"pattern": [158, 86], "threshold": null}, {"pattern": [158], "threshold": null}, {"pattern": [132], "threshold": null}, {"pattern": [212], "threshold": null}, {"pattern": [188], "threshold": null}, {"pattern": [19, 196], "threshold": null}, {"pattern": [237, 13], "threshold": null}, {"pattern": [230], "threshold": null}, {"pattern": [180, 237], "threshold": null}, {"pattern": [13], "threshold": null}, {"pattern": [158, 134], "threshold": null}, {"pattern": [217], "threshold": null}, {"pattern": [25, 132], "threshold": null}, {"pattern": [16, 13], "threshold": null}, {"pattern": [103], "threshold": null}, {"pattern": [25, 215], "threshold": null}, {"pattern": [120], "threshold": null}, {"pattern": [45], "threshold": null}, {"pattern": [65, 180], "threshold": null}, {"pattern": [86], "threshold": null}, {"pattern": [25], "threshold": null}]}, {"config": {"code_name": "[OS CM CC][Len SSize MFit CAtom][GNone]", "population_size": 100, "evaluation_budget": 10000, "cluster_info_file_name": "C:\\Users\\gac8\\PycharmProjects\\PSSearch\\retail_forecasting_data_collection\\data\\cluster_info_250_random.pkl", "use_custom_sampling_operator": false, "use_custom_mutation_operator": true, "use_custom_crossover_operator": true, "use_custom_atomicity": true, "genome_threshold": null, "include_ps_len": true, "include_sample_quantity": true, "include_wasserstein_distance": false, "include_diff_median": false, "include_atomicity": true, "include_p_value": false, "include_mean_fitness": true, "include_variance": false}, "results": [{"pattern": [212, 237], "threshold": null}, {"pattern": [34, 188], "threshold": null}, {"pattern": [224, 26], "threshold": null}, {"pattern": [202, 188], "threshold": null}, {"pattern": [88, 202], "threshold": null}, {"pattern": [186, 103], "threshold": null}, {"pattern": [88, 164], "threshold": null}, {"pattern": [132, 182], "threshold": null}, {"pattern": [158], "threshold": null}, {"pattern": [56, 204], "threshold": null}, {"pattern": [34, 245], "threshold": null}, {"pattern": [225, 103], "threshold": null}, {"pattern": [16, 197], "threshold": null}, {"pattern": [86], "threshold": null}, {"pattern": [81, 132], "threshold": null}, {"pattern": [177, 53], "threshold": null}, {"pattern": [25, 215], "threshold": null}, {"pattern": [188], "threshold": null}, {"pattern": [45], "threshold": null}, {"pattern": [13, 158], "threshold": null}, {"pattern": [196, 173], "threshold": null}, {"pattern": [132], "threshold": null}, {"pattern": [13], "threshold": null}, {"pattern": [217], "threshold": null}, {"pattern": [65], "threshold": null}, {"pattern": [103], "threshold": null}, {"pattern": [196, 86], "threshold": null}, {"pattern": [188, 13], "threshold": null}, {"pattern": [235, 215], "threshold": null}, {"pattern": [137, 212], "threshold": null}, {"pattern": [25], "threshold": null}, {"pattern": [164, 103], "threshold": null}, {"pattern": [16, 132], "threshold": null}, {"pattern": [142, 47], "threshold": null}, {"pattern": [132, 215], "threshold": null}, {"pattern": [88], "threshold": null}, {"pattern": [162, 30], "threshold": null}, {"pattern": [232, 52], "threshold": null}, {"pattern": [88, 215], "threshold": null}, {"pattern": [230], "threshold": null}, {"pattern": [65, 196], "threshold": null}, {"pattern": [162, 221], "threshold": null}, {"pattern": [120], "threshold": null}, {"pattern": [132, 86], "threshold": null}, {"pattern": [162, 196], "threshold": null}, {"pattern": [237], "threshold": null}, {"pattern": [184, 63], "threshold": null}, {"pattern": [155, 86], "threshold": null}, {"pattern": [177, 27], "threshold": null}, {"pattern": [211, 116], "threshold": null}, {"pattern": [212, 87], "threshold": null}, {"pattern": [190, 87], "threshold": null}, {"pattern": [212], "threshold": null}, {"pattern": [90, 134], "threshold": null}]}, {"config": {"code_name": "[CS OM CC][Len SSize MFit CAtom][GNone]", "population_size": 100, "evaluation_budget": 10000, "cluster_info_file_name": "C:\\Users\\gac8\\PycharmProjects\\PSSearch\\retail_forecasting_data_collection\\data\\cluster_info_250_random.pkl", "use_custom_sampling_operator": true, "use_custom_mutation_operator": false, "use_custom_crossover_operator": true, "use_custom_atomicity": true, "genome_threshold": null, "include_ps_len": true, "include_sample_quantity": true, "include_wasserstein_distance": false, "include_diff_median": false, "include_atomicity": true, "include_p_value": false, "include_mean_fitness": true, "include_variance": false}, "results": [{"pattern": [235, 103], "threshold": null}, {"pattern": [196, 215], "threshold": null}, {"pattern": [217, 202], "threshold": null}, {"pattern": [212, 63], "threshold": null}, {"pattern": [34, 188], "threshold": null}, {"pattern": [188, 212, 132, 134], "threshold": null}, {"pattern": [235], "threshold": null}, {"pattern": [132, 196, 188, 103], "threshold": null}, {"pattern": [25, 188, 103], "threshold": null}, {"pattern": [196, 181], "threshold": null}, {"pattern": [188, 63], "threshold": null}, {"pattern": [34, 63], "threshold": null}, {"pattern": [202, 235], "threshold": null}, {"pattern": [212, 38], "threshold": null}, {"pattern": [162, 188, 215], "threshold": null}, {"pattern": [169, 235], "threshold": null}, {"pattern": [27, 86], "threshold": null}, {"pattern": [132, 212, 188, 103], "threshold": null}, {"pattern": [132, 134], "threshold": null}, {"pattern": [95], "threshold": null}, {"pattern": [215, 212, 63], "threshold": null}, {"pattern": [86], "threshold": null}, {"pattern": [90, 212, 63], "threshold": null}, {"pattern": [226, 63], "threshold": null}, {"pattern": [81, 196], "threshold": null}, {"pattern": [188, 215], "threshold": null}, {"pattern": [56, 38], "threshold": null}, {"pattern": [188], "threshold": null}, {"pattern": [88, 188], "threshold": null}, {"pattern": [34, 158], "threshold": null}, {"pattern": [88, 188, 132], "threshold": null}, {"pattern": [212, 171, 188], "threshold": null}, {"pattern": [13], "threshold": null}, {"pattern": [34, 188, 158], "threshold": null}, {"pattern": [171, 188], "threshold": null}, {"pattern": [65, 196, 215], "threshold": null}, {"pattern": [188, 151], "threshold": null}, {"pattern": [188, 132, 134, 103], "threshold": null}, {"pattern": [235, 215], "threshold": null}, {"pattern": [196, 134, 215], "threshold": null}, {"pattern": [188, 132], "threshold": null}, {"pattern": [132, 171, 196], "threshold": null}, {"pattern": [196, 188, 212, 132], "threshold": null}, {"pattern": [34], "threshold": null}, {"pattern": [212, 221, 63], "threshold": null}, {"pattern": [86, 95], "threshold": null}, {"pattern": [212, 188, 38], "threshold": null}, {"pattern": [196, 245, 215], "threshold": null}, {"pattern": [34, 116, 63], "threshold": null}, {"pattern": [188, 103], "threshold": null}, {"pattern": [64, 75], "threshold": null}, {"pattern": [188, 212, 132], "threshold": null}, {"pattern": [188, 132, 134], "threshold": null}, {"pattern": [188, 132, 103], "threshold": null}, {"pattern": [202, 215, 188, 103], "threshold": null}, {"pattern": [188, 196, 215], "threshold": null}, {"pattern": [241, 86], "threshold": null}, {"pattern": [34, 180], "threshold": null}, {"pattern": [188, 87, 63], "threshold": null}, {"pattern": [16, 34, 188], "threshold": null}, {"pattern": [87, 63], "threshold": null}, {"pattern": [212, 196, 215], "threshold": null}, {"pattern": [188, 55], "threshold": null}, {"pattern": [38], "threshold": null}, {"pattern": [188, 196, 90, 215], "threshold": null}, {"pattern": [180, 188, 63], "threshold": null}, {"pattern": [202, 27], "threshold": null}, {"pattern": [180, 63], "threshold": null}, {"pattern": [16, 188, 132], "threshold": null}, {"pattern": [204, 63], "threshold": null}, {"pattern": [13, 38], "threshold": null}]}, {"config": {"code_name": "[CS CM OC][Len SSize MFit CAtom][GNone]", "population_size": 100, "evaluation_budget": 10000, "cluster_info_file_name": "C:\\Users\\gac8\\PycharmProjects\\PSSearch\\retail_forecasting_data_collection\\data\\cluster_info_250_random.pkl", "use_custom_sampling_operator": true, "use_custom_mutation_operator": true, "use_custom_crossover_operator": false, "use_custom_atomicity": true, "genome_threshold": null, "include_ps_len": true, "include_sample_quantity": true, "include_wasserstein_distance": false, "include_diff_median": false, "include_atomicity": true, "include_p_value": false, "include_mean_fitness": true, "include_variance": false}, "results": [{"pattern": [27, 61], "threshold": null}, {"pattern": [188, 244], "threshold": null}, {"pattern": [35, 52], "threshold": null}, {"pattern": [248, 132], "threshold": null}, {"pattern": [180, 245], "threshold": null}, {"pattern": [76, 190], "threshold": null}, {"pattern": [158], "threshold": null}, {"pattern": [86], "threshold": null}, {"pattern": [25, 177], "threshold": null}, {"pattern": [196, 164], "threshold": null}, {"pattern": [19, 158], "threshold": null}, {"pattern": [188], "threshold": null}, {"pattern": [204, 132], "threshold": null}, {"pattern": [45], "threshold": null}, {"pattern": [177, 241], "threshold": null}, {"pattern": [132], "threshold": null}, {"pattern": [13], "threshold": null}, {"pattern": [217], "threshold": null}, {"pattern": [183, 63], "threshold": null}, {"pattern": [235, 196], "threshold": null}, {"pattern": [50, 13], "threshold": null}, {"pattern": [65], "threshold": null}, {"pattern": [202, 91], "threshold": null}, {"pattern": [116, 190], "threshold": null}, {"pattern": [193, 180, 215], "threshold": null}, {"pattern": [103], "threshold": null}, {"pattern": [212, 116], "threshold": null}, {"pattern": [88, 13], "threshold": null}, {"pattern": [16, 86], "threshold": null}, {"pattern": [13, 103], "threshold": null}, {"pattern": [248, 212], "threshold": null}, {"pattern": [225, 151], "threshold": null}, {"pattern": [76, 61], "threshold": null}, {"pattern": [25], "threshold": null}, {"pattern": [217, 103], "threshold": null}, {"pattern": [180, 86], "threshold": null}, {"pattern": [232, 134], "threshold": null}, {"pattern": [158, 134], "threshold": null}, {"pattern": [16, 132], "threshold": null}, {"pattern": [65, 188], "threshold": null}, {"pattern": [132, 215], "threshold": null}, {"pattern": [88], "threshold": null}, {"pattern": [25, 63], "threshold": null}, {"pattern": [193, 188], "threshold": null}, {"pattern": [230], "threshold": null}, {"pattern": [120], "threshold": null}, {"pattern": [212, 4], "threshold": null}, {"pattern": [116, 237], "threshold": null}, {"pattern": [237], "threshold": null}, {"pattern": [158, 63], "threshold": null}, {"pattern": [233, 114], "threshold": null}, {"pattern": [184, 63], "threshold": null}, {"pattern": [177, 158], "threshold": null}, {"pattern": [241, 215], "threshold": null}, {"pattern": [196, 132], "threshold": null}, {"pattern": [212], "threshold": null}]}]}