{"extra_info": {"version": "fallback_v1", "seed": 55}, "data": [{"config": {"code_name": "[CS CM CC][Len SSize MFit CAtom][GNone]", "population_size": 100, "evaluation_budget": 10000, "cluster_info_file_name": "C:\\Users\\gac8\\PycharmProjects\\PSSearch\\retail_forecasting_data_collection\\data\\cluster_info_250_random.pkl", "use_custom_sampling_operator": true, "use_custom_mutation_operator": true, "use_custom_crossover_operator": true, "use_custom_atomicity": true, "genome_threshold": null, "include_ps_len": true, "include_sample_quantity": true, "include_wasserstein_distance": false, "include_diff_median": false, "include_atomicity": true, "include_p_value": false, "include_mean_fitness": true, "include_variance": false}, "results": [{"pattern": [25], "threshold": null}, {"pattern": [17, 30], "threshold": null}, {"pattern": [25, 235], "threshold": null}, {"pattern": [45], "threshold": null}, {"pattern": [69, 71], "threshold": null}, {"pattern": [188], "threshold": null}, {"pattern": [16, 25], "threshold": null}, {"pattern": [27, 158], "threshold": null}, {"pattern": [196, 158], "threshold": null}, {"pattern": [116, 167], "threshold": null}, {"pattern": [221, 61], "threshold": null}, {"pattern": [34, 38], "threshold": null}, {"pattern": [88], "threshold": null}, {"pattern": [120], "threshold": null}, {"pattern": [13], "threshold": null}, {"pattern": [235, 103], "threshold": null}, {"pattern": [54], "threshold": null}, {"pattern": [202, 188], "threshold": null}, {"pattern": [232, 87], "threshold": null}, {"pattern": [158], "threshold": null}, {"pattern": [19, 221], "threshold": null}, {"pattern": [25, 212], "threshold": null}, {"pattern": [224, 13], "threshold": null}, {"pattern": [232, 207], "threshold": null}, {"pattern": [25, 90], "threshold": null}, {"pattern": [212, 86], "threshold": null}, {"pattern": [237], "threshold": null}, {"pattern": [13, 134], "threshold": null}, {"pattern": [188, 103], "threshold": null}, {"pattern": [217, 171], "threshold": null}, {"pattern": [65], "threshold": null}, {"pattern": [224, 132], "threshold": null}, {"pattern": [217], "threshold": null}, {"pattern": [86], "threshold": null}, {"pattern": [132], "threshold": null}, {"pattern": [212, 134], "threshold": null}, {"pattern": [224, 26], "threshold": null}, {"pattern": [212], "threshold": null}, {"pattern": [224, 202, 188], "threshold": null}, {"pattern": [103], "threshold": null}]}, {"config": {"code_name": "[CS CM CC][SSize MFit CAtom][GNone]", "population_size": 100, "evaluation_budget": 10000, "cluster_info_file_name": "C:\\Users\\gac8\\PycharmProjects\\PSSearch\\retail_forecasting_data_collection\\data\\cluster_info_250_random.pkl", "use_custom_sampling_operator": true, "use_custom_mutation_operator": true, "use_custom_crossover_operator": true, "use_custom_atomicity": true, "genome_threshold": null, "include_ps_len": false, "include_sample_quantity": true, "include_wasserstein_distance": false, "include_diff_median": false, "include_atomicity": true, "include_p_value": false, "include_mean_fitness": true, "include_variance": false}, "results": [{"pattern": [180, 164], "threshold": null}, {"pattern": [192, 135], "threshold": null}, {"pattern": [235, 132], "threshold": null}, {"pattern": [158, 86], "threshold": null}, {"pattern": [50, 165], "threshold": null}, {"pattern": [97, 91], "threshold": null}, {"pattern": [157, 86], "threshold": null}, {"pattern": [82, 77], "threshold": null}, {"pattern": [196, 173], "threshold": null}, {"pattern": [74, 158], "threshold": null}, {"pattern": [86], "threshold": null}, {"pattern": [103], "threshold": null}, {"pattern": [65], "threshold": null}, {"pattern": [134, 63], "threshold": null}, {"pattern": [90, 27], "threshold": null}, {"pattern": [232, 25], "threshold": null}, {"pattern": [16, 188], "threshold": null}, {"pattern": [132, 28], "threshold": null}, {"pattern": [65, 241], "threshold": null}, {"pattern": [217, 188], "threshold": null}, {"pattern": [25, 13], "threshold": null}, {"pattern": [16, 63], "threshold": null}, {"pattern": [241, 63], "threshold": null}, {"pattern": [188], "threshold": null}, {"pattern": [212, 116], "threshold": null}, {"pattern": [91, 215], "threshold": null}, {"pattern": [80, 229], "threshold": null}, {"pattern": [132, 244], "threshold": null}, {"pattern": [181, 86], "threshold": null}, {"pattern": [158], "threshold": null}, {"pattern": [208, 50], "threshold": null}, {"pattern": [88], "threshold": null}, {"pattern": [237], "threshold": null}, {"pattern": [217], "threshold": null}, {"pattern": [241, 132], "threshold": null}, {"pattern": [212], "threshold": null}, {"pattern": [146, 86], "threshold": null}, {"pattern": [132], "threshold": null}, {"pattern": [13], "threshold": null}, {"pattern": [235, 103], "threshold": null}, {"pattern": [244, 47], "threshold": null}, {"pattern": [137, 158], "threshold": null}]}, {"config": {"code_name": "[CS CM CC][Len MFit CAtom][GNone]", "population_size": 100, "evaluation_budget": 10000, "cluster_info_file_name": "C:\\Users\\gac8\\PycharmProjects\\PSSearch\\retail_forecasting_data_collection\\data\\cluster_info_250_random.pkl", "use_custom_sampling_operator": true, "use_custom_mutation_operator": true, "use_custom_crossover_operator": true, "use_custom_atomicity": true, "genome_threshold": null, "include_ps_len": true, "include_sample_quantity": false, "include_wasserstein_distance": false, "include_diff_median": false, "include_atomicity": true, "include_p_value": false, "include_mean_fitness": true, "include_variance": false}, "results": [{"pattern": [11, 77], "threshold": null}, {"pattern": [120], "threshold": null}, {"pattern": [160, 245], "threshold": null}, {"pattern": [190, 103], "threshold": null}, {"pattern": [49, 109], "threshold": null}, {"pattern": [158, 38], "threshold": null}, {"pattern": [180, 132, 86], "threshold": null}, {"pattern": [248, 25], "threshold": null}, {"pattern": [27, 204], "threshold": null}]}, {"config": {"code_name": "[CS CM CC][Len SSize CAtom][GNone]", "population_size": 100, "evaluation_budget": 10000, "cluster_info_file_name": "C:\\Users\\gac8\\PycharmProjects\\PSSearch\\retail_forecasting_data_collection\\data\\cluster_info_250_random.pkl", "use_custom_sampling_operator": true, "use_custom_mutation_operator": true, "use_custom_crossover_operator": true, "use_custom_atomicity": true, "genome_threshold": null, "include_ps_len": true, "include_sample_quantity": true, "include_wasserstein_distance": false, "include_diff_median": false, "include_atomicity": true, "include_p_value": false, "include_mean_fitness": false, "include_variance": false}, "results": [{"pattern": [221, 215], "threshold": null}, {"pattern": [212, 180], "threshold": null}, {"pattern": [188, 164], "threshold": null}, {"pattern": [188], "threshold": null}, {"pattern": [33, 68], "threshold": null}, {"pattern": [224, 188], "threshold": null}, {"pattern": [184, 30], "threshold": null}]}, {"config": {"code_name": "[CS CM CC][Len SSize MFit][GNone]", "population_size": 100, "evaluation_budget": 10000, "cluster_info_file_name": "C:\\Users\\gac8\\PycharmProjects\\PSSearch\\retail_forecasting_data_collection\\data\\cluster_info_250_random.pkl", "use_custom_sampling_operator": true, "use_custom_mutation_operator": true, "use_custom_crossover_operator": true, "use_custom_atomicity": true, "genome_threshold": null, "include_ps_len": true, "include_sample_quantity": true, "include_wasserstein_distance": false, "include_diff_median": false, "include_atomicity": false, "include_p_value": false, "include_mean_fitness": true, "include_variance": false}, "results": [{"pattern": [158], "threshold": null}, {"pattern": [188], "threshold": null}, {"pattern": [211, 212], "threshold": null}, {"pattern": [54], "threshold": null}, {"pattern": [237], "threshold": null}, {"pattern": [132], "threshold": null}, {"pattern": [211, 63], "threshold": null}, {"pattern": [204, 158], "threshold": null}, {"pattern": [27, 132], "threshold": null}, {"pattern": [182, 158], "threshold": null}, {"pattern": [212, 13], "threshold": null}, {"pattern": [61, 158], "threshold": null}, {"pattern": [13], "threshold": null}, {"pattern": [25], "threshold": null}, {"pattern": [217], "threshold": null}, {"pattern": [88], "threshold": null}, {"pattern": [196, 132], "threshold": null}, {"pattern": [88, 212, 13], "threshold": null}, {"pattern": [65], "threshold": null}, {"pattern": [212, 158], "threshold": null}, {"pattern": [45], "threshold": null}, {"pattern": [164, 132], "threshold": null}, {"pattern": [86], "threshold": null}, {"pattern": [132, 215], "threshold": null}, {"pattern": [120], "threshold": null}, {"pattern": [103], "threshold": null}, {"pattern": [93, 13], "threshold": null}, {"pattern": [212], "threshold": null}]}, {"config": {"code_name": "[OS CM CC][Len SSize MFit CAtom][GNone]", "population_size": 100, "evaluation_budget": 10000, "cluster_info_file_name": "C:\\Users\\gac8\\PycharmProjects\\PSSearch\\retail_forecasting_data_collection\\data\\cluster_info_250_random.pkl", "use_custom_sampling_operator": false, "use_custom_mutation_operator": true, "use_custom_crossover_operator": true, "use_custom_atomicity": true, "genome_threshold": null, "include_ps_len": true, "include_sample_quantity": true, "include_wasserstein_distance": false, "include_diff_median": false, "include_atomicity": true, "include_p_value": false, "include_mean_fitness": true, "include_variance": false}, "results": [{"pattern": [201, 195], "threshold": null}, {"pattern": [235, 212], "threshold": null}, {"pattern": [241, 180], "threshold": null}, {"pattern": [25], "threshold": null}, {"pattern": [74, 13], "threshold": null}, {"pattern": [212], "threshold": null}, {"pattern": [248, 131], "threshold": null}, {"pattern": [45], "threshold": null}, {"pattern": [11, 109], "threshold": null}, {"pattern": [61, 190], "threshold": null}, {"pattern": [116, 190], "threshold": null}, {"pattern": [162, 215], "threshold": null}, {"pattern": [16, 74], "threshold": null}, {"pattern": [188], "threshold": null}, {"pattern": [192, 101], "threshold": null}, {"pattern": [56, 155], "threshold": null}, {"pattern": [193, 180], "threshold": null}, {"pattern": [25, 245], "threshold": null}, {"pattern": [16, 158], "threshold": null}, {"pattern": [88], "threshold": null}, {"pattern": [237, 158], "threshold": null}, {"pattern": [158, 142], "threshold": null}, {"pattern": [25, 63], "threshold": null}, {"pattern": [120], "threshold": null}, {"pattern": [13], "threshold": null}, {"pattern": [54], "threshold": null}, {"pattern": [158], "threshold": null}, {"pattern": [91, 158], "threshold": null}, {"pattern": [34, 87], "threshold": null}, {"pattern": [179, 71], "threshold": null}, {"pattern": [16, 235], "threshold": null}, {"pattern": [16, 237], "threshold": null}, {"pattern": [224, 244], "threshold": null}, {"pattern": [132, 158], "threshold": null}, {"pattern": [76, 61], "threshold": null}, {"pattern": [18, 37], "threshold": null}, {"pattern": [116, 86], "threshold": null}, {"pattern": [202, 215], "threshold": null}, {"pattern": [237], "threshold": null}, {"pattern": [65], "threshold": null}, {"pattern": [241, 13], "threshold": null}, {"pattern": [177, 151], "threshold": null}, {"pattern": [162, 188], "threshold": null}, {"pattern": [217], "threshold": null}, {"pattern": [18, 63], "threshold": null}, {"pattern": [86], "threshold": null}, {"pattern": [132], "threshold": null}, {"pattern": [217, 86], "threshold": null}, {"pattern": [16, 63], "threshold": null}, {"pattern": [220, 135], "threshold": null}, {"pattern": [103], "threshold": null}, {"pattern": [132, 86], "threshold": null}]}, {"config": {"code_name": "[CS OM CC][Len SSize MFit CAtom][GNone]", "population_size": 100, "evaluation_budget": 10000, "cluster_info_file_name": "C:\\Users\\gac8\\PycharmProjects\\PSSearch\\retail_forecasting_data_collection\\data\\cluster_info_250_random.pkl", "use_custom_sampling_operator": true, "use_custom_mutation_operator": false, "use_custom_crossover_operator": true, "use_custom_atomicity": true, "genome_threshold": null, "include_ps_len": true, "include_sample_quantity": true, "include_wasserstein_distance": false, "include_diff_median": false, "include_atomicity": true, "include_p_value": false, "include_mean_fitness": true, "include_variance": false}, "results": [{"pattern": [16, 188, 63], "threshold": null}, {"pattern": [97, 101], "threshold": null}, {"pattern": [241, 180], "threshold": null}, {"pattern": [13, 86, 215], "threshold": null}, {"pattern": [76, 29], "threshold": null}, {"pattern": [27, 132, 13], "threshold": null}, {"pattern": [217, 212, 86], "threshold": null}, {"pattern": [75, 13], "threshold": null}, {"pattern": [217, 196], "threshold": null}, {"pattern": [27, 180], "threshold": null}, {"pattern": [188, 13, 86], "threshold": null}, {"pattern": [180], "threshold": null}, {"pattern": [13, 158], "threshold": null}, {"pattern": [212, 27, 180], "threshold": null}, {"pattern": [188], "threshold": null}, {"pattern": [212, 86, 215, 188, 13], "threshold": null}, {"pattern": [56, 63], "threshold": null}, {"pattern": [88, 217], "threshold": null}, {"pattern": [65, 212, 221], "threshold": null}, {"pattern": [24, 27], "threshold": null}, {"pattern": [177, 180, 212], "threshold": null}, {"pattern": [88], "threshold": null}, {"pattern": [25, 63], "threshold": null}, {"pattern": [13, 86], "threshold": null}, {"pattern": [88, 132, 13], "threshold": null}, {"pattern": [65, 180], "threshold": null}, {"pattern": [88, 188], "threshold": null}, {"pattern": [13], "threshold": null}, {"pattern": [90, 13, 103], "threshold": null}, {"pattern": [188, 237, 63], "threshold": null}, {"pattern": [132, 63], "threshold": null}, {"pattern": [158], "threshold": null}, {"pattern": [90, 13], "threshold": null}, {"pattern": [188, 190], "threshold": null}, {"pattern": [162, 221], "threshold": null}, {"pattern": [164, 180], "threshold": null}, {"pattern": [212, 13, 86, 215], "threshold": null}, {"pattern": [134, 188, 190], "threshold": null}, {"pattern": [188, 63], "threshold": null}, {"pattern": [65, 27], "threshold": null}, {"pattern": [241, 158], "threshold": null}, {"pattern": [188, 13], "threshold": null}, {"pattern": [188, 132, 63], "threshold": null}, {"pattern": [86, 167], "threshold": null}, {"pattern": [16, 86], "threshold": null}, {"pattern": [13, 103], "threshold": null}, {"pattern": [132, 13], "threshold": null}, {"pattern": [13, 181], "threshold": null}, {"pattern": [188, 103], "threshold": null}, {"pattern": [24, 127], "threshold": null}, {"pattern": [13, 239], "threshold": null}, {"pattern": [146, 13], "threshold": null}, {"pattern": [241, 13], "threshold": null}, {"pattern": [90, 13, 86, 215], "threshold": null}, {"pattern": [132, 13, 134], "threshold": null}, {"pattern": [86, 215, 90, 188, 13], "threshold": null}, {"pattern": [217], "threshold": null}, {"pattern": [86], "threshold": null}, {"pattern": [88, 13, 103], "threshold": null}, {"pattern": [217, 86], "threshold": null}, {"pattern": [169, 63], "threshold": null}, {"pattern": [88, 13], "threshold": null}, {"pattern": [27, 86], "threshold": null}, {"pattern": [88, 188, 132, 13], "threshold": null}, {"pattern": [188, 86], "threshold": null}]}, {"config": {"code_name": "[CS CM OC][Len SSize MFit CAtom][GNone]", "population_size": 100, "evaluation_budget": 10000, "cluster_info_file_name": "C:\\Users\\gac8\\PycharmProjects\\PSSearch\\retail_forecasting_data_collection\\data\\cluster_info_250_random.pkl", "use_custom_sampling_operator": true, "use_custom_mutation_operator": true, "use_custom_crossover_operator": false, "use_custom_atomicity": true, "genome_threshold": null, "include_ps_len": true, "include_sample_quantity": true, "include_wasserstein_distance": false, "include_diff_median": false, "include_atomicity": true, "include_p_value": false, "include_mean_fitness": true, "include_variance": false}, "results": [{"pattern": [25], "threshold": null}, {"pattern": [202, 13], "threshold": null}, {"pattern": [103, 87], "threshold": null}, {"pattern": [241, 63], "threshold": null}, {"pattern": [153, 100], "threshold": null}, {"pattern": [101, 62], "threshold": null}, {"pattern": [45], "threshold": null}, {"pattern": [38, 87], "threshold": null}, {"pattern": [158, 87], "threshold": null}, {"pattern": [188], "threshold": null}, {"pattern": [25, 245], "threshold": null}, {"pattern": [88], "threshold": null}, {"pattern": [139, 188], "threshold": null}, {"pattern": [158, 103], "threshold": null}, {"pattern": [61, 86], "threshold": null}, {"pattern": [120], "threshold": null}, {"pattern": [224, 202], "threshold": null}, {"pattern": [13], "threshold": null}, {"pattern": [157, 158], "threshold": null}, {"pattern": [54], "threshold": null}, {"pattern": [158], "threshold": null}, {"pattern": [217, 63], "threshold": null}, {"pattern": [134, 215], "threshold": null}, {"pattern": [50, 90], "threshold": null}, {"pattern": [180, 132], "threshold": null}, {"pattern": [137, 134], "threshold": null}, {"pattern": [18, 158], "threshold": null}, {"pattern": [59, 245], "threshold": null}, {"pattern": [88, 188, 180], "threshold": null}, {"pattern": [235, 132], "threshold": null}, {"pattern": [188, 164], "threshold": null}, {"pattern": [221, 134], "threshold": null}, {"pattern": [27, 196], "threshold": null}, {"pattern": [237], "threshold": null}, {"pattern": [87, 63], "threshold": null}, {"pattern": [90, 86], "threshold": null}, {"pattern": [65, 171, 180], "threshold": null}, {"pattern": [65], "threshold": null}, {"pattern": [146, 13], "threshold": null}, {"pattern": [27, 13], "threshold": null}, {"pattern": [190, 87], "threshold": null}, {"pattern": [217], "threshold": null}, {"pattern": [42, 188], "threshold": null}, {"pattern": [86], "threshold": null}, {"pattern": [18, 63], "threshold": null}, {"pattern": [61, 103], "threshold": null}, {"pattern": [132], "threshold": null}, {"pattern": [90, 180], "threshold": null}, {"pattern": [212], "threshold": null}, {"pattern": [202, 212], "threshold": null}, {"pattern": [65, 196], "threshold": null}, {"pattern": [103], "threshold": null}]}]}