{"extra_info": {"version": "fallback_v1", "seed": 1}, "data": [{"config": {"code_name": "[CS CM CC][Len SSize MFit CAtom][GNone]", "population_size": 100, "evaluation_budget": 10000, "cluster_info_file_name": "C:\\Users\\gac8\\PycharmProjects\\PSSearch\\retail_forecasting_data_collection\\data\\cluster_info_250_random.pkl", "use_custom_sampling_operator": true, "use_custom_mutation_operator": true, "use_custom_crossover_operator": true, "use_custom_atomicity": true, "genome_threshold": null, "include_ps_len": true, "include_sample_quantity": true, "include_wasserstein_distance": false, "include_diff_median": false, "include_atomicity": true, "include_p_value": false, "include_mean_fitness": true, "include_variance": false}, "results": [{"pattern": [196, 61], "threshold": null}, {"pattern": [65], "threshold": null}, {"pattern": [184, 221], "threshold": null}, {"pattern": [34, 38], "threshold": null}, {"pattern": [88, 202], "threshold": null}, {"pattern": [202, 245], "threshold": null}, {"pattern": [24, 181], "threshold": null}, {"pattern": [212, 245], "threshold": null}, {"pattern": [177, 212], "threshold": null}, {"pattern": [224, 132], "threshold": null}, {"pattern": [188], "threshold": null}, {"pattern": [52, 215], "threshold": null}, {"pattern": [120], "threshold": null}, {"pattern": [217], "threshold": null}, {"pattern": [103], "threshold": null}, {"pattern": [69, 71], "threshold": null}, {"pattern": [212], "threshold": null}, {"pattern": [45], "threshold": null}, {"pattern": [16, 164], "threshold": null}, {"pattern": [86], "threshold": null}, {"pattern": [74, 196], "threshold": null}, {"pattern": [74, 103], "threshold": null}, {"pattern": [230], "threshold": null}, {"pattern": [88], "threshold": null}, {"pattern": [65, 217], "threshold": null}, {"pattern": [132, 181], "threshold": null}, {"pattern": [196], "threshold": null}, {"pattern": [158], "threshold": null}, {"pattern": [244, 13], "threshold": null}, {"pattern": [13, 102], "threshold": null}, {"pattern": [50, 212, 180], "threshold": null}, {"pattern": [171, 212], "threshold": null}, {"pattern": [232, 134], "threshold": null}, {"pattern": [155, 63], "threshold": null}, {"pattern": [109, 87], "threshold": null}, {"pattern": [17, 30], "threshold": null}, {"pattern": [237], "threshold": null}, {"pattern": [192, 195], "threshold": null}, {"pattern": [13, 103], "threshold": null}, {"pattern": [169, 132], "threshold": null}, {"pattern": [139, 132], "threshold": null}, {"pattern": [132], "threshold": null}, {"pattern": [202, 43], "threshold": null}, {"pattern": [82, 122], "threshold": null}, {"pattern": [208, 151], "threshold": null}, {"pattern": [90, 237], "threshold": null}, {"pattern": [13], "threshold": null}, {"pattern": [25], "threshold": null}, {"pattern": [88, 188], "threshold": null}, {"pattern": [75, 68], "threshold": null}, {"pattern": [158, 63], "threshold": null}, {"pattern": [208, 132], "threshold": null}]}, {"config": {"code_name": "[CS CM CC][SSize MFit CAtom][GNone]", "population_size": 100, "evaluation_budget": 10000, "cluster_info_file_name": "C:\\Users\\gac8\\PycharmProjects\\PSSearch\\retail_forecasting_data_collection\\data\\cluster_info_250_random.pkl", "use_custom_sampling_operator": true, "use_custom_mutation_operator": true, "use_custom_crossover_operator": true, "use_custom_atomicity": true, "genome_threshold": null, "include_ps_len": false, "include_sample_quantity": true, "include_wasserstein_distance": false, "include_diff_median": false, "include_atomicity": true, "include_p_value": false, "include_mean_fitness": true, "include_variance": false}, "results": [{"pattern": [217, 237], "threshold": null}, {"pattern": [188], "threshold": null}, {"pattern": [87, 63], "threshold": null}, {"pattern": [92, 63], "threshold": null}, {"pattern": [86], "threshold": null}, {"pattern": [202, 43], "threshold": null}, {"pattern": [88, 196], "threshold": null}, {"pattern": [196, 244], "threshold": null}, {"pattern": [158], "threshold": null}, {"pattern": [90, 91], "threshold": null}, {"pattern": [171, 196], "threshold": null}, {"pattern": [16, 197], "threshold": null}, {"pattern": [184, 134], "threshold": null}, {"pattern": [217], "threshold": null}, {"pattern": [81, 180], "threshold": null}, {"pattern": [88, 237], "threshold": null}, {"pattern": [212, 190], "threshold": null}, {"pattern": [146, 195], "threshold": null}, {"pattern": [65], "threshold": null}, {"pattern": [195, 212], "threshold": null}, {"pattern": [217, 196], "threshold": null}, {"pattern": [184, 221], "threshold": null}, {"pattern": [65, 171, 103], "threshold": null}, {"pattern": [132], "threshold": null}, {"pattern": [65, 237], "threshold": null}, {"pattern": [103], "threshold": null}, {"pattern": [13], "threshold": null}, {"pattern": [196], "threshold": null}, {"pattern": [56, 155], "threshold": null}, {"pattern": [1, 212], "threshold": null}, {"pattern": [193, 188], "threshold": null}, {"pattern": [88], "threshold": null}, {"pattern": [235, 215], "threshold": null}, {"pattern": [237], "threshold": null}, {"pattern": [119, 63], "threshold": null}, {"pattern": [122, 205], "threshold": null}, {"pattern": [212], "threshold": null}, {"pattern": [61, 173], "threshold": null}, {"pattern": [104, 142], "threshold": null}, {"pattern": [86, 215], "threshold": null}]}, {"config": {"code_name": "[CS CM CC][Len MFit CAtom][GNone]", "population_size": 100, "evaluation_budget": 10000, "cluster_info_file_name": "C:\\Users\\gac8\\PycharmProjects\\PSSearch\\retail_forecasting_data_collection\\data\\cluster_info_250_random.pkl", "use_custom_sampling_operator": true, "use_custom_mutation_operator": true, "use_custom_crossover_operator": true, "use_custom_atomicity": true, "genome_threshold": null, "include_ps_len": true, "include_sample_quantity": false, "include_wasserstein_distance": false, "include_diff_median": false, "include_atomicity": true, "include_p_value": false, "include_mean_fitness": true, "include_variance": false}, "results": [{"pattern": [16, 197], "threshold": null}, {"pattern": [237, 134], "threshold": null}, {"pattern": [120], "threshold": null}, {"pattern": [25, 134], "threshold": null}, {"pattern": [33, 75], "threshold": null}, {"pattern": [38, 87], "threshold": null}, {"pattern": [76, 61], "threshold": null}]}, {"config": {"code_name": "[CS CM CC][Len SSize CAtom][GNone]", "population_size": 100, "evaluation_budget": 10000, "cluster_info_file_name": "C:\\Users\\gac8\\PycharmProjects\\PSSearch\\retail_forecasting_data_collection\\data\\cluster_info_250_random.pkl", "use_custom_sampling_operator": true, "use_custom_mutation_operator": true, "use_custom_crossover_operator": true, "use_custom_atomicity": true, "genome_threshold": null, "include_ps_len": true, "include_sample_quantity": true, "include_wasserstein_distance": false, "include_diff_median": false, "include_atomicity": true, "include_p_value": false, "include_mean_fitness": false, "include_variance": false}, "results": [{"pattern": [212, 180], "threshold": null}, {"pattern": [16, 116], "threshold": null}, {"pattern": [221, 61], "threshold": null}, {"pattern": [34, 87], "threshold": null}, {"pattern": [188, 244], "threshold": null}, {"pattern": [188], "threshold": null}, {"pattern": [1, 78], "threshold": null}]}, {"config": {"code_name": "[CS CM CC][Len SSize MFit][GNone]", "population_size": 100, "evaluation_budget": 10000, "cluster_info_file_name": "C:\\Users\\gac8\\PycharmProjects\\PSSearch\\retail_forecasting_data_collection\\data\\cluster_info_250_random.pkl", "use_custom_sampling_operator": true, "use_custom_mutation_operator": true, "use_custom_crossover_operator": true, "use_custom_atomicity": true, "genome_threshold": null, "include_ps_len": true, "include_sample_quantity": true, "include_wasserstein_distance": false, "include_diff_median": false, "include_atomicity": false, "include_p_value": false, "include_mean_fitness": true, "include_variance": false}, "results": [{"pattern": [90, 86], "threshold": null}, {"pattern": [103], "threshold": null}, {"pattern": [86], "threshold": null}, {"pattern": [217, 13], "threshold": null}, {"pattern": [132], "threshold": null}, {"pattern": [65], "threshold": null}, {"pattern": [158], "threshold": null}, {"pattern": [217], "threshold": null}, {"pattern": [65, 86], "threshold": null}, {"pattern": [27, 86], "threshold": null}, {"pattern": [237, 158], "threshold": null}, {"pattern": [237], "threshold": null}, {"pattern": [120], "threshold": null}, {"pattern": [25], "threshold": null}, {"pattern": [196], "threshold": null}, {"pattern": [158, 196, 86], "threshold": null}, {"pattern": [230], "threshold": null}, {"pattern": [16, 196], "threshold": null}, {"pattern": [45], "threshold": null}, {"pattern": [27, 212], "threshold": null}, {"pattern": [88], "threshold": null}, {"pattern": [188], "threshold": null}, {"pattern": [212], "threshold": null}, {"pattern": [13], "threshold": null}, {"pattern": [13, 103], "threshold": null}, {"pattern": [158, 134], "threshold": null}]}, {"config": {"code_name": "[OS CM CC][Len SSize MFit CAtom][GNone]", "population_size": 100, "evaluation_budget": 10000, "cluster_info_file_name": "C:\\Users\\gac8\\PycharmProjects\\PSSearch\\retail_forecasting_data_collection\\data\\cluster_info_250_random.pkl", "use_custom_sampling_operator": false, "use_custom_mutation_operator": true, "use_custom_crossover_operator": true, "use_custom_atomicity": true, "genome_threshold": null, "include_ps_len": true, "include_sample_quantity": true, "include_wasserstein_distance": false, "include_diff_median": false, "include_atomicity": true, "include_p_value": false, "include_mean_fitness": true, "include_variance": false}, "results": [{"pattern": [212, 63], "threshold": null}, {"pattern": [212, 188], "threshold": null}, {"pattern": [65], "threshold": null}, {"pattern": [91, 142], "threshold": null}, {"pattern": [50, 215], "threshold": null}, {"pattern": [215, 167], "threshold": null}, {"pattern": [130, 13], "threshold": null}, {"pattern": [180, 134], "threshold": null}, {"pattern": [188], "threshold": null}, {"pattern": [16, 65], "threshold": null}, {"pattern": [74, 68], "threshold": null}, {"pattern": [217, 180], "threshold": null}, {"pattern": [217], "threshold": null}, {"pattern": [120], "threshold": null}, {"pattern": [103], "threshold": null}, {"pattern": [88, 13], "threshold": null}, {"pattern": [19, 196], "threshold": null}, {"pattern": [212], "threshold": null}, {"pattern": [208, 86], "threshold": null}, {"pattern": [34, 215], "threshold": null}, {"pattern": [45], "threshold": null}, {"pattern": [90, 196], "threshold": null}, {"pattern": [146, 43], "threshold": null}, {"pattern": [51, 215], "threshold": null}, {"pattern": [86], "threshold": null}, {"pattern": [212, 103], "threshold": null}, {"pattern": [230], "threshold": null}, {"pattern": [88], "threshold": null}, {"pattern": [65, 217], "threshold": null}, {"pattern": [196], "threshold": null}, {"pattern": [158], "threshold": null}, {"pattern": [164, 132], "threshold": null}, {"pattern": [180, 167], "threshold": null}, {"pattern": [88, 27], "threshold": null}, {"pattern": [237], "threshold": null}, {"pattern": [192, 135], "threshold": null}, {"pattern": [232, 63], "threshold": null}, {"pattern": [132], "threshold": null}, {"pattern": [212, 244], "threshold": null}, {"pattern": [132, 86], "threshold": null}, {"pattern": [13], "threshold": null}, {"pattern": [158, 86], "threshold": null}, {"pattern": [25, 235], "threshold": null}, {"pattern": [25], "threshold": null}, {"pattern": [24, 158], "threshold": null}, {"pattern": [88, 188], "threshold": null}, {"pattern": [218, 11], "threshold": null}, {"pattern": [137, 134], "threshold": null}, {"pattern": [190, 63], "threshold": null}, {"pattern": [16, 86], "threshold": null}]}, {"config": {"code_name": "[CS OM CC][Len SSize MFit CAtom][GNone]", "population_size": 100, "evaluation_budget": 10000, "cluster_info_file_name": "C:\\Users\\gac8\\PycharmProjects\\PSSearch\\retail_forecasting_data_collection\\data\\cluster_info_250_random.pkl", "use_custom_sampling_operator": true, "use_custom_mutation_operator": false, "use_custom_crossover_operator": true, "use_custom_atomicity": true, "genome_threshold": null, "include_ps_len": true, "include_sample_quantity": true, "include_wasserstein_distance": false, "include_diff_median": false, "include_atomicity": true, "include_p_value": false, "include_mean_fitness": true, "include_variance": false}, "results": [{"pattern": [184, 221], "threshold": null}, {"pattern": [88, 188, 13], "threshold": null}, {"pattern": [241, 188, 158], "threshold": null}, {"pattern": [27, 188, 103], "threshold": null}, {"pattern": [188], "threshold": null}, {"pattern": [81, 244], "threshold": null}, {"pattern": [25, 188, 86], "threshold": null}, {"pattern": [25, 188, 215], "threshold": null}, {"pattern": [212, 158], "threshold": null}, {"pattern": [103], "threshold": null}, {"pattern": [188, 116], "threshold": null}, {"pattern": [74, 212], "threshold": null}, {"pattern": [241, 212, 158], "threshold": null}, {"pattern": [212], "threshold": null}, {"pattern": [25, 188, 103], "threshold": null}, {"pattern": [42, 63], "threshold": null}, {"pattern": [27, 188, 158], "threshold": null}, {"pattern": [188, 103], "threshold": null}, {"pattern": [116, 212, 188, 158], "threshold": null}, {"pattern": [212, 188, 63, 103], "threshold": null}, {"pattern": [25, 90], "threshold": null}, {"pattern": [188, 86], "threshold": null}, {"pattern": [50, 92], "threshold": null}, {"pattern": [180, 158], "threshold": null}, {"pattern": [50, 158], "threshold": null}, {"pattern": [25, 132], "threshold": null}, {"pattern": [42, 151], "threshold": null}, {"pattern": [241, 158], "threshold": null}, {"pattern": [188, 109], "threshold": null}, {"pattern": [158], "threshold": null}, {"pattern": [158, 171, 188, 86], "threshold": null}, {"pattern": [196], "threshold": null}, {"pattern": [81, 212], "threshold": null}, {"pattern": [224, 196], "threshold": null}, {"pattern": [171, 212, 158], "threshold": null}, {"pattern": [91, 158], "threshold": null}, {"pattern": [25, 188], "threshold": null}, {"pattern": [188, 167], "threshold": null}, {"pattern": [25, 63], "threshold": null}, {"pattern": [181], "threshold": null}, {"pattern": [158, 103], "threshold": null}, {"pattern": [215, 158, 103], "threshold": null}, {"pattern": [81, 235], "threshold": null}, {"pattern": [25, 158], "threshold": null}, {"pattern": [171, 188, 86], "threshold": null}, {"pattern": [212, 188, 103], "threshold": null}, {"pattern": [65, 212], "threshold": null}, {"pattern": [158, 215], "threshold": null}, {"pattern": [25, 235], "threshold": null}, {"pattern": [224, 193], "threshold": null}, {"pattern": [25], "threshold": null}, {"pattern": [56, 246], "threshold": null}, {"pattern": [88, 188], "threshold": null}, {"pattern": [158, 63], "threshold": null}, {"pattern": [158, 188, 86], "threshold": null}, {"pattern": [188, 158, 215], "threshold": null}, {"pattern": [122, 188], "threshold": null}, {"pattern": [116, 188, 158], "threshold": null}, {"pattern": [188, 158], "threshold": null}]}, {"config": {"code_name": "[CS CM OC][Len SSize MFit CAtom][GNone]", "population_size": 100, "evaluation_budget": 10000, "cluster_info_file_name": "C:\\Users\\gac8\\PycharmProjects\\PSSearch\\retail_forecasting_data_collection\\data\\cluster_info_250_random.pkl", "use_custom_sampling_operator": true, "use_custom_mutation_operator": true, "use_custom_crossover_operator": false, "use_custom_atomicity": true, "genome_threshold": null, "include_ps_len": true, "include_sample_quantity": true, "include_wasserstein_distance": false, "include_diff_median": false, "include_atomicity": true, "include_p_value": false, "include_mean_fitness": true, "include_variance": false}, "results": [{"pattern": [35, 68], "threshold": null}, {"pattern": [65], "threshold": null}, {"pattern": [77, 38], "threshold": null}, {"pattern": [221, 61], "threshold": null}, {"pattern": [196, 181], "threshold": null}, {"pattern": [188], "threshold": null}, {"pattern": [157, 158], "threshold": null}, {"pattern": [29, 86], "threshold": null}, {"pattern": [235, 132], "threshold": null}, {"pattern": [16, 215], "threshold": null}, {"pattern": [180, 132], "threshold": null}, {"pattern": [120], "threshold": null}, {"pattern": [217], "threshold": null}, {"pattern": [103], "threshold": null}, {"pattern": [49, 196], "threshold": null}, {"pattern": [248, 212], "threshold": null}, {"pattern": [212], "threshold": null}, {"pattern": [45], "threshold": null}, {"pattern": [16, 164], "threshold": null}, {"pattern": [91, 215], "threshold": null}, {"pattern": [18, 92], "threshold": null}, {"pattern": [86], "threshold": null}, {"pattern": [248, 235], "threshold": null}, {"pattern": [232, 35], "threshold": null}, {"pattern": [74, 196], "threshold": null}, {"pattern": [212, 38], "threshold": null}, {"pattern": [235, 55], "threshold": null}, {"pattern": [211, 134], "threshold": null}, {"pattern": [241, 90], "threshold": null}, {"pattern": [230], "threshold": null}, {"pattern": [88], "threshold": null}, {"pattern": [205, 119], "threshold": null}, {"pattern": [196], "threshold": null}, {"pattern": [158], "threshold": null}, {"pattern": [244, 13], "threshold": null}, {"pattern": [86, 127], "threshold": null}, {"pattern": [221, 13], "threshold": null}, {"pattern": [237], "threshold": null}, {"pattern": [134, 30], "threshold": null}, {"pattern": [76, 29], "threshold": null}, {"pattern": [212, 157], "threshold": null}, {"pattern": [132], "threshold": null}, {"pattern": [88, 196], "threshold": null}, {"pattern": [49, 116], "threshold": null}, {"pattern": [132, 86], "threshold": null}, {"pattern": [13], "threshold": null}, {"pattern": [90, 27], "threshold": null}, {"pattern": [38, 63], "threshold": null}, {"pattern": [25], "threshold": null}, {"pattern": [132, 244], "threshold": null}, {"pattern": [137, 61], "threshold": null}, {"pattern": [188, 71], "threshold": null}, {"pattern": [35, 235], "threshold": null}, {"pattern": [196, 102], "threshold": null}, {"pattern": [212, 13], "threshold": null}, {"pattern": [217, 188], "threshold": null}, {"pattern": [91, 212], "threshold": null}]}]}