{"extra_info": {"version": "fallback_v1", "seed": 89}, "data": [{"config": {"code_name": "[CS CM CC][Len SSize MFit CAtom][GNone]", "population_size": 100, "evaluation_budget": 10000, "cluster_info_file_name": "C:\\Users\\gac8\\PycharmProjects\\PSSearch\\retail_forecasting_data_collection\\data\\cluster_info_250_random.pkl", "use_custom_sampling_operator": true, "use_custom_mutation_operator": true, "use_custom_crossover_operator": true, "use_custom_atomicity": true, "genome_threshold": null, "include_ps_len": true, "include_sample_quantity": true, "include_wasserstein_distance": false, "include_diff_median": false, "include_atomicity": true, "include_p_value": false, "include_mean_fitness": true, "include_variance": false}, "results": [{"pattern": [248, 55], "threshold": null}, {"pattern": [66, 188], "threshold": null}, {"pattern": [88], "threshold": null}, {"pattern": [190, 134], "threshold": null}, {"pattern": [217, 215], "threshold": null}, {"pattern": [190, 103], "threshold": null}, {"pattern": [188, 86], "threshold": null}, {"pattern": [16, 65], "threshold": null}, {"pattern": [81, 153], "threshold": null}, {"pattern": [162, 188], "threshold": null}, {"pattern": [177, 196], "threshold": null}, {"pattern": [202, 171], "threshold": null}, {"pattern": [217], "threshold": null}, {"pattern": [196, 132], "threshold": null}, {"pattern": [237], "threshold": null}, {"pattern": [171, 78], "threshold": null}, {"pattern": [132], "threshold": null}, {"pattern": [90, 212], "threshold": null}, {"pattern": [190, 215], "threshold": null}, {"pattern": [18, 34], "threshold": null}, {"pattern": [13], "threshold": null}, {"pattern": [249, 43], "threshold": null}, {"pattern": [56, 246], "threshold": null}, {"pattern": [162, 196], "threshold": null}, {"pattern": [158], "threshold": null}, {"pattern": [25, 177], "threshold": null}, {"pattern": [132, 93], "threshold": null}, {"pattern": [83, 188], "threshold": null}, {"pattern": [244, 158], "threshold": null}, {"pattern": [65, 34], "threshold": null}, {"pattern": [54], "threshold": null}, {"pattern": [65, 202], "threshold": null}, {"pattern": [81, 132], "threshold": null}, {"pattern": [212], "threshold": null}, {"pattern": [120], "threshold": null}, {"pattern": [81, 180], "threshold": null}, {"pattern": [177, 180], "threshold": null}, {"pattern": [65], "threshold": null}, {"pattern": [88, 27], "threshold": null}, {"pattern": [93, 215], "threshold": null}, {"pattern": [50, 86], "threshold": null}, {"pattern": [49, 116], "threshold": null}, {"pattern": [86, 167], "threshold": null}, {"pattern": [241, 158], "threshold": null}, {"pattern": [241, 188], "threshold": null}, {"pattern": [25], "threshold": null}, {"pattern": [45], "threshold": null}, {"pattern": [86], "threshold": null}, {"pattern": [103], "threshold": null}, {"pattern": [13, 215], "threshold": null}, {"pattern": [188], "threshold": null}, {"pattern": [230], "threshold": null}]}, {"config": {"code_name": "[CS CM CC][SSize MFit CAtom][GNone]", "population_size": 100, "evaluation_budget": 10000, "cluster_info_file_name": "C:\\Users\\gac8\\PycharmProjects\\PSSearch\\retail_forecasting_data_collection\\data\\cluster_info_250_random.pkl", "use_custom_sampling_operator": true, "use_custom_mutation_operator": true, "use_custom_crossover_operator": true, "use_custom_atomicity": true, "genome_threshold": null, "include_ps_len": false, "include_sample_quantity": true, "include_wasserstein_distance": false, "include_diff_median": false, "include_atomicity": true, "include_p_value": false, "include_mean_fitness": true, "include_variance": false}, "results": [{"pattern": [132], "threshold": null}, {"pattern": [61, 190], "threshold": null}, {"pattern": [137, 196], "threshold": null}, {"pattern": [217], "threshold": null}, {"pattern": [212, 69], "threshold": null}, {"pattern": [116, 237], "threshold": null}, {"pattern": [35, 68], "threshold": null}, {"pattern": [13], "threshold": null}, {"pattern": [237, 13], "threshold": null}, {"pattern": [146, 43], "threshold": null}, {"pattern": [212, 245], "threshold": null}, {"pattern": [164, 103], "threshold": null}, {"pattern": [4, 63], "threshold": null}, {"pattern": [88], "threshold": null}, {"pattern": [158], "threshold": null}, {"pattern": [90, 215], "threshold": null}, {"pattern": [25, 13], "threshold": null}, {"pattern": [56, 158], "threshold": null}, {"pattern": [232, 119], "threshold": null}, {"pattern": [88, 196, 86], "threshold": null}, {"pattern": [86], "threshold": null}, {"pattern": [237], "threshold": null}, {"pattern": [88, 116], "threshold": null}, {"pattern": [93, 103], "threshold": null}, {"pattern": [95, 63], "threshold": null}, {"pattern": [162, 13], "threshold": null}, {"pattern": [103], "threshold": null}, {"pattern": [90, 212], "threshold": null}, {"pattern": [212], "threshold": null}, {"pattern": [65], "threshold": null}, {"pattern": [171, 188], "threshold": null}, {"pattern": [33, 68], "threshold": null}, {"pattern": [34, 180], "threshold": null}, {"pattern": [169, 235], "threshold": null}, {"pattern": [217, 134], "threshold": null}, {"pattern": [155, 212], "threshold": null}, {"pattern": [134, 103], "threshold": null}, {"pattern": [217, 86], "threshold": null}, {"pattern": [188, 215], "threshold": null}, {"pattern": [245, 134], "threshold": null}]}, {"config": {"code_name": "[CS CM CC][Len MFit CAtom][GNone]", "population_size": 100, "evaluation_budget": 10000, "cluster_info_file_name": "C:\\Users\\gac8\\PycharmProjects\\PSSearch\\retail_forecasting_data_collection\\data\\cluster_info_250_random.pkl", "use_custom_sampling_operator": true, "use_custom_mutation_operator": true, "use_custom_crossover_operator": true, "use_custom_atomicity": true, "genome_threshold": null, "include_ps_len": true, "include_sample_quantity": false, "include_wasserstein_distance": false, "include_diff_median": false, "include_atomicity": true, "include_p_value": false, "include_mean_fitness": true, "include_variance": false}, "results": [{"pattern": [67, 77], "threshold": null}, {"pattern": [25, 158], "threshold": null}, {"pattern": [49, 77], "threshold": null}, {"pattern": [48, 222], "threshold": null}, {"pattern": [120], "threshold": null}, {"pattern": [82, 109], "threshold": null}, {"pattern": [179, 71], "threshold": null}, {"pattern": [232, 235], "threshold": null}, {"pattern": [235, 119], "threshold": null}]}, {"config": {"code_name": "[CS CM CC][Len SSize CAtom][GNone]", "population_size": 100, "evaluation_budget": 10000, "cluster_info_file_name": "C:\\Users\\gac8\\PycharmProjects\\PSSearch\\retail_forecasting_data_collection\\data\\cluster_info_250_random.pkl", "use_custom_sampling_operator": true, "use_custom_mutation_operator": true, "use_custom_crossover_operator": true, "use_custom_atomicity": true, "genome_threshold": null, "include_ps_len": true, "include_sample_quantity": true, "include_wasserstein_distance": false, "include_diff_median": false, "include_atomicity": true, "include_p_value": false, "include_mean_fitness": false, "include_variance": false}, "results": [{"pattern": [8, 188], "threshold": null}, {"pattern": [232, 105], "threshold": null}, {"pattern": [221, 30], "threshold": null}, {"pattern": [188, 116], "threshold": null}, {"pattern": [158, 86], "threshold": null}, {"pattern": [202, 43], "threshold": null}, {"pattern": [188, 215], "threshold": null}, {"pattern": [188], "threshold": null}, {"pattern": [86, 47], "threshold": null}]}, {"config": {"code_name": "[CS CM CC][Len SSize MFit][GNone]", "population_size": 100, "evaluation_budget": 10000, "cluster_info_file_name": "C:\\Users\\gac8\\PycharmProjects\\PSSearch\\retail_forecasting_data_collection\\data\\cluster_info_250_random.pkl", "use_custom_sampling_operator": true, "use_custom_mutation_operator": true, "use_custom_crossover_operator": true, "use_custom_atomicity": true, "genome_threshold": null, "include_ps_len": true, "include_sample_quantity": true, "include_wasserstein_distance": false, "include_diff_median": false, "include_atomicity": false, "include_p_value": false, "include_mean_fitness": true, "include_variance": false}, "results": [{"pattern": [45], "threshold": null}, {"pattern": [120], "threshold": null}, {"pattern": [132], "threshold": null}, {"pattern": [25], "threshold": null}, {"pattern": [90, 103], "threshold": null}, {"pattern": [237], "threshold": null}, {"pattern": [86], "threshold": null}, {"pattern": [54], "threshold": null}, {"pattern": [27, 63], "threshold": null}, {"pattern": [188], "threshold": null}, {"pattern": [212, 103], "threshold": null}, {"pattern": [88, 132], "threshold": null}, {"pattern": [65], "threshold": null}, {"pattern": [196, 215], "threshold": null}, {"pattern": [196, 180], "threshold": null}, {"pattern": [16, 103], "threshold": null}, {"pattern": [230], "threshold": null}, {"pattern": [25, 90], "threshold": null}, {"pattern": [217], "threshold": null}, {"pattern": [103], "threshold": null}, {"pattern": [13], "threshold": null}, {"pattern": [88], "threshold": null}, {"pattern": [212], "threshold": null}, {"pattern": [196, 116], "threshold": null}, {"pattern": [158], "threshold": null}]}, {"config": {"code_name": "[OS CM CC][Len SSize MFit CAtom][GNone]", "population_size": 100, "evaluation_budget": 10000, "cluster_info_file_name": "C:\\Users\\gac8\\PycharmProjects\\PSSearch\\retail_forecasting_data_collection\\data\\cluster_info_250_random.pkl", "use_custom_sampling_operator": false, "use_custom_mutation_operator": true, "use_custom_crossover_operator": true, "use_custom_atomicity": true, "genome_threshold": null, "include_ps_len": true, "include_sample_quantity": true, "include_wasserstein_distance": false, "include_diff_median": false, "include_atomicity": true, "include_p_value": false, "include_mean_fitness": true, "include_variance": false}, "results": [{"pattern": [171, 151], "threshold": null}, {"pattern": [88], "threshold": null}, {"pattern": [188, 95], "threshold": null}, {"pattern": [217, 180], "threshold": null}, {"pattern": [131, 103], "threshold": null}, {"pattern": [162, 13], "threshold": null}, {"pattern": [101, 62], "threshold": null}, {"pattern": [74, 68], "threshold": null}, {"pattern": [18, 158], "threshold": null}, {"pattern": [217], "threshold": null}, {"pattern": [212, 38], "threshold": null}, {"pattern": [237], "threshold": null}, {"pattern": [132], "threshold": null}, {"pattern": [169, 215], "threshold": null}, {"pattern": [25, 52], "threshold": null}, {"pattern": [35, 103], "threshold": null}, {"pattern": [13], "threshold": null}, {"pattern": [177, 188], "threshold": null}, {"pattern": [56, 38], "threshold": null}, {"pattern": [27, 204], "threshold": null}, {"pattern": [212, 135], "threshold": null}, {"pattern": [237, 103], "threshold": null}, {"pattern": [158], "threshold": null}, {"pattern": [204, 92], "threshold": null}, {"pattern": [54], "threshold": null}, {"pattern": [120], "threshold": null}, {"pattern": [65], "threshold": null}, {"pattern": [212], "threshold": null}, {"pattern": [27, 196], "threshold": null}, {"pattern": [151, 103], "threshold": null}, {"pattern": [37, 38], "threshold": null}, {"pattern": [4, 63], "threshold": null}, {"pattern": [35, 109], "threshold": null}, {"pattern": [241, 158], "threshold": null}, {"pattern": [188, 151], "threshold": null}, {"pattern": [167, 103], "threshold": null}, {"pattern": [25], "threshold": null}, {"pattern": [45], "threshold": null}, {"pattern": [212, 164], "threshold": null}, {"pattern": [86], "threshold": null}, {"pattern": [24, 101], "threshold": null}, {"pattern": [27, 132], "threshold": null}, {"pattern": [103], "threshold": null}, {"pattern": [13, 215], "threshold": null}, {"pattern": [188], "threshold": null}, {"pattern": [90, 132], "threshold": null}, {"pattern": [13, 158], "threshold": null}, {"pattern": [230], "threshold": null}]}, {"config": {"code_name": "[CS OM CC][Len SSize MFit CAtom][GNone]", "population_size": 100, "evaluation_budget": 10000, "cluster_info_file_name": "C:\\Users\\gac8\\PycharmProjects\\PSSearch\\retail_forecasting_data_collection\\data\\cluster_info_250_random.pkl", "use_custom_sampling_operator": true, "use_custom_mutation_operator": false, "use_custom_crossover_operator": true, "use_custom_atomicity": true, "genome_threshold": null, "include_ps_len": true, "include_sample_quantity": true, "include_wasserstein_distance": false, "include_diff_median": false, "include_atomicity": true, "include_p_value": false, "include_mean_fitness": true, "include_variance": false}, "results": [{"pattern": [132, 196, 212], "threshold": null}, {"pattern": [196, 188, 215], "threshold": null}, {"pattern": [188, 86], "threshold": null}, {"pattern": [132, 13, 158], "threshold": null}, {"pattern": [158, 215], "threshold": null}, {"pattern": [196, 212, 181], "threshold": null}, {"pattern": [34, 212], "threshold": null}, {"pattern": [224, 196], "threshold": null}, {"pattern": [65, 196, 158], "threshold": null}, {"pattern": [25, 212], "threshold": null}, {"pattern": [126], "threshold": null}, {"pattern": [65, 212, 215], "threshold": null}, {"pattern": [188, 205], "threshold": null}, {"pattern": [53, 103], "threshold": null}, {"pattern": [27, 204], "threshold": null}, {"pattern": [202, 188, 196], "threshold": null}, {"pattern": [212, 215], "threshold": null}, {"pattern": [81, 212], "threshold": null}, {"pattern": [212], "threshold": null}, {"pattern": [90, 27, 86], "threshold": null}, {"pattern": [132, 212, 215], "threshold": null}, {"pattern": [90, 215], "threshold": null}, {"pattern": [181, 103], "threshold": null}, {"pattern": [177, 212, 215], "threshold": null}, {"pattern": [90, 13, 103], "threshold": null}, {"pattern": [27, 86], "threshold": null}, {"pattern": [164, 134], "threshold": null}, {"pattern": [188, 13, 158], "threshold": null}, {"pattern": [196, 132], "threshold": null}, {"pattern": [202, 196, 90], "threshold": null}, {"pattern": [217, 212], "threshold": null}, {"pattern": [177, 180, 212], "threshold": null}, {"pattern": [188, 103], "threshold": null}, {"pattern": [158], "threshold": null}, {"pattern": [212, 13, 158], "threshold": null}, {"pattern": [204, 158], "threshold": null}, {"pattern": [137, 212, 188], "threshold": null}, {"pattern": [202, 158, 215], "threshold": null}, {"pattern": [202, 196], "threshold": null}, {"pattern": [86, 103], "threshold": null}, {"pattern": [177, 188, 171, 212], "threshold": null}, {"pattern": [132, 202, 188, 86], "threshold": null}, {"pattern": [27, 188, 86], "threshold": null}, {"pattern": [196, 173], "threshold": null}, {"pattern": [212, 188], "threshold": null}, {"pattern": [196], "threshold": null}, {"pattern": [204, 183], "threshold": null}, {"pattern": [235, 103], "threshold": null}, {"pattern": [177, 212, 103], "threshold": null}, {"pattern": [177, 212], "threshold": null}, {"pattern": [196, 103], "threshold": null}, {"pattern": [196, 212], "threshold": null}, {"pattern": [132, 90, 188, 103], "threshold": null}, {"pattern": [196, 212, 134], "threshold": null}, {"pattern": [204, 63], "threshold": null}, {"pattern": [137, 77], "threshold": null}, {"pattern": [134, 215], "threshold": null}, {"pattern": [132, 196, 103], "threshold": null}, {"pattern": [90, 196], "threshold": null}, {"pattern": [27, 86, 215], "threshold": null}, {"pattern": [232, 188, 119], "threshold": null}, {"pattern": [217], "threshold": null}, {"pattern": [132, 188, 86], "threshold": null}, {"pattern": [25, 188], "threshold": null}, {"pattern": [65, 196], "threshold": null}, {"pattern": [180, 212, 188], "threshold": null}, {"pattern": [202, 188, 196, 158], "threshold": null}, {"pattern": [188, 215], "threshold": null}, {"pattern": [88, 134], "threshold": null}, {"pattern": [188, 196, 132], "threshold": null}, {"pattern": [90, 188, 103], "threshold": null}, {"pattern": [188, 196, 103], "threshold": null}, {"pattern": [27, 196], "threshold": null}, {"pattern": [217, 90], "threshold": null}, {"pattern": [103], "threshold": null}, {"pattern": [188], "threshold": null}, {"pattern": [13, 158], "threshold": null}]}, {"config": {"code_name": "[CS CM OC][Len SSize MFit CAtom][GNone]", "population_size": 100, "evaluation_budget": 10000, "cluster_info_file_name": "C:\\Users\\gac8\\PycharmProjects\\PSSearch\\retail_forecasting_data_collection\\data\\cluster_info_250_random.pkl", "use_custom_sampling_operator": true, "use_custom_mutation_operator": true, "use_custom_crossover_operator": false, "use_custom_atomicity": true, "genome_threshold": null, "include_ps_len": true, "include_sample_quantity": true, "include_wasserstein_distance": false, "include_diff_median": false, "include_atomicity": true, "include_p_value": false, "include_mean_fitness": true, "include_variance": false}, "results": [{"pattern": [25, 90], "threshold": null}, {"pattern": [16, 204], "threshold": null}, {"pattern": [88], "threshold": null}, {"pattern": [100, 222], "threshold": null}, {"pattern": [188, 206], "threshold": null}, {"pattern": [64, 117], "threshold": null}, {"pattern": [155, 134], "threshold": null}, {"pattern": [212, 244], "threshold": null}, {"pattern": [33, 202], "threshold": null}, {"pattern": [224, 196], "threshold": null}, {"pattern": [212, 167], "threshold": null}, {"pattern": [65, 237], "threshold": null}, {"pattern": [95, 63], "threshold": null}, {"pattern": [217], "threshold": null}, {"pattern": [56, 237], "threshold": null}, {"pattern": [190, 63], "threshold": null}, {"pattern": [237], "threshold": null}, {"pattern": [248, 151], "threshold": null}, {"pattern": [132], "threshold": null}, {"pattern": [13], "threshold": null}, {"pattern": [232, 248], "threshold": null}, {"pattern": [188, 205], "threshold": null}, {"pattern": [91, 212], "threshold": null}, {"pattern": [16, 196], "threshold": null}, {"pattern": [202, 221], "threshold": null}, {"pattern": [34, 158], "threshold": null}, {"pattern": [50, 245], "threshold": null}, {"pattern": [11, 109], "threshold": null}, {"pattern": [158], "threshold": null}, {"pattern": [49, 212], "threshold": null}, {"pattern": [188, 215], "threshold": null}, {"pattern": [208, 171], "threshold": null}, {"pattern": [54], "threshold": null}, {"pattern": [120], "threshold": null}, {"pattern": [221, 55], "threshold": null}, {"pattern": [212], "threshold": null}, {"pattern": [65], "threshold": null}, {"pattern": [116, 237], "threshold": null}, {"pattern": [202, 212], "threshold": null}, {"pattern": [49, 116], "threshold": null}, {"pattern": [202, 196], "threshold": null}, {"pattern": [30, 63], "threshold": null}, {"pattern": [71, 47], "threshold": null}, {"pattern": [76, 61], "threshold": null}, {"pattern": [38, 119], "threshold": null}, {"pattern": [237, 86], "threshold": null}, {"pattern": [25], "threshold": null}, {"pattern": [45], "threshold": null}, {"pattern": [65, 177], "threshold": null}, {"pattern": [86], "threshold": null}, {"pattern": [134, 87], "threshold": null}, {"pattern": [50, 212], "threshold": null}, {"pattern": [103], "threshold": null}, {"pattern": [188], "threshold": null}, {"pattern": [119, 63], "threshold": null}, {"pattern": [230], "threshold": null}, {"pattern": [132, 158], "threshold": null}]}]}