{"extra_info": {"version": "fallback_v1", "seed": 54}, "data": [{"config": {"code_name": "[CS CM CC][Len SSize MFit CAtom][GNone]", "population_size": 100, "evaluation_budget": 10000, "cluster_info_file_name": "C:\\Users\\gac8\\PycharmProjects\\PSSearch\\retail_forecasting_data_collection\\data\\cluster_info_250_random.pkl", "use_custom_sampling_operator": true, "use_custom_mutation_operator": true, "use_custom_crossover_operator": true, "use_custom_atomicity": true, "genome_threshold": null, "include_ps_len": true, "include_sample_quantity": true, "include_wasserstein_distance": false, "include_diff_median": false, "include_atomicity": true, "include_p_value": false, "include_mean_fitness": true, "include_variance": false}, "results": [{"pattern": [158, 215], "threshold": null}, {"pattern": [196, 103], "threshold": null}, {"pattern": [13, 215], "threshold": null}, {"pattern": [192, 195], "threshold": null}, {"pattern": [29, 86], "threshold": null}, {"pattern": [25], "threshold": null}, {"pattern": [158], "threshold": null}, {"pattern": [56, 205], "threshold": null}, {"pattern": [217, 86], "threshold": null}, {"pattern": [50, 47], "threshold": null}, {"pattern": [134, 103], "threshold": null}, {"pattern": [132], "threshold": null}, {"pattern": [241, 132], "threshold": null}, {"pattern": [34, 188], "threshold": null}, {"pattern": [139, 165], "threshold": null}, {"pattern": [132, 61], "threshold": null}, {"pattern": [230], "threshold": null}, {"pattern": [25, 177], "threshold": null}, {"pattern": [237, 86], "threshold": null}, {"pattern": [65, 27], "threshold": null}, {"pattern": [86], "threshold": null}, {"pattern": [177, 196, 86], "threshold": null}, {"pattern": [196], "threshold": null}, {"pattern": [188, 134], "threshold": null}, {"pattern": [16, 215], "threshold": null}, {"pattern": [54], "threshold": null}, {"pattern": [237], "threshold": null}, {"pattern": [212], "threshold": null}, {"pattern": [13], "threshold": null}, {"pattern": [17, 30], "threshold": null}, {"pattern": [69, 71], "threshold": null}, {"pattern": [188], "threshold": null}, {"pattern": [50, 188], "threshold": null}, {"pattern": [65], "threshold": null}, {"pattern": [188, 132], "threshold": null}, {"pattern": [24, 127], "threshold": null}, {"pattern": [81, 235], "threshold": null}, {"pattern": [120], "threshold": null}, {"pattern": [45], "threshold": null}, {"pattern": [212, 180], "threshold": null}, {"pattern": [88], "threshold": null}, {"pattern": [217], "threshold": null}, {"pattern": [88, 86], "threshold": null}, {"pattern": [232, 105], "threshold": null}, {"pattern": [103], "threshold": null}]}, {"config": {"code_name": "[CS CM CC][SSize MFit CAtom][GNone]", "population_size": 100, "evaluation_budget": 10000, "cluster_info_file_name": "C:\\Users\\gac8\\PycharmProjects\\PSSearch\\retail_forecasting_data_collection\\data\\cluster_info_250_random.pkl", "use_custom_sampling_operator": true, "use_custom_mutation_operator": true, "use_custom_crossover_operator": true, "use_custom_atomicity": true, "genome_threshold": null, "include_ps_len": false, "include_sample_quantity": true, "include_wasserstein_distance": false, "include_diff_median": false, "include_atomicity": true, "include_p_value": false, "include_mean_fitness": true, "include_variance": false}, "results": [{"pattern": [65], "threshold": null}, {"pattern": [188], "threshold": null}, {"pattern": [153, 196], "threshold": null}, {"pattern": [202, 212, 215], "threshold": null}, {"pattern": [164, 182], "threshold": null}, {"pattern": [16, 134], "threshold": null}, {"pattern": [92, 158], "threshold": null}, {"pattern": [101, 62], "threshold": null}, {"pattern": [188, 157], "threshold": null}, {"pattern": [237, 134], "threshold": null}, {"pattern": [19, 206], "threshold": null}, {"pattern": [103], "threshold": null}, {"pattern": [202, 142], "threshold": null}, {"pattern": [224, 193], "threshold": null}, {"pattern": [237], "threshold": null}, {"pattern": [146, 195], "threshold": null}, {"pattern": [158, 215], "threshold": null}, {"pattern": [212], "threshold": null}, {"pattern": [235, 158], "threshold": null}, {"pattern": [196, 237], "threshold": null}, {"pattern": [25, 90], "threshold": null}, {"pattern": [132, 158], "threshold": null}, {"pattern": [132], "threshold": null}, {"pattern": [132, 134], "threshold": null}, {"pattern": [208, 47], "threshold": null}, {"pattern": [61, 173], "threshold": null}, {"pattern": [217], "threshold": null}, {"pattern": [16, 63], "threshold": null}, {"pattern": [86], "threshold": null}, {"pattern": [49, 116], "threshold": null}, {"pattern": [158], "threshold": null}, {"pattern": [65, 196], "threshold": null}, {"pattern": [139, 165], "threshold": null}, {"pattern": [188, 109], "threshold": null}, {"pattern": [88], "threshold": null}, {"pattern": [74, 158], "threshold": null}, {"pattern": [196], "threshold": null}, {"pattern": [65, 103], "threshold": null}, {"pattern": [122, 11], "threshold": null}, {"pattern": [13], "threshold": null}, {"pattern": [184, 221], "threshold": null}, {"pattern": [165, 63], "threshold": null}]}, {"config": {"code_name": "[CS CM CC][Len MFit CAtom][GNone]", "population_size": 100, "evaluation_budget": 10000, "cluster_info_file_name": "C:\\Users\\gac8\\PycharmProjects\\PSSearch\\retail_forecasting_data_collection\\data\\cluster_info_250_random.pkl", "use_custom_sampling_operator": true, "use_custom_mutation_operator": true, "use_custom_crossover_operator": true, "use_custom_atomicity": true, "genome_threshold": null, "include_ps_len": true, "include_sample_quantity": false, "include_wasserstein_distance": false, "include_diff_median": false, "include_atomicity": true, "include_p_value": false, "include_mean_fitness": true, "include_variance": false}, "results": [{"pattern": [235, 158], "threshold": null}, {"pattern": [35, 68], "threshold": null}, {"pattern": [56, 204], "threshold": null}, {"pattern": [74, 35], "threshold": null}, {"pattern": [217, 116], "threshold": null}, {"pattern": [120], "threshold": null}]}, {"config": {"code_name": "[CS CM CC][Len SSize CAtom][GNone]", "population_size": 100, "evaluation_budget": 10000, "cluster_info_file_name": "C:\\Users\\gac8\\PycharmProjects\\PSSearch\\retail_forecasting_data_collection\\data\\cluster_info_250_random.pkl", "use_custom_sampling_operator": true, "use_custom_mutation_operator": true, "use_custom_crossover_operator": true, "use_custom_atomicity": true, "genome_threshold": null, "include_ps_len": true, "include_sample_quantity": true, "include_wasserstein_distance": false, "include_diff_median": false, "include_atomicity": true, "include_p_value": false, "include_mean_fitness": false, "include_variance": false}, "results": [{"pattern": [188, 109], "threshold": null}, {"pattern": [232, 119], "threshold": null}, {"pattern": [212, 86], "threshold": null}, {"pattern": [221, 30], "threshold": null}, {"pattern": [188], "threshold": null}, {"pattern": [195, 135], "threshold": null}, {"pattern": [212, 116], "threshold": null}, {"pattern": [90, 221], "threshold": null}]}, {"config": {"code_name": "[CS CM CC][Len SSize MFit][GNone]", "population_size": 100, "evaluation_budget": 10000, "cluster_info_file_name": "C:\\Users\\gac8\\PycharmProjects\\PSSearch\\retail_forecasting_data_collection\\data\\cluster_info_250_random.pkl", "use_custom_sampling_operator": true, "use_custom_mutation_operator": true, "use_custom_crossover_operator": true, "use_custom_atomicity": true, "genome_threshold": null, "include_ps_len": true, "include_sample_quantity": true, "include_wasserstein_distance": false, "include_diff_median": false, "include_atomicity": false, "include_p_value": false, "include_mean_fitness": true, "include_variance": false}, "results": [{"pattern": [217], "threshold": null}, {"pattern": [103], "threshold": null}, {"pattern": [88, 90], "threshold": null}, {"pattern": [158], "threshold": null}, {"pattern": [88], "threshold": null}, {"pattern": [188, 215], "threshold": null}, {"pattern": [217, 132], "threshold": null}, {"pattern": [188, 180], "threshold": null}, {"pattern": [171, 212], "threshold": null}, {"pattern": [25], "threshold": null}, {"pattern": [65], "threshold": null}, {"pattern": [212, 86], "threshold": null}, {"pattern": [230], "threshold": null}, {"pattern": [13], "threshold": null}, {"pattern": [217, 212], "threshold": null}, {"pattern": [237, 103], "threshold": null}, {"pattern": [88, 134], "threshold": null}, {"pattern": [120], "threshold": null}, {"pattern": [188], "threshold": null}, {"pattern": [65, 158], "threshold": null}, {"pattern": [132], "threshold": null}, {"pattern": [196], "threshold": null}, {"pattern": [86], "threshold": null}, {"pattern": [237], "threshold": null}, {"pattern": [180, 116], "threshold": null}, {"pattern": [86, 215], "threshold": null}, {"pattern": [45], "threshold": null}, {"pattern": [212], "threshold": null}, {"pattern": [217, 215], "threshold": null}, {"pattern": [54], "threshold": null}]}, {"config": {"code_name": "[OS CM CC][Len SSize MFit CAtom][GNone]", "population_size": 100, "evaluation_budget": 10000, "cluster_info_file_name": "C:\\Users\\gac8\\PycharmProjects\\PSSearch\\retail_forecasting_data_collection\\data\\cluster_info_250_random.pkl", "use_custom_sampling_operator": false, "use_custom_mutation_operator": true, "use_custom_crossover_operator": true, "use_custom_atomicity": true, "genome_threshold": null, "include_ps_len": true, "include_sample_quantity": true, "include_wasserstein_distance": false, "include_diff_median": false, "include_atomicity": true, "include_p_value": false, "include_mean_fitness": true, "include_variance": false}, "results": [{"pattern": [162, 74], "threshold": null}, {"pattern": [77, 134], "threshold": null}, {"pattern": [139, 92], "threshold": null}, {"pattern": [25], "threshold": null}, {"pattern": [158], "threshold": null}, {"pattern": [225, 132], "threshold": null}, {"pattern": [116, 245], "threshold": null}, {"pattern": [56, 63], "threshold": null}, {"pattern": [212, 87], "threshold": null}, {"pattern": [34, 87], "threshold": null}, {"pattern": [81, 212], "threshold": null}, {"pattern": [171, 212], "threshold": null}, {"pattern": [82, 77], "threshold": null}, {"pattern": [35, 103], "threshold": null}, {"pattern": [88, 188], "threshold": null}, {"pattern": [202, 212], "threshold": null}, {"pattern": [132], "threshold": null}, {"pattern": [76, 61], "threshold": null}, {"pattern": [211, 196], "threshold": null}, {"pattern": [65, 164], "threshold": null}, {"pattern": [230], "threshold": null}, {"pattern": [171, 180], "threshold": null}, {"pattern": [109, 87], "threshold": null}, {"pattern": [188, 164], "threshold": null}, {"pattern": [65, 86], "threshold": null}, {"pattern": [86], "threshold": null}, {"pattern": [137, 63], "threshold": null}, {"pattern": [86, 95], "threshold": null}, {"pattern": [171, 116], "threshold": null}, {"pattern": [158, 103], "threshold": null}, {"pattern": [196], "threshold": null}, {"pattern": [188, 134], "threshold": null}, {"pattern": [54], "threshold": null}, {"pattern": [88, 27], "threshold": null}, {"pattern": [237], "threshold": null}, {"pattern": [212], "threshold": null}, {"pattern": [13], "threshold": null}, {"pattern": [188], "threshold": null}, {"pattern": [65], "threshold": null}, {"pattern": [196, 93], "threshold": null}, {"pattern": [188, 13], "threshold": null}, {"pattern": [16, 134], "threshold": null}, {"pattern": [10, 82], "threshold": null}, {"pattern": [120], "threshold": null}, {"pattern": [16, 13], "threshold": null}, {"pattern": [45], "threshold": null}, {"pattern": [184, 134], "threshold": null}, {"pattern": [232, 103], "threshold": null}, {"pattern": [0, 1], "threshold": null}, {"pattern": [241, 167], "threshold": null}, {"pattern": [88], "threshold": null}, {"pattern": [217], "threshold": null}, {"pattern": [241, 91], "threshold": null}, {"pattern": [25, 202], "threshold": null}, {"pattern": [103], "threshold": null}]}, {"config": {"code_name": "[CS OM CC][Len SSize MFit CAtom][GNone]", "population_size": 100, "evaluation_budget": 10000, "cluster_info_file_name": "C:\\Users\\gac8\\PycharmProjects\\PSSearch\\retail_forecasting_data_collection\\data\\cluster_info_250_random.pkl", "use_custom_sampling_operator": true, "use_custom_mutation_operator": false, "use_custom_crossover_operator": true, "use_custom_atomicity": true, "genome_threshold": null, "include_ps_len": true, "include_sample_quantity": true, "include_wasserstein_distance": false, "include_diff_median": false, "include_atomicity": true, "include_p_value": false, "include_mean_fitness": true, "include_variance": false}, "results": [{"pattern": [196, 237], "threshold": null}, {"pattern": [212, 215], "threshold": null}, {"pattern": [90, 212, 196], "threshold": null}, {"pattern": [132, 244, 215], "threshold": null}, {"pattern": [196, 13], "threshold": null}, {"pattern": [180, 132], "threshold": null}, {"pattern": [177, 196], "threshold": null}, {"pattern": [164, 215], "threshold": null}, {"pattern": [180, 158, 215], "threshold": null}, {"pattern": [188, 134, 215], "threshold": null}, {"pattern": [177, 132, 103], "threshold": null}, {"pattern": [190, 215], "threshold": null}, {"pattern": [211, 132], "threshold": null}, {"pattern": [132, 90, 188, 215], "threshold": null}, {"pattern": [241, 196], "threshold": null}, {"pattern": [16, 132], "threshold": null}, {"pattern": [196, 215], "threshold": null}, {"pattern": [132, 215], "threshold": null}, {"pattern": [196, 13, 158], "threshold": null}, {"pattern": [65, 188, 196, 90], "threshold": null}, {"pattern": [132], "threshold": null}, {"pattern": [91, 196, 215], "threshold": null}, {"pattern": [202, 196, 86], "threshold": null}, {"pattern": [82, 205], "threshold": null}, {"pattern": [132, 103], "threshold": null}, {"pattern": [90, 196, 158], "threshold": null}, {"pattern": [134, 215], "threshold": null}, {"pattern": [147, 37], "threshold": null}, {"pattern": [34, 92], "threshold": null}, {"pattern": [188, 215], "threshold": null}, {"pattern": [65, 196, 158], "threshold": null}, {"pattern": [196, 29], "threshold": null}, {"pattern": [160, 82], "threshold": null}, {"pattern": [153, 196], "threshold": null}, {"pattern": [132, 86, 103], "threshold": null}, {"pattern": [196, 158, 215], "threshold": null}, {"pattern": [196], "threshold": null}, {"pattern": [196, 63, 215], "threshold": null}, {"pattern": [188, 134], "threshold": null}, {"pattern": [105, 51], "threshold": null}, {"pattern": [188, 196], "threshold": null}, {"pattern": [188], "threshold": null}, {"pattern": [27, 196, 215], "threshold": null}, {"pattern": [16, 116, 132], "threshold": null}, {"pattern": [180, 215], "threshold": null}, {"pattern": [212, 196], "threshold": null}, {"pattern": [92, 63], "threshold": null}, {"pattern": [134], "threshold": null}, {"pattern": [196, 181], "threshold": null}, {"pattern": [212, 221, 215], "threshold": null}, {"pattern": [188, 132, 215], "threshold": null}, {"pattern": [169, 132], "threshold": null}, {"pattern": [65, 188, 196], "threshold": null}, {"pattern": [132, 237], "threshold": null}, {"pattern": [65, 188, 196, 86], "threshold": null}, {"pattern": [169], "threshold": null}, {"pattern": [196, 212, 221, 215], "threshold": null}, {"pattern": [196, 158], "threshold": null}]}, {"config": {"code_name": "[CS CM OC][Len SSize MFit CAtom][GNone]", "population_size": 100, "evaluation_budget": 10000, "cluster_info_file_name": "C:\\Users\\gac8\\PycharmProjects\\PSSearch\\retail_forecasting_data_collection\\data\\cluster_info_250_random.pkl", "use_custom_sampling_operator": true, "use_custom_mutation_operator": true, "use_custom_crossover_operator": false, "use_custom_atomicity": true, "genome_threshold": null, "include_ps_len": true, "include_sample_quantity": true, "include_wasserstein_distance": false, "include_diff_median": false, "include_atomicity": true, "include_p_value": false, "include_mean_fitness": true, "include_variance": false}, "results": [{"pattern": [202, 91], "threshold": null}, {"pattern": [177, 188, 158], "threshold": null}, {"pattern": [74, 103], "threshold": null}, {"pattern": [91, 188], "threshold": null}, {"pattern": [25], "threshold": null}, {"pattern": [212, 188], "threshold": null}, {"pattern": [158], "threshold": null}, {"pattern": [43, 101], "threshold": null}, {"pattern": [217, 63], "threshold": null}, {"pattern": [226, 180], "threshold": null}, {"pattern": [249, 43], "threshold": null}, {"pattern": [81, 244], "threshold": null}, {"pattern": [132], "threshold": null}, {"pattern": [25, 103], "threshold": null}, {"pattern": [34, 188], "threshold": null}, {"pattern": [212, 188, 245, 103], "threshold": null}, {"pattern": [230], "threshold": null}, {"pattern": [217, 132], "threshold": null}, {"pattern": [27, 86], "threshold": null}, {"pattern": [86], "threshold": null}, {"pattern": [232, 35], "threshold": null}, {"pattern": [221, 30], "threshold": null}, {"pattern": [158, 103], "threshold": null}, {"pattern": [196], "threshold": null}, {"pattern": [54], "threshold": null}, {"pattern": [237], "threshold": null}, {"pattern": [212], "threshold": null}, {"pattern": [13], "threshold": null}, {"pattern": [181, 127], "threshold": null}, {"pattern": [88, 65], "threshold": null}, {"pattern": [188], "threshold": null}, {"pattern": [65], "threshold": null}, {"pattern": [180, 215], "threshold": null}, {"pattern": [224, 202], "threshold": null}, {"pattern": [120], "threshold": null}, {"pattern": [82, 109], "threshold": null}, {"pattern": [45], "threshold": null}, {"pattern": [241, 245], "threshold": null}, {"pattern": [90, 132], "threshold": null}, {"pattern": [88], "threshold": null}, {"pattern": [217], "threshold": null}, {"pattern": [35, 235], "threshold": null}, {"pattern": [56, 147], "threshold": null}, {"pattern": [13, 30], "threshold": null}, {"pattern": [195, 13], "threshold": null}, {"pattern": [103], "threshold": null}]}]}