{"extra_info": {"version": "fallback_v1", "seed": 62}, "data": [{"config": {"code_name": "[CS CM CC][Len SSize MFit CAtom][GNone]", "population_size": 100, "evaluation_budget": 10000, "cluster_info_file_name": "C:\\Users\\gac8\\PycharmProjects\\PSSearch\\retail_forecasting_data_collection\\data\\cluster_info_250_random.pkl", "use_custom_sampling_operator": true, "use_custom_mutation_operator": true, "use_custom_crossover_operator": true, "use_custom_atomicity": true, "genome_threshold": null, "include_ps_len": true, "include_sample_quantity": true, "include_wasserstein_distance": false, "include_diff_median": false, "include_atomicity": true, "include_p_value": false, "include_mean_fitness": true, "include_variance": false}, "results": [{"pattern": [103], "threshold": null}, {"pattern": [56, 246], "threshold": null}, {"pattern": [158], "threshold": null}, {"pattern": [16, 139], "threshold": null}, {"pattern": [56, 38], "threshold": null}, {"pattern": [248, 86], "threshold": null}, {"pattern": [188, 134], "threshold": null}, {"pattern": [88], "threshold": null}, {"pattern": [180, 86, 215], "threshold": null}, {"pattern": [235, 103], "threshold": null}, {"pattern": [13], "threshold": null}, {"pattern": [230], "threshold": null}, {"pattern": [188, 164], "threshold": null}, {"pattern": [180, 13], "threshold": null}, {"pattern": [132], "threshold": null}, {"pattern": [162, 221], "threshold": null}, {"pattern": [25], "threshold": null}, {"pattern": [184, 196], "threshold": null}, {"pattern": [188, 127], "threshold": null}, {"pattern": [217], "threshold": null}, {"pattern": [120], "threshold": null}, {"pattern": [19, 196], "threshold": null}, {"pattern": [86], "threshold": null}, {"pattern": [101, 135], "threshold": null}, {"pattern": [34, 215], "threshold": null}, {"pattern": [25, 215], "threshold": null}, {"pattern": [188, 221], "threshold": null}, {"pattern": [221, 30], "threshold": null}, {"pattern": [232, 13], "threshold": null}, {"pattern": [241, 90], "threshold": null}, {"pattern": [90, 132], "threshold": null}, {"pattern": [188], "threshold": null}, {"pattern": [88, 63], "threshold": null}, {"pattern": [155, 38], "threshold": null}, {"pattern": [65], "threshold": null}, {"pattern": [24, 212], "threshold": null}, {"pattern": [215, 55], "threshold": null}, {"pattern": [54], "threshold": null}, {"pattern": [134, 95], "threshold": null}, {"pattern": [65, 47], "threshold": null}, {"pattern": [188, 71], "threshold": null}, {"pattern": [90, 244], "threshold": null}, {"pattern": [16, 63], "threshold": null}, {"pattern": [162, 74], "threshold": null}, {"pattern": [90, 188], "threshold": null}, {"pattern": [237], "threshold": null}, {"pattern": [90, 212, 132], "threshold": null}, {"pattern": [212], "threshold": null}, {"pattern": [45], "threshold": null}, {"pattern": [81, 86], "threshold": null}, {"pattern": [116, 245], "threshold": null}, {"pattern": [139, 13], "threshold": null}]}, {"config": {"code_name": "[CS CM CC][SSize MFit CAtom][GNone]", "population_size": 100, "evaluation_budget": 10000, "cluster_info_file_name": "C:\\Users\\gac8\\PycharmProjects\\PSSearch\\retail_forecasting_data_collection\\data\\cluster_info_250_random.pkl", "use_custom_sampling_operator": true, "use_custom_mutation_operator": true, "use_custom_crossover_operator": true, "use_custom_atomicity": true, "genome_threshold": null, "include_ps_len": false, "include_sample_quantity": true, "include_wasserstein_distance": false, "include_diff_median": false, "include_atomicity": true, "include_p_value": false, "include_mean_fitness": true, "include_variance": false}, "results": [{"pattern": [134, 103], "threshold": null}, {"pattern": [132, 134], "threshold": null}, {"pattern": [27, 61], "threshold": null}, {"pattern": [212, 63], "threshold": null}, {"pattern": [158, 127], "threshold": null}, {"pattern": [235, 132], "threshold": null}, {"pattern": [248, 52], "threshold": null}, {"pattern": [13, 103], "threshold": null}, {"pattern": [13, 215], "threshold": null}, {"pattern": [237], "threshold": null}, {"pattern": [81, 244], "threshold": null}, {"pattern": [88], "threshold": null}, {"pattern": [202, 103], "threshold": null}, {"pattern": [103], "threshold": null}, {"pattern": [61, 134], "threshold": null}, {"pattern": [93, 86], "threshold": null}, {"pattern": [56, 205], "threshold": null}, {"pattern": [188], "threshold": null}, {"pattern": [37, 38], "threshold": null}, {"pattern": [158], "threshold": null}, {"pattern": [212, 101], "threshold": null}, {"pattern": [212], "threshold": null}, {"pattern": [66, 134], "threshold": null}, {"pattern": [76, 190], "threshold": null}, {"pattern": [27, 134], "threshold": null}, {"pattern": [232, 35], "threshold": null}, {"pattern": [132], "threshold": null}, {"pattern": [43, 149], "threshold": null}, {"pattern": [18, 38], "threshold": null}, {"pattern": [217], "threshold": null}, {"pattern": [192, 135], "threshold": null}, {"pattern": [86], "threshold": null}, {"pattern": [188, 132, 215], "threshold": null}, {"pattern": [217, 196], "threshold": null}, {"pattern": [34, 63], "threshold": null}, {"pattern": [13], "threshold": null}, {"pattern": [13, 38], "threshold": null}, {"pattern": [16, 65], "threshold": null}, {"pattern": [16, 88], "threshold": null}, {"pattern": [49, 116], "threshold": null}, {"pattern": [65], "threshold": null}, {"pattern": [248, 134], "threshold": null}, {"pattern": [217, 116], "threshold": null}]}, {"config": {"code_name": "[CS CM CC][Len MFit CAtom][GNone]", "population_size": 100, "evaluation_budget": 10000, "cluster_info_file_name": "C:\\Users\\gac8\\PycharmProjects\\PSSearch\\retail_forecasting_data_collection\\data\\cluster_info_250_random.pkl", "use_custom_sampling_operator": true, "use_custom_mutation_operator": true, "use_custom_crossover_operator": true, "use_custom_atomicity": true, "genome_threshold": null, "include_ps_len": true, "include_sample_quantity": false, "include_wasserstein_distance": false, "include_diff_median": false, "include_atomicity": true, "include_p_value": false, "include_mean_fitness": true, "include_variance": false}, "results": [{"pattern": [74, 68], "threshold": null}, {"pattern": [17, 30], "threshold": null}, {"pattern": [169, 235], "threshold": null}, {"pattern": [184, 87], "threshold": null}, {"pattern": [120], "threshold": null}, {"pattern": [25, 245], "threshold": null}, {"pattern": [90, 237], "threshold": null}]}, {"config": {"code_name": "[CS CM CC][Len SSize CAtom][GNone]", "population_size": 100, "evaluation_budget": 10000, "cluster_info_file_name": "C:\\Users\\gac8\\PycharmProjects\\PSSearch\\retail_forecasting_data_collection\\data\\cluster_info_250_random.pkl", "use_custom_sampling_operator": true, "use_custom_mutation_operator": true, "use_custom_crossover_operator": true, "use_custom_atomicity": true, "genome_threshold": null, "include_ps_len": true, "include_sample_quantity": true, "include_wasserstein_distance": false, "include_diff_median": false, "include_atomicity": true, "include_p_value": false, "include_mean_fitness": false, "include_variance": false}, "results": [{"pattern": [209, 245], "threshold": null}, {"pattern": [33, 75], "threshold": null}, {"pattern": [50, 188], "threshold": null}, {"pattern": [212, 86], "threshold": null}, {"pattern": [33, 74], "threshold": null}, {"pattern": [188, 13], "threshold": null}, {"pattern": [188], "threshold": null}, {"pattern": [65, 90], "threshold": null}, {"pattern": [139, 165], "threshold": null}, {"pattern": [34, 87], "threshold": null}, {"pattern": [35, 52], "threshold": null}, {"pattern": [35, 109], "threshold": null}]}, {"config": {"code_name": "[CS CM CC][Len SSize MFit][GNone]", "population_size": 100, "evaluation_budget": 10000, "cluster_info_file_name": "C:\\Users\\gac8\\PycharmProjects\\PSSearch\\retail_forecasting_data_collection\\data\\cluster_info_250_random.pkl", "use_custom_sampling_operator": true, "use_custom_mutation_operator": true, "use_custom_crossover_operator": true, "use_custom_atomicity": true, "genome_threshold": null, "include_ps_len": true, "include_sample_quantity": true, "include_wasserstein_distance": false, "include_diff_median": false, "include_atomicity": false, "include_p_value": false, "include_mean_fitness": true, "include_variance": false}, "results": [{"pattern": [88], "threshold": null}, {"pattern": [25], "threshold": null}, {"pattern": [217], "threshold": null}, {"pattern": [134, 103], "threshold": null}, {"pattern": [54], "threshold": null}, {"pattern": [45], "threshold": null}, {"pattern": [65, 158], "threshold": null}, {"pattern": [212, 245], "threshold": null}, {"pattern": [120], "threshold": null}, {"pattern": [158], "threshold": null}, {"pattern": [158, 215], "threshold": null}, {"pattern": [13], "threshold": null}, {"pattern": [188], "threshold": null}, {"pattern": [237, 13], "threshold": null}, {"pattern": [188, 103], "threshold": null}, {"pattern": [25, 212], "threshold": null}, {"pattern": [230], "threshold": null}, {"pattern": [27, 158], "threshold": null}, {"pattern": [132], "threshold": null}, {"pattern": [103], "threshold": null}, {"pattern": [212], "threshold": null}, {"pattern": [86], "threshold": null}, {"pattern": [217, 86], "threshold": null}, {"pattern": [65], "threshold": null}, {"pattern": [16, 212], "threshold": null}, {"pattern": [237], "threshold": null}]}, {"config": {"code_name": "[OS CM CC][Len SSize MFit CAtom][GNone]", "population_size": 100, "evaluation_budget": 10000, "cluster_info_file_name": "C:\\Users\\gac8\\PycharmProjects\\PSSearch\\retail_forecasting_data_collection\\data\\cluster_info_250_random.pkl", "use_custom_sampling_operator": false, "use_custom_mutation_operator": true, "use_custom_crossover_operator": true, "use_custom_atomicity": true, "genome_threshold": null, "include_ps_len": true, "include_sample_quantity": true, "include_wasserstein_distance": false, "include_diff_median": false, "include_atomicity": true, "include_p_value": false, "include_mean_fitness": true, "include_variance": false}, "results": [{"pattern": [232, 132], "threshold": null}, {"pattern": [217, 212], "threshold": null}, {"pattern": [103], "threshold": null}, {"pattern": [65, 171], "threshold": null}, {"pattern": [158], "threshold": null}, {"pattern": [25, 86], "threshold": null}, {"pattern": [16, 188], "threshold": null}, {"pattern": [157, 158], "threshold": null}, {"pattern": [88], "threshold": null}, {"pattern": [212, 244], "threshold": null}, {"pattern": [13], "threshold": null}, {"pattern": [86, 63], "threshold": null}, {"pattern": [202, 134], "threshold": null}, {"pattern": [230], "threshold": null}, {"pattern": [249, 101], "threshold": null}, {"pattern": [132], "threshold": null}, {"pattern": [88, 188], "threshold": null}, {"pattern": [25], "threshold": null}, {"pattern": [217], "threshold": null}, {"pattern": [192, 101], "threshold": null}, {"pattern": [122, 205], "threshold": null}, {"pattern": [120], "threshold": null}, {"pattern": [16, 204], "threshold": null}, {"pattern": [34, 63], "threshold": null}, {"pattern": [16, 88], "threshold": null}, {"pattern": [4, 63], "threshold": null}, {"pattern": [27, 55], "threshold": null}, {"pattern": [86], "threshold": null}, {"pattern": [188, 13, 134], "threshold": null}, {"pattern": [241, 215], "threshold": null}, {"pattern": [212, 132], "threshold": null}, {"pattern": [212, 103], "threshold": null}, {"pattern": [245, 158], "threshold": null}, {"pattern": [13, 135], "threshold": null}, {"pattern": [17, 134], "threshold": null}, {"pattern": [188], "threshold": null}, {"pattern": [13, 134], "threshold": null}, {"pattern": [87, 63], "threshold": null}, {"pattern": [65], "threshold": null}, {"pattern": [211, 63], "threshold": null}, {"pattern": [88, 86], "threshold": null}, {"pattern": [54], "threshold": null}, {"pattern": [13, 215], "threshold": null}, {"pattern": [212, 38], "threshold": null}, {"pattern": [16, 212], "threshold": null}, {"pattern": [50, 139], "threshold": null}, {"pattern": [237], "threshold": null}, {"pattern": [134, 87], "threshold": null}, {"pattern": [212], "threshold": null}, {"pattern": [45], "threshold": null}, {"pattern": [241, 103], "threshold": null}, {"pattern": [177, 86], "threshold": null}, {"pattern": [35, 103], "threshold": null}, {"pattern": [90, 86], "threshold": null}, {"pattern": [190, 103], "threshold": null}]}, {"config": {"code_name": "[CS OM CC][Len SSize MFit CAtom][GNone]", "population_size": 100, "evaluation_budget": 10000, "cluster_info_file_name": "C:\\Users\\gac8\\PycharmProjects\\PSSearch\\retail_forecasting_data_collection\\data\\cluster_info_250_random.pkl", "use_custom_sampling_operator": true, "use_custom_mutation_operator": false, "use_custom_crossover_operator": true, "use_custom_atomicity": true, "genome_threshold": null, "include_ps_len": true, "include_sample_quantity": true, "include_wasserstein_distance": false, "include_diff_median": false, "include_atomicity": true, "include_p_value": false, "include_mean_fitness": true, "include_variance": false}, "results": [{"pattern": [158, 132, 86], "threshold": null}, {"pattern": [232, 87], "threshold": null}, {"pattern": [202, 91], "threshold": null}, {"pattern": [237, 63], "threshold": null}, {"pattern": [13, 86, 215], "threshold": null}, {"pattern": [202, 27, 212], "threshold": null}, {"pattern": [202, 215], "threshold": null}, {"pattern": [212, 13, 215], "threshold": null}, {"pattern": [86, 215], "threshold": null}, {"pattern": [16, 188], "threshold": null}, {"pattern": [132, 103], "threshold": null}, {"pattern": [202, 158], "threshold": null}, {"pattern": [132, 86], "threshold": null}, {"pattern": [132, 13, 86], "threshold": null}, {"pattern": [202, 221, 215], "threshold": null}, {"pattern": [188, 158, 132, 86], "threshold": null}, {"pattern": [202, 86, 215], "threshold": null}, {"pattern": [65, 202, 188], "threshold": null}, {"pattern": [180, 188, 13, 86], "threshold": null}, {"pattern": [65, 86, 215], "threshold": null}, {"pattern": [132], "threshold": null}, {"pattern": [232, 109], "threshold": null}, {"pattern": [181, 86], "threshold": null}, {"pattern": [132, 13], "threshold": null}, {"pattern": [202, 212, 13, 215], "threshold": null}, {"pattern": [13, 237], "threshold": null}, {"pattern": [212, 86, 215], "threshold": null}, {"pattern": [86], "threshold": null}, {"pattern": [212, 132], "threshold": null}, {"pattern": [188, 237, 63], "threshold": null}, {"pattern": [88, 132, 13], "threshold": null}, {"pattern": [188], "threshold": null}, {"pattern": [232, 119], "threshold": null}, {"pattern": [90, 237], "threshold": null}, {"pattern": [132, 237], "threshold": null}, {"pattern": [16, 25, 188], "threshold": null}, {"pattern": [88, 86], "threshold": null}, {"pattern": [169, 215], "threshold": null}, {"pattern": [13, 215], "threshold": null}, {"pattern": [16, 34], "threshold": null}, {"pattern": [65, 86], "threshold": null}, {"pattern": [212, 86], "threshold": null}, {"pattern": [212, 132, 103], "threshold": null}, {"pattern": [202, 132], "threshold": null}, {"pattern": [237], "threshold": null}, {"pattern": [16, 25], "threshold": null}, {"pattern": [171, 212, 86], "threshold": null}, {"pattern": [16, 237], "threshold": null}, {"pattern": [232, 188, 119], "threshold": null}, {"pattern": [13, 86], "threshold": null}, {"pattern": [132, 86, 215], "threshold": null}, {"pattern": [16], "threshold": null}, {"pattern": [188, 13, 86], "threshold": null}, {"pattern": [188, 237, 86], "threshold": null}]}, {"config": {"code_name": "[CS CM OC][Len SSize MFit CAtom][GNone]", "population_size": 100, "evaluation_budget": 10000, "cluster_info_file_name": "C:\\Users\\gac8\\PycharmProjects\\PSSearch\\retail_forecasting_data_collection\\data\\cluster_info_250_random.pkl", "use_custom_sampling_operator": true, "use_custom_mutation_operator": true, "use_custom_crossover_operator": false, "use_custom_atomicity": true, "genome_threshold": null, "include_ps_len": true, "include_sample_quantity": true, "include_wasserstein_distance": false, "include_diff_median": false, "include_atomicity": true, "include_p_value": false, "include_mean_fitness": true, "include_variance": false}, "results": [{"pattern": [241, 91], "threshold": null}, {"pattern": [103], "threshold": null}, {"pattern": [27, 158], "threshold": null}, {"pattern": [169, 63], "threshold": null}, {"pattern": [116, 158], "threshold": null}, {"pattern": [158], "threshold": null}, {"pattern": [88], "threshold": null}, {"pattern": [224, 180], "threshold": null}, {"pattern": [13], "threshold": null}, {"pattern": [74, 35], "threshold": null}, {"pattern": [230], "threshold": null}, {"pattern": [235, 52], "threshold": null}, {"pattern": [69, 157], "threshold": null}, {"pattern": [132], "threshold": null}, {"pattern": [132, 13], "threshold": null}, {"pattern": [25], "threshold": null}, {"pattern": [217], "threshold": null}, {"pattern": [120], "threshold": null}, {"pattern": [196, 102], "threshold": null}, {"pattern": [248, 34], "threshold": null}, {"pattern": [4, 63], "threshold": null}, {"pattern": [86], "threshold": null}, {"pattern": [241, 116], "threshold": null}, {"pattern": [248, 196], "threshold": null}, {"pattern": [212, 188, 215], "threshold": null}, {"pattern": [202, 235], "threshold": null}, {"pattern": [188], "threshold": null}, {"pattern": [65], "threshold": null}, {"pattern": [16, 74], "threshold": null}, {"pattern": [65, 212], "threshold": null}, {"pattern": [54], "threshold": null}, {"pattern": [132, 28], "threshold": null}, {"pattern": [204, 132], "threshold": null}, {"pattern": [248, 158], "threshold": null}, {"pattern": [16, 27], "threshold": null}, {"pattern": [237], "threshold": null}, {"pattern": [35, 132], "threshold": null}, {"pattern": [134, 86], "threshold": null}, {"pattern": [241, 212], "threshold": null}, {"pattern": [212], "threshold": null}, {"pattern": [196, 132], "threshold": null}, {"pattern": [45], "threshold": null}, {"pattern": [212, 188, 181], "threshold": null}, {"pattern": [16, 241], "threshold": null}, {"pattern": [16, 237], "threshold": null}, {"pattern": [130, 13], "threshold": null}, {"pattern": [196, 86], "threshold": null}, {"pattern": [212, 190], "threshold": null}, {"pattern": [241, 180], "threshold": null}, {"pattern": [190, 103], "threshold": null}, {"pattern": [86, 95], "threshold": null}]}]}