{"extra_info": {"version": "fallback_v1", "seed": 34}, "data": [{"config": {"code_name": "[CS CM CC][Len SSize MFit CAtom][GNone]", "population_size": 100, "evaluation_budget": 10000, "cluster_info_file_name": "C:\\Users\\gac8\\PycharmProjects\\PSSearch\\retail_forecasting_data_collection\\data\\cluster_info_250_random.pkl", "use_custom_sampling_operator": true, "use_custom_mutation_operator": true, "use_custom_crossover_operator": true, "use_custom_atomicity": true, "genome_threshold": null, "include_ps_len": true, "include_sample_quantity": true, "include_wasserstein_distance": false, "include_diff_median": false, "include_atomicity": true, "include_p_value": false, "include_mean_fitness": true, "include_variance": false}, "results": [{"pattern": [188], "threshold": null}, {"pattern": [91, 215], "threshold": null}, {"pattern": [19, 221], "threshold": null}, {"pattern": [65], "threshold": null}, {"pattern": [19, 206], "threshold": null}, {"pattern": [171, 215], "threshold": null}, {"pattern": [204, 183], "threshold": null}, {"pattern": [27, 171], "threshold": null}, {"pattern": [86], "threshold": null}, {"pattern": [147, 205], "threshold": null}, {"pattern": [90, 116], "threshold": null}, {"pattern": [132], "threshold": null}, {"pattern": [103], "threshold": null}, {"pattern": [81, 132], "threshold": null}, {"pattern": [30, 63], "threshold": null}, {"pattern": [65, 13], "threshold": null}, {"pattern": [65, 27], "threshold": null}, {"pattern": [237, 103], "threshold": null}, {"pattern": [142, 103], "threshold": null}, {"pattern": [13, 167], "threshold": null}, {"pattern": [171, 61], "threshold": null}, {"pattern": [130, 13], "threshold": null}, {"pattern": [171, 78], "threshold": null}, {"pattern": [165, 71], "threshold": null}, {"pattern": [65, 90], "threshold": null}, {"pattern": [120], "threshold": null}, {"pattern": [241, 77], "threshold": null}, {"pattern": [248, 190], "threshold": null}, {"pattern": [217], "threshold": null}, {"pattern": [45], "threshold": null}, {"pattern": [248, 131], "threshold": null}, {"pattern": [147, 38], "threshold": null}, {"pattern": [217, 132], "threshold": null}, {"pattern": [188, 164], "threshold": null}, {"pattern": [248, 116], "threshold": null}, {"pattern": [88, 237], "threshold": null}, {"pattern": [13], "threshold": null}, {"pattern": [180, 167], "threshold": null}, {"pattern": [212, 4], "threshold": null}, {"pattern": [217, 212], "threshold": null}, {"pattern": [103, 55], "threshold": null}, {"pattern": [237], "threshold": null}, {"pattern": [54], "threshold": null}, {"pattern": [230], "threshold": null}, {"pattern": [158], "threshold": null}, {"pattern": [93], "threshold": null}, {"pattern": [155, 134], "threshold": null}, {"pattern": [212], "threshold": null}, {"pattern": [65, 103], "threshold": null}, {"pattern": [232, 205], "threshold": null}, {"pattern": [224, 196], "threshold": null}, {"pattern": [65, 237], "threshold": null}, {"pattern": [132, 76], "threshold": null}, {"pattern": [88], "threshold": null}, {"pattern": [65, 241], "threshold": null}, {"pattern": [132, 93], "threshold": null}]}, {"config": {"code_name": "[CS CM CC][SSize MFit CAtom][GNone]", "population_size": 100, "evaluation_budget": 10000, "cluster_info_file_name": "C:\\Users\\gac8\\PycharmProjects\\PSSearch\\retail_forecasting_data_collection\\data\\cluster_info_250_random.pkl", "use_custom_sampling_operator": true, "use_custom_mutation_operator": true, "use_custom_crossover_operator": true, "use_custom_atomicity": true, "genome_threshold": null, "include_ps_len": false, "include_sample_quantity": true, "include_wasserstein_distance": false, "include_diff_median": false, "include_atomicity": true, "include_p_value": false, "include_mean_fitness": true, "include_variance": false}, "results": [{"pattern": [248, 52], "threshold": null}, {"pattern": [237], "threshold": null}, {"pattern": [212, 215], "threshold": null}, {"pattern": [132], "threshold": null}, {"pattern": [158], "threshold": null}, {"pattern": [116, 134], "threshold": null}, {"pattern": [202, 27], "threshold": null}, {"pattern": [212], "threshold": null}, {"pattern": [209, 245], "threshold": null}, {"pattern": [18, 158], "threshold": null}, {"pattern": [241, 158], "threshold": null}, {"pattern": [180, 237], "threshold": null}, {"pattern": [56, 204], "threshold": null}, {"pattern": [202, 158], "threshold": null}, {"pattern": [132, 28], "threshold": null}, {"pattern": [180, 245], "threshold": null}, {"pattern": [38, 87], "threshold": null}, {"pattern": [76, 190], "threshold": null}, {"pattern": [235, 63], "threshold": null}, {"pattern": [86], "threshold": null}, {"pattern": [25, 116], "threshold": null}, {"pattern": [16, 215], "threshold": null}, {"pattern": [132, 237], "threshold": null}, {"pattern": [34, 38], "threshold": null}, {"pattern": [212, 63], "threshold": null}, {"pattern": [237, 134], "threshold": null}, {"pattern": [103], "threshold": null}, {"pattern": [66, 134], "threshold": null}, {"pattern": [241, 63], "threshold": null}, {"pattern": [92, 165], "threshold": null}, {"pattern": [217, 27], "threshold": null}, {"pattern": [30, 63], "threshold": null}, {"pattern": [181, 86], "threshold": null}, {"pattern": [188], "threshold": null}, {"pattern": [13], "threshold": null}, {"pattern": [42, 63], "threshold": null}, {"pattern": [241, 86], "threshold": null}, {"pattern": [232, 52], "threshold": null}, {"pattern": [65], "threshold": null}, {"pattern": [180, 134], "threshold": null}, {"pattern": [90, 13], "threshold": null}]}, {"config": {"code_name": "[CS CM CC][Len MFit CAtom][GNone]", "population_size": 100, "evaluation_budget": 10000, "cluster_info_file_name": "C:\\Users\\gac8\\PycharmProjects\\PSSearch\\retail_forecasting_data_collection\\data\\cluster_info_250_random.pkl", "use_custom_sampling_operator": true, "use_custom_mutation_operator": true, "use_custom_crossover_operator": true, "use_custom_atomicity": true, "genome_threshold": null, "include_ps_len": true, "include_sample_quantity": false, "include_wasserstein_distance": false, "include_diff_median": false, "include_atomicity": true, "include_p_value": false, "include_mean_fitness": true, "include_variance": false}, "results": [{"pattern": [35, 68], "threshold": null}, {"pattern": [217, 237], "threshold": null}, {"pattern": [119, 87], "threshold": null}, {"pattern": [137, 158], "threshold": null}, {"pattern": [56, 246], "threshold": null}, {"pattern": [212, 38, 63], "threshold": null}, {"pattern": [116, 197], "threshold": null}, {"pattern": [241, 134], "threshold": null}, {"pattern": [93, 13], "threshold": null}, {"pattern": [120], "threshold": null}]}, {"config": {"code_name": "[CS CM CC][Len SSize CAtom][GNone]", "population_size": 100, "evaluation_budget": 10000, "cluster_info_file_name": "C:\\Users\\gac8\\PycharmProjects\\PSSearch\\retail_forecasting_data_collection\\data\\cluster_info_250_random.pkl", "use_custom_sampling_operator": true, "use_custom_mutation_operator": true, "use_custom_crossover_operator": true, "use_custom_atomicity": true, "genome_threshold": null, "include_ps_len": true, "include_sample_quantity": true, "include_wasserstein_distance": false, "include_diff_median": false, "include_atomicity": true, "include_p_value": false, "include_mean_fitness": false, "include_variance": false}, "results": [{"pattern": [188], "threshold": null}, {"pattern": [43, 195], "threshold": null}, {"pattern": [188, 103], "threshold": null}, {"pattern": [171, 212], "threshold": null}, {"pattern": [77, 37], "threshold": null}, {"pattern": [224, 180], "threshold": null}, {"pattern": [90, 188], "threshold": null}, {"pattern": [92, 165], "threshold": null}, {"pattern": [221, 206], "threshold": null}, {"pattern": [212, 180], "threshold": null}, {"pattern": [35, 68], "threshold": null}]}, {"config": {"code_name": "[CS CM CC][Len SSize MFit][GNone]", "population_size": 100, "evaluation_budget": 10000, "cluster_info_file_name": "C:\\Users\\gac8\\PycharmProjects\\PSSearch\\retail_forecasting_data_collection\\data\\cluster_info_250_random.pkl", "use_custom_sampling_operator": true, "use_custom_mutation_operator": true, "use_custom_crossover_operator": true, "use_custom_atomicity": true, "genome_threshold": null, "include_ps_len": true, "include_sample_quantity": true, "include_wasserstein_distance": false, "include_diff_median": false, "include_atomicity": false, "include_p_value": false, "include_mean_fitness": true, "include_variance": false}, "results": [{"pattern": [65], "threshold": null}, {"pattern": [93], "threshold": null}, {"pattern": [103], "threshold": null}, {"pattern": [88, 132], "threshold": null}, {"pattern": [25, 158], "threshold": null}, {"pattern": [86], "threshold": null}, {"pattern": [212], "threshold": null}, {"pattern": [235, 212], "threshold": null}, {"pattern": [88], "threshold": null}, {"pattern": [27, 196, 13], "threshold": null}, {"pattern": [237], "threshold": null}, {"pattern": [132], "threshold": null}, {"pattern": [202, 215], "threshold": null}, {"pattern": [230], "threshold": null}, {"pattern": [158, 103], "threshold": null}, {"pattern": [196, 132], "threshold": null}, {"pattern": [217], "threshold": null}, {"pattern": [181, 158], "threshold": null}, {"pattern": [45], "threshold": null}, {"pattern": [212, 215], "threshold": null}, {"pattern": [188, 215], "threshold": null}, {"pattern": [50, 158], "threshold": null}, {"pattern": [158], "threshold": null}, {"pattern": [90, 237], "threshold": null}, {"pattern": [13], "threshold": null}, {"pattern": [188], "threshold": null}, {"pattern": [120], "threshold": null}, {"pattern": [65, 180], "threshold": null}, {"pattern": [54], "threshold": null}]}, {"config": {"code_name": "[OS CM CC][Len SSize MFit CAtom][GNone]", "population_size": 100, "evaluation_budget": 10000, "cluster_info_file_name": "C:\\Users\\gac8\\PycharmProjects\\PSSearch\\retail_forecasting_data_collection\\data\\cluster_info_250_random.pkl", "use_custom_sampling_operator": false, "use_custom_mutation_operator": true, "use_custom_crossover_operator": true, "use_custom_atomicity": true, "genome_threshold": null, "include_ps_len": true, "include_sample_quantity": true, "include_wasserstein_distance": false, "include_diff_median": false, "include_atomicity": true, "include_p_value": false, "include_mean_fitness": true, "include_variance": false}, "results": [{"pattern": [188], "threshold": null}, {"pattern": [235, 52], "threshold": null}, {"pattern": [180, 245], "threshold": null}, {"pattern": [65], "threshold": null}, {"pattern": [8, 19], "threshold": null}, {"pattern": [65, 196], "threshold": null}, {"pattern": [50, 86], "threshold": null}, {"pattern": [132, 237], "threshold": null}, {"pattern": [86], "threshold": null}, {"pattern": [132], "threshold": null}, {"pattern": [103], "threshold": null}, {"pattern": [11, 205], "threshold": null}, {"pattern": [237, 103], "threshold": null}, {"pattern": [27, 13], "threshold": null}, {"pattern": [25, 158], "threshold": null}, {"pattern": [120], "threshold": null}, {"pattern": [45], "threshold": null}, {"pattern": [217], "threshold": null}, {"pattern": [205, 77], "threshold": null}, {"pattern": [237, 63], "threshold": null}, {"pattern": [61, 134], "threshold": null}, {"pattern": [13], "threshold": null}, {"pattern": [90, 27], "threshold": null}, {"pattern": [212, 87], "threshold": null}, {"pattern": [237], "threshold": null}, {"pattern": [54], "threshold": null}, {"pattern": [25, 103], "threshold": null}, {"pattern": [93], "threshold": null}, {"pattern": [230], "threshold": null}, {"pattern": [158], "threshold": null}, {"pattern": [205, 119], "threshold": null}, {"pattern": [212], "threshold": null}, {"pattern": [205, 109], "threshold": null}, {"pattern": [202, 158], "threshold": null}, {"pattern": [88], "threshold": null}, {"pattern": [11, 109], "threshold": null}, {"pattern": [241, 116], "threshold": null}]}, {"config": {"code_name": "[CS OM CC][Len SSize MFit CAtom][GNone]", "population_size": 100, "evaluation_budget": 10000, "cluster_info_file_name": "C:\\Users\\gac8\\PycharmProjects\\PSSearch\\retail_forecasting_data_collection\\data\\cluster_info_250_random.pkl", "use_custom_sampling_operator": true, "use_custom_mutation_operator": false, "use_custom_crossover_operator": true, "use_custom_atomicity": true, "genome_threshold": null, "include_ps_len": true, "include_sample_quantity": true, "include_wasserstein_distance": false, "include_diff_median": false, "include_atomicity": true, "include_p_value": false, "include_mean_fitness": true, "include_variance": false}, "results": [{"pattern": [180, 245], "threshold": null}, {"pattern": [25, 188, 134], "threshold": null}, {"pattern": [65, 27, 86], "threshold": null}, {"pattern": [65, 188, 13, 86], "threshold": null}, {"pattern": [196, 237], "threshold": null}, {"pattern": [82, 77], "threshold": null}, {"pattern": [212, 86], "threshold": null}, {"pattern": [65], "threshold": null}, {"pattern": [65, 212, 103], "threshold": null}, {"pattern": [16, 103], "threshold": null}, {"pattern": [212, 188, 134], "threshold": null}, {"pattern": [65, 196], "threshold": null}, {"pattern": [65, 217], "threshold": null}, {"pattern": [188, 13, 86], "threshold": null}, {"pattern": [86, 103], "threshold": null}, {"pattern": [50, 86], "threshold": null}, {"pattern": [139, 188, 165], "threshold": null}, {"pattern": [86], "threshold": null}, {"pattern": [56, 86], "threshold": null}, {"pattern": [212, 188, 237], "threshold": null}, {"pattern": [188, 237, 86], "threshold": null}, {"pattern": [202, 27, 86], "threshold": null}, {"pattern": [103], "threshold": null}, {"pattern": [188, 212, 180, 103], "threshold": null}, {"pattern": [224, 202, 212], "threshold": null}, {"pattern": [241, 188, 86], "threshold": null}, {"pattern": [139, 103], "threshold": null}, {"pattern": [188, 190, 134], "threshold": null}, {"pattern": [65, 61], "threshold": null}, {"pattern": [65, 25], "threshold": null}, {"pattern": [13, 86], "threshold": null}, {"pattern": [65, 86], "threshold": null}, {"pattern": [74, 103], "threshold": null}, {"pattern": [212, 188, 237, 86], "threshold": null}, {"pattern": [65, 212], "threshold": null}, {"pattern": [224, 202], "threshold": null}, {"pattern": [65, 180], "threshold": null}, {"pattern": [163, 173], "threshold": null}, {"pattern": [86, 134], "threshold": null}, {"pattern": [202, 27, 212], "threshold": null}, {"pattern": [65, 196, 103], "threshold": null}, {"pattern": [88, 13, 86], "threshold": null}, {"pattern": [158, 103], "threshold": null}, {"pattern": [134, 190], "threshold": null}, {"pattern": [77, 134], "threshold": null}, {"pattern": [134], "threshold": null}, {"pattern": [65, 245], "threshold": null}, {"pattern": [78, 86], "threshold": null}, {"pattern": [13], "threshold": null}, {"pattern": [188, 86], "threshold": null}, {"pattern": [188, 237, 134], "threshold": null}, {"pattern": [212, 180, 103], "threshold": null}, {"pattern": [188, 237], "threshold": null}, {"pattern": [162, 103], "threshold": null}, {"pattern": [54], "threshold": null}, {"pattern": [93, 103], "threshold": null}, {"pattern": [65, 180, 13], "threshold": null}, {"pattern": [202, 27], "threshold": null}, {"pattern": [237], "threshold": null}, {"pattern": [65, 196, 13], "threshold": null}, {"pattern": [65, 180, 245], "threshold": null}, {"pattern": [65, 103], "threshold": null}, {"pattern": [65, 212, 217], "threshold": null}, {"pattern": [241, 13], "threshold": null}, {"pattern": [65, 215], "threshold": null}, {"pattern": [217, 212, 86], "threshold": null}, {"pattern": [87, 103], "threshold": null}, {"pattern": [30, 103], "threshold": null}, {"pattern": [180, 103], "threshold": null}]}, {"config": {"code_name": "[CS CM OC][Len SSize MFit CAtom][GNone]", "population_size": 100, "evaluation_budget": 10000, "cluster_info_file_name": "C:\\Users\\gac8\\PycharmProjects\\PSSearch\\retail_forecasting_data_collection\\data\\cluster_info_250_random.pkl", "use_custom_sampling_operator": true, "use_custom_mutation_operator": true, "use_custom_crossover_operator": false, "use_custom_atomicity": true, "genome_threshold": null, "include_ps_len": true, "include_sample_quantity": true, "include_wasserstein_distance": false, "include_diff_median": false, "include_atomicity": true, "include_p_value": false, "include_mean_fitness": true, "include_variance": false}, "results": [{"pattern": [177, 196], "threshold": null}, {"pattern": [188], "threshold": null}, {"pattern": [180, 245], "threshold": null}, {"pattern": [25, 13], "threshold": null}, {"pattern": [65], "threshold": null}, {"pattern": [25, 116], "threshold": null}, {"pattern": [86], "threshold": null}, {"pattern": [87, 63], "threshold": null}, {"pattern": [27, 180], "threshold": null}, {"pattern": [132], "threshold": null}, {"pattern": [103], "threshold": null}, {"pattern": [196, 13], "threshold": null}, {"pattern": [13, 86], "threshold": null}, {"pattern": [155, 38], "threshold": null}, {"pattern": [49, 13], "threshold": null}, {"pattern": [34, 63], "threshold": null}, {"pattern": [212, 215], "threshold": null}, {"pattern": [65, 212], "threshold": null}, {"pattern": [120], "threshold": null}, {"pattern": [91, 158], "threshold": null}, {"pattern": [45], "threshold": null}, {"pattern": [217], "threshold": null}, {"pattern": [88, 196], "threshold": null}, {"pattern": [237, 63], "threshold": null}, {"pattern": [13], "threshold": null}, {"pattern": [237], "threshold": null}, {"pattern": [54], "threshold": null}, {"pattern": [230], "threshold": null}, {"pattern": [158], "threshold": null}, {"pattern": [93], "threshold": null}, {"pattern": [16, 90], "threshold": null}, {"pattern": [196, 87], "threshold": null}, {"pattern": [212], "threshold": null}, {"pattern": [232, 205], "threshold": null}, {"pattern": [132, 86], "threshold": null}, {"pattern": [164, 215], "threshold": null}, {"pattern": [232, 87], "threshold": null}, {"pattern": [212, 188, 103], "threshold": null}, {"pattern": [43, 101], "threshold": null}, {"pattern": [212, 63], "threshold": null}, {"pattern": [188, 221, 103], "threshold": null}, {"pattern": [212, 116], "threshold": null}, {"pattern": [88], "threshold": null}, {"pattern": [188, 215], "threshold": null}, {"pattern": [217, 116], "threshold": null}, {"pattern": [212, 173], "threshold": null}, {"pattern": [74, 35], "threshold": null}]}]}