{"extra_info": {"version": "fallback_v1", "seed": 6}, "data": [{"config": {"code_name": "[CS CM CC][Len SSize MFit CAtom][GNone]", "population_size": 100, "evaluation_budget": 10000, "cluster_info_file_name": "C:\\Users\\gac8\\PycharmProjects\\PSSearch\\retail_forecasting_data_collection\\data\\cluster_info_250_random.pkl", "use_custom_sampling_operator": true, "use_custom_mutation_operator": true, "use_custom_crossover_operator": true, "use_custom_atomicity": true, "genome_threshold": null, "include_ps_len": true, "include_sample_quantity": true, "include_wasserstein_distance": false, "include_diff_median": false, "include_atomicity": true, "include_p_value": false, "include_mean_fitness": true, "include_variance": false}, "results": [{"pattern": [139, 188], "threshold": null}, {"pattern": [188], "threshold": null}, {"pattern": [91, 215], "threshold": null}, {"pattern": [81, 153], "threshold": null}, {"pattern": [241, 158], "threshold": null}, {"pattern": [25, 63], "threshold": null}, {"pattern": [25, 90], "threshold": null}, {"pattern": [93, 13], "threshold": null}, {"pattern": [177, 53], "threshold": null}, {"pattern": [76, 61], "threshold": null}, {"pattern": [177, 215], "threshold": null}, {"pattern": [212, 188], "threshold": null}, {"pattern": [90, 27], "threshold": null}, {"pattern": [241, 13], "threshold": null}, {"pattern": [34, 215], "threshold": null}, {"pattern": [88, 27], "threshold": null}, {"pattern": [50, 13], "threshold": null}, {"pattern": [25], "threshold": null}, {"pattern": [86, 215], "threshold": null}, {"pattern": [45], "threshold": null}, {"pattern": [217, 134], "threshold": null}, {"pattern": [86, 63], "threshold": null}, {"pattern": [13, 135], "threshold": null}, {"pattern": [50, 188], "threshold": null}, {"pattern": [212, 196, 158], "threshold": null}, {"pattern": [37, 182], "threshold": null}, {"pattern": [248, 34], "threshold": null}, {"pattern": [212, 196], "threshold": null}, {"pattern": [221, 158], "threshold": null}, {"pattern": [188, 124], "threshold": null}, {"pattern": [65], "threshold": null}, {"pattern": [235, 103], "threshold": null}, {"pattern": [248, 25], "threshold": null}, {"pattern": [93], "threshold": null}, {"pattern": [132], "threshold": null}, {"pattern": [202, 86], "threshold": null}, {"pattern": [190, 87], "threshold": null}, {"pattern": [212], "threshold": null}, {"pattern": [17, 30], "threshold": null}, {"pattern": [64, 212], "threshold": null}, {"pattern": [241, 63], "threshold": null}, {"pattern": [212, 103], "threshold": null}, {"pattern": [237, 86], "threshold": null}, {"pattern": [16, 25], "threshold": null}, {"pattern": [217], "threshold": null}, {"pattern": [226, 63], "threshold": null}, {"pattern": [103], "threshold": null}, {"pattern": [120], "threshold": null}, {"pattern": [237], "threshold": null}, {"pattern": [180, 103], "threshold": null}, {"pattern": [209, 245], "threshold": null}, {"pattern": [88], "threshold": null}, {"pattern": [13], "threshold": null}, {"pattern": [50, 158], "threshold": null}, {"pattern": [184, 134], "threshold": null}, {"pattern": [86], "threshold": null}, {"pattern": [202, 212], "threshold": null}, {"pattern": [196], "threshold": null}, {"pattern": [53, 215], "threshold": null}, {"pattern": [177, 202], "threshold": null}, {"pattern": [205, 119], "threshold": null}, {"pattern": [158], "threshold": null}, {"pattern": [134, 86], "threshold": null}, {"pattern": [224, 193], "threshold": null}, {"pattern": [232, 119], "threshold": null}, {"pattern": [54], "threshold": null}, {"pattern": [30, 103], "threshold": null}, {"pattern": [82, 188], "threshold": null}, {"pattern": [171, 13], "threshold": null}]}, {"config": {"code_name": "[CS CM CC][SSize MFit CAtom][GNone]", "population_size": 100, "evaluation_budget": 10000, "cluster_info_file_name": "C:\\Users\\gac8\\PycharmProjects\\PSSearch\\retail_forecasting_data_collection\\data\\cluster_info_250_random.pkl", "use_custom_sampling_operator": true, "use_custom_mutation_operator": true, "use_custom_crossover_operator": true, "use_custom_atomicity": true, "genome_threshold": null, "include_ps_len": false, "include_sample_quantity": true, "include_wasserstein_distance": false, "include_diff_median": false, "include_atomicity": true, "include_p_value": false, "include_mean_fitness": true, "include_variance": false}, "results": [{"pattern": [13], "threshold": null}, {"pattern": [35, 109], "threshold": null}, {"pattern": [132, 116], "threshold": null}, {"pattern": [146, 195], "threshold": null}, {"pattern": [157, 134], "threshold": null}, {"pattern": [33, 43], "threshold": null}, {"pattern": [158], "threshold": null}, {"pattern": [65], "threshold": null}, {"pattern": [65, 86], "threshold": null}, {"pattern": [27, 13], "threshold": null}, {"pattern": [16, 34], "threshold": null}, {"pattern": [132, 244], "threshold": null}, {"pattern": [65, 134], "threshold": null}, {"pattern": [188], "threshold": null}, {"pattern": [34, 116], "threshold": null}, {"pattern": [164, 134], "threshold": null}, {"pattern": [188, 158], "threshold": null}, {"pattern": [27, 244], "threshold": null}, {"pattern": [56, 114], "threshold": null}, {"pattern": [24, 158], "threshold": null}, {"pattern": [217, 158], "threshold": null}, {"pattern": [16, 180], "threshold": null}, {"pattern": [132, 190], "threshold": null}, {"pattern": [224, 26], "threshold": null}, {"pattern": [90, 221], "threshold": null}, {"pattern": [86, 167], "threshold": null}, {"pattern": [177, 86], "threshold": null}, {"pattern": [237, 103], "threshold": null}, {"pattern": [196, 221], "threshold": null}, {"pattern": [232, 132], "threshold": null}, {"pattern": [195, 13], "threshold": null}, {"pattern": [27, 204], "threshold": null}, {"pattern": [132], "threshold": null}, {"pattern": [122, 11], "threshold": null}, {"pattern": [74, 116], "threshold": null}, {"pattern": [180, 37], "threshold": null}, {"pattern": [171, 212], "threshold": null}, {"pattern": [212], "threshold": null}, {"pattern": [90, 55], "threshold": null}, {"pattern": [122, 205], "threshold": null}, {"pattern": [196], "threshold": null}, {"pattern": [103], "threshold": null}, {"pattern": [65, 103], "threshold": null}, {"pattern": [245, 215], "threshold": null}, {"pattern": [56, 132], "threshold": null}, {"pattern": [29, 13], "threshold": null}, {"pattern": [244, 239], "threshold": null}, {"pattern": [65, 202], "threshold": null}, {"pattern": [205, 109], "threshold": null}, {"pattern": [202, 180], "threshold": null}, {"pattern": [61, 190], "threshold": null}, {"pattern": [180, 244], "threshold": null}, {"pattern": [86], "threshold": null}, {"pattern": [237, 86], "threshold": null}]}, {"config": {"code_name": "[CS CM CC][Len MFit CAtom][GNone]", "population_size": 100, "evaluation_budget": 10000, "cluster_info_file_name": "C:\\Users\\gac8\\PycharmProjects\\PSSearch\\retail_forecasting_data_collection\\data\\cluster_info_250_random.pkl", "use_custom_sampling_operator": true, "use_custom_mutation_operator": true, "use_custom_crossover_operator": true, "use_custom_atomicity": true, "genome_threshold": null, "include_ps_len": true, "include_sample_quantity": false, "include_wasserstein_distance": false, "include_diff_median": false, "include_atomicity": true, "include_p_value": false, "include_mean_fitness": true, "include_variance": false}, "results": [{"pattern": [49, 74], "threshold": null}, {"pattern": [196, 102], "threshold": null}, {"pattern": [25, 52], "threshold": null}, {"pattern": [74, 132], "threshold": null}, {"pattern": [205, 119], "threshold": null}, {"pattern": [120], "threshold": null}, {"pattern": [16, 27], "threshold": null}]}, {"config": {"code_name": "[CS CM CC][Len SSize CAtom][GNone]", "population_size": 100, "evaluation_budget": 10000, "cluster_info_file_name": "C:\\Users\\gac8\\PycharmProjects\\PSSearch\\retail_forecasting_data_collection\\data\\cluster_info_250_random.pkl", "use_custom_sampling_operator": true, "use_custom_mutation_operator": true, "use_custom_crossover_operator": true, "use_custom_atomicity": true, "genome_threshold": null, "include_ps_len": true, "include_sample_quantity": true, "include_wasserstein_distance": false, "include_diff_median": false, "include_atomicity": true, "include_p_value": false, "include_mean_fitness": false, "include_variance": false}, "results": [{"pattern": [171, 86], "threshold": null}, {"pattern": [163, 173], "threshold": null}, {"pattern": [91, 142], "threshold": null}, {"pattern": [146, 86], "threshold": null}, {"pattern": [64, 132], "threshold": null}, {"pattern": [147, 77], "threshold": null}, {"pattern": [188], "threshold": null}, {"pattern": [151, 47], "threshold": null}, {"pattern": [90, 146], "threshold": null}, {"pattern": [64, 117], "threshold": null}, {"pattern": [188, 86], "threshold": null}]}, {"config": {"code_name": "[CS CM CC][Len SSize MFit][GNone]", "population_size": 100, "evaluation_budget": 10000, "cluster_info_file_name": "C:\\Users\\gac8\\PycharmProjects\\PSSearch\\retail_forecasting_data_collection\\data\\cluster_info_250_random.pkl", "use_custom_sampling_operator": true, "use_custom_mutation_operator": true, "use_custom_crossover_operator": true, "use_custom_atomicity": true, "genome_threshold": null, "include_ps_len": true, "include_sample_quantity": true, "include_wasserstein_distance": false, "include_diff_median": false, "include_atomicity": false, "include_p_value": false, "include_mean_fitness": true, "include_variance": false}, "results": [{"pattern": [212], "threshold": null}, {"pattern": [217], "threshold": null}, {"pattern": [86], "threshold": null}, {"pattern": [88], "threshold": null}, {"pattern": [27, 132], "threshold": null}, {"pattern": [93], "threshold": null}, {"pattern": [25, 90], "threshold": null}, {"pattern": [16, 13], "threshold": null}, {"pattern": [54], "threshold": null}, {"pattern": [120], "threshold": null}, {"pattern": [45], "threshold": null}, {"pattern": [237], "threshold": null}, {"pattern": [237, 86], "threshold": null}, {"pattern": [88, 90], "threshold": null}, {"pattern": [241, 86], "threshold": null}, {"pattern": [25], "threshold": null}, {"pattern": [158], "threshold": null}, {"pattern": [103], "threshold": null}, {"pattern": [132], "threshold": null}, {"pattern": [88, 188], "threshold": null}, {"pattern": [248, 103], "threshold": null}, {"pattern": [212, 167], "threshold": null}, {"pattern": [188], "threshold": null}, {"pattern": [65], "threshold": null}, {"pattern": [181, 158], "threshold": null}, {"pattern": [196], "threshold": null}, {"pattern": [27, 212], "threshold": null}, {"pattern": [137, 188, 63], "threshold": null}, {"pattern": [13], "threshold": null}, {"pattern": [188, 134], "threshold": null}, {"pattern": [34, 116, 86], "threshold": null}]}, {"config": {"code_name": "[OS CM CC][Len SSize MFit CAtom][GNone]", "population_size": 100, "evaluation_budget": 10000, "cluster_info_file_name": "C:\\Users\\gac8\\PycharmProjects\\PSSearch\\retail_forecasting_data_collection\\data\\cluster_info_250_random.pkl", "use_custom_sampling_operator": false, "use_custom_mutation_operator": true, "use_custom_crossover_operator": true, "use_custom_atomicity": true, "genome_threshold": null, "include_ps_len": true, "include_sample_quantity": true, "include_wasserstein_distance": false, "include_diff_median": false, "include_atomicity": true, "include_p_value": false, "include_mean_fitness": true, "include_variance": false}, "results": [{"pattern": [188], "threshold": null}, {"pattern": [162, 221], "threshold": null}, {"pattern": [204, 61], "threshold": null}, {"pattern": [237, 63], "threshold": null}, {"pattern": [74, 35], "threshold": null}, {"pattern": [212, 167], "threshold": null}, {"pattern": [27, 196], "threshold": null}, {"pattern": [25, 52], "threshold": null}, {"pattern": [90, 221], "threshold": null}, {"pattern": [18, 37], "threshold": null}, {"pattern": [101, 62], "threshold": null}, {"pattern": [221, 13], "threshold": null}, {"pattern": [188, 63], "threshold": null}, {"pattern": [171, 212], "threshold": null}, {"pattern": [16, 74], "threshold": null}, {"pattern": [25], "threshold": null}, {"pattern": [45], "threshold": null}, {"pattern": [205, 109], "threshold": null}, {"pattern": [65], "threshold": null}, {"pattern": [50, 165], "threshold": null}, {"pattern": [226, 221], "threshold": null}, {"pattern": [93], "threshold": null}, {"pattern": [132], "threshold": null}, {"pattern": [190, 87], "threshold": null}, {"pattern": [212], "threshold": null}, {"pattern": [139, 165], "threshold": null}, {"pattern": [132, 116], "threshold": null}, {"pattern": [204, 63], "threshold": null}, {"pattern": [196, 181], "threshold": null}, {"pattern": [217], "threshold": null}, {"pattern": [103], "threshold": null}, {"pattern": [204, 237], "threshold": null}, {"pattern": [120], "threshold": null}, {"pattern": [237], "threshold": null}, {"pattern": [27, 215], "threshold": null}, {"pattern": [224, 202], "threshold": null}, {"pattern": [88], "threshold": null}, {"pattern": [202, 221], "threshold": null}, {"pattern": [170, 132], "threshold": null}, {"pattern": [13], "threshold": null}, {"pattern": [25, 215], "threshold": null}, {"pattern": [196, 244], "threshold": null}, {"pattern": [81, 196], "threshold": null}, {"pattern": [86], "threshold": null}, {"pattern": [27, 63], "threshold": null}, {"pattern": [158], "threshold": null}, {"pattern": [196], "threshold": null}, {"pattern": [232, 119], "threshold": null}, {"pattern": [54], "threshold": null}, {"pattern": [212, 190], "threshold": null}, {"pattern": [27, 212], "threshold": null}, {"pattern": [158, 103], "threshold": null}, {"pattern": [195, 39], "threshold": null}, {"pattern": [18, 77], "threshold": null}, {"pattern": [188, 164], "threshold": null}]}, {"config": {"code_name": "[CS OM CC][Len SSize MFit CAtom][GNone]", "population_size": 100, "evaluation_budget": 10000, "cluster_info_file_name": "C:\\Users\\gac8\\PycharmProjects\\PSSearch\\retail_forecasting_data_collection\\data\\cluster_info_250_random.pkl", "use_custom_sampling_operator": true, "use_custom_mutation_operator": false, "use_custom_crossover_operator": true, "use_custom_atomicity": true, "genome_threshold": null, "include_ps_len": true, "include_sample_quantity": true, "include_wasserstein_distance": false, "include_diff_median": false, "include_atomicity": true, "include_p_value": false, "include_mean_fitness": true, "include_variance": false}, "results": [{"pattern": [241, 212], "threshold": null}, {"pattern": [196, 102], "threshold": null}, {"pattern": [248, 188, 212], "threshold": null}, {"pattern": [196, 212, 215], "threshold": null}, {"pattern": [90, 188, 86, 215], "threshold": null}, {"pattern": [13, 215], "threshold": null}, {"pattern": [215], "threshold": null}, {"pattern": [212, 13], "threshold": null}, {"pattern": [88, 196, 212], "threshold": null}, {"pattern": [65, 180, 212, 86, 188], "threshold": null}, {"pattern": [188, 215], "threshold": null}, {"pattern": [13, 239], "threshold": null}, {"pattern": [88, 90], "threshold": null}, {"pattern": [25, 13], "threshold": null}, {"pattern": [180, 212, 63], "threshold": null}, {"pattern": [196, 103], "threshold": null}, {"pattern": [217, 196, 188], "threshold": null}, {"pattern": [241, 103], "threshold": null}, {"pattern": [65, 180, 212], "threshold": null}, {"pattern": [212, 188, 103], "threshold": null}, {"pattern": [88, 212], "threshold": null}, {"pattern": [244, 13, 239], "threshold": null}, {"pattern": [193, 215], "threshold": null}, {"pattern": [88, 212, 215], "threshold": null}, {"pattern": [54], "threshold": null}, {"pattern": [212, 196, 188], "threshold": null}, {"pattern": [212, 63], "threshold": null}, {"pattern": [188], "threshold": null}, {"pattern": [196, 212, 180], "threshold": null}, {"pattern": [212, 95], "threshold": null}, {"pattern": [65, 212], "threshold": null}, {"pattern": [212, 188, 86, 103], "threshold": null}, {"pattern": [188, 13], "threshold": null}, {"pattern": [188, 103], "threshold": null}, {"pattern": [186, 103], "threshold": null}, {"pattern": [180, 63], "threshold": null}, {"pattern": [65, 180, 212, 215], "threshold": null}, {"pattern": [91, 188, 215], "threshold": null}, {"pattern": [90, 188, 215], "threshold": null}, {"pattern": [188, 212, 215], "threshold": null}, {"pattern": [103], "threshold": null}, {"pattern": [248, 188, 212, 103], "threshold": null}, {"pattern": [65, 180, 212, 86], "threshold": null}, {"pattern": [86, 212, 182], "threshold": null}, {"pattern": [16, 215], "threshold": null}, {"pattern": [132, 188], "threshold": null}, {"pattern": [188, 196, 212, 215], "threshold": null}, {"pattern": [162, 13], "threshold": null}, {"pattern": [56, 196], "threshold": null}, {"pattern": [248, 188, 212, 215], "threshold": null}, {"pattern": [241, 212, 180], "threshold": null}, {"pattern": [221, 102], "threshold": null}, {"pattern": [212, 180], "threshold": null}, {"pattern": [180, 188, 215], "threshold": null}, {"pattern": [201, 13], "threshold": null}, {"pattern": [90, 212, 182], "threshold": null}, {"pattern": [212, 103, 63], "threshold": null}, {"pattern": [212], "threshold": null}, {"pattern": [88, 215], "threshold": null}, {"pattern": [56], "threshold": null}, {"pattern": [196, 188], "threshold": null}, {"pattern": [25, 196, 188], "threshold": null}, {"pattern": [212, 188, 13], "threshold": null}, {"pattern": [211, 212], "threshold": null}, {"pattern": [212, 54], "threshold": null}, {"pattern": [212, 188, 63, 103], "threshold": null}, {"pattern": [212, 134, 63], "threshold": null}, {"pattern": [248, 212], "threshold": null}, {"pattern": [245, 215], "threshold": null}, {"pattern": [188, 13, 86], "threshold": null}, {"pattern": [88, 188, 13], "threshold": null}, {"pattern": [188, 212, 13, 63], "threshold": null}, {"pattern": [196, 212], "threshold": null}, {"pattern": [204, 212], "threshold": null}, {"pattern": [212, 103], "threshold": null}, {"pattern": [13, 30], "threshold": null}, {"pattern": [13], "threshold": null}, {"pattern": [102], "threshold": null}, {"pattern": [212, 134], "threshold": null}, {"pattern": [16, 13], "threshold": null}, {"pattern": [232, 103], "threshold": null}, {"pattern": [212, 190], "threshold": null}]}, {"config": {"code_name": "[CS CM OC][Len SSize MFit CAtom][GNone]", "population_size": 100, "evaluation_budget": 10000, "cluster_info_file_name": "C:\\Users\\gac8\\PycharmProjects\\PSSearch\\retail_forecasting_data_collection\\data\\cluster_info_250_random.pkl", "use_custom_sampling_operator": true, "use_custom_mutation_operator": true, "use_custom_crossover_operator": false, "use_custom_atomicity": true, "genome_threshold": null, "include_ps_len": true, "include_sample_quantity": true, "include_wasserstein_distance": false, "include_diff_median": false, "include_atomicity": true, "include_p_value": false, "include_mean_fitness": true, "include_variance": false}, "results": [{"pattern": [188], "threshold": null}, {"pattern": [162, 13], "threshold": null}, {"pattern": [24, 90], "threshold": null}, {"pattern": [92, 63], "threshold": null}, {"pattern": [81, 103], "threshold": null}, {"pattern": [18, 119], "threshold": null}, {"pattern": [235, 52], "threshold": null}, {"pattern": [139, 116], "threshold": null}, {"pattern": [81, 86], "threshold": null}, {"pattern": [217, 63], "threshold": null}, {"pattern": [177, 212], "threshold": null}, {"pattern": [237, 158], "threshold": null}, {"pattern": [177, 53], "threshold": null}, {"pattern": [42, 188], "threshold": null}, {"pattern": [11, 205], "threshold": null}, {"pattern": [212, 188], "threshold": null}, {"pattern": [224, 244], "threshold": null}, {"pattern": [224, 55], "threshold": null}, {"pattern": [196, 190], "threshold": null}, {"pattern": [241, 13], "threshold": null}, {"pattern": [16, 74], "threshold": null}, {"pattern": [25], "threshold": null}, {"pattern": [45], "threshold": null}, {"pattern": [215, 167], "threshold": null}, {"pattern": [19, 188], "threshold": null}, {"pattern": [248, 34], "threshold": null}, {"pattern": [65], "threshold": null}, {"pattern": [93], "threshold": null}, {"pattern": [132], "threshold": null}, {"pattern": [91, 180], "threshold": null}, {"pattern": [212], "threshold": null}, {"pattern": [132, 93], "threshold": null}, {"pattern": [204, 63], "threshold": null}, {"pattern": [217], "threshold": null}, {"pattern": [103], "threshold": null}, {"pattern": [120], "threshold": null}, {"pattern": [237], "threshold": null}, {"pattern": [74, 103], "threshold": null}, {"pattern": [212, 116], "threshold": null}, {"pattern": [88], "threshold": null}, {"pattern": [212, 77], "threshold": null}, {"pattern": [13], "threshold": null}, {"pattern": [181, 215], "threshold": null}, {"pattern": [160, 245], "threshold": null}, {"pattern": [132, 86], "threshold": null}, {"pattern": [86], "threshold": null}, {"pattern": [158], "threshold": null}, {"pattern": [196], "threshold": null}, {"pattern": [66, 134], "threshold": null}, {"pattern": [158, 167], "threshold": null}, {"pattern": [34, 180], "threshold": null}, {"pattern": [134, 86], "threshold": null}, {"pattern": [54], "threshold": null}, {"pattern": [245, 151], "threshold": null}, {"pattern": [27, 244], "threshold": null}]}]}