{"extra_info": {"version": "fallback_v1", "seed": 69}, "data": [{"config": {"code_name": "[CS CM CC][Len SSize MFit CAtom][GNone]", "population_size": 100, "evaluation_budget": 10000, "cluster_info_file_name": "C:\\Users\\gac8\\PycharmProjects\\PSSearch\\retail_forecasting_data_collection\\data\\cluster_info_250_random.pkl", "use_custom_sampling_operator": true, "use_custom_mutation_operator": true, "use_custom_crossover_operator": true, "use_custom_atomicity": true, "genome_threshold": null, "include_ps_len": true, "include_sample_quantity": true, "include_wasserstein_distance": false, "include_diff_median": false, "include_atomicity": true, "include_p_value": false, "include_mean_fitness": true, "include_variance": false}, "results": [{"pattern": [232, 248], "threshold": null}, {"pattern": [105, 205], "threshold": null}, {"pattern": [237], "threshold": null}, {"pattern": [16, 248], "threshold": null}, {"pattern": [232, 103], "threshold": null}, {"pattern": [196, 167], "threshold": null}, {"pattern": [196, 188], "threshold": null}, {"pattern": [34, 190], "threshold": null}, {"pattern": [132], "threshold": null}, {"pattern": [29, 13], "threshold": null}, {"pattern": [91, 149], "threshold": null}, {"pattern": [27, 222], "threshold": null}, {"pattern": [177, 86], "threshold": null}, {"pattern": [88, 86], "threshold": null}, {"pattern": [61, 30], "threshold": null}, {"pattern": [69, 165], "threshold": null}, {"pattern": [132, 157], "threshold": null}, {"pattern": [45], "threshold": null}, {"pattern": [16, 215], "threshold": null}, {"pattern": [158, 142], "threshold": null}, {"pattern": [86, 127], "threshold": null}, {"pattern": [88], "threshold": null}, {"pattern": [241, 180], "threshold": null}, {"pattern": [177, 212], "threshold": null}, {"pattern": [103], "threshold": null}, {"pattern": [188], "threshold": null}, {"pattern": [27, 132], "threshold": null}, {"pattern": [217, 158], "threshold": null}, {"pattern": [212], "threshold": null}, {"pattern": [230], "threshold": null}, {"pattern": [25], "threshold": null}, {"pattern": [54], "threshold": null}, {"pattern": [65], "threshold": null}, {"pattern": [86, 63], "threshold": null}, {"pattern": [86], "threshold": null}, {"pattern": [56, 114], "threshold": null}, {"pattern": [248, 212], "threshold": null}, {"pattern": [212, 132], "threshold": null}, {"pattern": [134], "threshold": null}, {"pattern": [196, 215], "threshold": null}, {"pattern": [208, 86], "threshold": null}, {"pattern": [25, 134], "threshold": null}, {"pattern": [120], "threshold": null}, {"pattern": [30, 63], "threshold": null}, {"pattern": [53, 215], "threshold": null}, {"pattern": [237, 158], "threshold": null}, {"pattern": [196, 61], "threshold": null}, {"pattern": [34, 188, 103], "threshold": null}, {"pattern": [248, 188], "threshold": null}, {"pattern": [27, 196], "threshold": null}, {"pattern": [183, 63], "threshold": null}, {"pattern": [13], "threshold": null}]}, {"config": {"code_name": "[CS CM CC][SSize MFit CAtom][GNone]", "population_size": 100, "evaluation_budget": 10000, "cluster_info_file_name": "C:\\Users\\gac8\\PycharmProjects\\PSSearch\\retail_forecasting_data_collection\\data\\cluster_info_250_random.pkl", "use_custom_sampling_operator": true, "use_custom_mutation_operator": true, "use_custom_crossover_operator": true, "use_custom_atomicity": true, "genome_threshold": null, "include_ps_len": false, "include_sample_quantity": true, "include_wasserstein_distance": false, "include_diff_median": false, "include_atomicity": true, "include_p_value": false, "include_mean_fitness": true, "include_variance": false}, "results": [{"pattern": [202, 90], "threshold": null}, {"pattern": [76, 69], "threshold": null}, {"pattern": [90, 13], "threshold": null}, {"pattern": [177, 180], "threshold": null}, {"pattern": [105, 207], "threshold": null}, {"pattern": [13, 55], "threshold": null}, {"pattern": [196, 92], "threshold": null}, {"pattern": [132, 69], "threshold": null}, {"pattern": [195, 239], "threshold": null}, {"pattern": [69, 86], "threshold": null}, {"pattern": [81, 180], "threshold": null}, {"pattern": [232, 132], "threshold": null}, {"pattern": [208, 47], "threshold": null}, {"pattern": [103], "threshold": null}, {"pattern": [25, 134], "threshold": null}, {"pattern": [235, 119], "threshold": null}, {"pattern": [66, 221], "threshold": null}, {"pattern": [86], "threshold": null}, {"pattern": [212, 197], "threshold": null}, {"pattern": [34, 215], "threshold": null}, {"pattern": [13], "threshold": null}, {"pattern": [212, 204], "threshold": null}, {"pattern": [204, 13], "threshold": null}, {"pattern": [221, 134], "threshold": null}, {"pattern": [237], "threshold": null}, {"pattern": [122, 11], "threshold": null}, {"pattern": [212], "threshold": null}, {"pattern": [188, 158, 103], "threshold": null}, {"pattern": [188], "threshold": null}, {"pattern": [81, 196], "threshold": null}, {"pattern": [56, 204], "threshold": null}, {"pattern": [196, 100], "threshold": null}, {"pattern": [65], "threshold": null}, {"pattern": [88], "threshold": null}, {"pattern": [180, 215], "threshold": null}, {"pattern": [132], "threshold": null}, {"pattern": [188, 63], "threshold": null}, {"pattern": [202, 91], "threshold": null}, {"pattern": [139, 132], "threshold": null}, {"pattern": [164, 77], "threshold": null}, {"pattern": [177, 215], "threshold": null}, {"pattern": [88, 132], "threshold": null}, {"pattern": [97, 91], "threshold": null}, {"pattern": [188, 132], "threshold": null}, {"pattern": [137, 77], "threshold": null}, {"pattern": [248, 103], "threshold": null}, {"pattern": [235, 134], "threshold": null}, {"pattern": [116, 237], "threshold": null}]}, {"config": {"code_name": "[CS CM CC][Len MFit CAtom][GNone]", "population_size": 100, "evaluation_budget": 10000, "cluster_info_file_name": "C:\\Users\\gac8\\PycharmProjects\\PSSearch\\retail_forecasting_data_collection\\data\\cluster_info_250_random.pkl", "use_custom_sampling_operator": true, "use_custom_mutation_operator": true, "use_custom_crossover_operator": true, "use_custom_atomicity": true, "genome_threshold": null, "include_ps_len": true, "include_sample_quantity": false, "include_wasserstein_distance": false, "include_diff_median": false, "include_atomicity": true, "include_p_value": false, "include_mean_fitness": true, "include_variance": false}, "results": [{"pattern": [237, 103], "threshold": null}, {"pattern": [56, 246], "threshold": null}, {"pattern": [134, 87], "threshold": null}, {"pattern": [211, 134], "threshold": null}, {"pattern": [186, 221], "threshold": null}, {"pattern": [155, 134], "threshold": null}, {"pattern": [25, 63], "threshold": null}, {"pattern": [69, 29], "threshold": null}, {"pattern": [74, 68], "threshold": null}, {"pattern": [56, 147], "threshold": null}, {"pattern": [35, 68], "threshold": null}, {"pattern": [120], "threshold": null}]}, {"config": {"code_name": "[CS CM CC][Len SSize CAtom][GNone]", "population_size": 100, "evaluation_budget": 10000, "cluster_info_file_name": "C:\\Users\\gac8\\PycharmProjects\\PSSearch\\retail_forecasting_data_collection\\data\\cluster_info_250_random.pkl", "use_custom_sampling_operator": true, "use_custom_mutation_operator": true, "use_custom_crossover_operator": true, "use_custom_atomicity": true, "genome_threshold": null, "include_ps_len": true, "include_sample_quantity": true, "include_wasserstein_distance": false, "include_diff_median": false, "include_atomicity": true, "include_p_value": false, "include_mean_fitness": false, "include_variance": false}, "results": [{"pattern": [188, 164], "threshold": null}, {"pattern": [188, 63], "threshold": null}, {"pattern": [105, 119], "threshold": null}, {"pattern": [196, 215], "threshold": null}, {"pattern": [16, 116], "threshold": null}, {"pattern": [34, 188], "threshold": null}, {"pattern": [188], "threshold": null}, {"pattern": [188, 86], "threshold": null}, {"pattern": [69, 71], "threshold": null}, {"pattern": [56, 246], "threshold": null}, {"pattern": [184, 30], "threshold": null}]}, {"config": {"code_name": "[CS CM CC][Len SSize MFit][GNone]", "population_size": 100, "evaluation_budget": 10000, "cluster_info_file_name": "C:\\Users\\gac8\\PycharmProjects\\PSSearch\\retail_forecasting_data_collection\\data\\cluster_info_250_random.pkl", "use_custom_sampling_operator": true, "use_custom_mutation_operator": true, "use_custom_crossover_operator": true, "use_custom_atomicity": true, "genome_threshold": null, "include_ps_len": true, "include_sample_quantity": true, "include_wasserstein_distance": false, "include_diff_median": false, "include_atomicity": false, "include_p_value": false, "include_mean_fitness": true, "include_variance": false}, "results": [{"pattern": [237], "threshold": null}, {"pattern": [120], "threshold": null}, {"pattern": [188], "threshold": null}, {"pattern": [86], "threshold": null}, {"pattern": [103], "threshold": null}, {"pattern": [204, 86], "threshold": null}, {"pattern": [65], "threshold": null}, {"pattern": [25], "threshold": null}, {"pattern": [196, 215], "threshold": null}, {"pattern": [196, 158], "threshold": null}, {"pattern": [90, 212], "threshold": null}, {"pattern": [230], "threshold": null}, {"pattern": [158], "threshold": null}, {"pattern": [90, 13], "threshold": null}, {"pattern": [211, 196], "threshold": null}, {"pattern": [202, 188], "threshold": null}, {"pattern": [212], "threshold": null}, {"pattern": [180, 86], "threshold": null}, {"pattern": [132], "threshold": null}, {"pattern": [93, 215], "threshold": null}, {"pattern": [45], "threshold": null}, {"pattern": [88], "threshold": null}, {"pattern": [132, 237], "threshold": null}, {"pattern": [13], "threshold": null}, {"pattern": [158, 38], "threshold": null}, {"pattern": [54], "threshold": null}]}, {"config": {"code_name": "[OS CM CC][Len SSize MFit CAtom][GNone]", "population_size": 100, "evaluation_budget": 10000, "cluster_info_file_name": "C:\\Users\\gac8\\PycharmProjects\\PSSearch\\retail_forecasting_data_collection\\data\\cluster_info_250_random.pkl", "use_custom_sampling_operator": false, "use_custom_mutation_operator": true, "use_custom_crossover_operator": true, "use_custom_atomicity": true, "genome_threshold": null, "include_ps_len": true, "include_sample_quantity": true, "include_wasserstein_distance": false, "include_diff_median": false, "include_atomicity": true, "include_p_value": false, "include_mean_fitness": true, "include_variance": false}, "results": [{"pattern": [134, 103], "threshold": null}, {"pattern": [237], "threshold": null}, {"pattern": [81, 63], "threshold": null}, {"pattern": [212, 134], "threshold": null}, {"pattern": [132], "threshold": null}, {"pattern": [16, 202], "threshold": null}, {"pattern": [91, 149], "threshold": null}, {"pattern": [18, 38], "threshold": null}, {"pattern": [184, 30], "threshold": null}, {"pattern": [65, 173], "threshold": null}, {"pattern": [16, 52], "threshold": null}, {"pattern": [132, 157], "threshold": null}, {"pattern": [45], "threshold": null}, {"pattern": [123, 221], "threshold": null}, {"pattern": [16, 87], "threshold": null}, {"pattern": [88], "threshold": null}, {"pattern": [74, 13], "threshold": null}, {"pattern": [235, 68], "threshold": null}, {"pattern": [103], "threshold": null}, {"pattern": [158], "threshold": null}, {"pattern": [188], "threshold": null}, {"pattern": [76, 69], "threshold": null}, {"pattern": [217, 103], "threshold": null}, {"pattern": [65, 188], "threshold": null}, {"pattern": [74, 188], "threshold": null}, {"pattern": [65, 241], "threshold": null}, {"pattern": [212], "threshold": null}, {"pattern": [217, 90], "threshold": null}, {"pattern": [230], "threshold": null}, {"pattern": [25], "threshold": null}, {"pattern": [16, 188], "threshold": null}, {"pattern": [92, 63], "threshold": null}, {"pattern": [59, 245], "threshold": null}, {"pattern": [54], "threshold": null}, {"pattern": [65], "threshold": null}, {"pattern": [86], "threshold": null}, {"pattern": [90, 86], "threshold": null}, {"pattern": [25, 90], "threshold": null}, {"pattern": [232, 132], "threshold": null}, {"pattern": [88, 237], "threshold": null}, {"pattern": [120], "threshold": null}, {"pattern": [146, 13], "threshold": null}, {"pattern": [16, 167], "threshold": null}, {"pattern": [212, 135], "threshold": null}, {"pattern": [13, 215], "threshold": null}, {"pattern": [50, 245], "threshold": null}, {"pattern": [202, 43], "threshold": null}, {"pattern": [13], "threshold": null}]}, {"config": {"code_name": "[CS OM CC][Len SSize MFit CAtom][GNone]", "population_size": 100, "evaluation_budget": 10000, "cluster_info_file_name": "C:\\Users\\gac8\\PycharmProjects\\PSSearch\\retail_forecasting_data_collection\\data\\cluster_info_250_random.pkl", "use_custom_sampling_operator": true, "use_custom_mutation_operator": false, "use_custom_crossover_operator": true, "use_custom_atomicity": true, "genome_threshold": null, "include_ps_len": true, "include_sample_quantity": true, "include_wasserstein_distance": false, "include_diff_median": false, "include_atomicity": true, "include_p_value": false, "include_mean_fitness": true, "include_variance": false}, "results": [{"pattern": [202, 212, 196], "threshold": null}, {"pattern": [202, 196], "threshold": null}, {"pattern": [171, 212], "threshold": null}, {"pattern": [189], "threshold": null}, {"pattern": [16, 241], "threshold": null}, {"pattern": [88, 188], "threshold": null}, {"pattern": [232, 86], "threshold": null}, {"pattern": [196, 103], "threshold": null}, {"pattern": [188, 196, 237], "threshold": null}, {"pattern": [202, 132], "threshold": null}, {"pattern": [202, 188], "threshold": null}, {"pattern": [212, 27, 132], "threshold": null}, {"pattern": [171, 188], "threshold": null}, {"pattern": [202, 180, 215], "threshold": null}, {"pattern": [122, 82], "threshold": null}, {"pattern": [90, 212, 188, 103], "threshold": null}, {"pattern": [202, 196, 86], "threshold": null}, {"pattern": [209, 202], "threshold": null}, {"pattern": [88, 212, 103], "threshold": null}, {"pattern": [184, 27], "threshold": null}, {"pattern": [27, 55], "threshold": null}, {"pattern": [212, 188, 103], "threshold": null}, {"pattern": [202, 134], "threshold": null}, {"pattern": [88, 27], "threshold": null}, {"pattern": [188], "threshold": null}, {"pattern": [212, 188, 237], "threshold": null}, {"pattern": [16, 188, 92], "threshold": null}, {"pattern": [188, 212, 63, 103], "threshold": null}, {"pattern": [202, 212, 180], "threshold": null}, {"pattern": [248, 55], "threshold": null}, {"pattern": [162, 202], "threshold": null}, {"pattern": [202, 212, 196, 86], "threshold": null}, {"pattern": [34, 76], "threshold": null}, {"pattern": [27, 132], "threshold": null}, {"pattern": [202, 132, 86], "threshold": null}, {"pattern": [212], "threshold": null}, {"pattern": [26, 55], "threshold": null}, {"pattern": [122, 188], "threshold": null}, {"pattern": [16, 241, 188], "threshold": null}, {"pattern": [16, 188, 167], "threshold": null}, {"pattern": [16, 188], "threshold": null}, {"pattern": [224, 196], "threshold": null}, {"pattern": [212, 103], "threshold": null}, {"pattern": [202, 103], "threshold": null}, {"pattern": [196, 86], "threshold": null}, {"pattern": [232, 188, 132], "threshold": null}, {"pattern": [86], "threshold": null}, {"pattern": [134], "threshold": null}, {"pattern": [212, 188], "threshold": null}, {"pattern": [132, 173], "threshold": null}, {"pattern": [224, 202, 196], "threshold": null}, {"pattern": [188, 196, 180], "threshold": null}, {"pattern": [86, 95], "threshold": null}, {"pattern": [232, 132], "threshold": null}, {"pattern": [202, 86], "threshold": null}, {"pattern": [16, 139, 188], "threshold": null}, {"pattern": [202, 188, 196], "threshold": null}, {"pattern": [171, 212, 103], "threshold": null}, {"pattern": [212, 188, 237, 86], "threshold": null}, {"pattern": [188, 237, 86], "threshold": null}, {"pattern": [202, 212, 188], "threshold": null}, {"pattern": [212, 86], "threshold": null}, {"pattern": [202, 196, 158], "threshold": null}, {"pattern": [196, 86, 103], "threshold": null}, {"pattern": [103, 55], "threshold": null}]}, {"config": {"code_name": "[CS CM OC][Len SSize MFit CAtom][GNone]", "population_size": 100, "evaluation_budget": 10000, "cluster_info_file_name": "C:\\Users\\gac8\\PycharmProjects\\PSSearch\\retail_forecasting_data_collection\\data\\cluster_info_250_random.pkl", "use_custom_sampling_operator": true, "use_custom_mutation_operator": true, "use_custom_crossover_operator": false, "use_custom_atomicity": true, "genome_threshold": null, "include_ps_len": true, "include_sample_quantity": true, "include_wasserstein_distance": false, "include_diff_median": false, "include_atomicity": true, "include_p_value": false, "include_mean_fitness": true, "include_variance": false}, "results": [{"pattern": [241, 245], "threshold": null}, {"pattern": [237], "threshold": null}, {"pattern": [132], "threshold": null}, {"pattern": [91, 188, 158], "threshold": null}, {"pattern": [16, 103], "threshold": null}, {"pattern": [25, 63], "threshold": null}, {"pattern": [34, 132], "threshold": null}, {"pattern": [27, 222], "threshold": null}, {"pattern": [1, 188], "threshold": null}, {"pattern": [45], "threshold": null}, {"pattern": [24, 181], "threshold": null}, {"pattern": [224, 193], "threshold": null}, {"pattern": [34, 237], "threshold": null}, {"pattern": [74, 116], "threshold": null}, {"pattern": [134, 63], "threshold": null}, {"pattern": [88], "threshold": null}, {"pattern": [35, 132], "threshold": null}, {"pattern": [180, 103], "threshold": null}, {"pattern": [209, 188], "threshold": null}, {"pattern": [103], "threshold": null}, {"pattern": [188], "threshold": null}, {"pattern": [158], "threshold": null}, {"pattern": [249, 146, 13], "threshold": null}, {"pattern": [34, 37], "threshold": null}, {"pattern": [27, 134], "threshold": null}, {"pattern": [27, 132], "threshold": null}, {"pattern": [212], "threshold": null}, {"pattern": [230], "threshold": null}, {"pattern": [193, 244], "threshold": null}, {"pattern": [25], "threshold": null}, {"pattern": [92, 63], "threshold": null}, {"pattern": [54], "threshold": null}, {"pattern": [65], "threshold": null}, {"pattern": [86], "threshold": null}, {"pattern": [65, 190], "threshold": null}, {"pattern": [65, 90], "threshold": null}, {"pattern": [171, 78], "threshold": null}, {"pattern": [120], "threshold": null}, {"pattern": [188, 69, 158], "threshold": null}, {"pattern": [186, 221], "threshold": null}, {"pattern": [202, 13], "threshold": null}, {"pattern": [196, 180], "threshold": null}, {"pattern": [184, 63], "threshold": null}, {"pattern": [90, 61], "threshold": null}, {"pattern": [34, 116], "threshold": null}, {"pattern": [38, 87], "threshold": null}, {"pattern": [13], "threshold": null}]}]}