{"extra_info": {"version": "fallback_v1", "seed": 38}, "data": [{"config": {"code_name": "[CS CM CC][Len SSize MFit CAtom][GNone]", "population_size": 100, "evaluation_budget": 10000, "cluster_info_file_name": "C:\\Users\\gac8\\PycharmProjects\\PSSearch\\retail_forecasting_data_collection\\data\\cluster_info_250_random.pkl", "use_custom_sampling_operator": true, "use_custom_mutation_operator": true, "use_custom_crossover_operator": true, "use_custom_atomicity": true, "genome_threshold": null, "include_ps_len": true, "include_sample_quantity": true, "include_wasserstein_distance": false, "include_diff_median": false, "include_atomicity": true, "include_p_value": false, "include_mean_fitness": true, "include_variance": false}, "results": [{"pattern": [88], "threshold": null}, {"pattern": [54], "threshold": null}, {"pattern": [26, 244], "threshold": null}, {"pattern": [196, 180], "threshold": null}, {"pattern": [184, 134], "threshold": null}, {"pattern": [66, 134], "threshold": null}, {"pattern": [196], "threshold": null}, {"pattern": [217], "threshold": null}, {"pattern": [233, 37], "threshold": null}, {"pattern": [89, 132], "threshold": null}, {"pattern": [25, 90], "threshold": null}, {"pattern": [237], "threshold": null}, {"pattern": [209, 59], "threshold": null}, {"pattern": [66, 63], "threshold": null}, {"pattern": [27, 158], "threshold": null}, {"pattern": [26, 19], "threshold": null}, {"pattern": [186, 221], "threshold": null}, {"pattern": [120], "threshold": null}, {"pattern": [226, 63], "threshold": null}, {"pattern": [11, 205], "threshold": null}, {"pattern": [103], "threshold": null}, {"pattern": [190, 87], "threshold": null}, {"pattern": [230], "threshold": null}, {"pattern": [65], "threshold": null}, {"pattern": [37, 63], "threshold": null}, {"pattern": [217, 215], "threshold": null}, {"pattern": [34, 151], "threshold": null}, {"pattern": [224, 244], "threshold": null}, {"pattern": [212], "threshold": null}, {"pattern": [86], "threshold": null}, {"pattern": [16, 132], "threshold": null}, {"pattern": [27, 196], "threshold": null}, {"pattern": [132, 13], "threshold": null}, {"pattern": [13], "threshold": null}, {"pattern": [33, 43], "threshold": null}, {"pattern": [132], "threshold": null}, {"pattern": [76, 173], "threshold": null}, {"pattern": [155, 38], "threshold": null}, {"pattern": [64, 132], "threshold": null}, {"pattern": [74, 165], "threshold": null}, {"pattern": [196, 188], "threshold": null}, {"pattern": [132, 134], "threshold": null}, {"pattern": [88, 217], "threshold": null}, {"pattern": [188], "threshold": null}, {"pattern": [205, 37], "threshold": null}, {"pattern": [169, 215], "threshold": null}, {"pattern": [45], "threshold": null}, {"pattern": [101, 13], "threshold": null}, {"pattern": [184, 81], "threshold": null}, {"pattern": [27, 86], "threshold": null}, {"pattern": [25], "threshold": null}, {"pattern": [245, 158], "threshold": null}, {"pattern": [158], "threshold": null}]}, {"config": {"code_name": "[CS CM CC][SSize MFit CAtom][GNone]", "population_size": 100, "evaluation_budget": 10000, "cluster_info_file_name": "C:\\Users\\gac8\\PycharmProjects\\PSSearch\\retail_forecasting_data_collection\\data\\cluster_info_250_random.pkl", "use_custom_sampling_operator": true, "use_custom_mutation_operator": true, "use_custom_crossover_operator": true, "use_custom_atomicity": true, "genome_threshold": null, "include_ps_len": false, "include_sample_quantity": true, "include_wasserstein_distance": false, "include_diff_median": false, "include_atomicity": true, "include_p_value": false, "include_mean_fitness": true, "include_variance": false}, "results": [{"pattern": [132], "threshold": null}, {"pattern": [158, 86], "threshold": null}, {"pattern": [190, 103], "threshold": null}, {"pattern": [69, 158], "threshold": null}, {"pattern": [212, 188, 245], "threshold": null}, {"pattern": [61, 63], "threshold": null}, {"pattern": [180, 173], "threshold": null}, {"pattern": [103], "threshold": null}, {"pattern": [65], "threshold": null}, {"pattern": [158], "threshold": null}, {"pattern": [86], "threshold": null}, {"pattern": [88], "threshold": null}, {"pattern": [80, 229], "threshold": null}, {"pattern": [202, 215], "threshold": null}, {"pattern": [158, 103], "threshold": null}, {"pattern": [158, 167], "threshold": null}, {"pattern": [27, 221], "threshold": null}, {"pattern": [132, 87], "threshold": null}, {"pattern": [245, 158], "threshold": null}, {"pattern": [196], "threshold": null}, {"pattern": [134, 103], "threshold": null}, {"pattern": [16, 86], "threshold": null}, {"pattern": [188], "threshold": null}, {"pattern": [81, 196], "threshold": null}, {"pattern": [43, 212], "threshold": null}, {"pattern": [180, 127], "threshold": null}, {"pattern": [212], "threshold": null}, {"pattern": [90, 27], "threshold": null}, {"pattern": [25, 177], "threshold": null}, {"pattern": [25], "threshold": null}, {"pattern": [212, 244], "threshold": null}, {"pattern": [65, 27], "threshold": null}, {"pattern": [180, 13], "threshold": null}, {"pattern": [241, 13], "threshold": null}, {"pattern": [188, 215], "threshold": null}, {"pattern": [237], "threshold": null}, {"pattern": [65, 61], "threshold": null}, {"pattern": [212, 215], "threshold": null}, {"pattern": [202, 134], "threshold": null}, {"pattern": [13], "threshold": null}, {"pattern": [56, 246], "threshold": null}, {"pattern": [61, 30], "threshold": null}, {"pattern": [16, 52], "threshold": null}]}, {"config": {"code_name": "[CS CM CC][Len MFit CAtom][GNone]", "population_size": 100, "evaluation_budget": 10000, "cluster_info_file_name": "C:\\Users\\gac8\\PycharmProjects\\PSSearch\\retail_forecasting_data_collection\\data\\cluster_info_250_random.pkl", "use_custom_sampling_operator": true, "use_custom_mutation_operator": true, "use_custom_crossover_operator": true, "use_custom_atomicity": true, "genome_threshold": null, "include_ps_len": true, "include_sample_quantity": false, "include_wasserstein_distance": false, "include_diff_median": false, "include_atomicity": true, "include_p_value": false, "include_mean_fitness": true, "include_variance": false}, "results": [{"pattern": [101, 62], "threshold": null}, {"pattern": [33, 75], "threshold": null}, {"pattern": [74, 68], "threshold": null}, {"pattern": [76, 61], "threshold": null}, {"pattern": [237, 134], "threshold": null}, {"pattern": [120], "threshold": null}, {"pattern": [88, 237], "threshold": null}]}, {"config": {"code_name": "[CS CM CC][Len SSize CAtom][GNone]", "population_size": 100, "evaluation_budget": 10000, "cluster_info_file_name": "C:\\Users\\gac8\\PycharmProjects\\PSSearch\\retail_forecasting_data_collection\\data\\cluster_info_250_random.pkl", "use_custom_sampling_operator": true, "use_custom_mutation_operator": true, "use_custom_crossover_operator": true, "use_custom_atomicity": true, "genome_threshold": null, "include_ps_len": true, "include_sample_quantity": true, "include_wasserstein_distance": false, "include_diff_median": false, "include_atomicity": true, "include_p_value": false, "include_mean_fitness": false, "include_variance": false}, "results": [{"pattern": [212, 188], "threshold": null}, {"pattern": [188, 101], "threshold": null}, {"pattern": [195, 13], "threshold": null}, {"pattern": [249, 195], "threshold": null}, {"pattern": [188], "threshold": null}, {"pattern": [212, 221], "threshold": null}, {"pattern": [188, 245], "threshold": null}]}, {"config": {"code_name": "[CS CM CC][Len SSize MFit][GNone]", "population_size": 100, "evaluation_budget": 10000, "cluster_info_file_name": "C:\\Users\\gac8\\PycharmProjects\\PSSearch\\retail_forecasting_data_collection\\data\\cluster_info_250_random.pkl", "use_custom_sampling_operator": true, "use_custom_mutation_operator": true, "use_custom_crossover_operator": true, "use_custom_atomicity": true, "genome_threshold": null, "include_ps_len": true, "include_sample_quantity": true, "include_wasserstein_distance": false, "include_diff_median": false, "include_atomicity": false, "include_p_value": false, "include_mean_fitness": true, "include_variance": false}, "results": [{"pattern": [103], "threshold": null}, {"pattern": [171, 13], "threshold": null}, {"pattern": [217], "threshold": null}, {"pattern": [88, 188], "threshold": null}, {"pattern": [134, 215], "threshold": null}, {"pattern": [132], "threshold": null}, {"pattern": [196], "threshold": null}, {"pattern": [86, 103], "threshold": null}, {"pattern": [158], "threshold": null}, {"pattern": [188], "threshold": null}, {"pattern": [241, 13], "threshold": null}, {"pattern": [230], "threshold": null}, {"pattern": [120], "threshold": null}, {"pattern": [45], "threshold": null}, {"pattern": [237], "threshold": null}, {"pattern": [90, 134], "threshold": null}, {"pattern": [16, 237], "threshold": null}, {"pattern": [196, 13], "threshold": null}, {"pattern": [212], "threshold": null}, {"pattern": [25], "threshold": null}, {"pattern": [54], "threshold": null}, {"pattern": [16, 86], "threshold": null}, {"pattern": [13], "threshold": null}, {"pattern": [65], "threshold": null}, {"pattern": [86], "threshold": null}, {"pattern": [88], "threshold": null}]}, {"config": {"code_name": "[OS CM CC][Len SSize MFit CAtom][GNone]", "population_size": 100, "evaluation_budget": 10000, "cluster_info_file_name": "C:\\Users\\gac8\\PycharmProjects\\PSSearch\\retail_forecasting_data_collection\\data\\cluster_info_250_random.pkl", "use_custom_sampling_operator": false, "use_custom_mutation_operator": true, "use_custom_crossover_operator": true, "use_custom_atomicity": true, "genome_threshold": null, "include_ps_len": true, "include_sample_quantity": true, "include_wasserstein_distance": false, "include_diff_median": false, "include_atomicity": true, "include_p_value": false, "include_mean_fitness": true, "include_variance": false}, "results": [{"pattern": [132, 103], "threshold": null}, {"pattern": [54], "threshold": null}, {"pattern": [88], "threshold": null}, {"pattern": [35, 68], "threshold": null}, {"pattern": [196, 180], "threshold": null}, {"pattern": [196], "threshold": null}, {"pattern": [29, 13], "threshold": null}, {"pattern": [217], "threshold": null}, {"pattern": [103, 63], "threshold": null}, {"pattern": [188, 69], "threshold": null}, {"pattern": [237], "threshold": null}, {"pattern": [212, 37], "threshold": null}, {"pattern": [248, 221], "threshold": null}, {"pattern": [147, 77], "threshold": null}, {"pattern": [120], "threshold": null}, {"pattern": [81, 158], "threshold": null}, {"pattern": [103], "threshold": null}, {"pattern": [217, 158], "threshold": null}, {"pattern": [230], "threshold": null}, {"pattern": [65], "threshold": null}, {"pattern": [237, 134], "threshold": null}, {"pattern": [88, 188], "threshold": null}, {"pattern": [212], "threshold": null}, {"pattern": [86], "threshold": null}, {"pattern": [248, 86], "threshold": null}, {"pattern": [13], "threshold": null}, {"pattern": [56, 86], "threshold": null}, {"pattern": [195, 239], "threshold": null}, {"pattern": [235, 158], "threshold": null}, {"pattern": [132], "threshold": null}, {"pattern": [158, 38], "threshold": null}, {"pattern": [16, 235], "threshold": null}, {"pattern": [190, 158], "threshold": null}, {"pattern": [25, 116], "threshold": null}, {"pattern": [16, 248], "threshold": null}, {"pattern": [42, 151], "threshold": null}, {"pattern": [56, 155], "threshold": null}, {"pattern": [217, 196], "threshold": null}, {"pattern": [188], "threshold": null}, {"pattern": [45], "threshold": null}, {"pattern": [241, 132], "threshold": null}, {"pattern": [16, 215], "threshold": null}, {"pattern": [188, 77], "threshold": null}, {"pattern": [25], "threshold": null}, {"pattern": [123, 13], "threshold": null}, {"pattern": [202, 13], "threshold": null}, {"pattern": [158], "threshold": null}]}, {"config": {"code_name": "[CS OM CC][Len SSize MFit CAtom][GNone]", "population_size": 100, "evaluation_budget": 10000, "cluster_info_file_name": "C:\\Users\\gac8\\PycharmProjects\\PSSearch\\retail_forecasting_data_collection\\data\\cluster_info_250_random.pkl", "use_custom_sampling_operator": true, "use_custom_mutation_operator": false, "use_custom_crossover_operator": true, "use_custom_atomicity": true, "genome_threshold": null, "include_ps_len": true, "include_sample_quantity": true, "include_wasserstein_distance": false, "include_diff_median": false, "include_atomicity": true, "include_p_value": false, "include_mean_fitness": true, "include_variance": false}, "results": [{"pattern": [180, 90, 196, 188], "threshold": null}, {"pattern": [27, 103], "threshold": null}, {"pattern": [212, 196, 188, 13], "threshold": null}, {"pattern": [188, 205], "threshold": null}, {"pattern": [61, 103], "threshold": null}, {"pattern": [16, 196, 188], "threshold": null}, {"pattern": [196], "threshold": null}, {"pattern": [196, 86, 103], "threshold": null}, {"pattern": [63, 103], "threshold": null}, {"pattern": [87], "threshold": null}, {"pattern": [196, 132], "threshold": null}, {"pattern": [196, 132, 13], "threshold": null}, {"pattern": [30, 103], "threshold": null}, {"pattern": [132, 188, 103], "threshold": null}, {"pattern": [196, 103], "threshold": null}, {"pattern": [28], "threshold": null}, {"pattern": [188, 103], "threshold": null}, {"pattern": [35, 103], "threshold": null}, {"pattern": [16, 212, 196, 188], "threshold": null}, {"pattern": [196, 181], "threshold": null}, {"pattern": [132, 87], "threshold": null}, {"pattern": [237, 103], "threshold": null}, {"pattern": [119, 103], "threshold": null}, {"pattern": [212, 188, 13], "threshold": null}, {"pattern": [202, 132, 244], "threshold": null}, {"pattern": [103], "threshold": null}, {"pattern": [188, 116], "threshold": null}, {"pattern": [146, 13], "threshold": null}, {"pattern": [177, 132, 103], "threshold": null}, {"pattern": [16, 196], "threshold": null}, {"pattern": [196, 237], "threshold": null}, {"pattern": [49], "threshold": null}, {"pattern": [49, 63], "threshold": null}, {"pattern": [196, 132, 215], "threshold": null}, {"pattern": [113], "threshold": null}, {"pattern": [212, 90, 188, 196], "threshold": null}, {"pattern": [232, 87], "threshold": null}, {"pattern": [217, 103], "threshold": null}, {"pattern": [132, 158], "threshold": null}, {"pattern": [88, 188], "threshold": null}, {"pattern": [90, 87], "threshold": null}, {"pattern": [132, 196, 244], "threshold": null}, {"pattern": [196, 188, 86], "threshold": null}, {"pattern": [188, 92], "threshold": null}, {"pattern": [132, 13], "threshold": null}, {"pattern": [27, 212, 103], "threshold": null}, {"pattern": [13], "threshold": null}, {"pattern": [35, 132], "threshold": null}, {"pattern": [181, 103], "threshold": null}, {"pattern": [90, 188], "threshold": null}, {"pattern": [196, 132, 103], "threshold": null}, {"pattern": [65, 27, 212], "threshold": null}, {"pattern": [132], "threshold": null}, {"pattern": [188, 132, 134], "threshold": null}, {"pattern": [87, 63], "threshold": null}, {"pattern": [164, 103], "threshold": null}, {"pattern": [30, 87], "threshold": null}, {"pattern": [188, 205, 38], "threshold": null}, {"pattern": [88, 132, 13], "threshold": null}, {"pattern": [196, 188], "threshold": null}, {"pattern": [188, 158, 92], "threshold": null}, {"pattern": [188], "threshold": null}, {"pattern": [188, 132], "threshold": null}, {"pattern": [212, 196, 188], "threshold": null}, {"pattern": [132, 28], "threshold": null}, {"pattern": [49, 82], "threshold": null}, {"pattern": [232, 103], "threshold": null}, {"pattern": [13, 103], "threshold": null}, {"pattern": [188, 116, 190], "threshold": null}, {"pattern": [132, 158, 215], "threshold": null}, {"pattern": [88, 13], "threshold": null}]}, {"config": {"code_name": "[CS CM OC][Len SSize MFit CAtom][GNone]", "population_size": 100, "evaluation_budget": 10000, "cluster_info_file_name": "C:\\Users\\gac8\\PycharmProjects\\PSSearch\\retail_forecasting_data_collection\\data\\cluster_info_250_random.pkl", "use_custom_sampling_operator": true, "use_custom_mutation_operator": true, "use_custom_crossover_operator": false, "use_custom_atomicity": true, "genome_threshold": null, "include_ps_len": true, "include_sample_quantity": true, "include_wasserstein_distance": false, "include_diff_median": false, "include_atomicity": true, "include_p_value": false, "include_mean_fitness": true, "include_variance": false}, "results": [{"pattern": [88], "threshold": null}, {"pattern": [54], "threshold": null}, {"pattern": [196], "threshold": null}, {"pattern": [81, 165], "threshold": null}, {"pattern": [217], "threshold": null}, {"pattern": [25, 52], "threshold": null}, {"pattern": [188, 69], "threshold": null}, {"pattern": [91, 158], "threshold": null}, {"pattern": [237], "threshold": null}, {"pattern": [202, 221], "threshold": null}, {"pattern": [235, 103], "threshold": null}, {"pattern": [188, 127], "threshold": null}, {"pattern": [237, 158], "threshold": null}, {"pattern": [56, 237], "threshold": null}, {"pattern": [171, 188], "threshold": null}, {"pattern": [116, 158], "threshold": null}, {"pattern": [202, 90], "threshold": null}, {"pattern": [50, 196], "threshold": null}, {"pattern": [212, 244], "threshold": null}, {"pattern": [120], "threshold": null}, {"pattern": [217, 86], "threshold": null}, {"pattern": [103], "threshold": null}, {"pattern": [196, 134], "threshold": null}, {"pattern": [165, 47], "threshold": null}, {"pattern": [230], "threshold": null}, {"pattern": [65], "threshold": null}, {"pattern": [179, 71], "threshold": null}, {"pattern": [188, 38], "threshold": null}, {"pattern": [16, 52], "threshold": null}, {"pattern": [16, 90], "threshold": null}, {"pattern": [212], "threshold": null}, {"pattern": [86], "threshold": null}, {"pattern": [202, 180], "threshold": null}, {"pattern": [50, 245], "threshold": null}, {"pattern": [13], "threshold": null}, {"pattern": [53, 215], "threshold": null}, {"pattern": [132], "threshold": null}, {"pattern": [241, 188, 103], "threshold": null}, {"pattern": [132, 30], "threshold": null}, {"pattern": [25, 132], "threshold": null}, {"pattern": [196, 188], "threshold": null}, {"pattern": [16, 212], "threshold": null}, {"pattern": [222, 71], "threshold": null}, {"pattern": [235, 188, 103], "threshold": null}, {"pattern": [16, 134], "threshold": null}, {"pattern": [25, 196], "threshold": null}, {"pattern": [188, 71], "threshold": null}, {"pattern": [81, 173], "threshold": null}, {"pattern": [248, 212, 132], "threshold": null}, {"pattern": [137, 134], "threshold": null}, {"pattern": [188], "threshold": null}, {"pattern": [45], "threshold": null}, {"pattern": [155, 134], "threshold": null}, {"pattern": [56, 204], "threshold": null}, {"pattern": [25], "threshold": null}, {"pattern": [245, 158], "threshold": null}, {"pattern": [202, 13], "threshold": null}, {"pattern": [158], "threshold": null}, {"pattern": [217, 134], "threshold": null}]}]}