{"extra_info": {"version": "fallback_v1", "seed": 16}, "data": [{"config": {"code_name": "[CS CM CC][Len SSize MFit CAtom][GNone]", "population_size": 100, "evaluation_budget": 10000, "cluster_info_file_name": "C:\\Users\\gac8\\PycharmProjects\\PSSearch\\retail_forecasting_data_collection\\data\\cluster_info_250_random.pkl", "use_custom_sampling_operator": true, "use_custom_mutation_operator": true, "use_custom_crossover_operator": true, "use_custom_atomicity": true, "genome_threshold": null, "include_ps_len": true, "include_sample_quantity": true, "include_wasserstein_distance": false, "include_diff_median": false, "include_atomicity": true, "include_p_value": false, "include_mean_fitness": true, "include_variance": false}, "results": [{"pattern": [196, 13], "threshold": null}, {"pattern": [88], "threshold": null}, {"pattern": [65, 167], "threshold": null}, {"pattern": [196], "threshold": null}, {"pattern": [158], "threshold": null}, {"pattern": [237], "threshold": null}, {"pattern": [43, 135], "threshold": null}, {"pattern": [65], "threshold": null}, {"pattern": [13], "threshold": null}, {"pattern": [86], "threshold": null}, {"pattern": [13, 30], "threshold": null}, {"pattern": [25, 215], "threshold": null}, {"pattern": [188], "threshold": null}, {"pattern": [74, 63], "threshold": null}, {"pattern": [33, 74], "threshold": null}, {"pattern": [193, 215], "threshold": null}, {"pattern": [34, 158], "threshold": null}, {"pattern": [16, 37], "threshold": null}, {"pattern": [212], "threshold": null}, {"pattern": [195, 13], "threshold": null}, {"pattern": [241, 215], "threshold": null}, {"pattern": [230], "threshold": null}, {"pattern": [134, 86], "threshold": null}, {"pattern": [25], "threshold": null}, {"pattern": [212, 27, 132], "threshold": null}, {"pattern": [245, 13], "threshold": null}, {"pattern": [90, 146], "threshold": null}, {"pattern": [65, 27], "threshold": null}, {"pattern": [232, 105], "threshold": null}, {"pattern": [54], "threshold": null}, {"pattern": [204, 116], "threshold": null}, {"pattern": [42, 196], "threshold": null}, {"pattern": [244, 158], "threshold": null}, {"pattern": [188, 101], "threshold": null}, {"pattern": [48, 222], "threshold": null}, {"pattern": [249, 101], "threshold": null}, {"pattern": [45], "threshold": null}, {"pattern": [232, 212], "threshold": null}, {"pattern": [95, 63], "threshold": null}, {"pattern": [188, 134], "threshold": null}, {"pattern": [245, 103], "threshold": null}, {"pattern": [103], "threshold": null}, {"pattern": [248, 151], "threshold": null}, {"pattern": [212, 77], "threshold": null}, {"pattern": [25, 30], "threshold": null}, {"pattern": [120], "threshold": null}, {"pattern": [202, 142], "threshold": null}, {"pattern": [18, 205], "threshold": null}, {"pattern": [65, 241], "threshold": null}, {"pattern": [19, 171], "threshold": null}, {"pattern": [188, 132, 86], "threshold": null}, {"pattern": [233, 82], "threshold": null}, {"pattern": [212, 69], "threshold": null}, {"pattern": [49, 63], "threshold": null}, {"pattern": [202, 100], "threshold": null}, {"pattern": [132], "threshold": null}, {"pattern": [81, 235], "threshold": null}, {"pattern": [137, 77], "threshold": null}, {"pattern": [92, 63], "threshold": null}, {"pattern": [16, 215], "threshold": null}, {"pattern": [16, 27], "threshold": null}, {"pattern": [81, 212], "threshold": null}]}, {"config": {"code_name": "[CS CM CC][SSize MFit CAtom][GNone]", "population_size": 100, "evaluation_budget": 10000, "cluster_info_file_name": "C:\\Users\\gac8\\PycharmProjects\\PSSearch\\retail_forecasting_data_collection\\data\\cluster_info_250_random.pkl", "use_custom_sampling_operator": true, "use_custom_mutation_operator": true, "use_custom_crossover_operator": true, "use_custom_atomicity": true, "genome_threshold": null, "include_ps_len": false, "include_sample_quantity": true, "include_wasserstein_distance": false, "include_diff_median": false, "include_atomicity": true, "include_p_value": false, "include_mean_fitness": true, "include_variance": false}, "results": [{"pattern": [88, 90], "threshold": null}, {"pattern": [184, 30], "threshold": null}, {"pattern": [27, 181], "threshold": null}, {"pattern": [19, 221], "threshold": null}, {"pattern": [24, 127], "threshold": null}, {"pattern": [134, 63], "threshold": null}, {"pattern": [188], "threshold": null}, {"pattern": [134, 86], "threshold": null}, {"pattern": [158], "threshold": null}, {"pattern": [212, 190], "threshold": null}, {"pattern": [209, 245], "threshold": null}, {"pattern": [202, 13], "threshold": null}, {"pattern": [61, 158], "threshold": null}, {"pattern": [50, 196], "threshold": null}, {"pattern": [202, 91], "threshold": null}, {"pattern": [248, 134], "threshold": null}, {"pattern": [237], "threshold": null}, {"pattern": [65], "threshold": null}, {"pattern": [215, 167], "threshold": null}, {"pattern": [86], "threshold": null}, {"pattern": [34, 215], "threshold": null}, {"pattern": [88, 27], "threshold": null}, {"pattern": [56, 114], "threshold": null}, {"pattern": [13], "threshold": null}, {"pattern": [88, 215], "threshold": null}, {"pattern": [116, 86], "threshold": null}, {"pattern": [90, 61], "threshold": null}, {"pattern": [244, 13], "threshold": null}, {"pattern": [188, 180], "threshold": null}, {"pattern": [80, 52], "threshold": null}, {"pattern": [90, 139], "threshold": null}, {"pattern": [27, 171], "threshold": null}, {"pattern": [212], "threshold": null}, {"pattern": [27, 212], "threshold": null}, {"pattern": [18, 158], "threshold": null}, {"pattern": [245, 86], "threshold": null}, {"pattern": [81, 173], "threshold": null}, {"pattern": [160, 34], "threshold": null}, {"pattern": [158, 38], "threshold": null}, {"pattern": [196, 237], "threshold": null}, {"pattern": [212, 63], "threshold": null}, {"pattern": [103], "threshold": null}, {"pattern": [212, 13], "threshold": null}, {"pattern": [202, 134], "threshold": null}, {"pattern": [188, 13], "threshold": null}, {"pattern": [241, 103], "threshold": null}, {"pattern": [76, 190], "threshold": null}]}, {"config": {"code_name": "[CS CM CC][Len MFit CAtom][GNone]", "population_size": 100, "evaluation_budget": 10000, "cluster_info_file_name": "C:\\Users\\gac8\\PycharmProjects\\PSSearch\\retail_forecasting_data_collection\\data\\cluster_info_250_random.pkl", "use_custom_sampling_operator": true, "use_custom_mutation_operator": true, "use_custom_crossover_operator": true, "use_custom_atomicity": true, "genome_threshold": null, "include_ps_len": true, "include_sample_quantity": false, "include_wasserstein_distance": false, "include_diff_median": false, "include_atomicity": true, "include_p_value": false, "include_mean_fitness": true, "include_variance": false}, "results": [{"pattern": [237, 13], "threshold": null}, {"pattern": [35, 103], "threshold": null}, {"pattern": [204, 237], "threshold": null}, {"pattern": [16, 157], "threshold": null}, {"pattern": [49, 63], "threshold": null}, {"pattern": [130, 13], "threshold": null}, {"pattern": [249, 43], "threshold": null}, {"pattern": [237, 158], "threshold": null}, {"pattern": [38, 63], "threshold": null}, {"pattern": [211, 134], "threshold": null}, {"pattern": [120], "threshold": null}, {"pattern": [217, 116], "threshold": null}, {"pattern": [80, 52], "threshold": null}]}, {"config": {"code_name": "[CS CM CC][Len SSize CAtom][GNone]", "population_size": 100, "evaluation_budget": 10000, "cluster_info_file_name": "C:\\Users\\gac8\\PycharmProjects\\PSSearch\\retail_forecasting_data_collection\\data\\cluster_info_250_random.pkl", "use_custom_sampling_operator": true, "use_custom_mutation_operator": true, "use_custom_crossover_operator": true, "use_custom_atomicity": true, "genome_threshold": null, "include_ps_len": true, "include_sample_quantity": true, "include_wasserstein_distance": false, "include_diff_median": false, "include_atomicity": true, "include_p_value": false, "include_mean_fitness": false, "include_variance": false}, "results": [{"pattern": [188, 167], "threshold": null}, {"pattern": [249, 43], "threshold": null}, {"pattern": [180, 245], "threshold": null}, {"pattern": [188], "threshold": null}, {"pattern": [212, 158], "threshold": null}, {"pattern": [212, 196], "threshold": null}]}, {"config": {"code_name": "[CS CM CC][Len SSize MFit][GNone]", "population_size": 100, "evaluation_budget": 10000, "cluster_info_file_name": "C:\\Users\\gac8\\PycharmProjects\\PSSearch\\retail_forecasting_data_collection\\data\\cluster_info_250_random.pkl", "use_custom_sampling_operator": true, "use_custom_mutation_operator": true, "use_custom_crossover_operator": true, "use_custom_atomicity": true, "genome_threshold": null, "include_ps_len": true, "include_sample_quantity": true, "include_wasserstein_distance": false, "include_diff_median": false, "include_atomicity": false, "include_p_value": false, "include_mean_fitness": true, "include_variance": false}, "results": [{"pattern": [65], "threshold": null}, {"pattern": [188], "threshold": null}, {"pattern": [196, 61], "threshold": null}, {"pattern": [86], "threshold": null}, {"pattern": [13, 215], "threshold": null}, {"pattern": [54], "threshold": null}, {"pattern": [103], "threshold": null}, {"pattern": [25], "threshold": null}, {"pattern": [196], "threshold": null}, {"pattern": [196, 93], "threshold": null}, {"pattern": [25, 134], "threshold": null}, {"pattern": [196, 103], "threshold": null}, {"pattern": [212], "threshold": null}, {"pattern": [235, 103], "threshold": null}, {"pattern": [13], "threshold": null}, {"pattern": [158], "threshold": null}, {"pattern": [237], "threshold": null}, {"pattern": [132], "threshold": null}, {"pattern": [230], "threshold": null}, {"pattern": [120], "threshold": null}, {"pattern": [134, 87], "threshold": null}, {"pattern": [86, 215], "threshold": null}, {"pattern": [181, 86], "threshold": null}, {"pattern": [88], "threshold": null}, {"pattern": [45], "threshold": null}, {"pattern": [16, 188], "threshold": null}]}, {"config": {"code_name": "[OS CM CC][Len SSize MFit CAtom][GNone]", "population_size": 100, "evaluation_budget": 10000, "cluster_info_file_name": "C:\\Users\\gac8\\PycharmProjects\\PSSearch\\retail_forecasting_data_collection\\data\\cluster_info_250_random.pkl", "use_custom_sampling_operator": false, "use_custom_mutation_operator": true, "use_custom_crossover_operator": true, "use_custom_atomicity": true, "genome_threshold": null, "include_ps_len": true, "include_sample_quantity": true, "include_wasserstein_distance": false, "include_diff_median": false, "include_atomicity": true, "include_p_value": false, "include_mean_fitness": true, "include_variance": false}, "results": [{"pattern": [204, 215], "threshold": null}, {"pattern": [88], "threshold": null}, {"pattern": [232, 235], "threshold": null}, {"pattern": [237], "threshold": null}, {"pattern": [196], "threshold": null}, {"pattern": [88, 215], "threshold": null}, {"pattern": [158], "threshold": null}, {"pattern": [196, 102], "threshold": null}, {"pattern": [90, 180], "threshold": null}, {"pattern": [65], "threshold": null}, {"pattern": [13], "threshold": null}, {"pattern": [86], "threshold": null}, {"pattern": [188, 180], "threshold": null}, {"pattern": [180, 173], "threshold": null}, {"pattern": [188], "threshold": null}, {"pattern": [196, 86], "threshold": null}, {"pattern": [204, 237], "threshold": null}, {"pattern": [212], "threshold": null}, {"pattern": [230], "threshold": null}, {"pattern": [25], "threshold": null}, {"pattern": [61, 190], "threshold": null}, {"pattern": [88, 196], "threshold": null}, {"pattern": [13, 167], "threshold": null}, {"pattern": [196, 237], "threshold": null}, {"pattern": [33, 202], "threshold": null}, {"pattern": [54], "threshold": null}, {"pattern": [25, 245], "threshold": null}, {"pattern": [65, 13], "threshold": null}, {"pattern": [16, 74], "threshold": null}, {"pattern": [212, 4], "threshold": null}, {"pattern": [76, 190], "threshold": null}, {"pattern": [122, 188], "threshold": null}, {"pattern": [45], "threshold": null}, {"pattern": [196, 95], "threshold": null}, {"pattern": [232, 119], "threshold": null}, {"pattern": [103], "threshold": null}, {"pattern": [190, 63], "threshold": null}, {"pattern": [193, 244], "threshold": null}, {"pattern": [120], "threshold": null}, {"pattern": [90, 212], "threshold": null}, {"pattern": [132, 182], "threshold": null}, {"pattern": [116, 158], "threshold": null}, {"pattern": [233, 82], "threshold": null}, {"pattern": [241, 134], "threshold": null}, {"pattern": [132], "threshold": null}, {"pattern": [162, 215], "threshold": null}, {"pattern": [226, 63], "threshold": null}, {"pattern": [196, 188], "threshold": null}]}, {"config": {"code_name": "[CS OM CC][Len SSize MFit CAtom][GNone]", "population_size": 100, "evaluation_budget": 10000, "cluster_info_file_name": "C:\\Users\\gac8\\PycharmProjects\\PSSearch\\retail_forecasting_data_collection\\data\\cluster_info_250_random.pkl", "use_custom_sampling_operator": true, "use_custom_mutation_operator": false, "use_custom_crossover_operator": true, "use_custom_atomicity": true, "genome_threshold": null, "include_ps_len": true, "include_sample_quantity": true, "include_wasserstein_distance": false, "include_diff_median": false, "include_atomicity": true, "include_p_value": false, "include_mean_fitness": true, "include_variance": false}, "results": [{"pattern": [132, 196, 188, 13], "threshold": null}, {"pattern": [225, 244], "threshold": null}, {"pattern": [132, 244, 103], "threshold": null}, {"pattern": [202, 196, 188, 13], "threshold": null}, {"pattern": [158], "threshold": null}, {"pattern": [177, 196], "threshold": null}, {"pattern": [27, 188, 158], "threshold": null}, {"pattern": [196], "threshold": null}, {"pattern": [237], "threshold": null}, {"pattern": [177, 196, 132], "threshold": null}, {"pattern": [171, 188, 158], "threshold": null}, {"pattern": [13], "threshold": null}, {"pattern": [13, 134], "threshold": null}, {"pattern": [162, 13], "threshold": null}, {"pattern": [90, 171, 188, 86], "threshold": null}, {"pattern": [211, 103], "threshold": null}, {"pattern": [188, 13, 103], "threshold": null}, {"pattern": [188, 63], "threshold": null}, {"pattern": [35, 103], "threshold": null}, {"pattern": [188, 63, 215], "threshold": null}, {"pattern": [188], "threshold": null}, {"pattern": [34, 188], "threshold": null}, {"pattern": [34, 158], "threshold": null}, {"pattern": [122, 119], "threshold": null}, {"pattern": [90, 171, 86], "threshold": null}, {"pattern": [27, 188, 63], "threshold": null}, {"pattern": [188, 180, 132, 13], "threshold": null}, {"pattern": [196, 188, 13], "threshold": null}, {"pattern": [188, 215], "threshold": null}, {"pattern": [188, 132, 103], "threshold": null}, {"pattern": [188, 158], "threshold": null}, {"pattern": [177, 13], "threshold": null}, {"pattern": [237, 103], "threshold": null}, {"pattern": [196, 102], "threshold": null}, {"pattern": [188, 182], "threshold": null}, {"pattern": [245, 158], "threshold": null}, {"pattern": [65, 13], "threshold": null}, {"pattern": [90, 188, 215], "threshold": null}, {"pattern": [204, 188, 158], "threshold": null}, {"pattern": [16, 132], "threshold": null}, {"pattern": [181, 103], "threshold": null}, {"pattern": [204, 92], "threshold": null}, {"pattern": [188, 13], "threshold": null}, {"pattern": [90, 158, 188, 86], "threshold": null}, {"pattern": [158, 103], "threshold": null}, {"pattern": [88, 196, 188, 13], "threshold": null}, {"pattern": [188, 13, 134], "threshold": null}, {"pattern": [65, 188, 13], "threshold": null}, {"pattern": [88, 132, 103], "threshold": null}, {"pattern": [196, 188, 13, 103], "threshold": null}, {"pattern": [132, 188, 13], "threshold": null}, {"pattern": [132, 103], "threshold": null}, {"pattern": [103], "threshold": null}, {"pattern": [90, 188, 86], "threshold": null}, {"pattern": [217, 188, 132], "threshold": null}, {"pattern": [188, 132], "threshold": null}, {"pattern": [188, 13, 63], "threshold": null}, {"pattern": [134, 103], "threshold": null}, {"pattern": [193, 196, 215], "threshold": null}, {"pattern": [132, 188, 25], "threshold": null}, {"pattern": [188, 69, 63], "threshold": null}, {"pattern": [188, 103], "threshold": null}, {"pattern": [188, 180, 132], "threshold": null}, {"pattern": [188, 119, 63], "threshold": null}, {"pattern": [88, 27], "threshold": null}, {"pattern": [188, 69], "threshold": null}, {"pattern": [208, 158], "threshold": null}, {"pattern": [34, 188, 38], "threshold": null}]}, {"config": {"code_name": "[CS CM OC][Len SSize MFit CAtom][GNone]", "population_size": 100, "evaluation_budget": 10000, "cluster_info_file_name": "C:\\Users\\gac8\\PycharmProjects\\PSSearch\\retail_forecasting_data_collection\\data\\cluster_info_250_random.pkl", "use_custom_sampling_operator": true, "use_custom_mutation_operator": true, "use_custom_crossover_operator": false, "use_custom_atomicity": true, "genome_threshold": null, "include_ps_len": true, "include_sample_quantity": true, "include_wasserstein_distance": false, "include_diff_median": false, "include_atomicity": true, "include_p_value": false, "include_mean_fitness": true, "include_variance": false}, "results": [{"pattern": [88], "threshold": null}, {"pattern": [237], "threshold": null}, {"pattern": [196], "threshold": null}, {"pattern": [158], "threshold": null}, {"pattern": [188, 92], "threshold": null}, {"pattern": [202, 235], "threshold": null}, {"pattern": [146, 86], "threshold": null}, {"pattern": [65], "threshold": null}, {"pattern": [13], "threshold": null}, {"pattern": [162, 103], "threshold": null}, {"pattern": [86], "threshold": null}, {"pattern": [137, 134], "threshold": null}, {"pattern": [13, 181], "threshold": null}, {"pattern": [188], "threshold": null}, {"pattern": [119, 87], "threshold": null}, {"pattern": [16, 34], "threshold": null}, {"pattern": [212], "threshold": null}, {"pattern": [88, 188], "threshold": null}, {"pattern": [158, 63], "threshold": null}, {"pattern": [230], "threshold": null}, {"pattern": [132, 28], "threshold": null}, {"pattern": [25], "threshold": null}, {"pattern": [188, 157], "threshold": null}, {"pattern": [42, 245], "threshold": null}, {"pattern": [188, 221], "threshold": null}, {"pattern": [16, 13], "threshold": null}, {"pattern": [54], "threshold": null}, {"pattern": [74, 103], "threshold": null}, {"pattern": [188, 205], "threshold": null}, {"pattern": [184, 30], "threshold": null}, {"pattern": [248, 52], "threshold": null}, {"pattern": [16, 188], "threshold": null}, {"pattern": [45], "threshold": null}, {"pattern": [25, 116], "threshold": null}, {"pattern": [103], "threshold": null}, {"pattern": [212, 188], "threshold": null}, {"pattern": [224, 132], "threshold": null}, {"pattern": [61, 158], "threshold": null}, {"pattern": [120], "threshold": null}, {"pattern": [215, 103], "threshold": null}, {"pattern": [34, 27], "threshold": null}, {"pattern": [90, 158], "threshold": null}, {"pattern": [226, 212], "threshold": null}, {"pattern": [232, 87], "threshold": null}, {"pattern": [132], "threshold": null}, {"pattern": [27, 103], "threshold": null}, {"pattern": [65, 162], "threshold": null}, {"pattern": [50, 134], "threshold": null}, {"pattern": [232, 134], "threshold": null}]}]}