{"extra_info": {"version": "fallback_v1", "seed": 29}, "data": [{"config": {"code_name": "[CS CM CC][Len SSize MFit CAtom][GNone]", "population_size": 100, "evaluation_budget": 10000, "cluster_info_file_name": "C:\\Users\\gac8\\PycharmProjects\\PSSearch\\retail_forecasting_data_collection\\data\\cluster_info_250_random.pkl", "use_custom_sampling_operator": true, "use_custom_mutation_operator": true, "use_custom_crossover_operator": true, "use_custom_atomicity": true, "genome_threshold": null, "include_ps_len": true, "include_sample_quantity": true, "include_wasserstein_distance": false, "include_diff_median": false, "include_atomicity": true, "include_p_value": false, "include_mean_fitness": true, "include_variance": false}, "results": [{"pattern": [88, 86], "threshold": null}, {"pattern": [16, 134], "threshold": null}, {"pattern": [61, 134], "threshold": null}, {"pattern": [35, 116], "threshold": null}, {"pattern": [132, 55], "threshold": null}, {"pattern": [16, 232], "threshold": null}, {"pattern": [215, 13, 63], "threshold": null}, {"pattern": [212, 245], "threshold": null}, {"pattern": [50, 245], "threshold": null}, {"pattern": [230], "threshold": null}, {"pattern": [25], "threshold": null}, {"pattern": [193, 180], "threshold": null}, {"pattern": [184, 30], "threshold": null}, {"pattern": [103], "threshold": null}, {"pattern": [93, 103], "threshold": null}, {"pattern": [188, 158], "threshold": null}, {"pattern": [54], "threshold": null}, {"pattern": [164, 215], "threshold": null}, {"pattern": [132, 13], "threshold": null}, {"pattern": [132], "threshold": null}, {"pattern": [184, 61], "threshold": null}, {"pattern": [248, 151], "threshold": null}, {"pattern": [86, 103], "threshold": null}, {"pattern": [193, 13], "threshold": null}, {"pattern": [188], "threshold": null}, {"pattern": [212], "threshold": null}, {"pattern": [16, 157], "threshold": null}, {"pattern": [180, 103], "threshold": null}, {"pattern": [215, 55], "threshold": null}, {"pattern": [88], "threshold": null}, {"pattern": [180, 134], "threshold": null}, {"pattern": [146, 101], "threshold": null}, {"pattern": [237, 134], "threshold": null}, {"pattern": [158], "threshold": null}, {"pattern": [211, 103], "threshold": null}, {"pattern": [27, 103], "threshold": null}, {"pattern": [186, 196], "threshold": null}, {"pattern": [50, 188], "threshold": null}, {"pattern": [27, 171], "threshold": null}, {"pattern": [134, 30], "threshold": null}, {"pattern": [196], "threshold": null}, {"pattern": [120], "threshold": null}, {"pattern": [86], "threshold": null}, {"pattern": [16, 212], "threshold": null}, {"pattern": [61, 190], "threshold": null}, {"pattern": [116, 167], "threshold": null}, {"pattern": [137, 63], "threshold": null}, {"pattern": [13], "threshold": null}, {"pattern": [248, 212], "threshold": null}, {"pattern": [81, 235], "threshold": null}, {"pattern": [184, 63], "threshold": null}, {"pattern": [237], "threshold": null}, {"pattern": [146, 195], "threshold": null}, {"pattern": [245, 190], "threshold": null}, {"pattern": [45], "threshold": null}, {"pattern": [65], "threshold": null}, {"pattern": [65, 38], "threshold": null}]}, {"config": {"code_name": "[CS CM CC][SSize MFit CAtom][GNone]", "population_size": 100, "evaluation_budget": 10000, "cluster_info_file_name": "C:\\Users\\gac8\\PycharmProjects\\PSSearch\\retail_forecasting_data_collection\\data\\cluster_info_250_random.pkl", "use_custom_sampling_operator": true, "use_custom_mutation_operator": true, "use_custom_crossover_operator": true, "use_custom_atomicity": true, "genome_threshold": null, "include_ps_len": false, "include_sample_quantity": true, "include_wasserstein_distance": false, "include_diff_median": false, "include_atomicity": true, "include_p_value": false, "include_mean_fitness": true, "include_variance": false}, "results": [{"pattern": [188, 87], "threshold": null}, {"pattern": [16, 167], "threshold": null}, {"pattern": [103], "threshold": null}, {"pattern": [132, 158], "threshold": null}, {"pattern": [212], "threshold": null}, {"pattern": [188], "threshold": null}, {"pattern": [217, 202], "threshold": null}, {"pattern": [188, 165], "threshold": null}, {"pattern": [93, 13], "threshold": null}, {"pattern": [202, 180], "threshold": null}, {"pattern": [224, 180], "threshold": null}, {"pattern": [13], "threshold": null}, {"pattern": [158], "threshold": null}, {"pattern": [132, 30], "threshold": null}, {"pattern": [204, 119], "threshold": null}, {"pattern": [132, 69], "threshold": null}, {"pattern": [157, 134], "threshold": null}, {"pattern": [139, 158], "threshold": null}, {"pattern": [134, 55], "threshold": null}, {"pattern": [202, 91], "threshold": null}, {"pattern": [188, 101], "threshold": null}, {"pattern": [204, 92], "threshold": null}, {"pattern": [25], "threshold": null}, {"pattern": [132], "threshold": null}, {"pattern": [65], "threshold": null}, {"pattern": [211, 188], "threshold": null}, {"pattern": [184, 30], "threshold": null}, {"pattern": [49, 188], "threshold": null}, {"pattern": [87, 63], "threshold": null}, {"pattern": [212, 38], "threshold": null}, {"pattern": [188, 158], "threshold": null}, {"pattern": [196, 181], "threshold": null}, {"pattern": [90, 134], "threshold": null}, {"pattern": [42, 188], "threshold": null}, {"pattern": [196, 63], "threshold": null}, {"pattern": [139, 134], "threshold": null}, {"pattern": [196], "threshold": null}, {"pattern": [34, 188, 132], "threshold": null}, {"pattern": [90, 27], "threshold": null}, {"pattern": [16, 215], "threshold": null}, {"pattern": [82, 212], "threshold": null}, {"pattern": [38, 63], "threshold": null}, {"pattern": [232, 188], "threshold": null}, {"pattern": [134, 38], "threshold": null}, {"pattern": [38, 87], "threshold": null}, {"pattern": [86], "threshold": null}]}, {"config": {"code_name": "[CS CM CC][Len MFit CAtom][GNone]", "population_size": 100, "evaluation_budget": 10000, "cluster_info_file_name": "C:\\Users\\gac8\\PycharmProjects\\PSSearch\\retail_forecasting_data_collection\\data\\cluster_info_250_random.pkl", "use_custom_sampling_operator": true, "use_custom_mutation_operator": true, "use_custom_crossover_operator": true, "use_custom_atomicity": true, "genome_threshold": null, "include_ps_len": true, "include_sample_quantity": false, "include_wasserstein_distance": false, "include_diff_median": false, "include_atomicity": true, "include_p_value": false, "include_mean_fitness": true, "include_variance": false}, "results": [{"pattern": [35, 235], "threshold": null}, {"pattern": [17, 30], "threshold": null}, {"pattern": [249, 146], "threshold": null}, {"pattern": [132, 237], "threshold": null}, {"pattern": [202, 68], "threshold": null}, {"pattern": [188, 116, 197], "threshold": null}, {"pattern": [25, 221], "threshold": null}, {"pattern": [120], "threshold": null}, {"pattern": [184, 30], "threshold": null}]}, {"config": {"code_name": "[CS CM CC][Len SSize CAtom][GNone]", "population_size": 100, "evaluation_budget": 10000, "cluster_info_file_name": "C:\\Users\\gac8\\PycharmProjects\\PSSearch\\retail_forecasting_data_collection\\data\\cluster_info_250_random.pkl", "use_custom_sampling_operator": true, "use_custom_mutation_operator": true, "use_custom_crossover_operator": true, "use_custom_atomicity": true, "genome_threshold": null, "include_ps_len": true, "include_sample_quantity": true, "include_wasserstein_distance": false, "include_diff_median": false, "include_atomicity": true, "include_p_value": false, "include_mean_fitness": false, "include_variance": false}, "results": [{"pattern": [132, 86], "threshold": null}, {"pattern": [50, 188], "threshold": null}, {"pattern": [188], "threshold": null}, {"pattern": [16, 116], "threshold": null}, {"pattern": [56, 246], "threshold": null}, {"pattern": [212, 245], "threshold": null}]}, {"config": {"code_name": "[CS CM CC][Len SSize MFit][GNone]", "population_size": 100, "evaluation_budget": 10000, "cluster_info_file_name": "C:\\Users\\gac8\\PycharmProjects\\PSSearch\\retail_forecasting_data_collection\\data\\cluster_info_250_random.pkl", "use_custom_sampling_operator": true, "use_custom_mutation_operator": true, "use_custom_crossover_operator": true, "use_custom_atomicity": true, "genome_threshold": null, "include_ps_len": true, "include_sample_quantity": true, "include_wasserstein_distance": false, "include_diff_median": false, "include_atomicity": false, "include_p_value": false, "include_mean_fitness": true, "include_variance": false}, "results": [{"pattern": [188], "threshold": null}, {"pattern": [54], "threshold": null}, {"pattern": [217, 212], "threshold": null}, {"pattern": [196, 116], "threshold": null}, {"pattern": [171, 180], "threshold": null}, {"pattern": [88], "threshold": null}, {"pattern": [158], "threshold": null}, {"pattern": [212], "threshold": null}, {"pattern": [25, 134], "threshold": null}, {"pattern": [103], "threshold": null}, {"pattern": [188, 132], "threshold": null}, {"pattern": [212, 180], "threshold": null}, {"pattern": [196], "threshold": null}, {"pattern": [177, 13], "threshold": null}, {"pattern": [86], "threshold": null}, {"pattern": [237], "threshold": null}, {"pattern": [212, 93], "threshold": null}, {"pattern": [230], "threshold": null}, {"pattern": [132, 237], "threshold": null}, {"pattern": [88, 237], "threshold": null}, {"pattern": [45], "threshold": null}, {"pattern": [132], "threshold": null}, {"pattern": [120], "threshold": null}, {"pattern": [13], "threshold": null}, {"pattern": [65], "threshold": null}, {"pattern": [25], "threshold": null}]}, {"config": {"code_name": "[OS CM CC][Len SSize MFit CAtom][GNone]", "population_size": 100, "evaluation_budget": 10000, "cluster_info_file_name": "C:\\Users\\gac8\\PycharmProjects\\PSSearch\\retail_forecasting_data_collection\\data\\cluster_info_250_random.pkl", "use_custom_sampling_operator": false, "use_custom_mutation_operator": true, "use_custom_crossover_operator": true, "use_custom_atomicity": true, "genome_threshold": null, "include_ps_len": true, "include_sample_quantity": true, "include_wasserstein_distance": false, "include_diff_median": false, "include_atomicity": true, "include_p_value": false, "include_mean_fitness": true, "include_variance": false}, "results": [{"pattern": [232, 132], "threshold": null}, {"pattern": [35, 52], "threshold": null}, {"pattern": [180, 244], "threshold": null}, {"pattern": [193, 90], "threshold": null}, {"pattern": [204, 116], "threshold": null}, {"pattern": [82, 77], "threshold": null}, {"pattern": [224, 193], "threshold": null}, {"pattern": [139, 116], "threshold": null}, {"pattern": [146, 149], "threshold": null}, {"pattern": [201, 132], "threshold": null}, {"pattern": [230], "threshold": null}, {"pattern": [25], "threshold": null}, {"pattern": [103], "threshold": null}, {"pattern": [54], "threshold": null}, {"pattern": [132, 87], "threshold": null}, {"pattern": [132], "threshold": null}, {"pattern": [27, 222], "threshold": null}, {"pattern": [217, 116], "threshold": null}, {"pattern": [193, 13], "threshold": null}, {"pattern": [188], "threshold": null}, {"pattern": [212], "threshold": null}, {"pattern": [220, 101], "threshold": null}, {"pattern": [88], "threshold": null}, {"pattern": [16, 132], "threshold": null}, {"pattern": [162, 13], "threshold": null}, {"pattern": [237, 63], "threshold": null}, {"pattern": [158], "threshold": null}, {"pattern": [82, 109], "threshold": null}, {"pattern": [188, 63], "threshold": null}, {"pattern": [195, 239], "threshold": null}, {"pattern": [248, 26], "threshold": null}, {"pattern": [49, 215], "threshold": null}, {"pattern": [196], "threshold": null}, {"pattern": [120], "threshold": null}, {"pattern": [43, 135], "threshold": null}, {"pattern": [86], "threshold": null}, {"pattern": [49, 74], "threshold": null}, {"pattern": [193, 215], "threshold": null}, {"pattern": [35, 235], "threshold": null}, {"pattern": [13], "threshold": null}, {"pattern": [202, 171], "threshold": null}, {"pattern": [52, 215], "threshold": null}, {"pattern": [88, 103], "threshold": null}, {"pattern": [237], "threshold": null}, {"pattern": [16, 202], "threshold": null}, {"pattern": [235, 204], "threshold": null}, {"pattern": [27, 134], "threshold": null}, {"pattern": [24, 188], "threshold": null}, {"pattern": [42, 67], "threshold": null}, {"pattern": [45], "threshold": null}, {"pattern": [212, 164], "threshold": null}, {"pattern": [65], "threshold": null}, {"pattern": [65, 158], "threshold": null}]}, {"config": {"code_name": "[CS OM CC][Len SSize MFit CAtom][GNone]", "population_size": 100, "evaluation_budget": 10000, "cluster_info_file_name": "C:\\Users\\gac8\\PycharmProjects\\PSSearch\\retail_forecasting_data_collection\\data\\cluster_info_250_random.pkl", "use_custom_sampling_operator": true, "use_custom_mutation_operator": false, "use_custom_crossover_operator": true, "use_custom_atomicity": true, "genome_threshold": null, "include_ps_len": true, "include_sample_quantity": true, "include_wasserstein_distance": false, "include_diff_median": false, "include_atomicity": true, "include_p_value": false, "include_mean_fitness": true, "include_variance": false}, "results": [{"pattern": [132, 212], "threshold": null}, {"pattern": [212, 158], "threshold": null}, {"pattern": [164, 37], "threshold": null}, {"pattern": [212, 237], "threshold": null}, {"pattern": [188, 132], "threshold": null}, {"pattern": [68, 215], "threshold": null}, {"pattern": [88, 215], "threshold": null}, {"pattern": [188, 212, 132], "threshold": null}, {"pattern": [188, 132, 134], "threshold": null}, {"pattern": [248, 215], "threshold": null}, {"pattern": [202, 188, 212], "threshold": null}, {"pattern": [132, 212, 134], "threshold": null}, {"pattern": [25], "threshold": null}, {"pattern": [235, 215], "threshold": null}, {"pattern": [241, 212, 158], "threshold": null}, {"pattern": [25, 188, 132], "threshold": null}, {"pattern": [177, 212, 215], "threshold": null}, {"pattern": [212, 38], "threshold": null}, {"pattern": [137, 212], "threshold": null}, {"pattern": [158, 215], "threshold": null}, {"pattern": [102, 215], "threshold": null}, {"pattern": [132, 180, 212], "threshold": null}, {"pattern": [217, 215], "threshold": null}, {"pattern": [188, 158, 215], "threshold": null}, {"pattern": [212], "threshold": null}, {"pattern": [53, 215], "threshold": null}, {"pattern": [212, 215], "threshold": null}, {"pattern": [212, 103, 215], "threshold": null}, {"pattern": [34, 212, 188, 63], "threshold": null}, {"pattern": [241, 167], "threshold": null}, {"pattern": [16, 132, 212, 188], "threshold": null}, {"pattern": [212, 221, 215], "threshold": null}, {"pattern": [90, 212, 158], "threshold": null}, {"pattern": [202, 188, 212, 132], "threshold": null}, {"pattern": [188, 196, 132], "threshold": null}, {"pattern": [195, 239], "threshold": null}, {"pattern": [16, 188, 212, 158], "threshold": null}, {"pattern": [217], "threshold": null}, {"pattern": [80, 52], "threshold": null}, {"pattern": [188, 132, 134, 103], "threshold": null}, {"pattern": [235, 212, 215], "threshold": null}, {"pattern": [212, 158, 103], "threshold": null}, {"pattern": [212, 188, 63], "threshold": null}, {"pattern": [16, 188, 132], "threshold": null}, {"pattern": [188, 212, 158], "threshold": null}, {"pattern": [155, 212], "threshold": null}, {"pattern": [16, 212], "threshold": null}, {"pattern": [212, 93], "threshold": null}, {"pattern": [65, 25], "threshold": null}, {"pattern": [16, 212, 158], "threshold": null}, {"pattern": [213, 215], "threshold": null}, {"pattern": [190, 215], "threshold": null}, {"pattern": [188, 212, 132, 90], "threshold": null}, {"pattern": [177, 162], "threshold": null}, {"pattern": [164], "threshold": null}, {"pattern": [91, 212, 158], "threshold": null}, {"pattern": [65, 188, 196, 132], "threshold": null}, {"pattern": [188, 212, 38], "threshold": null}, {"pattern": [201, 195], "threshold": null}, {"pattern": [97, 195], "threshold": null}, {"pattern": [215], "threshold": null}]}, {"config": {"code_name": "[CS CM OC][Len SSize MFit CAtom][GNone]", "population_size": 100, "evaluation_budget": 10000, "cluster_info_file_name": "C:\\Users\\gac8\\PycharmProjects\\PSSearch\\retail_forecasting_data_collection\\data\\cluster_info_250_random.pkl", "use_custom_sampling_operator": true, "use_custom_mutation_operator": true, "use_custom_crossover_operator": false, "use_custom_atomicity": true, "genome_threshold": null, "include_ps_len": true, "include_sample_quantity": true, "include_wasserstein_distance": false, "include_diff_median": false, "include_atomicity": true, "include_p_value": false, "include_mean_fitness": true, "include_variance": false}, "results": [{"pattern": [193, 90], "threshold": null}, {"pattern": [171, 13], "threshold": null}, {"pattern": [188, 101], "threshold": null}, {"pattern": [204, 158], "threshold": null}, {"pattern": [167, 188, 103], "threshold": null}, {"pattern": [65, 211], "threshold": null}, {"pattern": [25], "threshold": null}, {"pattern": [230], "threshold": null}, {"pattern": [190, 134], "threshold": null}, {"pattern": [103], "threshold": null}, {"pattern": [54], "threshold": null}, {"pattern": [132], "threshold": null}, {"pattern": [248, 151], "threshold": null}, {"pattern": [196, 63], "threshold": null}, {"pattern": [217, 215], "threshold": null}, {"pattern": [56, 246], "threshold": null}, {"pattern": [193, 212], "threshold": null}, {"pattern": [188], "threshold": null}, {"pattern": [212], "threshold": null}, {"pattern": [4, 63], "threshold": null}, {"pattern": [142, 47], "threshold": null}, {"pattern": [87, 63], "threshold": null}, {"pattern": [88], "threshold": null}, {"pattern": [157, 173], "threshold": null}, {"pattern": [158], "threshold": null}, {"pattern": [196, 221], "threshold": null}, {"pattern": [90, 158], "threshold": null}, {"pattern": [196], "threshold": null}, {"pattern": [120], "threshold": null}, {"pattern": [86], "threshold": null}, {"pattern": [13], "threshold": null}, {"pattern": [132, 158], "threshold": null}, {"pattern": [190, 158], "threshold": null}, {"pattern": [81, 132], "threshold": null}, {"pattern": [204, 119], "threshold": null}, {"pattern": [237], "threshold": null}, {"pattern": [173, 158], "threshold": null}, {"pattern": [132, 190], "threshold": null}, {"pattern": [248, 158], "threshold": null}, {"pattern": [177, 132], "threshold": null}, {"pattern": [241, 132], "threshold": null}, {"pattern": [76, 173], "threshold": null}, {"pattern": [43, 101], "threshold": null}, {"pattern": [217, 86], "threshold": null}, {"pattern": [180, 173], "threshold": null}, {"pattern": [45], "threshold": null}, {"pattern": [212, 164], "threshold": null}, {"pattern": [65], "threshold": null}, {"pattern": [65, 158], "threshold": null}]}]}