{"extra_info": {"version": "fallback_v1", "seed": 74}, "data": [{"config": {"code_name": "[CS CM CC][Len SSize MFit CAtom][GNone]", "population_size": 100, "evaluation_budget": 10000, "cluster_info_file_name": "C:\\Users\\gac8\\PycharmProjects\\PSSearch\\retail_forecasting_data_collection\\data\\cluster_info_250_random.pkl", "use_custom_sampling_operator": true, "use_custom_mutation_operator": true, "use_custom_crossover_operator": true, "use_custom_atomicity": true, "genome_threshold": null, "include_ps_len": true, "include_sample_quantity": true, "include_wasserstein_distance": false, "include_diff_median": false, "include_atomicity": true, "include_p_value": false, "include_mean_fitness": true, "include_variance": false}, "results": [{"pattern": [237], "threshold": null}, {"pattern": [19, 196], "threshold": null}, {"pattern": [137, 63], "threshold": null}, {"pattern": [13, 86], "threshold": null}, {"pattern": [34, 4], "threshold": null}, {"pattern": [212, 244], "threshold": null}, {"pattern": [196], "threshold": null}, {"pattern": [101, 62], "threshold": null}, {"pattern": [230], "threshold": null}, {"pattern": [158], "threshold": null}, {"pattern": [177, 244], "threshold": null}, {"pattern": [61, 158], "threshold": null}, {"pattern": [171, 151], "threshold": null}, {"pattern": [120], "threshold": null}, {"pattern": [155, 38], "threshold": null}, {"pattern": [212, 215], "threshold": null}, {"pattern": [88], "threshold": null}, {"pattern": [25, 134], "threshold": null}, {"pattern": [158, 167], "threshold": null}, {"pattern": [212, 77], "threshold": null}, {"pattern": [56, 38], "threshold": null}, {"pattern": [13, 239], "threshold": null}, {"pattern": [65], "threshold": null}, {"pattern": [93, 215], "threshold": null}, {"pattern": [25], "threshold": null}, {"pattern": [13], "threshold": null}, {"pattern": [188], "threshold": null}, {"pattern": [202, 103], "threshold": null}, {"pattern": [162, 215], "threshold": null}, {"pattern": [248, 90], "threshold": null}, {"pattern": [86], "threshold": null}, {"pattern": [54], "threshold": null}, {"pattern": [103], "threshold": null}, {"pattern": [50, 13], "threshold": null}, {"pattern": [91, 212], "threshold": null}, {"pattern": [50, 47], "threshold": null}, {"pattern": [132], "threshold": null}, {"pattern": [212], "threshold": null}, {"pattern": [45], "threshold": null}, {"pattern": [195, 13], "threshold": null}, {"pattern": [217, 158], "threshold": null}, {"pattern": [248, 158], "threshold": null}, {"pattern": [224, 81], "threshold": null}, {"pattern": [65, 212], "threshold": null}, {"pattern": [65, 188, 103], "threshold": null}, {"pattern": [26, 196], "threshold": null}, {"pattern": [241, 158], "threshold": null}, {"pattern": [164, 132], "threshold": null}, {"pattern": [248, 103], "threshold": null}, {"pattern": [208, 171], "threshold": null}, {"pattern": [50, 92], "threshold": null}, {"pattern": [13, 103], "threshold": null}]}, {"config": {"code_name": "[CS CM CC][SSize MFit CAtom][GNone]", "population_size": 100, "evaluation_budget": 10000, "cluster_info_file_name": "C:\\Users\\gac8\\PycharmProjects\\PSSearch\\retail_forecasting_data_collection\\data\\cluster_info_250_random.pkl", "use_custom_sampling_operator": true, "use_custom_mutation_operator": true, "use_custom_crossover_operator": true, "use_custom_atomicity": true, "genome_threshold": null, "include_ps_len": false, "include_sample_quantity": true, "include_wasserstein_distance": false, "include_diff_median": false, "include_atomicity": true, "include_p_value": false, "include_mean_fitness": true, "include_variance": false}, "results": [{"pattern": [49, 74], "threshold": null}, {"pattern": [132], "threshold": null}, {"pattern": [25, 30], "threshold": null}, {"pattern": [27, 244], "threshold": null}, {"pattern": [196], "threshold": null}, {"pattern": [53, 158], "threshold": null}, {"pattern": [192, 101], "threshold": null}, {"pattern": [233, 37], "threshold": null}, {"pattern": [188], "threshold": null}, {"pattern": [16, 202], "threshold": null}, {"pattern": [86], "threshold": null}, {"pattern": [158, 134], "threshold": null}, {"pattern": [212, 204], "threshold": null}, {"pattern": [61, 173], "threshold": null}, {"pattern": [18, 205], "threshold": null}, {"pattern": [188, 28], "threshold": null}, {"pattern": [13], "threshold": null}, {"pattern": [217, 103], "threshold": null}, {"pattern": [132, 102], "threshold": null}, {"pattern": [241, 63], "threshold": null}, {"pattern": [171, 196], "threshold": null}, {"pattern": [208, 171], "threshold": null}, {"pattern": [134, 87], "threshold": null}, {"pattern": [158], "threshold": null}, {"pattern": [171, 13], "threshold": null}, {"pattern": [235, 215], "threshold": null}, {"pattern": [202, 132], "threshold": null}, {"pattern": [19, 221], "threshold": null}, {"pattern": [164, 158], "threshold": null}, {"pattern": [103], "threshold": null}, {"pattern": [212, 215], "threshold": null}, {"pattern": [188, 38, 87], "threshold": null}, {"pattern": [212, 196], "threshold": null}, {"pattern": [27, 221], "threshold": null}, {"pattern": [212, 103], "threshold": null}, {"pattern": [248, 52], "threshold": null}, {"pattern": [69, 157], "threshold": null}, {"pattern": [212, 69], "threshold": null}, {"pattern": [218, 11], "threshold": null}, {"pattern": [180, 244], "threshold": null}, {"pattern": [184, 87], "threshold": null}, {"pattern": [177, 180], "threshold": null}, {"pattern": [25, 13], "threshold": null}, {"pattern": [212], "threshold": null}, {"pattern": [212, 77], "threshold": null}, {"pattern": [208, 158], "threshold": null}, {"pattern": [65], "threshold": null}]}, {"config": {"code_name": "[CS CM CC][Len MFit CAtom][GNone]", "population_size": 100, "evaluation_budget": 10000, "cluster_info_file_name": "C:\\Users\\gac8\\PycharmProjects\\PSSearch\\retail_forecasting_data_collection\\data\\cluster_info_250_random.pkl", "use_custom_sampling_operator": true, "use_custom_mutation_operator": true, "use_custom_crossover_operator": true, "use_custom_atomicity": true, "genome_threshold": null, "include_ps_len": true, "include_sample_quantity": false, "include_wasserstein_distance": false, "include_diff_median": false, "include_atomicity": true, "include_p_value": false, "include_mean_fitness": true, "include_variance": false}, "results": [{"pattern": [249, 239], "threshold": null}, {"pattern": [90, 237], "threshold": null}, {"pattern": [132, 102], "threshold": null}, {"pattern": [88, 34], "threshold": null}, {"pattern": [120], "threshold": null}, {"pattern": [155, 38], "threshold": null}, {"pattern": [217, 116], "threshold": null}, {"pattern": [217, 63], "threshold": null}]}, {"config": {"code_name": "[CS CM CC][Len SSize CAtom][GNone]", "population_size": 100, "evaluation_budget": 10000, "cluster_info_file_name": "C:\\Users\\gac8\\PycharmProjects\\PSSearch\\retail_forecasting_data_collection\\data\\cluster_info_250_random.pkl", "use_custom_sampling_operator": true, "use_custom_mutation_operator": true, "use_custom_crossover_operator": true, "use_custom_atomicity": true, "genome_threshold": null, "include_ps_len": true, "include_sample_quantity": true, "include_wasserstein_distance": false, "include_diff_median": false, "include_atomicity": true, "include_p_value": false, "include_mean_fitness": false, "include_variance": false}, "results": [{"pattern": [188], "threshold": null}, {"pattern": [249, 146], "threshold": null}, {"pattern": [196, 215], "threshold": null}, {"pattern": [188, 215], "threshold": null}]}, {"config": {"code_name": "[CS CM CC][Len SSize MFit][GNone]", "population_size": 100, "evaluation_budget": 10000, "cluster_info_file_name": "C:\\Users\\gac8\\PycharmProjects\\PSSearch\\retail_forecasting_data_collection\\data\\cluster_info_250_random.pkl", "use_custom_sampling_operator": true, "use_custom_mutation_operator": true, "use_custom_crossover_operator": true, "use_custom_atomicity": true, "genome_threshold": null, "include_ps_len": true, "include_sample_quantity": true, "include_wasserstein_distance": false, "include_diff_median": false, "include_atomicity": false, "include_p_value": false, "include_mean_fitness": true, "include_variance": false}, "results": [{"pattern": [132], "threshold": null}, {"pattern": [181, 103], "threshold": null}, {"pattern": [86], "threshold": null}, {"pattern": [196], "threshold": null}, {"pattern": [237], "threshold": null}, {"pattern": [45], "threshold": null}, {"pattern": [158, 134], "threshold": null}, {"pattern": [16, 212], "threshold": null}, {"pattern": [65, 90, 158], "threshold": null}, {"pattern": [188], "threshold": null}, {"pattern": [65], "threshold": null}, {"pattern": [90, 116], "threshold": null}, {"pattern": [120], "threshold": null}, {"pattern": [88], "threshold": null}, {"pattern": [188, 134], "threshold": null}, {"pattern": [90, 86], "threshold": null}, {"pattern": [212], "threshold": null}, {"pattern": [196, 103], "threshold": null}, {"pattern": [237, 63], "threshold": null}, {"pattern": [13], "threshold": null}, {"pattern": [54], "threshold": null}, {"pattern": [25], "threshold": null}, {"pattern": [230], "threshold": null}, {"pattern": [196, 61], "threshold": null}, {"pattern": [88, 202], "threshold": null}, {"pattern": [103], "threshold": null}, {"pattern": [208, 212, 13], "threshold": null}, {"pattern": [212, 134], "threshold": null}, {"pattern": [158], "threshold": null}, {"pattern": [196, 13], "threshold": null}, {"pattern": [88, 248], "threshold": null}, {"pattern": [65, 211], "threshold": null}]}, {"config": {"code_name": "[OS CM CC][Len SSize MFit CAtom][GNone]", "population_size": 100, "evaluation_budget": 10000, "cluster_info_file_name": "C:\\Users\\gac8\\PycharmProjects\\PSSearch\\retail_forecasting_data_collection\\data\\cluster_info_250_random.pkl", "use_custom_sampling_operator": false, "use_custom_mutation_operator": true, "use_custom_crossover_operator": true, "use_custom_atomicity": true, "genome_threshold": null, "include_ps_len": true, "include_sample_quantity": true, "include_wasserstein_distance": false, "include_diff_median": false, "include_atomicity": true, "include_p_value": false, "include_mean_fitness": true, "include_variance": false}, "results": [{"pattern": [34, 180], "threshold": null}, {"pattern": [237], "threshold": null}, {"pattern": [146, 101], "threshold": null}, {"pattern": [38, 87], "threshold": null}, {"pattern": [232, 25], "threshold": null}, {"pattern": [147, 158], "threshold": null}, {"pattern": [17, 30], "threshold": null}, {"pattern": [16, 235], "threshold": null}, {"pattern": [196], "threshold": null}, {"pattern": [230], "threshold": null}, {"pattern": [158], "threshold": null}, {"pattern": [120], "threshold": null}, {"pattern": [245, 167], "threshold": null}, {"pattern": [38, 119], "threshold": null}, {"pattern": [146, 13], "threshold": null}, {"pattern": [88], "threshold": null}, {"pattern": [27, 221], "threshold": null}, {"pattern": [196, 53], "threshold": null}, {"pattern": [65], "threshold": null}, {"pattern": [116, 63], "threshold": null}, {"pattern": [53, 103], "threshold": null}, {"pattern": [25], "threshold": null}, {"pattern": [49, 77], "threshold": null}, {"pattern": [132, 86], "threshold": null}, {"pattern": [171, 158], "threshold": null}, {"pattern": [13], "threshold": null}, {"pattern": [188], "threshold": null}, {"pattern": [169, 63], "threshold": null}, {"pattern": [16, 180], "threshold": null}, {"pattern": [190, 87], "threshold": null}, {"pattern": [86], "threshold": null}, {"pattern": [54], "threshold": null}, {"pattern": [103], "threshold": null}, {"pattern": [167, 63], "threshold": null}, {"pattern": [177, 212], "threshold": null}, {"pattern": [90, 235], "threshold": null}, {"pattern": [157, 158], "threshold": null}, {"pattern": [87, 63], "threshold": null}, {"pattern": [16, 158], "threshold": null}, {"pattern": [38, 63], "threshold": null}, {"pattern": [50, 134], "threshold": null}, {"pattern": [65, 215], "threshold": null}, {"pattern": [132], "threshold": null}, {"pattern": [212], "threshold": null}, {"pattern": [65, 188], "threshold": null}, {"pattern": [45], "threshold": null}, {"pattern": [190, 134], "threshold": null}, {"pattern": [105, 119], "threshold": null}, {"pattern": [116, 245], "threshold": null}, {"pattern": [34, 63], "threshold": null}, {"pattern": [164, 132], "threshold": null}, {"pattern": [81, 235], "threshold": null}, {"pattern": [137, 196], "threshold": null}]}, {"config": {"code_name": "[CS OM CC][Len SSize MFit CAtom][GNone]", "population_size": 100, "evaluation_budget": 10000, "cluster_info_file_name": "C:\\Users\\gac8\\PycharmProjects\\PSSearch\\retail_forecasting_data_collection\\data\\cluster_info_250_random.pkl", "use_custom_sampling_operator": true, "use_custom_mutation_operator": false, "use_custom_crossover_operator": true, "use_custom_atomicity": true, "genome_threshold": null, "include_ps_len": true, "include_sample_quantity": true, "include_wasserstein_distance": false, "include_diff_median": false, "include_atomicity": true, "include_p_value": false, "include_mean_fitness": true, "include_variance": false}, "results": [{"pattern": [202, 221], "threshold": null}, {"pattern": [248, 226], "threshold": null}, {"pattern": [212, 4], "threshold": null}, {"pattern": [132, 180], "threshold": null}, {"pattern": [217, 134], "threshold": null}, {"pattern": [188, 13, 215], "threshold": null}, {"pattern": [188, 63], "threshold": null}, {"pattern": [224, 212, 180], "threshold": null}, {"pattern": [188, 237, 63], "threshold": null}, {"pattern": [180, 158], "threshold": null}, {"pattern": [158], "threshold": null}, {"pattern": [88, 212], "threshold": null}, {"pattern": [248, 212], "threshold": null}, {"pattern": [248, 215], "threshold": null}, {"pattern": [157, 182], "threshold": null}, {"pattern": [27, 212, 180], "threshold": null}, {"pattern": [208, 65], "threshold": null}, {"pattern": [249, 202, 146], "threshold": null}, {"pattern": [65], "threshold": null}, {"pattern": [16, 188], "threshold": null}, {"pattern": [137, 212], "threshold": null}, {"pattern": [212, 13], "threshold": null}, {"pattern": [49, 212], "threshold": null}, {"pattern": [217, 90], "threshold": null}, {"pattern": [65, 132], "threshold": null}, {"pattern": [65, 180], "threshold": null}, {"pattern": [188], "threshold": null}, {"pattern": [212, 190], "threshold": null}, {"pattern": [241, 212], "threshold": null}, {"pattern": [241, 212, 13], "threshold": null}, {"pattern": [13], "threshold": null}, {"pattern": [132, 188], "threshold": null}, {"pattern": [132, 180, 212], "threshold": null}, {"pattern": [188, 13], "threshold": null}, {"pattern": [65, 188, 25], "threshold": null}, {"pattern": [212, 63], "threshold": null}, {"pattern": [248, 34], "threshold": null}, {"pattern": [65, 212, 180], "threshold": null}, {"pattern": [132, 212], "threshold": null}, {"pattern": [192, 101], "threshold": null}, {"pattern": [65, 241], "threshold": null}, {"pattern": [65, 188], "threshold": null}, {"pattern": [212], "threshold": null}, {"pattern": [188, 237], "threshold": null}, {"pattern": [202], "threshold": null}, {"pattern": [217], "threshold": null}, {"pattern": [215, 188, 63], "threshold": null}, {"pattern": [248, 158], "threshold": null}, {"pattern": [65, 188, 13], "threshold": null}, {"pattern": [217, 63], "threshold": null}, {"pattern": [221, 63], "threshold": null}, {"pattern": [16, 157], "threshold": null}, {"pattern": [249, 202, 101, 146], "threshold": null}, {"pattern": [37, 63], "threshold": null}, {"pattern": [217, 103], "threshold": null}, {"pattern": [153, 173], "threshold": null}, {"pattern": [248, 202], "threshold": null}, {"pattern": [212, 180, 158], "threshold": null}, {"pattern": [202, 212], "threshold": null}, {"pattern": [27, 13], "threshold": null}, {"pattern": [123, 221], "threshold": null}, {"pattern": [212, 180], "threshold": null}]}, {"config": {"code_name": "[CS CM OC][Len SSize MFit CAtom][GNone]", "population_size": 100, "evaluation_budget": 10000, "cluster_info_file_name": "C:\\Users\\gac8\\PycharmProjects\\PSSearch\\retail_forecasting_data_collection\\data\\cluster_info_250_random.pkl", "use_custom_sampling_operator": true, "use_custom_mutation_operator": true, "use_custom_crossover_operator": false, "use_custom_atomicity": true, "genome_threshold": null, "include_ps_len": true, "include_sample_quantity": true, "include_wasserstein_distance": false, "include_diff_median": false, "include_atomicity": true, "include_p_value": false, "include_mean_fitness": true, "include_variance": false}, "results": [{"pattern": [90, 55], "threshold": null}, {"pattern": [232, 87], "threshold": null}, {"pattern": [116, 237], "threshold": null}, {"pattern": [196, 237], "threshold": null}, {"pattern": [237], "threshold": null}, {"pattern": [137, 63], "threshold": null}, {"pattern": [235, 52], "threshold": null}, {"pattern": [132, 93], "threshold": null}, {"pattern": [184, 30], "threshold": null}, {"pattern": [196], "threshold": null}, {"pattern": [230], "threshold": null}, {"pattern": [158], "threshold": null}, {"pattern": [88, 212], "threshold": null}, {"pattern": [120], "threshold": null}, {"pattern": [90, 158], "threshold": null}, {"pattern": [27, 221], "threshold": null}, {"pattern": [88], "threshold": null}, {"pattern": [65], "threshold": null}, {"pattern": [16, 188], "threshold": null}, {"pattern": [25], "threshold": null}, {"pattern": [88, 217], "threshold": null}, {"pattern": [25, 235], "threshold": null}, {"pattern": [188], "threshold": null}, {"pattern": [212, 164], "threshold": null}, {"pattern": [13], "threshold": null}, {"pattern": [69, 71], "threshold": null}, {"pattern": [54], "threshold": null}, {"pattern": [103], "threshold": null}, {"pattern": [86], "threshold": null}, {"pattern": [241, 103], "threshold": null}, {"pattern": [241, 50], "threshold": null}, {"pattern": [132], "threshold": null}, {"pattern": [212], "threshold": null}, {"pattern": [162, 158], "threshold": null}, {"pattern": [45], "threshold": null}, {"pattern": [139, 212, 86], "threshold": null}, {"pattern": [81, 212], "threshold": null}, {"pattern": [37, 63], "threshold": null}, {"pattern": [65, 212], "threshold": null}, {"pattern": [217, 116], "threshold": null}, {"pattern": [212, 37], "threshold": null}, {"pattern": [16, 13], "threshold": null}, {"pattern": [132, 134], "threshold": null}, {"pattern": [155, 134], "threshold": null}]}]}