{"extra_info": {"version": "fallback_v1", "seed": 50}, "data": [{"config": {"code_name": "[CS CM CC][Len SSize MFit CAtom][GNone]", "population_size": 100, "evaluation_budget": 10000, "cluster_info_file_name": "C:\\Users\\gac8\\PycharmProjects\\PSSearch\\retail_forecasting_data_collection\\data\\cluster_info_250_random.pkl", "use_custom_sampling_operator": true, "use_custom_mutation_operator": true, "use_custom_crossover_operator": true, "use_custom_atomicity": true, "genome_threshold": null, "include_ps_len": true, "include_sample_quantity": true, "include_wasserstein_distance": false, "include_diff_median": false, "include_atomicity": true, "include_p_value": false, "include_mean_fitness": true, "include_variance": false}, "results": [{"pattern": [16, 34], "threshold": null}, {"pattern": [86, 63], "threshold": null}, {"pattern": [248, 131], "threshold": null}, {"pattern": [196], "threshold": null}, {"pattern": [158], "threshold": null}, {"pattern": [241, 188, 134], "threshold": null}, {"pattern": [188], "threshold": null}, {"pattern": [88, 237], "threshold": null}, {"pattern": [146, 43], "threshold": null}, {"pattern": [88, 90], "threshold": null}, {"pattern": [230], "threshold": null}, {"pattern": [88], "threshold": null}, {"pattern": [90, 188], "threshold": null}, {"pattern": [196, 171, 188], "threshold": null}, {"pattern": [132, 63], "threshold": null}, {"pattern": [93], "threshold": null}, {"pattern": [16, 74], "threshold": null}, {"pattern": [211, 86], "threshold": null}, {"pattern": [237], "threshold": null}, {"pattern": [54], "threshold": null}, {"pattern": [202, 134], "threshold": null}, {"pattern": [184, 221], "threshold": null}, {"pattern": [86], "threshold": null}, {"pattern": [180, 13], "threshold": null}, {"pattern": [13, 215], "threshold": null}, {"pattern": [95, 63], "threshold": null}, {"pattern": [211, 212], "threshold": null}, {"pattern": [212, 246], "threshold": null}, {"pattern": [120], "threshold": null}, {"pattern": [16, 88], "threshold": null}, {"pattern": [65, 245], "threshold": null}, {"pattern": [13, 134], "threshold": null}, {"pattern": [164, 134], "threshold": null}, {"pattern": [74, 35], "threshold": null}, {"pattern": [45], "threshold": null}, {"pattern": [24, 86], "threshold": null}, {"pattern": [38, 87], "threshold": null}, {"pattern": [25], "threshold": null}, {"pattern": [212], "threshold": null}, {"pattern": [65, 217], "threshold": null}, {"pattern": [34, 4], "threshold": null}, {"pattern": [65, 92], "threshold": null}, {"pattern": [132, 157], "threshold": null}, {"pattern": [202, 215], "threshold": null}, {"pattern": [56, 237], "threshold": null}, {"pattern": [132], "threshold": null}, {"pattern": [212, 13], "threshold": null}, {"pattern": [90, 221], "threshold": null}, {"pattern": [241, 180], "threshold": null}, {"pattern": [13], "threshold": null}, {"pattern": [184, 132], "threshold": null}, {"pattern": [235, 212], "threshold": null}, {"pattern": [217], "threshold": null}, {"pattern": [103], "threshold": null}, {"pattern": [170, 132], "threshold": null}]}, {"config": {"code_name": "[CS CM CC][SSize MFit CAtom][GNone]", "population_size": 100, "evaluation_budget": 10000, "cluster_info_file_name": "C:\\Users\\gac8\\PycharmProjects\\PSSearch\\retail_forecasting_data_collection\\data\\cluster_info_250_random.pkl", "use_custom_sampling_operator": true, "use_custom_mutation_operator": true, "use_custom_crossover_operator": true, "use_custom_atomicity": true, "genome_threshold": null, "include_ps_len": false, "include_sample_quantity": true, "include_wasserstein_distance": false, "include_diff_median": false, "include_atomicity": true, "include_p_value": false, "include_mean_fitness": true, "include_variance": false}, "results": [{"pattern": [25], "threshold": null}, {"pattern": [177, 212, 180], "threshold": null}, {"pattern": [81, 26], "threshold": null}, {"pattern": [171, 180], "threshold": null}, {"pattern": [248, 215], "threshold": null}, {"pattern": [25, 196], "threshold": null}, {"pattern": [188, 103], "threshold": null}, {"pattern": [217], "threshold": null}, {"pattern": [50, 165], "threshold": null}, {"pattern": [86], "threshold": null}, {"pattern": [235, 158], "threshold": null}, {"pattern": [13], "threshold": null}, {"pattern": [188], "threshold": null}, {"pattern": [158, 103], "threshold": null}, {"pattern": [56, 246], "threshold": null}, {"pattern": [196, 63], "threshold": null}, {"pattern": [132, 86], "threshold": null}, {"pattern": [137, 77], "threshold": null}, {"pattern": [212], "threshold": null}, {"pattern": [237], "threshold": null}, {"pattern": [97, 146], "threshold": null}, {"pattern": [13, 189], "threshold": null}, {"pattern": [50, 86], "threshold": null}, {"pattern": [132, 134], "threshold": null}, {"pattern": [103], "threshold": null}, {"pattern": [209, 34], "threshold": null}, {"pattern": [241, 158], "threshold": null}, {"pattern": [158], "threshold": null}, {"pattern": [25, 212], "threshold": null}, {"pattern": [132], "threshold": null}, {"pattern": [196], "threshold": null}, {"pattern": [205, 63], "threshold": null}, {"pattern": [8, 188], "threshold": null}, {"pattern": [204, 61], "threshold": null}, {"pattern": [69, 71], "threshold": null}, {"pattern": [232, 25], "threshold": null}, {"pattern": [188, 165], "threshold": null}, {"pattern": [169, 215], "threshold": null}]}, {"config": {"code_name": "[CS CM CC][Len MFit CAtom][GNone]", "population_size": 100, "evaluation_budget": 10000, "cluster_info_file_name": "C:\\Users\\gac8\\PycharmProjects\\PSSearch\\retail_forecasting_data_collection\\data\\cluster_info_250_random.pkl", "use_custom_sampling_operator": true, "use_custom_mutation_operator": true, "use_custom_crossover_operator": true, "use_custom_atomicity": true, "genome_threshold": null, "include_ps_len": true, "include_sample_quantity": false, "include_wasserstein_distance": false, "include_diff_median": false, "include_atomicity": true, "include_p_value": false, "include_mean_fitness": true, "include_variance": false}, "results": [{"pattern": [184, 87], "threshold": null}, {"pattern": [74, 158], "threshold": null}, {"pattern": [169, 235], "threshold": null}, {"pattern": [237, 134], "threshold": null}, {"pattern": [38, 119], "threshold": null}, {"pattern": [181, 158], "threshold": null}, {"pattern": [35, 109], "threshold": null}, {"pattern": [120], "threshold": null}, {"pattern": [184, 27], "threshold": null}, {"pattern": [11, 109], "threshold": null}]}, {"config": {"code_name": "[CS CM CC][Len SSize CAtom][GNone]", "population_size": 100, "evaluation_budget": 10000, "cluster_info_file_name": "C:\\Users\\gac8\\PycharmProjects\\PSSearch\\retail_forecasting_data_collection\\data\\cluster_info_250_random.pkl", "use_custom_sampling_operator": true, "use_custom_mutation_operator": true, "use_custom_crossover_operator": true, "use_custom_atomicity": true, "genome_threshold": null, "include_ps_len": true, "include_sample_quantity": true, "include_wasserstein_distance": false, "include_diff_median": false, "include_atomicity": true, "include_p_value": false, "include_mean_fitness": false, "include_variance": false}, "results": [{"pattern": [212, 188], "threshold": null}, {"pattern": [50, 245], "threshold": null}, {"pattern": [188, 116], "threshold": null}, {"pattern": [50, 188], "threshold": null}, {"pattern": [56, 246], "threshold": null}, {"pattern": [188], "threshold": null}, {"pattern": [50, 167], "threshold": null}, {"pattern": [226, 131], "threshold": null}, {"pattern": [212, 215], "threshold": null}, {"pattern": [16, 188, 116], "threshold": null}, {"pattern": [241, 212], "threshold": null}, {"pattern": [158, 86], "threshold": null}]}, {"config": {"code_name": "[CS CM CC][Len SSize MFit][GNone]", "population_size": 100, "evaluation_budget": 10000, "cluster_info_file_name": "C:\\Users\\gac8\\PycharmProjects\\PSSearch\\retail_forecasting_data_collection\\data\\cluster_info_250_random.pkl", "use_custom_sampling_operator": true, "use_custom_mutation_operator": true, "use_custom_crossover_operator": true, "use_custom_atomicity": true, "genome_threshold": null, "include_ps_len": true, "include_sample_quantity": true, "include_wasserstein_distance": false, "include_diff_median": false, "include_atomicity": false, "include_p_value": false, "include_mean_fitness": true, "include_variance": false}, "results": [{"pattern": [248, 86], "threshold": null}, {"pattern": [120], "threshold": null}, {"pattern": [232, 212], "threshold": null}, {"pattern": [177, 13], "threshold": null}, {"pattern": [13, 215], "threshold": null}, {"pattern": [212, 38], "threshold": null}, {"pattern": [132], "threshold": null}, {"pattern": [13], "threshold": null}, {"pattern": [212], "threshold": null}, {"pattern": [158], "threshold": null}, {"pattern": [212, 167], "threshold": null}, {"pattern": [93], "threshold": null}, {"pattern": [188], "threshold": null}, {"pattern": [237], "threshold": null}, {"pattern": [241, 180], "threshold": null}, {"pattern": [196], "threshold": null}, {"pattern": [230], "threshold": null}, {"pattern": [45], "threshold": null}, {"pattern": [180, 157], "threshold": null}, {"pattern": [88, 212], "threshold": null}, {"pattern": [177, 103], "threshold": null}, {"pattern": [217], "threshold": null}, {"pattern": [86, 188, 38], "threshold": null}, {"pattern": [61, 86], "threshold": null}, {"pattern": [54], "threshold": null}, {"pattern": [25], "threshold": null}, {"pattern": [88], "threshold": null}, {"pattern": [27, 188], "threshold": null}, {"pattern": [49, 13], "threshold": null}, {"pattern": [25, 116], "threshold": null}, {"pattern": [86], "threshold": null}, {"pattern": [103], "threshold": null}]}, {"config": {"code_name": "[OS CM CC][Len SSize MFit CAtom][GNone]", "population_size": 100, "evaluation_budget": 10000, "cluster_info_file_name": "C:\\Users\\gac8\\PycharmProjects\\PSSearch\\retail_forecasting_data_collection\\data\\cluster_info_250_random.pkl", "use_custom_sampling_operator": false, "use_custom_mutation_operator": true, "use_custom_crossover_operator": true, "use_custom_atomicity": true, "genome_threshold": null, "include_ps_len": true, "include_sample_quantity": true, "include_wasserstein_distance": false, "include_diff_median": false, "include_atomicity": true, "include_p_value": false, "include_mean_fitness": true, "include_variance": false}, "results": [{"pattern": [119, 63], "threshold": null}, {"pattern": [196], "threshold": null}, {"pattern": [196, 63], "threshold": null}, {"pattern": [158], "threshold": null}, {"pattern": [188], "threshold": null}, {"pattern": [146, 101], "threshold": null}, {"pattern": [35, 103], "threshold": null}, {"pattern": [230], "threshold": null}, {"pattern": [88], "threshold": null}, {"pattern": [13, 86], "threshold": null}, {"pattern": [93], "threshold": null}, {"pattern": [50, 215], "threshold": null}, {"pattern": [90, 27], "threshold": null}, {"pattern": [237], "threshold": null}, {"pattern": [232, 25], "threshold": null}, {"pattern": [54], "threshold": null}, {"pattern": [132, 69], "threshold": null}, {"pattern": [86], "threshold": null}, {"pattern": [212, 204], "threshold": null}, {"pattern": [4, 63], "threshold": null}, {"pattern": [212, 190], "threshold": null}, {"pattern": [95, 63], "threshold": null}, {"pattern": [116, 167], "threshold": null}, {"pattern": [120], "threshold": null}, {"pattern": [34, 38], "threshold": null}, {"pattern": [232, 109], "threshold": null}, {"pattern": [180, 103], "threshold": null}, {"pattern": [45], "threshold": null}, {"pattern": [188, 215], "threshold": null}, {"pattern": [241, 90], "threshold": null}, {"pattern": [25], "threshold": null}, {"pattern": [65, 237], "threshold": null}, {"pattern": [212], "threshold": null}, {"pattern": [204, 86], "threshold": null}, {"pattern": [65, 132], "threshold": null}, {"pattern": [50, 212], "threshold": null}, {"pattern": [27, 188], "threshold": null}, {"pattern": [160, 245], "threshold": null}, {"pattern": [92, 158], "threshold": null}, {"pattern": [132], "threshold": null}, {"pattern": [13], "threshold": null}, {"pattern": [16, 50], "threshold": null}, {"pattern": [19, 158], "threshold": null}, {"pattern": [217], "threshold": null}, {"pattern": [232, 132], "threshold": null}, {"pattern": [248, 103], "threshold": null}, {"pattern": [103], "threshold": null}, {"pattern": [65, 215], "threshold": null}, {"pattern": [217, 158], "threshold": null}, {"pattern": [90, 237], "threshold": null}, {"pattern": [212, 63], "threshold": null}]}, {"config": {"code_name": "[CS OM CC][Len SSize MFit CAtom][GNone]", "population_size": 100, "evaluation_budget": 10000, "cluster_info_file_name": "C:\\Users\\gac8\\PycharmProjects\\PSSearch\\retail_forecasting_data_collection\\data\\cluster_info_250_random.pkl", "use_custom_sampling_operator": true, "use_custom_mutation_operator": false, "use_custom_crossover_operator": true, "use_custom_atomicity": true, "genome_threshold": null, "include_ps_len": true, "include_sample_quantity": true, "include_wasserstein_distance": false, "include_diff_median": false, "include_atomicity": true, "include_p_value": false, "include_mean_fitness": true, "include_variance": false}, "results": [{"pattern": [212, 188], "threshold": null}, {"pattern": [241, 188, 158], "threshold": null}, {"pattern": [188, 63], "threshold": null}, {"pattern": [232, 188, 103], "threshold": null}, {"pattern": [188], "threshold": null}, {"pattern": [188, 237, 215], "threshold": null}, {"pattern": [116, 90, 188], "threshold": null}, {"pattern": [90, 212, 221, 215], "threshold": null}, {"pattern": [81, 235], "threshold": null}, {"pattern": [65, 188, 241], "threshold": null}, {"pattern": [81, 132], "threshold": null}, {"pattern": [188, 221, 215], "threshold": null}, {"pattern": [212, 188, 158, 215], "threshold": null}, {"pattern": [212, 188, 221, 215], "threshold": null}, {"pattern": [196, 188, 158, 215], "threshold": null}, {"pattern": [65, 212, 188, 241], "threshold": null}, {"pattern": [217, 132], "threshold": null}, {"pattern": [188, 95, 63], "threshold": null}, {"pattern": [65, 188], "threshold": null}, {"pattern": [188, 116, 190], "threshold": null}, {"pattern": [188, 86, 63], "threshold": null}, {"pattern": [212, 221, 215], "threshold": null}, {"pattern": [81, 196], "threshold": null}, {"pattern": [134], "threshold": null}, {"pattern": [38, 63], "threshold": null}, {"pattern": [50, 139], "threshold": null}, {"pattern": [196, 188, 86, 63], "threshold": null}, {"pattern": [197], "threshold": null}, {"pattern": [196, 188, 215], "threshold": null}, {"pattern": [162, 188, 215], "threshold": null}, {"pattern": [188, 158, 215], "threshold": null}, {"pattern": [196, 188, 158], "threshold": null}, {"pattern": [4, 63], "threshold": null}, {"pattern": [65, 188, 237], "threshold": null}, {"pattern": [16, 90], "threshold": null}, {"pattern": [13, 188, 237], "threshold": null}, {"pattern": [25, 196, 188], "threshold": null}, {"pattern": [212, 38, 63], "threshold": null}, {"pattern": [188, 158], "threshold": null}, {"pattern": [188, 205], "threshold": null}, {"pattern": [196, 188, 86], "threshold": null}, {"pattern": [16, 188, 116], "threshold": null}, {"pattern": [34, 188], "threshold": null}, {"pattern": [212, 197], "threshold": null}, {"pattern": [146, 13], "threshold": null}, {"pattern": [212, 38], "threshold": null}, {"pattern": [158, 38], "threshold": null}, {"pattern": [38], "threshold": null}, {"pattern": [81, 215], "threshold": null}, {"pattern": [249, 146], "threshold": null}, {"pattern": [226, 76], "threshold": null}, {"pattern": [241, 196, 188], "threshold": null}, {"pattern": [249, 146, 43], "threshold": null}, {"pattern": [90], "threshold": null}, {"pattern": [212, 196, 188, 103], "threshold": null}, {"pattern": [132, 247], "threshold": null}, {"pattern": [196, 188], "threshold": null}, {"pattern": [232, 103], "threshold": null}, {"pattern": [90, 86], "threshold": null}, {"pattern": [212], "threshold": null}, {"pattern": [188, 116], "threshold": null}, {"pattern": [188, 237], "threshold": null}, {"pattern": [241, 188], "threshold": null}, {"pattern": [116, 134], "threshold": null}, {"pattern": [235, 55], "threshold": null}, {"pattern": [81, 212, 132], "threshold": null}, {"pattern": [90, 245], "threshold": null}, {"pattern": [81, 196, 188], "threshold": null}, {"pattern": [25, 90], "threshold": null}, {"pattern": [188, 38], "threshold": null}, {"pattern": [90, 116], "threshold": null}, {"pattern": [212, 188, 245, 215], "threshold": null}, {"pattern": [186], "threshold": null}, {"pattern": [188, 4, 63], "threshold": null}, {"pattern": [164, 188], "threshold": null}, {"pattern": [188, 215], "threshold": null}, {"pattern": [241, 50, 188], "threshold": null}, {"pattern": [91, 188], "threshold": null}, {"pattern": [196, 188, 103], "threshold": null}, {"pattern": [132], "threshold": null}, {"pattern": [16, 241, 188], "threshold": null}, {"pattern": [139, 38], "threshold": null}, {"pattern": [204, 132], "threshold": null}, {"pattern": [90, 235], "threshold": null}]}, {"config": {"code_name": "[CS CM OC][Len SSize MFit CAtom][GNone]", "population_size": 100, "evaluation_budget": 10000, "cluster_info_file_name": "C:\\Users\\gac8\\PycharmProjects\\PSSearch\\retail_forecasting_data_collection\\data\\cluster_info_250_random.pkl", "use_custom_sampling_operator": true, "use_custom_mutation_operator": true, "use_custom_crossover_operator": false, "use_custom_atomicity": true, "genome_threshold": null, "include_ps_len": true, "include_sample_quantity": true, "include_wasserstein_distance": false, "include_diff_median": false, "include_atomicity": true, "include_p_value": false, "include_mean_fitness": true, "include_variance": false}, "results": [{"pattern": [196], "threshold": null}, {"pattern": [87, 63], "threshold": null}, {"pattern": [158], "threshold": null}, {"pattern": [188], "threshold": null}, {"pattern": [230], "threshold": null}, {"pattern": [88], "threshold": null}, {"pattern": [93], "threshold": null}, {"pattern": [93, 215], "threshold": null}, {"pattern": [81, 158], "threshold": null}, {"pattern": [158, 63], "threshold": null}, {"pattern": [196, 134], "threshold": null}, {"pattern": [237], "threshold": null}, {"pattern": [171, 158], "threshold": null}, {"pattern": [158, 134], "threshold": null}, {"pattern": [54], "threshold": null}, {"pattern": [204, 61], "threshold": null}, {"pattern": [86], "threshold": null}, {"pattern": [196, 215], "threshold": null}, {"pattern": [13, 215], "threshold": null}, {"pattern": [241, 196], "threshold": null}, {"pattern": [211, 134], "threshold": null}, {"pattern": [27, 180], "threshold": null}, {"pattern": [88, 188], "threshold": null}, {"pattern": [173, 63], "threshold": null}, {"pattern": [120], "threshold": null}, {"pattern": [188, 134], "threshold": null}, {"pattern": [241, 103], "threshold": null}, {"pattern": [25, 202], "threshold": null}, {"pattern": [217, 215], "threshold": null}, {"pattern": [16, 134], "threshold": null}, {"pattern": [204, 92], "threshold": null}, {"pattern": [221, 215], "threshold": null}, {"pattern": [151, 47], "threshold": null}, {"pattern": [45], "threshold": null}, {"pattern": [158, 215], "threshold": null}, {"pattern": [244, 47], "threshold": null}, {"pattern": [248, 188], "threshold": null}, {"pattern": [38, 87], "threshold": null}, {"pattern": [25], "threshold": null}, {"pattern": [212], "threshold": null}, {"pattern": [65, 25], "threshold": null}, {"pattern": [19, 221], "threshold": null}, {"pattern": [132], "threshold": null}, {"pattern": [146, 195], "threshold": null}, {"pattern": [184, 30], "threshold": null}, {"pattern": [132, 134, 103], "threshold": null}, {"pattern": [13], "threshold": null}, {"pattern": [171, 212], "threshold": null}, {"pattern": [56, 246], "threshold": null}, {"pattern": [217], "threshold": null}, {"pattern": [103], "threshold": null}, {"pattern": [235, 215], "threshold": null}]}]}