{"extra_info": {"version": "fallback_v1", "seed": 31}, "data": [{"config": {"code_name": "[CS CM CC][Len SSize MFit CAtom][GNone]", "population_size": 100, "evaluation_budget": 10000, "cluster_info_file_name": "C:\\Users\\gac8\\PycharmProjects\\PSSearch\\retail_forecasting_data_collection\\data\\cluster_info_250_random.pkl", "use_custom_sampling_operator": true, "use_custom_mutation_operator": true, "use_custom_crossover_operator": true, "use_custom_atomicity": true, "genome_threshold": null, "include_ps_len": true, "include_sample_quantity": true, "include_wasserstein_distance": false, "include_diff_median": false, "include_atomicity": true, "include_p_value": false, "include_mean_fitness": true, "include_variance": false}, "results": [{"pattern": [90, 212], "threshold": null}, {"pattern": [65, 13], "threshold": null}, {"pattern": [120], "threshold": null}, {"pattern": [155, 38], "threshold": null}, {"pattern": [56, 246], "threshold": null}, {"pattern": [217], "threshold": null}, {"pattern": [103], "threshold": null}, {"pattern": [88], "threshold": null}, {"pattern": [25, 202], "threshold": null}, {"pattern": [241, 63], "threshold": null}, {"pattern": [188], "threshold": null}, {"pattern": [86], "threshold": null}, {"pattern": [65], "threshold": null}, {"pattern": [212, 237], "threshold": null}, {"pattern": [69, 165], "threshold": null}, {"pattern": [188, 215], "threshold": null}, {"pattern": [241, 180], "threshold": null}, {"pattern": [16, 92], "threshold": null}, {"pattern": [88, 132], "threshold": null}, {"pattern": [56, 158], "threshold": null}, {"pattern": [109, 87], "threshold": null}, {"pattern": [119, 103], "threshold": null}, {"pattern": [65, 181], "threshold": null}, {"pattern": [230], "threshold": null}, {"pattern": [188, 95], "threshold": null}, {"pattern": [208, 27], "threshold": null}, {"pattern": [74, 13], "threshold": null}, {"pattern": [56, 237], "threshold": null}, {"pattern": [65, 86], "threshold": null}, {"pattern": [81, 63], "threshold": null}, {"pattern": [25], "threshold": null}, {"pattern": [237], "threshold": null}, {"pattern": [45], "threshold": null}, {"pattern": [88, 63], "threshold": null}, {"pattern": [65, 202], "threshold": null}, {"pattern": [25, 188], "threshold": null}, {"pattern": [139, 116], "threshold": null}, {"pattern": [54], "threshold": null}, {"pattern": [158], "threshold": null}, {"pattern": [155, 212], "threshold": null}, {"pattern": [177, 158], "threshold": null}, {"pattern": [146, 39], "threshold": null}, {"pattern": [204, 196], "threshold": null}, {"pattern": [86, 95], "threshold": null}, {"pattern": [190, 134], "threshold": null}, {"pattern": [180, 13], "threshold": null}, {"pattern": [245, 190], "threshold": null}, {"pattern": [132], "threshold": null}, {"pattern": [212], "threshold": null}, {"pattern": [13], "threshold": null}, {"pattern": [196], "threshold": null}]}, {"config": {"code_name": "[CS CM CC][SSize MFit CAtom][GNone]", "population_size": 100, "evaluation_budget": 10000, "cluster_info_file_name": "C:\\Users\\gac8\\PycharmProjects\\PSSearch\\retail_forecasting_data_collection\\data\\cluster_info_250_random.pkl", "use_custom_sampling_operator": true, "use_custom_mutation_operator": true, "use_custom_crossover_operator": true, "use_custom_atomicity": true, "genome_threshold": null, "include_ps_len": false, "include_sample_quantity": true, "include_wasserstein_distance": false, "include_diff_median": false, "include_atomicity": true, "include_p_value": false, "include_mean_fitness": true, "include_variance": false}, "results": [{"pattern": [88], "threshold": null}, {"pattern": [245, 134], "threshold": null}, {"pattern": [162, 158], "threshold": null}, {"pattern": [235, 196], "threshold": null}, {"pattern": [181, 86], "threshold": null}, {"pattern": [182, 134], "threshold": null}, {"pattern": [116, 197], "threshold": null}, {"pattern": [155, 134], "threshold": null}, {"pattern": [65, 188], "threshold": null}, {"pattern": [212], "threshold": null}, {"pattern": [101, 13], "threshold": null}, {"pattern": [171, 188], "threshold": null}, {"pattern": [56, 155], "threshold": null}, {"pattern": [132], "threshold": null}, {"pattern": [177, 158], "threshold": null}, {"pattern": [188, 134], "threshold": null}, {"pattern": [248, 202], "threshold": null}, {"pattern": [65, 244], "threshold": null}, {"pattern": [56, 63], "threshold": null}, {"pattern": [224, 193], "threshold": null}, {"pattern": [164, 134], "threshold": null}, {"pattern": [193, 13], "threshold": null}, {"pattern": [151, 103], "threshold": null}, {"pattern": [188], "threshold": null}, {"pattern": [158], "threshold": null}, {"pattern": [180, 13], "threshold": null}, {"pattern": [18, 38], "threshold": null}, {"pattern": [180, 158], "threshold": null}, {"pattern": [146, 239], "threshold": null}, {"pattern": [86], "threshold": null}, {"pattern": [25, 63], "threshold": null}, {"pattern": [65], "threshold": null}, {"pattern": [30, 103], "threshold": null}, {"pattern": [248, 188], "threshold": null}, {"pattern": [182, 158], "threshold": null}, {"pattern": [25], "threshold": null}, {"pattern": [196], "threshold": null}, {"pattern": [65, 217], "threshold": null}, {"pattern": [202, 221], "threshold": null}, {"pattern": [177, 90], "threshold": null}, {"pattern": [177, 215], "threshold": null}, {"pattern": [13], "threshold": null}, {"pattern": [134, 38], "threshold": null}, {"pattern": [171, 196], "threshold": null}, {"pattern": [122, 188], "threshold": null}, {"pattern": [237], "threshold": null}, {"pattern": [116, 215], "threshold": null}, {"pattern": [177, 53], "threshold": null}]}, {"config": {"code_name": "[CS CM CC][Len MFit CAtom][GNone]", "population_size": 100, "evaluation_budget": 10000, "cluster_info_file_name": "C:\\Users\\gac8\\PycharmProjects\\PSSearch\\retail_forecasting_data_collection\\data\\cluster_info_250_random.pkl", "use_custom_sampling_operator": true, "use_custom_mutation_operator": true, "use_custom_crossover_operator": true, "use_custom_atomicity": true, "genome_threshold": null, "include_ps_len": true, "include_sample_quantity": false, "include_wasserstein_distance": false, "include_diff_median": false, "include_atomicity": true, "include_p_value": false, "include_mean_fitness": true, "include_variance": false}, "results": [{"pattern": [248, 190], "threshold": null}, {"pattern": [120], "threshold": null}, {"pattern": [76, 190], "threshold": null}, {"pattern": [16, 197], "threshold": null}, {"pattern": [88, 237], "threshold": null}]}, {"config": {"code_name": "[CS CM CC][Len SSize CAtom][GNone]", "population_size": 100, "evaluation_budget": 10000, "cluster_info_file_name": "C:\\Users\\gac8\\PycharmProjects\\PSSearch\\retail_forecasting_data_collection\\data\\cluster_info_250_random.pkl", "use_custom_sampling_operator": true, "use_custom_mutation_operator": true, "use_custom_crossover_operator": true, "use_custom_atomicity": true, "genome_threshold": null, "include_ps_len": true, "include_sample_quantity": true, "include_wasserstein_distance": false, "include_diff_median": false, "include_atomicity": true, "include_p_value": false, "include_mean_fitness": false, "include_variance": false}, "results": [{"pattern": [188, 38], "threshold": null}, {"pattern": [188], "threshold": null}, {"pattern": [205, 119], "threshold": null}, {"pattern": [188, 158], "threshold": null}, {"pattern": [82, 188], "threshold": null}, {"pattern": [202, 212], "threshold": null}]}, {"config": {"code_name": "[CS CM CC][Len SSize MFit][GNone]", "population_size": 100, "evaluation_budget": 10000, "cluster_info_file_name": "C:\\Users\\gac8\\PycharmProjects\\PSSearch\\retail_forecasting_data_collection\\data\\cluster_info_250_random.pkl", "use_custom_sampling_operator": true, "use_custom_mutation_operator": true, "use_custom_crossover_operator": true, "use_custom_atomicity": true, "genome_threshold": null, "include_ps_len": true, "include_sample_quantity": true, "include_wasserstein_distance": false, "include_diff_median": false, "include_atomicity": false, "include_p_value": false, "include_mean_fitness": true, "include_variance": false}, "results": [{"pattern": [45], "threshold": null}, {"pattern": [90, 188], "threshold": null}, {"pattern": [212], "threshold": null}, {"pattern": [196, 158], "threshold": null}, {"pattern": [188], "threshold": null}, {"pattern": [54], "threshold": null}, {"pattern": [196], "threshold": null}, {"pattern": [237, 158], "threshold": null}, {"pattern": [25], "threshold": null}, {"pattern": [158], "threshold": null}, {"pattern": [196, 167], "threshold": null}, {"pattern": [13], "threshold": null}, {"pattern": [217], "threshold": null}, {"pattern": [86], "threshold": null}, {"pattern": [237], "threshold": null}, {"pattern": [103], "threshold": null}, {"pattern": [212, 158], "threshold": null}, {"pattern": [230], "threshold": null}, {"pattern": [237, 134], "threshold": null}, {"pattern": [50, 158], "threshold": null}, {"pattern": [132], "threshold": null}, {"pattern": [196, 180], "threshold": null}, {"pattern": [88], "threshold": null}, {"pattern": [202, 134], "threshold": null}, {"pattern": [188, 13], "threshold": null}, {"pattern": [65], "threshold": null}, {"pattern": [120], "threshold": null}]}, {"config": {"code_name": "[OS CM CC][Len SSize MFit CAtom][GNone]", "population_size": 100, "evaluation_budget": 10000, "cluster_info_file_name": "C:\\Users\\gac8\\PycharmProjects\\PSSearch\\retail_forecasting_data_collection\\data\\cluster_info_250_random.pkl", "use_custom_sampling_operator": false, "use_custom_mutation_operator": true, "use_custom_crossover_operator": true, "use_custom_atomicity": true, "genome_threshold": null, "include_ps_len": true, "include_sample_quantity": true, "include_wasserstein_distance": false, "include_diff_median": false, "include_atomicity": true, "include_p_value": false, "include_mean_fitness": true, "include_variance": false}, "results": [{"pattern": [19, 221], "threshold": null}, {"pattern": [103, 87], "threshold": null}, {"pattern": [180, 86], "threshold": null}, {"pattern": [65, 180], "threshold": null}, {"pattern": [122, 109], "threshold": null}, {"pattern": [65, 134], "threshold": null}, {"pattern": [139, 212, 103], "threshold": null}, {"pattern": [196, 86], "threshold": null}, {"pattern": [211, 212], "threshold": null}, {"pattern": [241, 50], "threshold": null}, {"pattern": [49, 77], "threshold": null}, {"pattern": [120], "threshold": null}, {"pattern": [202, 212], "threshold": null}, {"pattern": [224, 244], "threshold": null}, {"pattern": [202, 162], "threshold": null}, {"pattern": [217], "threshold": null}, {"pattern": [157, 158], "threshold": null}, {"pattern": [103], "threshold": null}, {"pattern": [88], "threshold": null}, {"pattern": [188], "threshold": null}, {"pattern": [86], "threshold": null}, {"pattern": [235, 55], "threshold": null}, {"pattern": [65], "threshold": null}, {"pattern": [116, 215], "threshold": null}, {"pattern": [235, 215], "threshold": null}, {"pattern": [102, 63], "threshold": null}, {"pattern": [25, 139], "threshold": null}, {"pattern": [137, 212], "threshold": null}, {"pattern": [230], "threshold": null}, {"pattern": [221, 63], "threshold": null}, {"pattern": [232, 87], "threshold": null}, {"pattern": [237, 86], "threshold": null}, {"pattern": [34, 90], "threshold": null}, {"pattern": [86, 167], "threshold": null}, {"pattern": [56, 237], "threshold": null}, {"pattern": [17, 30], "threshold": null}, {"pattern": [177, 180], "threshold": null}, {"pattern": [65, 86], "threshold": null}, {"pattern": [196, 215], "threshold": null}, {"pattern": [25], "threshold": null}, {"pattern": [157, 173], "threshold": null}, {"pattern": [237], "threshold": null}, {"pattern": [17, 134], "threshold": null}, {"pattern": [104, 142], "threshold": null}, {"pattern": [45], "threshold": null}, {"pattern": [90, 116], "threshold": null}, {"pattern": [137, 196], "threshold": null}, {"pattern": [16, 103], "threshold": null}, {"pattern": [90, 221], "threshold": null}, {"pattern": [54], "threshold": null}, {"pattern": [158], "threshold": null}, {"pattern": [248, 158], "threshold": null}, {"pattern": [188, 116], "threshold": null}, {"pattern": [181, 103], "threshold": null}, {"pattern": [132, 190], "threshold": null}, {"pattern": [190, 134], "threshold": null}, {"pattern": [91, 43], "threshold": null}, {"pattern": [132], "threshold": null}, {"pattern": [212], "threshold": null}, {"pattern": [13], "threshold": null}, {"pattern": [196, 95], "threshold": null}, {"pattern": [196], "threshold": null}]}, {"config": {"code_name": "[CS OM CC][Len SSize MFit CAtom][GNone]", "population_size": 100, "evaluation_budget": 10000, "cluster_info_file_name": "C:\\Users\\gac8\\PycharmProjects\\PSSearch\\retail_forecasting_data_collection\\data\\cluster_info_250_random.pkl", "use_custom_sampling_operator": true, "use_custom_mutation_operator": false, "use_custom_crossover_operator": true, "use_custom_atomicity": true, "genome_threshold": null, "include_ps_len": true, "include_sample_quantity": true, "include_wasserstein_distance": false, "include_diff_median": false, "include_atomicity": true, "include_p_value": false, "include_mean_fitness": true, "include_variance": false}, "results": [{"pattern": [180, 188], "threshold": null}, {"pattern": [90, 235], "threshold": null}, {"pattern": [86, 103], "threshold": null}, {"pattern": [90, 188], "threshold": null}, {"pattern": [212, 188], "threshold": null}, {"pattern": [116, 188, 134], "threshold": null}, {"pattern": [204, 188, 134], "threshold": null}, {"pattern": [217], "threshold": null}, {"pattern": [50, 139], "threshold": null}, {"pattern": [241, 134], "threshold": null}, {"pattern": [103], "threshold": null}, {"pattern": [180, 103], "threshold": null}, {"pattern": [188], "threshold": null}, {"pattern": [13, 239], "threshold": null}, {"pattern": [86, 127], "threshold": null}, {"pattern": [147, 38], "threshold": null}, {"pattern": [34, 87], "threshold": null}, {"pattern": [134], "threshold": null}, {"pattern": [90, 196], "threshold": null}, {"pattern": [245, 134], "threshold": null}, {"pattern": [196, 127], "threshold": null}, {"pattern": [241, 90], "threshold": null}, {"pattern": [13, 93], "threshold": null}, {"pattern": [188, 103], "threshold": null}, {"pattern": [16, 248], "threshold": null}, {"pattern": [49, 13], "threshold": null}, {"pattern": [56, 212, 188], "threshold": null}, {"pattern": [196, 13], "threshold": null}, {"pattern": [16, 103], "threshold": null}, {"pattern": [188, 134], "threshold": null}, {"pattern": [217, 13], "threshold": null}, {"pattern": [16, 212], "threshold": null}, {"pattern": [188, 71], "threshold": null}, {"pattern": [188, 13], "threshold": null}, {"pattern": [13], "threshold": null}, {"pattern": [196], "threshold": null}]}, {"config": {"code_name": "[CS CM OC][Len SSize MFit CAtom][GNone]", "population_size": 100, "evaluation_budget": 10000, "cluster_info_file_name": "C:\\Users\\gac8\\PycharmProjects\\PSSearch\\retail_forecasting_data_collection\\data\\cluster_info_250_random.pkl", "use_custom_sampling_operator": true, "use_custom_mutation_operator": true, "use_custom_crossover_operator": false, "use_custom_atomicity": true, "genome_threshold": null, "include_ps_len": true, "include_sample_quantity": true, "include_wasserstein_distance": false, "include_diff_median": false, "include_atomicity": true, "include_p_value": false, "include_mean_fitness": true, "include_variance": false}, "results": [{"pattern": [50, 92], "threshold": null}, {"pattern": [155, 86], "threshold": null}, {"pattern": [120], "threshold": null}, {"pattern": [49, 74], "threshold": null}, {"pattern": [65, 188], "threshold": null}, {"pattern": [217], "threshold": null}, {"pattern": [50, 139], "threshold": null}, {"pattern": [103], "threshold": null}, {"pattern": [88], "threshold": null}, {"pattern": [86], "threshold": null}, {"pattern": [188], "threshold": null}, {"pattern": [25, 171], "threshold": null}, {"pattern": [65], "threshold": null}, {"pattern": [205, 119], "threshold": null}, {"pattern": [88, 158], "threshold": null}, {"pattern": [81, 196], "threshold": null}, {"pattern": [162, 215], "threshold": null}, {"pattern": [109, 87], "threshold": null}, {"pattern": [230], "threshold": null}, {"pattern": [193, 188], "threshold": null}, {"pattern": [241, 212], "threshold": null}, {"pattern": [180, 245], "threshold": null}, {"pattern": [25], "threshold": null}, {"pattern": [196, 132], "threshold": null}, {"pattern": [56, 86], "threshold": null}, {"pattern": [237], "threshold": null}, {"pattern": [45], "threshold": null}, {"pattern": [237, 63], "threshold": null}, {"pattern": [188, 127], "threshold": null}, {"pattern": [49, 212], "threshold": null}, {"pattern": [188, 55], "threshold": null}, {"pattern": [217, 237], "threshold": null}, {"pattern": [158], "threshold": null}, {"pattern": [188, 116], "threshold": null}, {"pattern": [54], "threshold": null}, {"pattern": [217, 90], "threshold": null}, {"pattern": [132, 215], "threshold": null}, {"pattern": [212], "threshold": null}, {"pattern": [192, 135], "threshold": null}, {"pattern": [27, 196], "threshold": null}, {"pattern": [11, 77], "threshold": null}, {"pattern": [16, 237], "threshold": null}, {"pattern": [24, 196], "threshold": null}, {"pattern": [132], "threshold": null}, {"pattern": [25, 52], "threshold": null}, {"pattern": [61, 63], "threshold": null}, {"pattern": [50, 167], "threshold": null}, {"pattern": [13], "threshold": null}, {"pattern": [33, 43], "threshold": null}, {"pattern": [196], "threshold": null}]}]}