{"extra_info": {"version": "fallback_v1", "seed": 28}, "data": [{"config": {"code_name": "[CS CM CC][Len SSize MFit CAtom][GNone]", "population_size": 100, "evaluation_budget": 10000, "cluster_info_file_name": "C:\\Users\\gac8\\PycharmProjects\\PSSearch\\retail_forecasting_data_collection\\data\\cluster_info_250_random.pkl", "use_custom_sampling_operator": true, "use_custom_mutation_operator": true, "use_custom_crossover_operator": true, "use_custom_atomicity": true, "genome_threshold": null, "include_ps_len": true, "include_sample_quantity": true, "include_wasserstein_distance": false, "include_diff_median": false, "include_atomicity": true, "include_p_value": false, "include_mean_fitness": true, "include_variance": false}, "results": [{"pattern": [232, 52], "threshold": null}, {"pattern": [65], "threshold": null}, {"pattern": [217, 63], "threshold": null}, {"pattern": [132], "threshold": null}, {"pattern": [86], "threshold": null}, {"pattern": [188], "threshold": null}, {"pattern": [42, 38], "threshold": null}, {"pattern": [13], "threshold": null}, {"pattern": [202, 103], "threshold": null}, {"pattern": [26, 196], "threshold": null}, {"pattern": [88, 50], "threshold": null}, {"pattern": [88], "threshold": null}, {"pattern": [158, 134], "threshold": null}, {"pattern": [207, 119], "threshold": null}, {"pattern": [241, 158], "threshold": null}, {"pattern": [196], "threshold": null}, {"pattern": [54], "threshold": null}, {"pattern": [202, 235], "threshold": null}, {"pattern": [212], "threshold": null}, {"pattern": [211, 134], "threshold": null}, {"pattern": [237], "threshold": null}, {"pattern": [162, 215], "threshold": null}, {"pattern": [196, 132], "threshold": null}, {"pattern": [158], "threshold": null}, {"pattern": [212, 190], "threshold": null}, {"pattern": [65, 212, 86, 202, 188], "threshold": null}, {"pattern": [241, 212], "threshold": null}, {"pattern": [49, 77], "threshold": null}, {"pattern": [245, 47], "threshold": null}, {"pattern": [137, 158], "threshold": null}, {"pattern": [49, 116], "threshold": null}, {"pattern": [230], "threshold": null}, {"pattern": [71, 47], "threshold": null}, {"pattern": [25], "threshold": null}, {"pattern": [192, 135], "threshold": null}, {"pattern": [100, 13], "threshold": null}, {"pattern": [212, 221], "threshold": null}, {"pattern": [56, 212], "threshold": null}, {"pattern": [45], "threshold": null}, {"pattern": [188, 134], "threshold": null}, {"pattern": [202, 196], "threshold": null}, {"pattern": [212, 116], "threshold": null}, {"pattern": [215, 103], "threshold": null}, {"pattern": [196, 134], "threshold": null}, {"pattern": [195, 101], "threshold": null}, {"pattern": [103], "threshold": null}, {"pattern": [69, 157], "threshold": null}, {"pattern": [224, 196], "threshold": null}, {"pattern": [120], "threshold": null}, {"pattern": [116, 197], "threshold": null}, {"pattern": [88, 212], "threshold": null}, {"pattern": [188, 109], "threshold": null}, {"pattern": [245, 87], "threshold": null}]}, {"config": {"code_name": "[CS CM CC][SSize MFit CAtom][GNone]", "population_size": 100, "evaluation_budget": 10000, "cluster_info_file_name": "C:\\Users\\gac8\\PycharmProjects\\PSSearch\\retail_forecasting_data_collection\\data\\cluster_info_250_random.pkl", "use_custom_sampling_operator": true, "use_custom_mutation_operator": true, "use_custom_crossover_operator": true, "use_custom_atomicity": true, "genome_threshold": null, "include_ps_len": false, "include_sample_quantity": true, "include_wasserstein_distance": false, "include_diff_median": false, "include_atomicity": true, "include_p_value": false, "include_mean_fitness": true, "include_variance": false}, "results": [{"pattern": [65, 86], "threshold": null}, {"pattern": [16, 196], "threshold": null}, {"pattern": [158, 86], "threshold": null}, {"pattern": [90, 55], "threshold": null}, {"pattern": [27, 158], "threshold": null}, {"pattern": [56, 38], "threshold": null}, {"pattern": [50, 151], "threshold": null}, {"pattern": [155, 134], "threshold": null}, {"pattern": [132], "threshold": null}, {"pattern": [209, 59], "threshold": null}, {"pattern": [196, 215], "threshold": null}, {"pattern": [16, 74], "threshold": null}, {"pattern": [25, 63], "threshold": null}, {"pattern": [65], "threshold": null}, {"pattern": [53, 215], "threshold": null}, {"pattern": [188], "threshold": null}, {"pattern": [86], "threshold": null}, {"pattern": [42, 27], "threshold": null}, {"pattern": [212], "threshold": null}, {"pattern": [188, 190], "threshold": null}, {"pattern": [76, 190], "threshold": null}, {"pattern": [196, 188], "threshold": null}, {"pattern": [158], "threshold": null}, {"pattern": [25, 86], "threshold": null}, {"pattern": [237], "threshold": null}, {"pattern": [132, 28], "threshold": null}, {"pattern": [204, 92], "threshold": null}, {"pattern": [13], "threshold": null}, {"pattern": [237, 158], "threshold": null}, {"pattern": [232, 235], "threshold": null}, {"pattern": [196], "threshold": null}, {"pattern": [171, 180], "threshold": null}, {"pattern": [232, 103], "threshold": null}, {"pattern": [88], "threshold": null}]}, {"config": {"code_name": "[CS CM CC][Len MFit CAtom][GNone]", "population_size": 100, "evaluation_budget": 10000, "cluster_info_file_name": "C:\\Users\\gac8\\PycharmProjects\\PSSearch\\retail_forecasting_data_collection\\data\\cluster_info_250_random.pkl", "use_custom_sampling_operator": true, "use_custom_mutation_operator": true, "use_custom_crossover_operator": true, "use_custom_atomicity": true, "genome_threshold": null, "include_ps_len": true, "include_sample_quantity": false, "include_wasserstein_distance": false, "include_diff_median": false, "include_atomicity": true, "include_p_value": false, "include_mean_fitness": true, "include_variance": false}, "results": [{"pattern": [120], "threshold": null}, {"pattern": [35, 52], "threshold": null}, {"pattern": [232, 119], "threshold": null}, {"pattern": [233, 18], "threshold": null}, {"pattern": [48, 222], "threshold": null}, {"pattern": [74, 103], "threshold": null}, {"pattern": [169, 132], "threshold": null}, {"pattern": [184, 87], "threshold": null}]}, {"config": {"code_name": "[CS CM CC][Len SSize CAtom][GNone]", "population_size": 100, "evaluation_budget": 10000, "cluster_info_file_name": "C:\\Users\\gac8\\PycharmProjects\\PSSearch\\retail_forecasting_data_collection\\data\\cluster_info_250_random.pkl", "use_custom_sampling_operator": true, "use_custom_mutation_operator": true, "use_custom_crossover_operator": true, "use_custom_atomicity": true, "genome_threshold": null, "include_ps_len": true, "include_sample_quantity": true, "include_wasserstein_distance": false, "include_diff_median": false, "include_atomicity": true, "include_p_value": false, "include_mean_fitness": false, "include_variance": false}, "results": [{"pattern": [188, 116], "threshold": null}, {"pattern": [171, 180], "threshold": null}, {"pattern": [232, 35], "threshold": null}, {"pattern": [91, 47], "threshold": null}, {"pattern": [27, 212], "threshold": null}, {"pattern": [50, 139], "threshold": null}, {"pattern": [188, 38], "threshold": null}, {"pattern": [188], "threshold": null}, {"pattern": [34, 190], "threshold": null}, {"pattern": [95, 63], "threshold": null}, {"pattern": [233, 18], "threshold": null}]}, {"config": {"code_name": "[CS CM CC][Len SSize MFit][GNone]", "population_size": 100, "evaluation_budget": 10000, "cluster_info_file_name": "C:\\Users\\gac8\\PycharmProjects\\PSSearch\\retail_forecasting_data_collection\\data\\cluster_info_250_random.pkl", "use_custom_sampling_operator": true, "use_custom_mutation_operator": true, "use_custom_crossover_operator": true, "use_custom_atomicity": true, "genome_threshold": null, "include_ps_len": true, "include_sample_quantity": true, "include_wasserstein_distance": false, "include_diff_median": false, "include_atomicity": false, "include_p_value": false, "include_mean_fitness": true, "include_variance": false}, "results": [{"pattern": [134, 86], "threshold": null}, {"pattern": [217, 132], "threshold": null}, {"pattern": [45], "threshold": null}, {"pattern": [88, 86], "threshold": null}, {"pattern": [132], "threshold": null}, {"pattern": [16, 90], "threshold": null}, {"pattern": [86], "threshold": null}, {"pattern": [120], "threshold": null}, {"pattern": [16, 88], "threshold": null}, {"pattern": [25, 188], "threshold": null}, {"pattern": [196], "threshold": null}, {"pattern": [208, 212], "threshold": null}, {"pattern": [103], "threshold": null}, {"pattern": [212, 188], "threshold": null}, {"pattern": [13], "threshold": null}, {"pattern": [88], "threshold": null}, {"pattern": [217, 158], "threshold": null}, {"pattern": [217, 188], "threshold": null}, {"pattern": [230], "threshold": null}, {"pattern": [90, 116], "threshold": null}, {"pattern": [54], "threshold": null}, {"pattern": [25, 215], "threshold": null}, {"pattern": [188], "threshold": null}, {"pattern": [237], "threshold": null}, {"pattern": [158], "threshold": null}, {"pattern": [65], "threshold": null}, {"pattern": [88, 180], "threshold": null}, {"pattern": [211, 212], "threshold": null}, {"pattern": [248, 25], "threshold": null}, {"pattern": [25], "threshold": null}, {"pattern": [212], "threshold": null}]}, {"config": {"code_name": "[OS CM CC][Len SSize MFit CAtom][GNone]", "population_size": 100, "evaluation_budget": 10000, "cluster_info_file_name": "C:\\Users\\gac8\\PycharmProjects\\PSSearch\\retail_forecasting_data_collection\\data\\cluster_info_250_random.pkl", "use_custom_sampling_operator": false, "use_custom_mutation_operator": true, "use_custom_crossover_operator": true, "use_custom_atomicity": true, "genome_threshold": null, "include_ps_len": true, "include_sample_quantity": true, "include_wasserstein_distance": false, "include_diff_median": false, "include_atomicity": true, "include_p_value": false, "include_mean_fitness": true, "include_variance": false}, "results": [{"pattern": [81, 65], "threshold": null}, {"pattern": [65], "threshold": null}, {"pattern": [27, 181], "threshold": null}, {"pattern": [132], "threshold": null}, {"pattern": [86], "threshold": null}, {"pattern": [67, 77], "threshold": null}, {"pattern": [188], "threshold": null}, {"pattern": [13], "threshold": null}, {"pattern": [90, 132], "threshold": null}, {"pattern": [81, 215], "threshold": null}, {"pattern": [208, 65], "threshold": null}, {"pattern": [88], "threshold": null}, {"pattern": [88, 116], "threshold": null}, {"pattern": [42, 63], "threshold": null}, {"pattern": [13, 127], "threshold": null}, {"pattern": [196], "threshold": null}, {"pattern": [61, 173], "threshold": null}, {"pattern": [180, 116], "threshold": null}, {"pattern": [221, 206], "threshold": null}, {"pattern": [54], "threshold": null}, {"pattern": [146, 39], "threshold": null}, {"pattern": [212], "threshold": null}, {"pattern": [237], "threshold": null}, {"pattern": [248, 221], "threshold": null}, {"pattern": [132, 55], "threshold": null}, {"pattern": [88, 63], "threshold": null}, {"pattern": [13, 63], "threshold": null}, {"pattern": [232, 63], "threshold": null}, {"pattern": [50, 86], "threshold": null}, {"pattern": [158], "threshold": null}, {"pattern": [65, 50], "threshold": null}, {"pattern": [235, 158], "threshold": null}, {"pattern": [232, 207], "threshold": null}, {"pattern": [171, 180], "threshold": null}, {"pattern": [16, 139], "threshold": null}, {"pattern": [180, 134], "threshold": null}, {"pattern": [230], "threshold": null}, {"pattern": [212, 215], "threshold": null}, {"pattern": [205, 38], "threshold": null}, {"pattern": [90, 86], "threshold": null}, {"pattern": [25], "threshold": null}, {"pattern": [61, 30], "threshold": null}, {"pattern": [224, 55], "threshold": null}, {"pattern": [45], "threshold": null}, {"pattern": [86, 127], "threshold": null}, {"pattern": [19, 103], "threshold": null}, {"pattern": [16, 164], "threshold": null}, {"pattern": [92, 165], "threshold": null}, {"pattern": [204, 158], "threshold": null}, {"pattern": [208, 212], "threshold": null}, {"pattern": [139, 165], "threshold": null}, {"pattern": [25, 90], "threshold": null}, {"pattern": [34, 116], "threshold": null}, {"pattern": [101, 149], "threshold": null}, {"pattern": [212, 164], "threshold": null}, {"pattern": [103], "threshold": null}, {"pattern": [120], "threshold": null}, {"pattern": [25, 196], "threshold": null}, {"pattern": [90, 13], "threshold": null}]}, {"config": {"code_name": "[CS OM CC][Len SSize MFit CAtom][GNone]", "population_size": 100, "evaluation_budget": 10000, "cluster_info_file_name": "C:\\Users\\gac8\\PycharmProjects\\PSSearch\\retail_forecasting_data_collection\\data\\cluster_info_250_random.pkl", "use_custom_sampling_operator": true, "use_custom_mutation_operator": false, "use_custom_crossover_operator": true, "use_custom_atomicity": true, "genome_threshold": null, "include_ps_len": true, "include_sample_quantity": true, "include_wasserstein_distance": false, "include_diff_median": false, "include_atomicity": true, "include_p_value": false, "include_mean_fitness": true, "include_variance": false}, "results": [{"pattern": [132, 188, 103, 215], "threshold": null}, {"pattern": [65], "threshold": null}, {"pattern": [162, 221], "threshold": null}, {"pattern": [188, 53, 215], "threshold": null}, {"pattern": [16, 188], "threshold": null}, {"pattern": [34], "threshold": null}, {"pattern": [132, 235, 188], "threshold": null}, {"pattern": [132, 188, 215], "threshold": null}, {"pattern": [196, 188, 13, 158], "threshold": null}, {"pattern": [188], "threshold": null}, {"pattern": [16, 34, 188], "threshold": null}, {"pattern": [13], "threshold": null}, {"pattern": [212, 86, 103, 188, 13], "threshold": null}, {"pattern": [221, 215], "threshold": null}, {"pattern": [188, 13, 103], "threshold": null}, {"pattern": [76, 190], "threshold": null}, {"pattern": [188, 158, 215], "threshold": null}, {"pattern": [162, 188, 13], "threshold": null}, {"pattern": [196, 188, 237], "threshold": null}, {"pattern": [196], "threshold": null}, {"pattern": [186, 221], "threshold": null}, {"pattern": [184, 221], "threshold": null}, {"pattern": [167, 188, 215], "threshold": null}, {"pattern": [188, 63, 215], "threshold": null}, {"pattern": [212, 188, 13, 158], "threshold": null}, {"pattern": [217, 188, 13], "threshold": null}, {"pattern": [221, 158, 215], "threshold": null}, {"pattern": [184, 188, 221], "threshold": null}, {"pattern": [116, 188], "threshold": null}, {"pattern": [34, 76], "threshold": null}, {"pattern": [88, 13], "threshold": null}, {"pattern": [76], "threshold": null}, {"pattern": [16, 232, 188], "threshold": null}, {"pattern": [13, 167], "threshold": null}, {"pattern": [88, 13, 86], "threshold": null}, {"pattern": [65, 13], "threshold": null}, {"pattern": [162, 212, 221], "threshold": null}, {"pattern": [204, 196], "threshold": null}, {"pattern": [13, 134], "threshold": null}, {"pattern": [202, 188, 215], "threshold": null}, {"pattern": [34, 188, 87], "threshold": null}, {"pattern": [132, 188], "threshold": null}, {"pattern": [16, 212, 188, 13], "threshold": null}, {"pattern": [65, 13, 158], "threshold": null}, {"pattern": [241, 13], "threshold": null}, {"pattern": [132, 188, 86, 215], "threshold": null}, {"pattern": [235, 188, 215], "threshold": null}, {"pattern": [25, 188], "threshold": null}, {"pattern": [212, 188, 13], "threshold": null}, {"pattern": [188, 13, 158, 215], "threshold": null}, {"pattern": [65, 188, 221, 215], "threshold": null}, {"pattern": [65, 29], "threshold": null}, {"pattern": [188, 13, 158], "threshold": null}, {"pattern": [132, 188, 25], "threshold": null}, {"pattern": [113], "threshold": null}, {"pattern": [212, 221], "threshold": null}, {"pattern": [188, 13, 86, 103], "threshold": null}, {"pattern": [217, 196], "threshold": null}, {"pattern": [132, 188, 86], "threshold": null}, {"pattern": [241, 196, 188], "threshold": null}, {"pattern": [212, 241, 196, 188], "threshold": null}, {"pattern": [196, 215], "threshold": null}, {"pattern": [116, 25, 188], "threshold": null}, {"pattern": [188, 13], "threshold": null}, {"pattern": [190], "threshold": null}, {"pattern": [241, 188, 212], "threshold": null}, {"pattern": [34, 87], "threshold": null}, {"pattern": [25, 188, 13], "threshold": null}, {"pattern": [188, 215], "threshold": null}, {"pattern": [188, 13, 215], "threshold": null}, {"pattern": [196, 188, 13, 215], "threshold": null}, {"pattern": [132, 188, 13], "threshold": null}, {"pattern": [61, 221], "threshold": null}, {"pattern": [188, 13, 86], "threshold": null}, {"pattern": [149], "threshold": null}, {"pattern": [221, 158], "threshold": null}]}, {"config": {"code_name": "[CS CM OC][Len SSize MFit CAtom][GNone]", "population_size": 100, "evaluation_budget": 10000, "cluster_info_file_name": "C:\\Users\\gac8\\PycharmProjects\\PSSearch\\retail_forecasting_data_collection\\data\\cluster_info_250_random.pkl", "use_custom_sampling_operator": true, "use_custom_mutation_operator": true, "use_custom_crossover_operator": false, "use_custom_atomicity": true, "genome_threshold": null, "include_ps_len": true, "include_sample_quantity": true, "include_wasserstein_distance": false, "include_diff_median": false, "include_atomicity": true, "include_p_value": false, "include_mean_fitness": true, "include_variance": false}, "results": [{"pattern": [162, 221], "threshold": null}, {"pattern": [65], "threshold": null}, {"pattern": [25, 245], "threshold": null}, {"pattern": [132], "threshold": null}, {"pattern": [177, 103], "threshold": null}, {"pattern": [188, 103], "threshold": null}, {"pattern": [65, 221], "threshold": null}, {"pattern": [241, 90], "threshold": null}, {"pattern": [86], "threshold": null}, {"pattern": [188], "threshold": null}, {"pattern": [13], "threshold": null}, {"pattern": [179, 71], "threshold": null}, {"pattern": [88], "threshold": null}, {"pattern": [196], "threshold": null}, {"pattern": [25, 116], "threshold": null}, {"pattern": [54], "threshold": null}, {"pattern": [237], "threshold": null}, {"pattern": [212], "threshold": null}, {"pattern": [162, 215], "threshold": null}, {"pattern": [237, 86], "threshold": null}, {"pattern": [24, 181], "threshold": null}, {"pattern": [132, 13], "threshold": null}, {"pattern": [158], "threshold": null}, {"pattern": [184, 132], "threshold": null}, {"pattern": [212, 190], "threshold": null}, {"pattern": [74, 132], "threshold": null}, {"pattern": [212, 180], "threshold": null}, {"pattern": [25, 52], "threshold": null}, {"pattern": [248, 103], "threshold": null}, {"pattern": [230], "threshold": null}, {"pattern": [119, 63], "threshold": null}, {"pattern": [69, 29], "threshold": null}, {"pattern": [212, 132], "threshold": null}, {"pattern": [65, 188], "threshold": null}, {"pattern": [193, 215], "threshold": null}, {"pattern": [25], "threshold": null}, {"pattern": [88, 103], "threshold": null}, {"pattern": [49, 212], "threshold": null}, {"pattern": [45], "threshold": null}, {"pattern": [25, 215], "threshold": null}, {"pattern": [139, 151], "threshold": null}, {"pattern": [180, 245], "threshold": null}, {"pattern": [109, 38], "threshold": null}, {"pattern": [235, 103], "threshold": null}, {"pattern": [103], "threshold": null}, {"pattern": [132, 215], "threshold": null}, {"pattern": [120], "threshold": null}, {"pattern": [90, 196], "threshold": null}, {"pattern": [221, 61], "threshold": null}, {"pattern": [37, 38], "threshold": null}]}]}