{"extra_info": {"version": "fallback_v1", "seed": 84}, "data": [{"config": {"code_name": "[CS CM CC][Len SSize MFit CAtom][GNone]", "population_size": 100, "evaluation_budget": 10000, "cluster_info_file_name": "C:\\Users\\gac8\\PycharmProjects\\PSSearch\\retail_forecasting_data_collection\\data\\cluster_info_250_random.pkl", "use_custom_sampling_operator": true, "use_custom_mutation_operator": true, "use_custom_crossover_operator": true, "use_custom_atomicity": true, "genome_threshold": null, "include_ps_len": true, "include_sample_quantity": true, "include_wasserstein_distance": false, "include_diff_median": false, "include_atomicity": true, "include_p_value": false, "include_mean_fitness": true, "include_variance": false}, "results": [{"pattern": [196, 180], "threshold": null}, {"pattern": [237], "threshold": null}, {"pattern": [211, 132], "threshold": null}, {"pattern": [215, 55], "threshold": null}, {"pattern": [158, 103], "threshold": null}, {"pattern": [77, 134], "threshold": null}, {"pattern": [65, 90], "threshold": null}, {"pattern": [132, 237], "threshold": null}, {"pattern": [16, 34], "threshold": null}, {"pattern": [88, 132], "threshold": null}, {"pattern": [196], "threshold": null}, {"pattern": [88], "threshold": null}, {"pattern": [221, 55], "threshold": null}, {"pattern": [65, 237], "threshold": null}, {"pattern": [196, 188], "threshold": null}, {"pattern": [27, 180], "threshold": null}, {"pattern": [25], "threshold": null}, {"pattern": [92, 165], "threshold": null}, {"pattern": [24, 127], "threshold": null}, {"pattern": [188, 180], "threshold": null}, {"pattern": [86], "threshold": null}, {"pattern": [204, 158], "threshold": null}, {"pattern": [190, 87], "threshold": null}, {"pattern": [177, 212], "threshold": null}, {"pattern": [157, 173], "threshold": null}, {"pattern": [217], "threshold": null}, {"pattern": [11, 109], "threshold": null}, {"pattern": [188], "threshold": null}, {"pattern": [188, 109], "threshold": null}, {"pattern": [180, 63], "threshold": null}, {"pattern": [34, 4], "threshold": null}, {"pattern": [132], "threshold": null}, {"pattern": [212], "threshold": null}, {"pattern": [45], "threshold": null}, {"pattern": [65, 188], "threshold": null}, {"pattern": [13, 86], "threshold": null}, {"pattern": [120], "threshold": null}, {"pattern": [56, 237], "threshold": null}, {"pattern": [65], "threshold": null}, {"pattern": [208, 47], "threshold": null}, {"pattern": [13], "threshold": null}, {"pattern": [16, 158], "threshold": null}, {"pattern": [61, 173], "threshold": null}, {"pattern": [158], "threshold": null}, {"pattern": [103], "threshold": null}, {"pattern": [21, 13], "threshold": null}, {"pattern": [24, 215], "threshold": null}, {"pattern": [18, 63], "threshold": null}, {"pattern": [54], "threshold": null}]}, {"config": {"code_name": "[CS CM CC][SSize MFit CAtom][GNone]", "population_size": 100, "evaluation_budget": 10000, "cluster_info_file_name": "C:\\Users\\gac8\\PycharmProjects\\PSSearch\\retail_forecasting_data_collection\\data\\cluster_info_250_random.pkl", "use_custom_sampling_operator": true, "use_custom_mutation_operator": true, "use_custom_crossover_operator": true, "use_custom_atomicity": true, "genome_threshold": null, "include_ps_len": false, "include_sample_quantity": true, "include_wasserstein_distance": false, "include_diff_median": false, "include_atomicity": true, "include_p_value": false, "include_mean_fitness": true, "include_variance": false}, "results": [{"pattern": [196, 134], "threshold": null}, {"pattern": [86], "threshold": null}, {"pattern": [245, 87], "threshold": null}, {"pattern": [76, 190], "threshold": null}, {"pattern": [103], "threshold": null}, {"pattern": [196], "threshold": null}, {"pattern": [13], "threshold": null}, {"pattern": [208, 47], "threshold": null}, {"pattern": [212, 132], "threshold": null}, {"pattern": [205, 119], "threshold": null}, {"pattern": [53, 158], "threshold": null}, {"pattern": [158], "threshold": null}, {"pattern": [74, 103], "threshold": null}, {"pattern": [132], "threshold": null}, {"pattern": [188], "threshold": null}, {"pattern": [193, 212, 196], "threshold": null}, {"pattern": [88], "threshold": null}, {"pattern": [180, 173], "threshold": null}, {"pattern": [65], "threshold": null}, {"pattern": [215, 63], "threshold": null}, {"pattern": [180, 237], "threshold": null}, {"pattern": [16, 164], "threshold": null}, {"pattern": [211, 196], "threshold": null}, {"pattern": [177, 132], "threshold": null}, {"pattern": [241, 245], "threshold": null}, {"pattern": [202, 235], "threshold": null}, {"pattern": [212], "threshold": null}, {"pattern": [56, 38], "threshold": null}, {"pattern": [196, 173], "threshold": null}, {"pattern": [205, 87], "threshold": null}, {"pattern": [158, 215], "threshold": null}, {"pattern": [16, 139], "threshold": null}, {"pattern": [65, 171], "threshold": null}, {"pattern": [212, 38], "threshold": null}, {"pattern": [241, 53], "threshold": null}, {"pattern": [208, 167], "threshold": null}, {"pattern": [196, 167], "threshold": null}]}, {"config": {"code_name": "[CS CM CC][Len MFit CAtom][GNone]", "population_size": 100, "evaluation_budget": 10000, "cluster_info_file_name": "C:\\Users\\gac8\\PycharmProjects\\PSSearch\\retail_forecasting_data_collection\\data\\cluster_info_250_random.pkl", "use_custom_sampling_operator": true, "use_custom_mutation_operator": true, "use_custom_crossover_operator": true, "use_custom_atomicity": true, "genome_threshold": null, "include_ps_len": true, "include_sample_quantity": false, "include_wasserstein_distance": false, "include_diff_median": false, "include_atomicity": true, "include_p_value": false, "include_mean_fitness": true, "include_variance": false}, "results": [{"pattern": [25, 63], "threshold": null}, {"pattern": [184, 87], "threshold": null}, {"pattern": [237, 103], "threshold": null}, {"pattern": [232, 52], "threshold": null}, {"pattern": [241, 167], "threshold": null}, {"pattern": [232, 109], "threshold": null}, {"pattern": [27, 204], "threshold": null}, {"pattern": [120], "threshold": null}, {"pattern": [80, 52], "threshold": null}]}, {"config": {"code_name": "[CS CM CC][Len SSize CAtom][GNone]", "population_size": 100, "evaluation_budget": 10000, "cluster_info_file_name": "C:\\Users\\gac8\\PycharmProjects\\PSSearch\\retail_forecasting_data_collection\\data\\cluster_info_250_random.pkl", "use_custom_sampling_operator": true, "use_custom_mutation_operator": true, "use_custom_crossover_operator": true, "use_custom_atomicity": true, "genome_threshold": null, "include_ps_len": true, "include_sample_quantity": true, "include_wasserstein_distance": false, "include_diff_median": false, "include_atomicity": true, "include_p_value": false, "include_mean_fitness": false, "include_variance": false}, "results": [{"pattern": [232, 87], "threshold": null}, {"pattern": [202, 188], "threshold": null}, {"pattern": [139, 165], "threshold": null}, {"pattern": [212, 86], "threshold": null}, {"pattern": [43, 101], "threshold": null}, {"pattern": [17, 30], "threshold": null}, {"pattern": [188], "threshold": null}, {"pattern": [188, 205], "threshold": null}, {"pattern": [87, 63], "threshold": null}, {"pattern": [132, 244], "threshold": null}]}, {"config": {"code_name": "[CS CM CC][Len SSize MFit][GNone]", "population_size": 100, "evaluation_budget": 10000, "cluster_info_file_name": "C:\\Users\\gac8\\PycharmProjects\\PSSearch\\retail_forecasting_data_collection\\data\\cluster_info_250_random.pkl", "use_custom_sampling_operator": true, "use_custom_mutation_operator": true, "use_custom_crossover_operator": true, "use_custom_atomicity": true, "genome_threshold": null, "include_ps_len": true, "include_sample_quantity": true, "include_wasserstein_distance": false, "include_diff_median": false, "include_atomicity": false, "include_p_value": false, "include_mean_fitness": true, "include_variance": false}, "results": [{"pattern": [188, 103], "threshold": null}, {"pattern": [54], "threshold": null}, {"pattern": [25], "threshold": null}, {"pattern": [217], "threshold": null}, {"pattern": [25, 212], "threshold": null}, {"pattern": [158], "threshold": null}, {"pattern": [196, 63], "threshold": null}, {"pattern": [196, 167], "threshold": null}, {"pattern": [13, 134], "threshold": null}, {"pattern": [196], "threshold": null}, {"pattern": [237], "threshold": null}, {"pattern": [65], "threshold": null}, {"pattern": [93, 103], "threshold": null}, {"pattern": [45], "threshold": null}, {"pattern": [13], "threshold": null}, {"pattern": [86], "threshold": null}, {"pattern": [212], "threshold": null}, {"pattern": [88], "threshold": null}, {"pattern": [65, 196, 188], "threshold": null}, {"pattern": [132], "threshold": null}, {"pattern": [103], "threshold": null}, {"pattern": [217, 13], "threshold": null}, {"pattern": [25, 215], "threshold": null}, {"pattern": [188], "threshold": null}, {"pattern": [120], "threshold": null}, {"pattern": [90, 196], "threshold": null}]}, {"config": {"code_name": "[OS CM CC][Len SSize MFit CAtom][GNone]", "population_size": 100, "evaluation_budget": 10000, "cluster_info_file_name": "C:\\Users\\gac8\\PycharmProjects\\PSSearch\\retail_forecasting_data_collection\\data\\cluster_info_250_random.pkl", "use_custom_sampling_operator": false, "use_custom_mutation_operator": true, "use_custom_crossover_operator": true, "use_custom_atomicity": true, "genome_threshold": null, "include_ps_len": true, "include_sample_quantity": true, "include_wasserstein_distance": false, "include_diff_median": false, "include_atomicity": true, "include_p_value": false, "include_mean_fitness": true, "include_variance": false}, "results": [{"pattern": [232, 52], "threshold": null}, {"pattern": [81, 188], "threshold": null}, {"pattern": [38, 87], "threshold": null}, {"pattern": [237], "threshold": null}, {"pattern": [24, 101], "threshold": null}, {"pattern": [217, 132], "threshold": null}, {"pattern": [192, 135], "threshold": null}, {"pattern": [158, 167], "threshold": null}, {"pattern": [16, 132], "threshold": null}, {"pattern": [196], "threshold": null}, {"pattern": [88], "threshold": null}, {"pattern": [25], "threshold": null}, {"pattern": [27, 181], "threshold": null}, {"pattern": [162, 13], "threshold": null}, {"pattern": [90, 103], "threshold": null}, {"pattern": [165, 63], "threshold": null}, {"pattern": [86, 63], "threshold": null}, {"pattern": [221, 13], "threshold": null}, {"pattern": [86], "threshold": null}, {"pattern": [25, 13], "threshold": null}, {"pattern": [217], "threshold": null}, {"pattern": [50, 151], "threshold": null}, {"pattern": [188], "threshold": null}, {"pattern": [92, 158], "threshold": null}, {"pattern": [16, 13], "threshold": null}, {"pattern": [232, 132], "threshold": null}, {"pattern": [34, 4], "threshold": null}, {"pattern": [65, 27], "threshold": null}, {"pattern": [132], "threshold": null}, {"pattern": [212], "threshold": null}, {"pattern": [45], "threshold": null}, {"pattern": [120], "threshold": null}, {"pattern": [56, 237], "threshold": null}, {"pattern": [65], "threshold": null}, {"pattern": [196, 63], "threshold": null}, {"pattern": [13], "threshold": null}, {"pattern": [217, 180], "threshold": null}, {"pattern": [158, 38], "threshold": null}, {"pattern": [208, 139], "threshold": null}, {"pattern": [146, 101], "threshold": null}, {"pattern": [30, 63], "threshold": null}, {"pattern": [209, 202], "threshold": null}, {"pattern": [158], "threshold": null}, {"pattern": [181, 158], "threshold": null}, {"pattern": [16, 63], "threshold": null}, {"pattern": [155, 134], "threshold": null}, {"pattern": [202, 158], "threshold": null}, {"pattern": [103], "threshold": null}, {"pattern": [204, 92], "threshold": null}, {"pattern": [204, 237], "threshold": null}, {"pattern": [54], "threshold": null}, {"pattern": [180, 13], "threshold": null}, {"pattern": [212, 180], "threshold": null}]}, {"config": {"code_name": "[CS OM CC][Len SSize MFit CAtom][GNone]", "population_size": 100, "evaluation_budget": 10000, "cluster_info_file_name": "C:\\Users\\gac8\\PycharmProjects\\PSSearch\\retail_forecasting_data_collection\\data\\cluster_info_250_random.pkl", "use_custom_sampling_operator": true, "use_custom_mutation_operator": false, "use_custom_crossover_operator": true, "use_custom_atomicity": true, "genome_threshold": null, "include_ps_len": true, "include_sample_quantity": true, "include_wasserstein_distance": false, "include_diff_median": false, "include_atomicity": true, "include_p_value": false, "include_mean_fitness": true, "include_variance": false}, "results": [{"pattern": [180, 86, 215], "threshold": null}, {"pattern": [88, 180], "threshold": null}, {"pattern": [196, 103], "threshold": null}, {"pattern": [232, 116], "threshold": null}, {"pattern": [116, 188], "threshold": null}, {"pattern": [65, 180, 188, 215], "threshold": null}, {"pattern": [195, 39], "threshold": null}, {"pattern": [196, 103, 215], "threshold": null}, {"pattern": [211, 196], "threshold": null}, {"pattern": [88, 196, 86], "threshold": null}, {"pattern": [188, 180, 215], "threshold": null}, {"pattern": [196, 134, 215], "threshold": null}, {"pattern": [196], "threshold": null}, {"pattern": [91, 142], "threshold": null}, {"pattern": [88, 196, 215], "threshold": null}, {"pattern": [88], "threshold": null}, {"pattern": [25, 188, 215], "threshold": null}, {"pattern": [134, 215], "threshold": null}, {"pattern": [180, 13, 215], "threshold": null}, {"pattern": [88, 196], "threshold": null}, {"pattern": [16, 188, 167], "threshold": null}, {"pattern": [245, 215], "threshold": null}, {"pattern": [180, 215], "threshold": null}, {"pattern": [196, 215], "threshold": null}, {"pattern": [221, 215], "threshold": null}, {"pattern": [177, 188], "threshold": null}, {"pattern": [88, 215], "threshold": null}, {"pattern": [65, 188, 180], "threshold": null}, {"pattern": [232, 105], "threshold": null}, {"pattern": [55, 103], "threshold": null}, {"pattern": [171, 188, 158], "threshold": null}, {"pattern": [193, 135], "threshold": null}, {"pattern": [136], "threshold": null}, {"pattern": [188], "threshold": null}, {"pattern": [74, 91], "threshold": null}, {"pattern": [65, 196, 215], "threshold": null}, {"pattern": [50, 139], "threshold": null}, {"pattern": [153, 196], "threshold": null}, {"pattern": [196, 29], "threshold": null}, {"pattern": [86, 171, 188, 158], "threshold": null}, {"pattern": [188, 158], "threshold": null}, {"pattern": [65, 188], "threshold": null}, {"pattern": [180, 37], "threshold": null}, {"pattern": [91, 215], "threshold": null}, {"pattern": [193, 215], "threshold": null}, {"pattern": [27, 196], "threshold": null}, {"pattern": [16, 188], "threshold": null}, {"pattern": [217, 180], "threshold": null}, {"pattern": [188, 205], "threshold": null}, {"pattern": [65, 171, 86], "threshold": null}, {"pattern": [193, 157], "threshold": null}, {"pattern": [188, 196, 103, 215], "threshold": null}, {"pattern": [171, 188], "threshold": null}, {"pattern": [103], "threshold": null}, {"pattern": [65, 188, 215], "threshold": null}, {"pattern": [196, 180, 215], "threshold": null}, {"pattern": [25, 215], "threshold": null}, {"pattern": [232, 109], "threshold": null}, {"pattern": [27, 204], "threshold": null}, {"pattern": [88, 212, 180], "threshold": null}, {"pattern": [54], "threshold": null}, {"pattern": [90, 139, 188], "threshold": null}, {"pattern": [139, 188], "threshold": null}, {"pattern": [162, 215], "threshold": null}]}, {"config": {"code_name": "[CS CM OC][Len SSize MFit CAtom][GNone]", "population_size": 100, "evaluation_budget": 10000, "cluster_info_file_name": "C:\\Users\\gac8\\PycharmProjects\\PSSearch\\retail_forecasting_data_collection\\data\\cluster_info_250_random.pkl", "use_custom_sampling_operator": true, "use_custom_mutation_operator": true, "use_custom_crossover_operator": false, "use_custom_atomicity": true, "genome_threshold": null, "include_ps_len": true, "include_sample_quantity": true, "include_wasserstein_distance": false, "include_diff_median": false, "include_atomicity": true, "include_p_value": false, "include_mean_fitness": true, "include_variance": false}, "results": [{"pattern": [16, 212], "threshold": null}, {"pattern": [226, 103], "threshold": null}, {"pattern": [196, 103], "threshold": null}, {"pattern": [188, 215], "threshold": null}, {"pattern": [237], "threshold": null}, {"pattern": [211, 134], "threshold": null}, {"pattern": [137, 61], "threshold": null}, {"pattern": [244, 239], "threshold": null}, {"pattern": [217, 196], "threshold": null}, {"pattern": [87, 63], "threshold": null}, {"pattern": [134, 55], "threshold": null}, {"pattern": [25, 63], "threshold": null}, {"pattern": [196], "threshold": null}, {"pattern": [50, 245], "threshold": null}, {"pattern": [88], "threshold": null}, {"pattern": [193, 90], "threshold": null}, {"pattern": [65, 241], "threshold": null}, {"pattern": [25], "threshold": null}, {"pattern": [157, 215], "threshold": null}, {"pattern": [35, 109], "threshold": null}, {"pattern": [86], "threshold": null}, {"pattern": [35, 52], "threshold": null}, {"pattern": [76, 61], "threshold": null}, {"pattern": [217], "threshold": null}, {"pattern": [193, 86], "threshold": null}, {"pattern": [184, 196], "threshold": null}, {"pattern": [188], "threshold": null}, {"pattern": [221, 63], "threshold": null}, {"pattern": [13, 167], "threshold": null}, {"pattern": [92, 158], "threshold": null}, {"pattern": [139, 116], "threshold": null}, {"pattern": [181, 127], "threshold": null}, {"pattern": [25, 158], "threshold": null}, {"pattern": [132], "threshold": null}, {"pattern": [45], "threshold": null}, {"pattern": [212], "threshold": null}, {"pattern": [232, 119], "threshold": null}, {"pattern": [202, 103], "threshold": null}, {"pattern": [120], "threshold": null}, {"pattern": [116, 134], "threshold": null}, {"pattern": [65], "threshold": null}, {"pattern": [13], "threshold": null}, {"pattern": [16, 188], "threshold": null}, {"pattern": [162, 188], "threshold": null}, {"pattern": [158], "threshold": null}, {"pattern": [188, 103], "threshold": null}, {"pattern": [186, 13], "threshold": null}, {"pattern": [103], "threshold": null}, {"pattern": [188, 92], "threshold": null}, {"pattern": [54], "threshold": null}, {"pattern": [202, 63], "threshold": null}]}]}