{"extra_info": {"version": "fallback_v1", "seed": 76}, "data": [{"config": {"code_name": "[CS CM CC][Len SSize MFit CAtom][GNone]", "population_size": 100, "evaluation_budget": 10000, "cluster_info_file_name": "C:\\Users\\gac8\\PycharmProjects\\PSSearch\\retail_forecasting_data_collection\\data\\cluster_info_250_random.pkl", "use_custom_sampling_operator": true, "use_custom_mutation_operator": true, "use_custom_crossover_operator": true, "use_custom_atomicity": true, "genome_threshold": null, "include_ps_len": true, "include_sample_quantity": true, "include_wasserstein_distance": false, "include_diff_median": false, "include_atomicity": true, "include_p_value": false, "include_mean_fitness": true, "include_variance": false}, "results": [{"pattern": [54], "threshold": null}, {"pattern": [13], "threshold": null}, {"pattern": [162, 196], "threshold": null}, {"pattern": [158], "threshold": null}, {"pattern": [164, 103], "threshold": null}, {"pattern": [245, 134], "threshold": null}, {"pattern": [224, 244], "threshold": null}, {"pattern": [103], "threshold": null}, {"pattern": [13, 181], "threshold": null}, {"pattern": [195, 13], "threshold": null}, {"pattern": [188, 13], "threshold": null}, {"pattern": [224, 202], "threshold": null}, {"pattern": [196, 237], "threshold": null}, {"pattern": [188, 86], "threshold": null}, {"pattern": [212], "threshold": null}, {"pattern": [50, 86], "threshold": null}, {"pattern": [81, 63], "threshold": null}, {"pattern": [25], "threshold": null}, {"pattern": [88], "threshold": null}, {"pattern": [196], "threshold": null}, {"pattern": [212, 116], "threshold": null}, {"pattern": [212, 69], "threshold": null}, {"pattern": [208, 215], "threshold": null}, {"pattern": [61, 190], "threshold": null}, {"pattern": [53, 86], "threshold": null}, {"pattern": [208, 50], "threshold": null}, {"pattern": [56, 63], "threshold": null}, {"pattern": [25, 103], "threshold": null}, {"pattern": [76, 190], "threshold": null}, {"pattern": [34, 38], "threshold": null}, {"pattern": [188], "threshold": null}, {"pattern": [230], "threshold": null}, {"pattern": [237], "threshold": null}, {"pattern": [132, 63], "threshold": null}, {"pattern": [233, 18], "threshold": null}, {"pattern": [86], "threshold": null}, {"pattern": [217, 158], "threshold": null}, {"pattern": [65], "threshold": null}, {"pattern": [196, 103], "threshold": null}, {"pattern": [65, 27], "threshold": null}, {"pattern": [45], "threshold": null}, {"pattern": [120], "threshold": null}, {"pattern": [88, 196], "threshold": null}, {"pattern": [116, 87], "threshold": null}, {"pattern": [132], "threshold": null}, {"pattern": [88, 212], "threshold": null}]}, {"config": {"code_name": "[CS CM CC][SSize MFit CAtom][GNone]", "population_size": 100, "evaluation_budget": 10000, "cluster_info_file_name": "C:\\Users\\gac8\\PycharmProjects\\PSSearch\\retail_forecasting_data_collection\\data\\cluster_info_250_random.pkl", "use_custom_sampling_operator": true, "use_custom_mutation_operator": true, "use_custom_crossover_operator": true, "use_custom_atomicity": true, "genome_threshold": null, "include_ps_len": false, "include_sample_quantity": true, "include_wasserstein_distance": false, "include_diff_median": false, "include_atomicity": true, "include_p_value": false, "include_mean_fitness": true, "include_variance": false}, "results": [{"pattern": [34, 38], "threshold": null}, {"pattern": [196], "threshold": null}, {"pattern": [202, 188, 13], "threshold": null}, {"pattern": [65], "threshold": null}, {"pattern": [65, 25], "threshold": null}, {"pattern": [132], "threshold": null}, {"pattern": [221, 158], "threshold": null}, {"pattern": [13], "threshold": null}, {"pattern": [212, 13], "threshold": null}, {"pattern": [188, 132], "threshold": null}, {"pattern": [196, 188], "threshold": null}, {"pattern": [237, 63], "threshold": null}, {"pattern": [241, 50], "threshold": null}, {"pattern": [188, 167], "threshold": null}, {"pattern": [217, 13], "threshold": null}, {"pattern": [50, 158], "threshold": null}, {"pattern": [212], "threshold": null}, {"pattern": [134, 87], "threshold": null}, {"pattern": [86], "threshold": null}, {"pattern": [249, 43], "threshold": null}, {"pattern": [132, 103], "threshold": null}, {"pattern": [16, 151], "threshold": null}, {"pattern": [88, 180], "threshold": null}, {"pattern": [158, 86], "threshold": null}, {"pattern": [224, 212], "threshold": null}, {"pattern": [184, 30], "threshold": null}, {"pattern": [65, 188], "threshold": null}, {"pattern": [16, 90], "threshold": null}, {"pattern": [27, 180], "threshold": null}, {"pattern": [16, 167], "threshold": null}, {"pattern": [237], "threshold": null}, {"pattern": [35, 68], "threshold": null}, {"pattern": [81, 132], "threshold": null}, {"pattern": [249, 146], "threshold": null}, {"pattern": [25, 134], "threshold": null}, {"pattern": [16, 34], "threshold": null}, {"pattern": [158], "threshold": null}, {"pattern": [188], "threshold": null}, {"pattern": [221, 134], "threshold": null}]}, {"config": {"code_name": "[CS CM CC][Len MFit CAtom][GNone]", "population_size": 100, "evaluation_budget": 10000, "cluster_info_file_name": "C:\\Users\\gac8\\PycharmProjects\\PSSearch\\retail_forecasting_data_collection\\data\\cluster_info_250_random.pkl", "use_custom_sampling_operator": true, "use_custom_mutation_operator": true, "use_custom_crossover_operator": true, "use_custom_atomicity": true, "genome_threshold": null, "include_ps_len": true, "include_sample_quantity": false, "include_wasserstein_distance": false, "include_diff_median": false, "include_atomicity": true, "include_p_value": false, "include_mean_fitness": true, "include_variance": false}, "results": [{"pattern": [74, 68], "threshold": null}, {"pattern": [35, 68], "threshold": null}, {"pattern": [33, 75], "threshold": null}, {"pattern": [25, 116], "threshold": null}, {"pattern": [27, 19], "threshold": null}, {"pattern": [120], "threshold": null}, {"pattern": [16, 27], "threshold": null}, {"pattern": [211, 196], "threshold": null}, {"pattern": [217, 116], "threshold": null}, {"pattern": [116, 197], "threshold": null}, {"pattern": [134, 87], "threshold": null}]}, {"config": {"code_name": "[CS CM CC][Len SSize CAtom][GNone]", "population_size": 100, "evaluation_budget": 10000, "cluster_info_file_name": "C:\\Users\\gac8\\PycharmProjects\\PSSearch\\retail_forecasting_data_collection\\data\\cluster_info_250_random.pkl", "use_custom_sampling_operator": true, "use_custom_mutation_operator": true, "use_custom_crossover_operator": true, "use_custom_atomicity": true, "genome_threshold": null, "include_ps_len": true, "include_sample_quantity": true, "include_wasserstein_distance": false, "include_diff_median": false, "include_atomicity": true, "include_p_value": false, "include_mean_fitness": false, "include_variance": false}, "results": [{"pattern": [212, 180], "threshold": null}, {"pattern": [249, 146], "threshold": null}, {"pattern": [205, 119], "threshold": null}, {"pattern": [146, 212], "threshold": null}, {"pattern": [188], "threshold": null}, {"pattern": [188, 86], "threshold": null}]}, {"config": {"code_name": "[CS CM CC][Len SSize MFit][GNone]", "population_size": 100, "evaluation_budget": 10000, "cluster_info_file_name": "C:\\Users\\gac8\\PycharmProjects\\PSSearch\\retail_forecasting_data_collection\\data\\cluster_info_250_random.pkl", "use_custom_sampling_operator": true, "use_custom_mutation_operator": true, "use_custom_crossover_operator": true, "use_custom_atomicity": true, "genome_threshold": null, "include_ps_len": true, "include_sample_quantity": true, "include_wasserstein_distance": false, "include_diff_median": false, "include_atomicity": false, "include_p_value": false, "include_mean_fitness": true, "include_variance": false}, "results": [{"pattern": [237], "threshold": null}, {"pattern": [103], "threshold": null}, {"pattern": [230], "threshold": null}, {"pattern": [188], "threshold": null}, {"pattern": [27, 212], "threshold": null}, {"pattern": [27, 158], "threshold": null}, {"pattern": [132], "threshold": null}, {"pattern": [16, 27], "threshold": null}, {"pattern": [16, 212], "threshold": null}, {"pattern": [188, 134], "threshold": null}, {"pattern": [65], "threshold": null}, {"pattern": [241, 188, 13], "threshold": null}, {"pattern": [86], "threshold": null}, {"pattern": [65, 27], "threshold": null}, {"pattern": [88], "threshold": null}, {"pattern": [158], "threshold": null}, {"pattern": [25], "threshold": null}, {"pattern": [54], "threshold": null}, {"pattern": [86, 103], "threshold": null}, {"pattern": [212], "threshold": null}, {"pattern": [120], "threshold": null}, {"pattern": [158, 63], "threshold": null}, {"pattern": [45], "threshold": null}, {"pattern": [13], "threshold": null}, {"pattern": [212, 221], "threshold": null}, {"pattern": [196], "threshold": null}, {"pattern": [16, 25], "threshold": null}]}, {"config": {"code_name": "[OS CM CC][Len SSize MFit CAtom][GNone]", "population_size": 100, "evaluation_budget": 10000, "cluster_info_file_name": "C:\\Users\\gac8\\PycharmProjects\\PSSearch\\retail_forecasting_data_collection\\data\\cluster_info_250_random.pkl", "use_custom_sampling_operator": false, "use_custom_mutation_operator": true, "use_custom_crossover_operator": true, "use_custom_atomicity": true, "genome_threshold": null, "include_ps_len": true, "include_sample_quantity": true, "include_wasserstein_distance": false, "include_diff_median": false, "include_atomicity": true, "include_p_value": false, "include_mean_fitness": true, "include_variance": false}, "results": [{"pattern": [54], "threshold": null}, {"pattern": [13], "threshold": null}, {"pattern": [162, 196], "threshold": null}, {"pattern": [158], "threshold": null}, {"pattern": [25, 132], "threshold": null}, {"pattern": [180, 158], "threshold": null}, {"pattern": [103], "threshold": null}, {"pattern": [202, 215], "threshold": null}, {"pattern": [13, 134], "threshold": null}, {"pattern": [245, 190], "threshold": null}, {"pattern": [25, 235], "threshold": null}, {"pattern": [212, 93], "threshold": null}, {"pattern": [202, 162], "threshold": null}, {"pattern": [212], "threshold": null}, {"pattern": [202, 142], "threshold": null}, {"pattern": [25], "threshold": null}, {"pattern": [132, 158], "threshold": null}, {"pattern": [38, 87], "threshold": null}, {"pattern": [88], "threshold": null}, {"pattern": [196], "threshold": null}, {"pattern": [52, 103], "threshold": null}, {"pattern": [56, 246], "threshold": null}, {"pattern": [204, 63], "threshold": null}, {"pattern": [132, 215], "threshold": null}, {"pattern": [177, 212], "threshold": null}, {"pattern": [88, 245], "threshold": null}, {"pattern": [248, 158], "threshold": null}, {"pattern": [212, 61], "threshold": null}, {"pattern": [188], "threshold": null}, {"pattern": [50, 151], "threshold": null}, {"pattern": [230], "threshold": null}, {"pattern": [237], "threshold": null}, {"pattern": [81, 196], "threshold": null}, {"pattern": [232, 30], "threshold": null}, {"pattern": [86], "threshold": null}, {"pattern": [160, 245], "threshold": null}, {"pattern": [88, 132], "threshold": null}, {"pattern": [65], "threshold": null}, {"pattern": [196, 188], "threshold": null}, {"pattern": [45], "threshold": null}, {"pattern": [212, 86], "threshold": null}, {"pattern": [120], "threshold": null}, {"pattern": [212, 245], "threshold": null}, {"pattern": [90, 182], "threshold": null}, {"pattern": [88, 237], "threshold": null}, {"pattern": [158, 134], "threshold": null}, {"pattern": [132], "threshold": null}]}, {"config": {"code_name": "[CS OM CC][Len SSize MFit CAtom][GNone]", "population_size": 100, "evaluation_budget": 10000, "cluster_info_file_name": "C:\\Users\\gac8\\PycharmProjects\\PSSearch\\retail_forecasting_data_collection\\data\\cluster_info_250_random.pkl", "use_custom_sampling_operator": true, "use_custom_mutation_operator": false, "use_custom_crossover_operator": true, "use_custom_atomicity": true, "genome_threshold": null, "include_ps_len": true, "include_sample_quantity": true, "include_wasserstein_distance": false, "include_diff_median": false, "include_atomicity": true, "include_p_value": false, "include_mean_fitness": true, "include_variance": false}, "results": [{"pattern": [134, 103], "threshold": null}, {"pattern": [69, 158], "threshold": null}, {"pattern": [177, 134], "threshold": null}, {"pattern": [188, 134], "threshold": null}, {"pattern": [217, 188], "threshold": null}, {"pattern": [49, 74], "threshold": null}, {"pattern": [232, 205], "threshold": null}, {"pattern": [177], "threshold": null}, {"pattern": [13, 134], "threshold": null}, {"pattern": [65, 177, 188], "threshold": null}, {"pattern": [248, 16], "threshold": null}, {"pattern": [248, 190], "threshold": null}, {"pattern": [188, 237, 134], "threshold": null}, {"pattern": [49, 77], "threshold": null}, {"pattern": [65, 177], "threshold": null}, {"pattern": [49], "threshold": null}, {"pattern": [134], "threshold": null}, {"pattern": [177, 25], "threshold": null}, {"pattern": [248, 52], "threshold": null}, {"pattern": [188, 61, 134], "threshold": null}, {"pattern": [188, 134, 55], "threshold": null}, {"pattern": [217, 212, 188], "threshold": null}, {"pattern": [202, 221], "threshold": null}, {"pattern": [237, 134], "threshold": null}, {"pattern": [49, 109], "threshold": null}, {"pattern": [177, 86], "threshold": null}, {"pattern": [248, 158], "threshold": null}, {"pattern": [49, 116], "threshold": null}, {"pattern": [134, 55], "threshold": null}, {"pattern": [188, 215], "threshold": null}, {"pattern": [75], "threshold": null}, {"pattern": [16, 134], "threshold": null}, {"pattern": [177, 90], "threshold": null}, {"pattern": [212, 135], "threshold": null}, {"pattern": [97, 146], "threshold": null}, {"pattern": [88, 188, 215], "threshold": null}, {"pattern": [158, 134], "threshold": null}, {"pattern": [217, 188, 134], "threshold": null}, {"pattern": [248], "threshold": null}, {"pattern": [139, 188, 134], "threshold": null}, {"pattern": [177, 90, 202], "threshold": null}]}, {"config": {"code_name": "[CS CM OC][Len SSize MFit CAtom][GNone]", "population_size": 100, "evaluation_budget": 10000, "cluster_info_file_name": "C:\\Users\\gac8\\PycharmProjects\\PSSearch\\retail_forecasting_data_collection\\data\\cluster_info_250_random.pkl", "use_custom_sampling_operator": true, "use_custom_mutation_operator": true, "use_custom_crossover_operator": false, "use_custom_atomicity": true, "genome_threshold": null, "include_ps_len": true, "include_sample_quantity": true, "include_wasserstein_distance": false, "include_diff_median": false, "include_atomicity": true, "include_p_value": false, "include_mean_fitness": true, "include_variance": false}, "results": [{"pattern": [54], "threshold": null}, {"pattern": [13], "threshold": null}, {"pattern": [155, 86], "threshold": null}, {"pattern": [158], "threshold": null}, {"pattern": [80, 229], "threshold": null}, {"pattern": [8, 188], "threshold": null}, {"pattern": [103], "threshold": null}, {"pattern": [241, 116], "threshold": null}, {"pattern": [25, 235], "threshold": null}, {"pattern": [188, 165], "threshold": null}, {"pattern": [212], "threshold": null}, {"pattern": [50, 139], "threshold": null}, {"pattern": [180, 245], "threshold": null}, {"pattern": [202, 196], "threshold": null}, {"pattern": [25], "threshold": null}, {"pattern": [88], "threshold": null}, {"pattern": [196], "threshold": null}, {"pattern": [184, 221], "threshold": null}, {"pattern": [212, 181], "threshold": null}, {"pattern": [90, 132], "threshold": null}, {"pattern": [248, 34], "threshold": null}, {"pattern": [50, 92], "threshold": null}, {"pattern": [208, 13], "threshold": null}, {"pattern": [171, 180], "threshold": null}, {"pattern": [188], "threshold": null}, {"pattern": [220, 101], "threshold": null}, {"pattern": [230], "threshold": null}, {"pattern": [237], "threshold": null}, {"pattern": [27, 244], "threshold": null}, {"pattern": [34, 87], "threshold": null}, {"pattern": [64, 75], "threshold": null}, {"pattern": [86], "threshold": null}, {"pattern": [232, 34], "threshold": null}, {"pattern": [65], "threshold": null}, {"pattern": [132, 237], "threshold": null}, {"pattern": [13, 215], "threshold": null}, {"pattern": [241, 215], "threshold": null}, {"pattern": [193, 86], "threshold": null}, {"pattern": [45], "threshold": null}, {"pattern": [137, 134], "threshold": null}, {"pattern": [120], "threshold": null}, {"pattern": [188, 221, 103], "threshold": null}, {"pattern": [91, 47], "threshold": null}, {"pattern": [188, 77], "threshold": null}, {"pattern": [164, 134], "threshold": null}, {"pattern": [132], "threshold": null}, {"pattern": [202, 132], "threshold": null}]}]}