{"extra_info": {"version": "fallback_v1", "seed": 35}, "data": [{"config": {"code_name": "[CS CM CC][Len SSize MFit CAtom][GNone]", "population_size": 100, "evaluation_budget": 10000, "cluster_info_file_name": "C:\\Users\\gac8\\PycharmProjects\\PSSearch\\retail_forecasting_data_collection\\data\\cluster_info_250_random.pkl", "use_custom_sampling_operator": true, "use_custom_mutation_operator": true, "use_custom_crossover_operator": true, "use_custom_atomicity": true, "genome_threshold": null, "include_ps_len": true, "include_sample_quantity": true, "include_wasserstein_distance": false, "include_diff_median": false, "include_atomicity": true, "include_p_value": false, "include_mean_fitness": true, "include_variance": false}, "results": [{"pattern": [54], "threshold": null}, {"pattern": [49, 74], "threshold": null}, {"pattern": [217, 132], "threshold": null}, {"pattern": [217, 13], "threshold": null}, {"pattern": [230], "threshold": null}, {"pattern": [27, 116], "threshold": null}, {"pattern": [16, 235], "threshold": null}, {"pattern": [25], "threshold": null}, {"pattern": [120], "threshold": null}, {"pattern": [81, 153], "threshold": null}, {"pattern": [196, 13], "threshold": null}, {"pattern": [103], "threshold": null}, {"pattern": [158], "threshold": null}, {"pattern": [116, 167], "threshold": null}, {"pattern": [241, 212], "threshold": null}, {"pattern": [97, 43], "threshold": null}, {"pattern": [65, 90], "threshold": null}, {"pattern": [88], "threshold": null}, {"pattern": [205, 119], "threshold": null}, {"pattern": [45], "threshold": null}, {"pattern": [132], "threshold": null}, {"pattern": [16, 132], "threshold": null}, {"pattern": [91, 47], "threshold": null}, {"pattern": [93], "threshold": null}, {"pattern": [74, 68], "threshold": null}, {"pattern": [212], "threshold": null}, {"pattern": [50, 188], "threshold": null}, {"pattern": [13], "threshold": null}, {"pattern": [103, 63], "threshold": null}, {"pattern": [33, 74], "threshold": null}, {"pattern": [35, 68], "threshold": null}, {"pattern": [56, 63], "threshold": null}, {"pattern": [195, 39], "threshold": null}, {"pattern": [16, 139], "threshold": null}, {"pattern": [224, 215], "threshold": null}, {"pattern": [171, 196], "threshold": null}, {"pattern": [232, 109], "threshold": null}, {"pattern": [208, 158], "threshold": null}, {"pattern": [188], "threshold": null}, {"pattern": [158, 63], "threshold": null}, {"pattern": [217, 90], "threshold": null}, {"pattern": [25, 90], "threshold": null}, {"pattern": [237, 103], "threshold": null}, {"pattern": [65], "threshold": null}, {"pattern": [147, 158], "threshold": null}, {"pattern": [237], "threshold": null}, {"pattern": [196], "threshold": null}, {"pattern": [86], "threshold": null}, {"pattern": [235, 116], "threshold": null}, {"pattern": [169, 215], "threshold": null}, {"pattern": [217], "threshold": null}]}, {"config": {"code_name": "[CS CM CC][SSize MFit CAtom][GNone]", "population_size": 100, "evaluation_budget": 10000, "cluster_info_file_name": "C:\\Users\\gac8\\PycharmProjects\\PSSearch\\retail_forecasting_data_collection\\data\\cluster_info_250_random.pkl", "use_custom_sampling_operator": true, "use_custom_mutation_operator": true, "use_custom_crossover_operator": true, "use_custom_atomicity": true, "genome_threshold": null, "include_ps_len": false, "include_sample_quantity": true, "include_wasserstein_distance": false, "include_diff_median": false, "include_atomicity": true, "include_p_value": false, "include_mean_fitness": true, "include_variance": false}, "results": [{"pattern": [56, 63], "threshold": null}, {"pattern": [188, 103], "threshold": null}, {"pattern": [86], "threshold": null}, {"pattern": [202, 74], "threshold": null}, {"pattern": [171, 196], "threshold": null}, {"pattern": [30, 63], "threshold": null}, {"pattern": [65], "threshold": null}, {"pattern": [65, 158], "threshold": null}, {"pattern": [158, 38], "threshold": null}, {"pattern": [212], "threshold": null}, {"pattern": [196], "threshold": null}, {"pattern": [245, 190], "threshold": null}, {"pattern": [132, 116], "threshold": null}, {"pattern": [13, 157], "threshold": null}, {"pattern": [196, 237], "threshold": null}, {"pattern": [13], "threshold": null}, {"pattern": [241, 13], "threshold": null}, {"pattern": [232, 86], "threshold": null}, {"pattern": [188, 69], "threshold": null}, {"pattern": [43, 101], "threshold": null}, {"pattern": [103], "threshold": null}, {"pattern": [16, 167], "threshold": null}, {"pattern": [184, 27], "threshold": null}, {"pattern": [212, 196, 63], "threshold": null}, {"pattern": [188], "threshold": null}, {"pattern": [224, 196], "threshold": null}, {"pattern": [202, 182], "threshold": null}, {"pattern": [217], "threshold": null}, {"pattern": [158], "threshold": null}, {"pattern": [237], "threshold": null}, {"pattern": [232, 35], "threshold": null}, {"pattern": [132], "threshold": null}, {"pattern": [158, 103], "threshold": null}, {"pattern": [25, 245], "threshold": null}, {"pattern": [196, 86], "threshold": null}, {"pattern": [217, 116], "threshold": null}, {"pattern": [69, 157], "threshold": null}, {"pattern": [16, 197], "threshold": null}, {"pattern": [49, 116], "threshold": null}, {"pattern": [224, 27], "threshold": null}, {"pattern": [193, 215], "threshold": null}, {"pattern": [16, 74], "threshold": null}, {"pattern": [158, 127], "threshold": null}, {"pattern": [179, 71], "threshold": null}]}, {"config": {"code_name": "[CS CM CC][Len MFit CAtom][GNone]", "population_size": 100, "evaluation_budget": 10000, "cluster_info_file_name": "C:\\Users\\gac8\\PycharmProjects\\PSSearch\\retail_forecasting_data_collection\\data\\cluster_info_250_random.pkl", "use_custom_sampling_operator": true, "use_custom_mutation_operator": true, "use_custom_crossover_operator": true, "use_custom_atomicity": true, "genome_threshold": null, "include_ps_len": true, "include_sample_quantity": false, "include_wasserstein_distance": false, "include_diff_median": false, "include_atomicity": true, "include_p_value": false, "include_mean_fitness": true, "include_variance": false}, "results": [{"pattern": [4, 63], "threshold": null}, {"pattern": [184, 87], "threshold": null}, {"pattern": [120], "threshold": null}, {"pattern": [232, 87], "threshold": null}, {"pattern": [232, 109], "threshold": null}, {"pattern": [25, 158], "threshold": null}, {"pattern": [101, 62], "threshold": null}]}, {"config": {"code_name": "[CS CM CC][Len SSize CAtom][GNone]", "population_size": 100, "evaluation_budget": 10000, "cluster_info_file_name": "C:\\Users\\gac8\\PycharmProjects\\PSSearch\\retail_forecasting_data_collection\\data\\cluster_info_250_random.pkl", "use_custom_sampling_operator": true, "use_custom_mutation_operator": true, "use_custom_crossover_operator": true, "use_custom_atomicity": true, "genome_threshold": null, "include_ps_len": true, "include_sample_quantity": true, "include_wasserstein_distance": false, "include_diff_median": false, "include_atomicity": true, "include_p_value": false, "include_mean_fitness": false, "include_variance": false}, "results": [{"pattern": [208, 47], "threshold": null}, {"pattern": [27, 212], "threshold": null}, {"pattern": [65, 245], "threshold": null}, {"pattern": [188], "threshold": null}, {"pattern": [224, 212], "threshold": null}, {"pattern": [244, 13], "threshold": null}, {"pattern": [56, 38], "threshold": null}, {"pattern": [11, 109], "threshold": null}, {"pattern": [27, 13], "threshold": null}, {"pattern": [249, 188], "threshold": null}]}, {"config": {"code_name": "[CS CM CC][Len SSize MFit][GNone]", "population_size": 100, "evaluation_budget": 10000, "cluster_info_file_name": "C:\\Users\\gac8\\PycharmProjects\\PSSearch\\retail_forecasting_data_collection\\data\\cluster_info_250_random.pkl", "use_custom_sampling_operator": true, "use_custom_mutation_operator": true, "use_custom_crossover_operator": true, "use_custom_atomicity": true, "genome_threshold": null, "include_ps_len": true, "include_sample_quantity": true, "include_wasserstein_distance": false, "include_diff_median": false, "include_atomicity": false, "include_p_value": false, "include_mean_fitness": true, "include_variance": false}, "results": [{"pattern": [196, 86], "threshold": null}, {"pattern": [237], "threshold": null}, {"pattern": [25], "threshold": null}, {"pattern": [65], "threshold": null}, {"pattern": [93], "threshold": null}, {"pattern": [27, 103], "threshold": null}, {"pattern": [103], "threshold": null}, {"pattern": [54], "threshold": null}, {"pattern": [212, 134], "threshold": null}, {"pattern": [86], "threshold": null}, {"pattern": [188], "threshold": null}, {"pattern": [13], "threshold": null}, {"pattern": [217], "threshold": null}, {"pattern": [230], "threshold": null}, {"pattern": [196], "threshold": null}, {"pattern": [88, 180], "threshold": null}, {"pattern": [25, 134], "threshold": null}, {"pattern": [120], "threshold": null}, {"pattern": [132, 215], "threshold": null}, {"pattern": [88, 237], "threshold": null}, {"pattern": [188, 13], "threshold": null}, {"pattern": [25, 90], "threshold": null}, {"pattern": [88, 212], "threshold": null}, {"pattern": [212], "threshold": null}, {"pattern": [88], "threshold": null}, {"pattern": [217, 103], "threshold": null}, {"pattern": [45], "threshold": null}, {"pattern": [158], "threshold": null}, {"pattern": [132], "threshold": null}, {"pattern": [212, 237], "threshold": null}]}, {"config": {"code_name": "[OS CM CC][Len SSize MFit CAtom][GNone]", "population_size": 100, "evaluation_budget": 10000, "cluster_info_file_name": "C:\\Users\\gac8\\PycharmProjects\\PSSearch\\retail_forecasting_data_collection\\data\\cluster_info_250_random.pkl", "use_custom_sampling_operator": false, "use_custom_mutation_operator": true, "use_custom_crossover_operator": true, "use_custom_atomicity": true, "genome_threshold": null, "include_ps_len": true, "include_sample_quantity": true, "include_wasserstein_distance": false, "include_diff_median": false, "include_atomicity": true, "include_p_value": false, "include_mean_fitness": true, "include_variance": false}, "results": [{"pattern": [54], "threshold": null}, {"pattern": [92, 63], "threshold": null}, {"pattern": [212, 215], "threshold": null}, {"pattern": [92, 86], "threshold": null}, {"pattern": [212, 13], "threshold": null}, {"pattern": [230], "threshold": null}, {"pattern": [34, 116], "threshold": null}, {"pattern": [25], "threshold": null}, {"pattern": [120], "threshold": null}, {"pattern": [69, 157], "threshold": null}, {"pattern": [81, 153], "threshold": null}, {"pattern": [103], "threshold": null}, {"pattern": [50, 196], "threshold": null}, {"pattern": [132, 87], "threshold": null}, {"pattern": [158], "threshold": null}, {"pattern": [88, 116], "threshold": null}, {"pattern": [204, 61], "threshold": null}, {"pattern": [50, 215], "threshold": null}, {"pattern": [16, 50], "threshold": null}, {"pattern": [74, 13], "threshold": null}, {"pattern": [224, 13], "threshold": null}, {"pattern": [180, 237], "threshold": null}, {"pattern": [248, 34], "threshold": null}, {"pattern": [16, 197], "threshold": null}, {"pattern": [103, 87], "threshold": null}, {"pattern": [88], "threshold": null}, {"pattern": [45], "threshold": null}, {"pattern": [132], "threshold": null}, {"pattern": [93], "threshold": null}, {"pattern": [196, 103], "threshold": null}, {"pattern": [53, 215], "threshold": null}, {"pattern": [116, 87], "threshold": null}, {"pattern": [137, 134], "threshold": null}, {"pattern": [212], "threshold": null}, {"pattern": [50, 188], "threshold": null}, {"pattern": [13], "threshold": null}, {"pattern": [241, 188], "threshold": null}, {"pattern": [26, 212], "threshold": null}, {"pattern": [38, 87], "threshold": null}, {"pattern": [49, 215], "threshold": null}, {"pattern": [16, 25], "threshold": null}, {"pattern": [244, 47], "threshold": null}, {"pattern": [195, 135], "threshold": null}, {"pattern": [162, 86], "threshold": null}, {"pattern": [208, 65], "threshold": null}, {"pattern": [132, 116], "threshold": null}, {"pattern": [188], "threshold": null}, {"pattern": [245, 158], "threshold": null}, {"pattern": [237, 103], "threshold": null}, {"pattern": [65], "threshold": null}, {"pattern": [25, 52], "threshold": null}, {"pattern": [137, 77], "threshold": null}, {"pattern": [237], "threshold": null}, {"pattern": [196], "threshold": null}, {"pattern": [162, 13], "threshold": null}, {"pattern": [86], "threshold": null}, {"pattern": [65, 215], "threshold": null}, {"pattern": [217], "threshold": null}, {"pattern": [25, 63], "threshold": null}]}, {"config": {"code_name": "[CS OM CC][Len SSize MFit CAtom][GNone]", "population_size": 100, "evaluation_budget": 10000, "cluster_info_file_name": "C:\\Users\\gac8\\PycharmProjects\\PSSearch\\retail_forecasting_data_collection\\data\\cluster_info_250_random.pkl", "use_custom_sampling_operator": true, "use_custom_mutation_operator": false, "use_custom_crossover_operator": true, "use_custom_atomicity": true, "genome_threshold": null, "include_ps_len": true, "include_sample_quantity": true, "include_wasserstein_distance": false, "include_diff_median": false, "include_atomicity": true, "include_p_value": false, "include_mean_fitness": true, "include_variance": false}, "results": [{"pattern": [212, 158, 103], "threshold": null}, {"pattern": [132, 103], "threshold": null}, {"pattern": [132, 27, 212], "threshold": null}, {"pattern": [88, 196, 212], "threshold": null}, {"pattern": [88, 188], "threshold": null}, {"pattern": [212, 132], "threshold": null}, {"pattern": [188, 245, 158], "threshold": null}, {"pattern": [202, 90, 215], "threshold": null}, {"pattern": [212, 132, 134], "threshold": null}, {"pattern": [132, 244, 103], "threshold": null}, {"pattern": [202, 188, 215], "threshold": null}, {"pattern": [90, 188, 158], "threshold": null}, {"pattern": [88, 188, 158], "threshold": null}, {"pattern": [16, 90, 188], "threshold": null}, {"pattern": [196, 134], "threshold": null}, {"pattern": [88, 188, 13, 103], "threshold": null}, {"pattern": [34, 158], "threshold": null}, {"pattern": [103], "threshold": null}, {"pattern": [13, 103], "threshold": null}, {"pattern": [13, 158, 103], "threshold": null}, {"pattern": [158], "threshold": null}, {"pattern": [196, 87], "threshold": null}, {"pattern": [204, 61], "threshold": null}, {"pattern": [88, 13, 103], "threshold": null}, {"pattern": [188, 53, 158], "threshold": null}, {"pattern": [88, 132, 188], "threshold": null}, {"pattern": [53, 158], "threshold": null}, {"pattern": [171, 188, 158], "threshold": null}, {"pattern": [241, 103], "threshold": null}, {"pattern": [88, 212, 188], "threshold": null}, {"pattern": [88, 212], "threshold": null}, {"pattern": [116, 158], "threshold": null}, {"pattern": [116, 188], "threshold": null}, {"pattern": [202, 212, 132], "threshold": null}, {"pattern": [188, 167], "threshold": null}, {"pattern": [134, 188, 158], "threshold": null}, {"pattern": [158, 119], "threshold": null}, {"pattern": [212], "threshold": null}, {"pattern": [202, 188], "threshold": null}, {"pattern": [177, 158], "threshold": null}, {"pattern": [232, 134], "threshold": null}, {"pattern": [177, 90], "threshold": null}, {"pattern": [86, 188, 158], "threshold": null}, {"pattern": [38, 158], "threshold": null}, {"pattern": [184, 61], "threshold": null}, {"pattern": [86, 188, 158, 132], "threshold": null}, {"pattern": [90, 158], "threshold": null}, {"pattern": [65, 158], "threshold": null}, {"pattern": [162, 158], "threshold": null}, {"pattern": [241, 188], "threshold": null}, {"pattern": [190, 103], "threshold": null}, {"pattern": [86, 202, 188, 158], "threshold": null}, {"pattern": [88, 212, 158], "threshold": null}, {"pattern": [180, 158, 188, 86], "threshold": null}, {"pattern": [173, 103], "threshold": null}, {"pattern": [177, 212, 158], "threshold": null}, {"pattern": [188, 158], "threshold": null}, {"pattern": [88, 103], "threshold": null}, {"pattern": [61], "threshold": null}, {"pattern": [164, 188], "threshold": null}, {"pattern": [212, 132, 63], "threshold": null}, {"pattern": [188], "threshold": null}, {"pattern": [202, 91, 215], "threshold": null}, {"pattern": [212, 158], "threshold": null}, {"pattern": [177, 188], "threshold": null}, {"pattern": [202, 212, 188], "threshold": null}, {"pattern": [16, 90], "threshold": null}, {"pattern": [147, 158], "threshold": null}, {"pattern": [81, 158], "threshold": null}, {"pattern": [196], "threshold": null}, {"pattern": [188, 215], "threshold": null}, {"pattern": [16, 188], "threshold": null}, {"pattern": [88, 188, 103], "threshold": null}, {"pattern": [90, 196], "threshold": null}, {"pattern": [212, 132, 86], "threshold": null}]}, {"config": {"code_name": "[CS CM OC][Len SSize MFit CAtom][GNone]", "population_size": 100, "evaluation_budget": 10000, "cluster_info_file_name": "C:\\Users\\gac8\\PycharmProjects\\PSSearch\\retail_forecasting_data_collection\\data\\cluster_info_250_random.pkl", "use_custom_sampling_operator": true, "use_custom_mutation_operator": true, "use_custom_crossover_operator": false, "use_custom_atomicity": true, "genome_threshold": null, "include_ps_len": true, "include_sample_quantity": true, "include_wasserstein_distance": false, "include_diff_median": false, "include_atomicity": true, "include_p_value": false, "include_mean_fitness": true, "include_variance": false}, "results": [{"pattern": [69, 86], "threshold": null}, {"pattern": [132, 103], "threshold": null}, {"pattern": [54], "threshold": null}, {"pattern": [88, 188], "threshold": null}, {"pattern": [81, 165], "threshold": null}, {"pattern": [61, 86], "threshold": null}, {"pattern": [171, 78], "threshold": null}, {"pattern": [24, 127], "threshold": null}, {"pattern": [212, 119], "threshold": null}, {"pattern": [230], "threshold": null}, {"pattern": [25], "threshold": null}, {"pattern": [16, 188], "threshold": null}, {"pattern": [65, 132, 13], "threshold": null}, {"pattern": [120], "threshold": null}, {"pattern": [180, 134], "threshold": null}, {"pattern": [88, 221], "threshold": null}, {"pattern": [109, 87], "threshold": null}, {"pattern": [19, 196], "threshold": null}, {"pattern": [103], "threshold": null}, {"pattern": [158], "threshold": null}, {"pattern": [0, 229], "threshold": null}, {"pattern": [88], "threshold": null}, {"pattern": [16, 197], "threshold": null}, {"pattern": [45], "threshold": null}, {"pattern": [132], "threshold": null}, {"pattern": [132, 86], "threshold": null}, {"pattern": [93], "threshold": null}, {"pattern": [232, 188, 245], "threshold": null}, {"pattern": [212, 173], "threshold": null}, {"pattern": [212], "threshold": null}, {"pattern": [146, 149], "threshold": null}, {"pattern": [13], "threshold": null}, {"pattern": [82, 205], "threshold": null}, {"pattern": [188, 71], "threshold": null}, {"pattern": [180, 245], "threshold": null}, {"pattern": [188], "threshold": null}, {"pattern": [56, 18], "threshold": null}, {"pattern": [235, 103], "threshold": null}, {"pattern": [90, 27, 86], "threshold": null}, {"pattern": [65], "threshold": null}, {"pattern": [237], "threshold": null}, {"pattern": [235, 132], "threshold": null}, {"pattern": [196], "threshold": null}, {"pattern": [86], "threshold": null}, {"pattern": [177, 53], "threshold": null}, {"pattern": [217], "threshold": null}, {"pattern": [212, 221], "threshold": null}]}]}