{"extra_info": {"version": "fallback_v1", "seed": 94}, "data": [{"config": {"code_name": "[CS CM CC][Len SSize MFit CAtom][GNone]", "population_size": 100, "evaluation_budget": 10000, "cluster_info_file_name": "C:\\Users\\gac8\\PycharmProjects\\PSSearch\\retail_forecasting_data_collection\\data\\cluster_info_250_random.pkl", "use_custom_sampling_operator": true, "use_custom_mutation_operator": true, "use_custom_crossover_operator": true, "use_custom_atomicity": true, "genome_threshold": null, "include_ps_len": true, "include_sample_quantity": true, "include_wasserstein_distance": false, "include_diff_median": false, "include_atomicity": true, "include_p_value": false, "include_mean_fitness": true, "include_variance": false}, "results": [{"pattern": [92, 63], "threshold": null}, {"pattern": [4, 63], "threshold": null}, {"pattern": [188, 55], "threshold": null}, {"pattern": [188, 86], "threshold": null}, {"pattern": [180, 37], "threshold": null}, {"pattern": [35, 132], "threshold": null}, {"pattern": [86, 38], "threshold": null}, {"pattern": [245, 87], "threshold": null}, {"pattern": [248, 103], "threshold": null}, {"pattern": [183, 63], "threshold": null}, {"pattern": [16, 90], "threshold": null}, {"pattern": [180, 103], "threshold": null}, {"pattern": [65], "threshold": null}, {"pattern": [190, 63], "threshold": null}, {"pattern": [212, 181], "threshold": null}, {"pattern": [237], "threshold": null}, {"pattern": [54], "threshold": null}, {"pattern": [235, 13], "threshold": null}, {"pattern": [34, 134], "threshold": null}, {"pattern": [45], "threshold": null}, {"pattern": [188], "threshold": null}, {"pattern": [13], "threshold": null}, {"pattern": [81, 180], "threshold": null}, {"pattern": [88], "threshold": null}, {"pattern": [209, 59], "threshold": null}, {"pattern": [132, 244], "threshold": null}, {"pattern": [158], "threshold": null}, {"pattern": [18, 38], "threshold": null}, {"pattern": [132], "threshold": null}, {"pattern": [217], "threshold": null}, {"pattern": [232, 35], "threshold": null}, {"pattern": [182, 103], "threshold": null}, {"pattern": [155, 212], "threshold": null}, {"pattern": [75, 35], "threshold": null}, {"pattern": [202, 86], "threshold": null}, {"pattern": [86], "threshold": null}, {"pattern": [237, 13], "threshold": null}, {"pattern": [43, 149], "threshold": null}, {"pattern": [27, 188], "threshold": null}, {"pattern": [196], "threshold": null}, {"pattern": [224, 212], "threshold": null}, {"pattern": [65, 173], "threshold": null}, {"pattern": [93, 103], "threshold": null}, {"pattern": [25], "threshold": null}, {"pattern": [165, 63], "threshold": null}, {"pattern": [230], "threshold": null}, {"pattern": [120], "threshold": null}, {"pattern": [188, 103], "threshold": null}, {"pattern": [188, 205], "threshold": null}, {"pattern": [132, 86], "threshold": null}, {"pattern": [205, 37], "threshold": null}, {"pattern": [212], "threshold": null}, {"pattern": [103], "threshold": null}, {"pattern": [204, 134], "threshold": null}, {"pattern": [34, 158], "threshold": null}, {"pattern": [224, 132], "threshold": null}]}, {"config": {"code_name": "[CS CM CC][SSize MFit CAtom][GNone]", "population_size": 100, "evaluation_budget": 10000, "cluster_info_file_name": "C:\\Users\\gac8\\PycharmProjects\\PSSearch\\retail_forecasting_data_collection\\data\\cluster_info_250_random.pkl", "use_custom_sampling_operator": true, "use_custom_mutation_operator": true, "use_custom_crossover_operator": true, "use_custom_atomicity": true, "genome_threshold": null, "include_ps_len": false, "include_sample_quantity": true, "include_wasserstein_distance": false, "include_diff_median": false, "include_atomicity": true, "include_p_value": false, "include_mean_fitness": true, "include_variance": false}, "results": [{"pattern": [226, 212], "threshold": null}, {"pattern": [196], "threshold": null}, {"pattern": [158], "threshold": null}, {"pattern": [202, 90], "threshold": null}, {"pattern": [188, 221], "threshold": null}, {"pattern": [208, 188], "threshold": null}, {"pattern": [232, 119], "threshold": null}, {"pattern": [132, 93], "threshold": null}, {"pattern": [232, 235], "threshold": null}, {"pattern": [221, 134], "threshold": null}, {"pattern": [65], "threshold": null}, {"pattern": [241, 158], "threshold": null}, {"pattern": [202, 132], "threshold": null}, {"pattern": [88], "threshold": null}, {"pattern": [103], "threshold": null}, {"pattern": [86], "threshold": null}, {"pattern": [88, 158], "threshold": null}, {"pattern": [188], "threshold": null}, {"pattern": [212, 103], "threshold": null}, {"pattern": [212, 47], "threshold": null}, {"pattern": [160, 245], "threshold": null}, {"pattern": [88, 65, 13], "threshold": null}, {"pattern": [237, 63], "threshold": null}, {"pattern": [13], "threshold": null}, {"pattern": [237, 13], "threshold": null}, {"pattern": [132], "threshold": null}, {"pattern": [27, 212], "threshold": null}, {"pattern": [248, 245], "threshold": null}, {"pattern": [196, 158], "threshold": null}, {"pattern": [241, 134], "threshold": null}, {"pattern": [202, 90, 188], "threshold": null}, {"pattern": [132, 244], "threshold": null}, {"pattern": [212], "threshold": null}, {"pattern": [25, 103], "threshold": null}, {"pattern": [212, 68], "threshold": null}, {"pattern": [233, 114], "threshold": null}]}, {"config": {"code_name": "[CS CM CC][Len MFit CAtom][GNone]", "population_size": 100, "evaluation_budget": 10000, "cluster_info_file_name": "C:\\Users\\gac8\\PycharmProjects\\PSSearch\\retail_forecasting_data_collection\\data\\cluster_info_250_random.pkl", "use_custom_sampling_operator": true, "use_custom_mutation_operator": true, "use_custom_crossover_operator": true, "use_custom_atomicity": true, "genome_threshold": null, "include_ps_len": true, "include_sample_quantity": false, "include_wasserstein_distance": false, "include_diff_median": false, "include_atomicity": true, "include_p_value": false, "include_mean_fitness": true, "include_variance": false}, "results": [{"pattern": [25, 63], "threshold": null}, {"pattern": [67, 206], "threshold": null}, {"pattern": [217, 237], "threshold": null}, {"pattern": [184, 87], "threshold": null}, {"pattern": [232, 119], "threshold": null}, {"pattern": [35, 30], "threshold": null}, {"pattern": [120], "threshold": null}]}, {"config": {"code_name": "[CS CM CC][Len SSize CAtom][GNone]", "population_size": 100, "evaluation_budget": 10000, "cluster_info_file_name": "C:\\Users\\gac8\\PycharmProjects\\PSSearch\\retail_forecasting_data_collection\\data\\cluster_info_250_random.pkl", "use_custom_sampling_operator": true, "use_custom_mutation_operator": true, "use_custom_crossover_operator": true, "use_custom_atomicity": true, "genome_threshold": null, "include_ps_len": true, "include_sample_quantity": true, "include_wasserstein_distance": false, "include_diff_median": false, "include_atomicity": true, "include_p_value": false, "include_mean_fitness": false, "include_variance": false}, "results": [{"pattern": [202, 90], "threshold": null}, {"pattern": [158, 215], "threshold": null}, {"pattern": [188, 63], "threshold": null}, {"pattern": [42, 63], "threshold": null}, {"pattern": [188, 205], "threshold": null}, {"pattern": [132, 134], "threshold": null}, {"pattern": [188], "threshold": null}, {"pattern": [4, 63], "threshold": null}, {"pattern": [80, 229], "threshold": null}]}, {"config": {"code_name": "[CS CM CC][Len SSize MFit][GNone]", "population_size": 100, "evaluation_budget": 10000, "cluster_info_file_name": "C:\\Users\\gac8\\PycharmProjects\\PSSearch\\retail_forecasting_data_collection\\data\\cluster_info_250_random.pkl", "use_custom_sampling_operator": true, "use_custom_mutation_operator": true, "use_custom_crossover_operator": true, "use_custom_atomicity": true, "genome_threshold": null, "include_ps_len": true, "include_sample_quantity": true, "include_wasserstein_distance": false, "include_diff_median": false, "include_atomicity": false, "include_p_value": false, "include_mean_fitness": true, "include_variance": false}, "results": [{"pattern": [88], "threshold": null}, {"pattern": [50, 158], "threshold": null}, {"pattern": [211, 132], "threshold": null}, {"pattern": [196], "threshold": null}, {"pattern": [45], "threshold": null}, {"pattern": [81, 212], "threshold": null}, {"pattern": [235, 188], "threshold": null}, {"pattern": [158], "threshold": null}, {"pattern": [54], "threshold": null}, {"pattern": [65, 90, 180], "threshold": null}, {"pattern": [230], "threshold": null}, {"pattern": [88, 158], "threshold": null}, {"pattern": [65], "threshold": null}, {"pattern": [212], "threshold": null}, {"pattern": [188], "threshold": null}, {"pattern": [27, 215], "threshold": null}, {"pattern": [217], "threshold": null}, {"pattern": [27, 158], "threshold": null}, {"pattern": [103], "threshold": null}, {"pattern": [120], "threshold": null}, {"pattern": [65, 202, 196], "threshold": null}, {"pattern": [217, 134], "threshold": null}, {"pattern": [13], "threshold": null}, {"pattern": [25], "threshold": null}, {"pattern": [86], "threshold": null}, {"pattern": [224, 13], "threshold": null}, {"pattern": [237], "threshold": null}, {"pattern": [132], "threshold": null}]}, {"config": {"code_name": "[OS CM CC][Len SSize MFit CAtom][GNone]", "population_size": 100, "evaluation_budget": 10000, "cluster_info_file_name": "C:\\Users\\gac8\\PycharmProjects\\PSSearch\\retail_forecasting_data_collection\\data\\cluster_info_250_random.pkl", "use_custom_sampling_operator": false, "use_custom_mutation_operator": true, "use_custom_crossover_operator": true, "use_custom_atomicity": true, "genome_threshold": null, "include_ps_len": true, "include_sample_quantity": true, "include_wasserstein_distance": false, "include_diff_median": false, "include_atomicity": true, "include_p_value": false, "include_mean_fitness": true, "include_variance": false}, "results": [{"pattern": [90, 87], "threshold": null}, {"pattern": [16, 38], "threshold": null}, {"pattern": [134, 63], "threshold": null}, {"pattern": [204, 237], "threshold": null}, {"pattern": [65], "threshold": null}, {"pattern": [56, 155], "threshold": null}, {"pattern": [237], "threshold": null}, {"pattern": [54], "threshold": null}, {"pattern": [88, 13], "threshold": null}, {"pattern": [45], "threshold": null}, {"pattern": [134, 87], "threshold": null}, {"pattern": [217, 180], "threshold": null}, {"pattern": [188], "threshold": null}, {"pattern": [13], "threshold": null}, {"pattern": [180, 116], "threshold": null}, {"pattern": [88], "threshold": null}, {"pattern": [35, 68], "threshold": null}, {"pattern": [171, 158], "threshold": null}, {"pattern": [13, 215], "threshold": null}, {"pattern": [69, 71], "threshold": null}, {"pattern": [248, 190], "threshold": null}, {"pattern": [16, 69], "threshold": null}, {"pattern": [158], "threshold": null}, {"pattern": [132], "threshold": null}, {"pattern": [217], "threshold": null}, {"pattern": [16, 103], "threshold": null}, {"pattern": [137, 212], "threshold": null}, {"pattern": [137, 63], "threshold": null}, {"pattern": [86, 215], "threshold": null}, {"pattern": [196, 87], "threshold": null}, {"pattern": [13, 103], "threshold": null}, {"pattern": [86], "threshold": null}, {"pattern": [196], "threshold": null}, {"pattern": [81, 165], "threshold": null}, {"pattern": [25], "threshold": null}, {"pattern": [132, 61], "threshold": null}, {"pattern": [188, 77], "threshold": null}, {"pattern": [230], "threshold": null}, {"pattern": [120], "threshold": null}, {"pattern": [88, 50], "threshold": null}, {"pattern": [27, 171], "threshold": null}, {"pattern": [212], "threshold": null}, {"pattern": [103], "threshold": null}, {"pattern": [86, 103], "threshold": null}, {"pattern": [81, 132], "threshold": null}]}, {"config": {"code_name": "[CS OM CC][Len SSize MFit CAtom][GNone]", "population_size": 100, "evaluation_budget": 10000, "cluster_info_file_name": "C:\\Users\\gac8\\PycharmProjects\\PSSearch\\retail_forecasting_data_collection\\data\\cluster_info_250_random.pkl", "use_custom_sampling_operator": true, "use_custom_mutation_operator": false, "use_custom_crossover_operator": true, "use_custom_atomicity": true, "genome_threshold": null, "include_ps_len": true, "include_sample_quantity": true, "include_wasserstein_distance": false, "include_diff_median": false, "include_atomicity": true, "include_p_value": false, "include_mean_fitness": true, "include_variance": false}, "results": [{"pattern": [90, 158, 86], "threshold": null}, {"pattern": [74, 188], "threshold": null}, {"pattern": [188, 109], "threshold": null}, {"pattern": [50, 188], "threshold": null}, {"pattern": [196, 188, 134], "threshold": null}, {"pattern": [154], "threshold": null}, {"pattern": [90, 196, 103], "threshold": null}, {"pattern": [65, 180, 196, 188], "threshold": null}, {"pattern": [25, 188, 86], "threshold": null}, {"pattern": [90, 86], "threshold": null}, {"pattern": [90, 139, 212], "threshold": null}, {"pattern": [188, 116], "threshold": null}, {"pattern": [188, 87], "threshold": null}, {"pattern": [25, 86], "threshold": null}, {"pattern": [24, 181], "threshold": null}, {"pattern": [90, 196, 188], "threshold": null}, {"pattern": [90, 139], "threshold": null}, {"pattern": [105, 188, 205], "threshold": null}, {"pattern": [241, 212, 188], "threshold": null}, {"pattern": [162, 188], "threshold": null}, {"pattern": [25, 188], "threshold": null}, {"pattern": [241, 86], "threshold": null}, {"pattern": [188], "threshold": null}, {"pattern": [180], "threshold": null}, {"pattern": [226, 180], "threshold": null}, {"pattern": [8, 188], "threshold": null}, {"pattern": [11, 188, 109], "threshold": null}, {"pattern": [90, 196, 188, 103], "threshold": null}, {"pattern": [162, 196, 188], "threshold": null}, {"pattern": [33, 75], "threshold": null}, {"pattern": [241, 215], "threshold": null}, {"pattern": [188, 38, 87], "threshold": null}, {"pattern": [25, 116], "threshold": null}, {"pattern": [188, 116, 237], "threshold": null}, {"pattern": [241], "threshold": null}, {"pattern": [212, 90, 196, 188], "threshold": null}, {"pattern": [241, 188], "threshold": null}, {"pattern": [196, 158], "threshold": null}, {"pattern": [86], "threshold": null}, {"pattern": [180, 196, 188], "threshold": null}, {"pattern": [147, 188], "threshold": null}, {"pattern": [196, 188, 13], "threshold": null}, {"pattern": [171, 180], "threshold": null}, {"pattern": [196], "threshold": null}, {"pattern": [171, 188], "threshold": null}, {"pattern": [241, 196], "threshold": null}, {"pattern": [177, 188], "threshold": null}, {"pattern": [131, 244], "threshold": null}, {"pattern": [241, 188, 158], "threshold": null}, {"pattern": [25], "threshold": null}, {"pattern": [116, 188, 63], "threshold": null}, {"pattern": [188, 205], "threshold": null}, {"pattern": [34, 188], "threshold": null}, {"pattern": [196, 180], "threshold": null}, {"pattern": [232, 188, 109], "threshold": null}, {"pattern": [212, 196, 180], "threshold": null}, {"pattern": [241, 158], "threshold": null}, {"pattern": [196, 188], "threshold": null}, {"pattern": [180, 237], "threshold": null}, {"pattern": [90, 196], "threshold": null}, {"pattern": [204, 86], "threshold": null}]}, {"config": {"code_name": "[CS CM OC][Len SSize MFit CAtom][GNone]", "population_size": 100, "evaluation_budget": 10000, "cluster_info_file_name": "C:\\Users\\gac8\\PycharmProjects\\PSSearch\\retail_forecasting_data_collection\\data\\cluster_info_250_random.pkl", "use_custom_sampling_operator": true, "use_custom_mutation_operator": true, "use_custom_crossover_operator": false, "use_custom_atomicity": true, "genome_threshold": null, "include_ps_len": true, "include_sample_quantity": true, "include_wasserstein_distance": false, "include_diff_median": false, "include_atomicity": true, "include_p_value": false, "include_mean_fitness": true, "include_variance": false}, "results": [{"pattern": [25, 90], "threshold": null}, {"pattern": [90, 86], "threshold": null}, {"pattern": [65], "threshold": null}, {"pattern": [237], "threshold": null}, {"pattern": [54], "threshold": null}, {"pattern": [204, 119], "threshold": null}, {"pattern": [25, 63], "threshold": null}, {"pattern": [74, 212], "threshold": null}, {"pattern": [45], "threshold": null}, {"pattern": [188, 71], "threshold": null}, {"pattern": [49, 116], "threshold": null}, {"pattern": [188], "threshold": null}, {"pattern": [13], "threshold": null}, {"pattern": [88], "threshold": null}, {"pattern": [244, 239], "threshold": null}, {"pattern": [232, 87], "threshold": null}, {"pattern": [196, 134], "threshold": null}, {"pattern": [217, 158], "threshold": null}, {"pattern": [24, 215], "threshold": null}, {"pattern": [232, 132], "threshold": null}, {"pattern": [158], "threshold": null}, {"pattern": [245, 86], "threshold": null}, {"pattern": [132], "threshold": null}, {"pattern": [217], "threshold": null}, {"pattern": [86, 167], "threshold": null}, {"pattern": [61, 134], "threshold": null}, {"pattern": [34, 190], "threshold": null}, {"pattern": [212, 13], "threshold": null}, {"pattern": [65, 90], "threshold": null}, {"pattern": [212, 69], "threshold": null}, {"pattern": [34, 237], "threshold": null}, {"pattern": [86], "threshold": null}, {"pattern": [16, 116], "threshold": null}, {"pattern": [215, 167], "threshold": null}, {"pattern": [65, 241], "threshold": null}, {"pattern": [27, 13], "threshold": null}, {"pattern": [196], "threshold": null}, {"pattern": [241, 188, 103], "threshold": null}, {"pattern": [188, 190], "threshold": null}, {"pattern": [25], "threshold": null}, {"pattern": [230], "threshold": null}, {"pattern": [25, 215], "threshold": null}, {"pattern": [212, 93], "threshold": null}, {"pattern": [120], "threshold": null}, {"pattern": [212], "threshold": null}, {"pattern": [103], "threshold": null}, {"pattern": [56, 246], "threshold": null}]}]}