{"extra_info": {"version": "fallback_v1", "seed": 3}, "data": [{"config": {"code_name": "[CS CM CC][Len SSize MFit CAtom][GNone]", "population_size": 100, "evaluation_budget": 10000, "cluster_info_file_name": "C:\\Users\\gac8\\PycharmProjects\\PSSearch\\retail_forecasting_data_collection\\data\\cluster_info_250_random.pkl", "use_custom_sampling_operator": true, "use_custom_mutation_operator": true, "use_custom_crossover_operator": true, "use_custom_atomicity": true, "genome_threshold": null, "include_ps_len": true, "include_sample_quantity": true, "include_wasserstein_distance": false, "include_diff_median": false, "include_atomicity": true, "include_p_value": false, "include_mean_fitness": true, "include_variance": false}, "results": [{"pattern": [188], "threshold": null}, {"pattern": [248, 190], "threshold": null}, {"pattern": [120], "threshold": null}, {"pattern": [25], "threshold": null}, {"pattern": [93], "threshold": null}, {"pattern": [45], "threshold": null}, {"pattern": [53, 158], "threshold": null}, {"pattern": [139, 86], "threshold": null}, {"pattern": [241, 116], "threshold": null}, {"pattern": [177, 244], "threshold": null}, {"pattern": [249, 146], "threshold": null}, {"pattern": [74, 132], "threshold": null}, {"pattern": [241, 63], "threshold": null}, {"pattern": [209, 151], "threshold": null}, {"pattern": [132], "threshold": null}, {"pattern": [27, 188, 171], "threshold": null}, {"pattern": [244, 13], "threshold": null}, {"pattern": [155, 63], "threshold": null}, {"pattern": [95, 63], "threshold": null}, {"pattern": [212, 164], "threshold": null}, {"pattern": [190, 63], "threshold": null}, {"pattern": [27, 245], "threshold": null}, {"pattern": [217], "threshold": null}, {"pattern": [171, 47], "threshold": null}, {"pattern": [202, 196], "threshold": null}, {"pattern": [88], "threshold": null}, {"pattern": [74, 13], "threshold": null}, {"pattern": [54], "threshold": null}, {"pattern": [86], "threshold": null}, {"pattern": [169, 235], "threshold": null}, {"pattern": [65], "threshold": null}, {"pattern": [65, 221], "threshold": null}, {"pattern": [61, 134], "threshold": null}, {"pattern": [237], "threshold": null}, {"pattern": [212], "threshold": null}, {"pattern": [13], "threshold": null}, {"pattern": [103], "threshold": null}, {"pattern": [90, 211], "threshold": null}, {"pattern": [248, 52], "threshold": null}, {"pattern": [221, 134], "threshold": null}, {"pattern": [196], "threshold": null}, {"pattern": [190, 87], "threshold": null}, {"pattern": [88, 245], "threshold": null}, {"pattern": [196, 180], "threshold": null}, {"pattern": [158], "threshold": null}, {"pattern": [13, 86, 215], "threshold": null}, {"pattern": [212, 87], "threshold": null}, {"pattern": [82, 77], "threshold": null}, {"pattern": [230], "threshold": null}]}, {"config": {"code_name": "[CS CM CC][SSize MFit CAtom][GNone]", "population_size": 100, "evaluation_budget": 10000, "cluster_info_file_name": "C:\\Users\\gac8\\PycharmProjects\\PSSearch\\retail_forecasting_data_collection\\data\\cluster_info_250_random.pkl", "use_custom_sampling_operator": true, "use_custom_mutation_operator": true, "use_custom_crossover_operator": true, "use_custom_atomicity": true, "genome_threshold": null, "include_ps_len": false, "include_sample_quantity": true, "include_wasserstein_distance": false, "include_diff_median": false, "include_atomicity": true, "include_p_value": false, "include_mean_fitness": true, "include_variance": false}, "results": [{"pattern": [248, 245], "threshold": null}, {"pattern": [74, 158], "threshold": null}, {"pattern": [171, 188], "threshold": null}, {"pattern": [16, 63], "threshold": null}, {"pattern": [188, 55], "threshold": null}, {"pattern": [241, 202], "threshold": null}, {"pattern": [237], "threshold": null}, {"pattern": [235, 103], "threshold": null}, {"pattern": [158, 38], "threshold": null}, {"pattern": [90, 63], "threshold": null}, {"pattern": [87, 63], "threshold": null}, {"pattern": [158], "threshold": null}, {"pattern": [86, 246], "threshold": null}, {"pattern": [169, 212], "threshold": null}, {"pattern": [90, 27], "threshold": null}, {"pattern": [245, 215], "threshold": null}, {"pattern": [202, 162], "threshold": null}, {"pattern": [188], "threshold": null}, {"pattern": [80, 229], "threshold": null}, {"pattern": [119, 103], "threshold": null}, {"pattern": [83, 151], "threshold": null}, {"pattern": [34, 212], "threshold": null}, {"pattern": [88], "threshold": null}, {"pattern": [13], "threshold": null}, {"pattern": [217, 180], "threshold": null}, {"pattern": [38, 63], "threshold": null}, {"pattern": [132], "threshold": null}, {"pattern": [27, 103], "threshold": null}, {"pattern": [88, 248], "threshold": null}, {"pattern": [244, 215], "threshold": null}, {"pattern": [196, 86], "threshold": null}, {"pattern": [202, 188], "threshold": null}, {"pattern": [122, 205], "threshold": null}, {"pattern": [204, 158], "threshold": null}, {"pattern": [188, 38], "threshold": null}, {"pattern": [86], "threshold": null}, {"pattern": [217], "threshold": null}, {"pattern": [76, 29], "threshold": null}, {"pattern": [104, 142], "threshold": null}, {"pattern": [53, 158], "threshold": null}, {"pattern": [188, 93], "threshold": null}, {"pattern": [212], "threshold": null}, {"pattern": [196], "threshold": null}, {"pattern": [65], "threshold": null}, {"pattern": [103], "threshold": null}]}, {"config": {"code_name": "[CS CM CC][Len MFit CAtom][GNone]", "population_size": 100, "evaluation_budget": 10000, "cluster_info_file_name": "C:\\Users\\gac8\\PycharmProjects\\PSSearch\\retail_forecasting_data_collection\\data\\cluster_info_250_random.pkl", "use_custom_sampling_operator": true, "use_custom_mutation_operator": true, "use_custom_crossover_operator": true, "use_custom_atomicity": true, "genome_threshold": null, "include_ps_len": true, "include_sample_quantity": false, "include_wasserstein_distance": false, "include_diff_median": false, "include_atomicity": true, "include_p_value": false, "include_mean_fitness": true, "include_variance": false}, "results": [{"pattern": [17, 30], "threshold": null}, {"pattern": [232, 132], "threshold": null}, {"pattern": [88, 217], "threshold": null}, {"pattern": [196, 86, 63], "threshold": null}, {"pattern": [25, 63], "threshold": null}, {"pattern": [120], "threshold": null}, {"pattern": [38, 87], "threshold": null}, {"pattern": [196, 13, 63], "threshold": null}, {"pattern": [237, 63], "threshold": null}, {"pattern": [16, 183], "threshold": null}]}, {"config": {"code_name": "[CS CM CC][Len SSize CAtom][GNone]", "population_size": 100, "evaluation_budget": 10000, "cluster_info_file_name": "C:\\Users\\gac8\\PycharmProjects\\PSSearch\\retail_forecasting_data_collection\\data\\cluster_info_250_random.pkl", "use_custom_sampling_operator": true, "use_custom_mutation_operator": true, "use_custom_crossover_operator": true, "use_custom_atomicity": true, "genome_threshold": null, "include_ps_len": true, "include_sample_quantity": true, "include_wasserstein_distance": false, "include_diff_median": false, "include_atomicity": true, "include_p_value": false, "include_mean_fitness": false, "include_variance": false}, "results": [{"pattern": [146, 43], "threshold": null}, {"pattern": [212, 180], "threshold": null}, {"pattern": [184, 30], "threshold": null}, {"pattern": [188], "threshold": null}, {"pattern": [188, 116], "threshold": null}, {"pattern": [188, 245], "threshold": null}]}, {"config": {"code_name": "[CS CM CC][Len SSize MFit][GNone]", "population_size": 100, "evaluation_budget": 10000, "cluster_info_file_name": "C:\\Users\\gac8\\PycharmProjects\\PSSearch\\retail_forecasting_data_collection\\data\\cluster_info_250_random.pkl", "use_custom_sampling_operator": true, "use_custom_mutation_operator": true, "use_custom_crossover_operator": true, "use_custom_atomicity": true, "genome_threshold": null, "include_ps_len": true, "include_sample_quantity": true, "include_wasserstein_distance": false, "include_diff_median": false, "include_atomicity": false, "include_p_value": false, "include_mean_fitness": true, "include_variance": false}, "results": [{"pattern": [54], "threshold": null}, {"pattern": [212, 63], "threshold": null}, {"pattern": [212, 180], "threshold": null}, {"pattern": [120], "threshold": null}, {"pattern": [132], "threshold": null}, {"pattern": [103], "threshold": null}, {"pattern": [180, 134], "threshold": null}, {"pattern": [158], "threshold": null}, {"pattern": [245, 86], "threshold": null}, {"pattern": [13], "threshold": null}, {"pattern": [65], "threshold": null}, {"pattern": [212, 132], "threshold": null}, {"pattern": [88], "threshold": null}, {"pattern": [88, 158], "threshold": null}, {"pattern": [25], "threshold": null}, {"pattern": [27, 196], "threshold": null}, {"pattern": [188], "threshold": null}, {"pattern": [237], "threshold": null}, {"pattern": [45], "threshold": null}, {"pattern": [13, 103], "threshold": null}, {"pattern": [217], "threshold": null}, {"pattern": [196], "threshold": null}, {"pattern": [212], "threshold": null}, {"pattern": [93], "threshold": null}, {"pattern": [212, 116, 215], "threshold": null}, {"pattern": [230], "threshold": null}, {"pattern": [86], "threshold": null}, {"pattern": [25, 13], "threshold": null}]}, {"config": {"code_name": "[OS CM CC][Len SSize MFit CAtom][GNone]", "population_size": 100, "evaluation_budget": 10000, "cluster_info_file_name": "C:\\Users\\gac8\\PycharmProjects\\PSSearch\\retail_forecasting_data_collection\\data\\cluster_info_250_random.pkl", "use_custom_sampling_operator": false, "use_custom_mutation_operator": true, "use_custom_crossover_operator": true, "use_custom_atomicity": true, "genome_threshold": null, "include_ps_len": true, "include_sample_quantity": true, "include_wasserstein_distance": false, "include_diff_median": false, "include_atomicity": true, "include_p_value": false, "include_mean_fitness": true, "include_variance": false}, "results": [{"pattern": [188], "threshold": null}, {"pattern": [88, 63], "threshold": null}, {"pattern": [164, 86], "threshold": null}, {"pattern": [120], "threshold": null}, {"pattern": [16, 158], "threshold": null}, {"pattern": [45], "threshold": null}, {"pattern": [93], "threshold": null}, {"pattern": [25], "threshold": null}, {"pattern": [65, 86], "threshold": null}, {"pattern": [25, 202], "threshold": null}, {"pattern": [65, 212], "threshold": null}, {"pattern": [146, 43], "threshold": null}, {"pattern": [217, 103], "threshold": null}, {"pattern": [59, 151], "threshold": null}, {"pattern": [190, 134], "threshold": null}, {"pattern": [65, 245], "threshold": null}, {"pattern": [241, 167], "threshold": null}, {"pattern": [132], "threshold": null}, {"pattern": [27, 222], "threshold": null}, {"pattern": [132, 69], "threshold": null}, {"pattern": [217], "threshold": null}, {"pattern": [202, 244], "threshold": null}, {"pattern": [88], "threshold": null}, {"pattern": [132, 116], "threshold": null}, {"pattern": [54], "threshold": null}, {"pattern": [153, 196], "threshold": null}, {"pattern": [86], "threshold": null}, {"pattern": [65], "threshold": null}, {"pattern": [237], "threshold": null}, {"pattern": [211, 103], "threshold": null}, {"pattern": [212], "threshold": null}, {"pattern": [177, 196], "threshold": null}, {"pattern": [13], "threshold": null}, {"pattern": [177, 202], "threshold": null}, {"pattern": [103], "threshold": null}, {"pattern": [192, 43], "threshold": null}, {"pattern": [116, 158], "threshold": null}, {"pattern": [196], "threshold": null}, {"pattern": [86, 215], "threshold": null}, {"pattern": [56, 155], "threshold": null}, {"pattern": [158], "threshold": null}, {"pattern": [80, 229], "threshold": null}, {"pattern": [50, 158], "threshold": null}, {"pattern": [224, 180], "threshold": null}, {"pattern": [153, 100], "threshold": null}, {"pattern": [212, 86], "threshold": null}, {"pattern": [230], "threshold": null}]}, {"config": {"code_name": "[CS OM CC][Len SSize MFit CAtom][GNone]", "population_size": 100, "evaluation_budget": 10000, "cluster_info_file_name": "C:\\Users\\gac8\\PycharmProjects\\PSSearch\\retail_forecasting_data_collection\\data\\cluster_info_250_random.pkl", "use_custom_sampling_operator": true, "use_custom_mutation_operator": false, "use_custom_crossover_operator": true, "use_custom_atomicity": true, "genome_threshold": null, "include_ps_len": true, "include_sample_quantity": true, "include_wasserstein_distance": false, "include_diff_median": false, "include_atomicity": true, "include_p_value": false, "include_mean_fitness": true, "include_variance": false}, "results": [{"pattern": [134], "threshold": null}, {"pattern": [190, 103], "threshold": null}, {"pattern": [180, 181], "threshold": null}, {"pattern": [188], "threshold": null}, {"pattern": [88, 188], "threshold": null}, {"pattern": [196, 86], "threshold": null}, {"pattern": [202], "threshold": null}, {"pattern": [65, 25], "threshold": null}, {"pattern": [27, 103], "threshold": null}, {"pattern": [188, 196, 13, 86], "threshold": null}, {"pattern": [86, 212, 188, 134], "threshold": null}, {"pattern": [134, 103], "threshold": null}, {"pattern": [188, 196, 86], "threshold": null}, {"pattern": [88, 188, 13], "threshold": null}, {"pattern": [188, 215], "threshold": null}, {"pattern": [188, 134], "threshold": null}, {"pattern": [88, 188, 13, 103], "threshold": null}, {"pattern": [241, 188, 212, 180], "threshold": null}, {"pattern": [95], "threshold": null}, {"pattern": [134, 86], "threshold": null}, {"pattern": [180, 171, 212], "threshold": null}, {"pattern": [188, 13, 103], "threshold": null}, {"pattern": [241, 180], "threshold": null}, {"pattern": [24, 181], "threshold": null}, {"pattern": [158, 188, 86], "threshold": null}, {"pattern": [188, 13, 215], "threshold": null}, {"pattern": [202, 212, 158], "threshold": null}, {"pattern": [188, 86], "threshold": null}, {"pattern": [188, 103], "threshold": null}, {"pattern": [202, 196], "threshold": null}, {"pattern": [224, 167], "threshold": null}, {"pattern": [212, 13, 158], "threshold": null}, {"pattern": [88, 27], "threshold": null}, {"pattern": [224, 26], "threshold": null}, {"pattern": [164, 188, 215], "threshold": null}, {"pattern": [180, 212], "threshold": null}, {"pattern": [188, 196, 180, 86], "threshold": null}, {"pattern": [16, 180], "threshold": null}, {"pattern": [90, 103], "threshold": null}, {"pattern": [212, 158], "threshold": null}, {"pattern": [180, 86], "threshold": null}, {"pattern": [13], "threshold": null}, {"pattern": [188, 13, 134], "threshold": null}, {"pattern": [241, 212, 180], "threshold": null}, {"pattern": [116, 188, 197], "threshold": null}, {"pattern": [103], "threshold": null}, {"pattern": [184, 188, 221], "threshold": null}, {"pattern": [180, 212, 158], "threshold": null}, {"pattern": [180, 103], "threshold": null}, {"pattern": [88, 196, 188], "threshold": null}, {"pattern": [171, 212, 215], "threshold": null}, {"pattern": [116, 188], "threshold": null}, {"pattern": [196, 86, 215], "threshold": null}, {"pattern": [139, 188], "threshold": null}, {"pattern": [132, 103], "threshold": null}, {"pattern": [224, 202], "threshold": null}, {"pattern": [180, 167], "threshold": null}, {"pattern": [88, 13], "threshold": null}, {"pattern": [202, 91], "threshold": null}, {"pattern": [171, 212], "threshold": null}, {"pattern": [208, 188, 86], "threshold": null}, {"pattern": [196, 180, 86], "threshold": null}, {"pattern": [155, 134], "threshold": null}, {"pattern": [34, 180], "threshold": null}, {"pattern": [181, 103], "threshold": null}, {"pattern": [188, 134, 215], "threshold": null}, {"pattern": [132, 180, 212], "threshold": null}, {"pattern": [217, 134], "threshold": null}, {"pattern": [162, 202], "threshold": null}, {"pattern": [181], "threshold": null}, {"pattern": [132, 13], "threshold": null}, {"pattern": [188, 13], "threshold": null}, {"pattern": [180, 245], "threshold": null}]}, {"config": {"code_name": "[CS CM OC][Len SSize MFit CAtom][GNone]", "population_size": 100, "evaluation_budget": 10000, "cluster_info_file_name": "C:\\Users\\gac8\\PycharmProjects\\PSSearch\\retail_forecasting_data_collection\\data\\cluster_info_250_random.pkl", "use_custom_sampling_operator": true, "use_custom_mutation_operator": true, "use_custom_crossover_operator": false, "use_custom_atomicity": true, "genome_threshold": null, "include_ps_len": true, "include_sample_quantity": true, "include_wasserstein_distance": false, "include_diff_median": false, "include_atomicity": true, "include_p_value": false, "include_mean_fitness": true, "include_variance": false}, "results": [{"pattern": [162, 74], "threshold": null}, {"pattern": [188], "threshold": null}, {"pattern": [248, 86], "threshold": null}, {"pattern": [248, 190], "threshold": null}, {"pattern": [1, 215], "threshold": null}, {"pattern": [109, 38], "threshold": null}, {"pattern": [25], "threshold": null}, {"pattern": [45], "threshold": null}, {"pattern": [93], "threshold": null}, {"pattern": [204, 196], "threshold": null}, {"pattern": [56, 205], "threshold": null}, {"pattern": [120], "threshold": null}, {"pattern": [188, 215], "threshold": null}, {"pattern": [34, 190], "threshold": null}, {"pattern": [232, 105], "threshold": null}, {"pattern": [88, 90], "threshold": null}, {"pattern": [65, 61], "threshold": null}, {"pattern": [132], "threshold": null}, {"pattern": [27, 188], "threshold": null}, {"pattern": [182, 158], "threshold": null}, {"pattern": [155, 63], "threshold": null}, {"pattern": [95, 63], "threshold": null}, {"pattern": [16, 196], "threshold": null}, {"pattern": [217], "threshold": null}, {"pattern": [88, 177], "threshold": null}, {"pattern": [88], "threshold": null}, {"pattern": [209, 245], "threshold": null}, {"pattern": [54], "threshold": null}, {"pattern": [27, 157], "threshold": null}, {"pattern": [86], "threshold": null}, {"pattern": [56, 246], "threshold": null}, {"pattern": [162, 13], "threshold": null}, {"pattern": [65], "threshold": null}, {"pattern": [167, 63], "threshold": null}, {"pattern": [237], "threshold": null}, {"pattern": [212], "threshold": null}, {"pattern": [204, 86], "threshold": null}, {"pattern": [13], "threshold": null}, {"pattern": [103], "threshold": null}, {"pattern": [116, 87], "threshold": null}, {"pattern": [217, 158], "threshold": null}, {"pattern": [65, 202], "threshold": null}, {"pattern": [196], "threshold": null}, {"pattern": [241, 212], "threshold": null}, {"pattern": [88, 245], "threshold": null}, {"pattern": [25, 245], "threshold": null}, {"pattern": [155, 86], "threshold": null}, {"pattern": [91, 196], "threshold": null}, {"pattern": [158], "threshold": null}, {"pattern": [24, 101], "threshold": null}, {"pattern": [171, 212], "threshold": null}, {"pattern": [42, 63], "threshold": null}, {"pattern": [196, 167], "threshold": null}, {"pattern": [134, 55], "threshold": null}, {"pattern": [65, 190], "threshold": null}, {"pattern": [162, 196], "threshold": null}, {"pattern": [230], "threshold": null}, {"pattern": [65, 90], "threshold": null}, {"pattern": [24, 215], "threshold": null}]}]}