{"extra_info": {"version": "fallback_v1", "seed": 41}, "data": [{"config": {"code_name": "[CS CM CC][Len SSize MFit CAtom][GNone]", "population_size": 100, "evaluation_budget": 10000, "cluster_info_file_name": "C:\\Users\\gac8\\PycharmProjects\\PSSearch\\retail_forecasting_data_collection\\data\\cluster_info_250_random.pkl", "use_custom_sampling_operator": true, "use_custom_mutation_operator": true, "use_custom_crossover_operator": true, "use_custom_atomicity": true, "genome_threshold": null, "include_ps_len": true, "include_sample_quantity": true, "include_wasserstein_distance": false, "include_diff_median": false, "include_atomicity": true, "include_p_value": false, "include_mean_fitness": true, "include_variance": false}, "results": [{"pattern": [164, 134], "threshold": null}, {"pattern": [56, 246], "threshold": null}, {"pattern": [88], "threshold": null}, {"pattern": [188, 164], "threshold": null}, {"pattern": [19, 196], "threshold": null}, {"pattern": [91, 188], "threshold": null}, {"pattern": [18, 63], "threshold": null}, {"pattern": [90, 55], "threshold": null}, {"pattern": [120], "threshold": null}, {"pattern": [88, 188], "threshold": null}, {"pattern": [232, 30], "threshold": null}, {"pattern": [248, 202], "threshold": null}, {"pattern": [230], "threshold": null}, {"pattern": [221, 30], "threshold": null}, {"pattern": [158], "threshold": null}, {"pattern": [90, 215], "threshold": null}, {"pattern": [27, 103], "threshold": null}, {"pattern": [65], "threshold": null}, {"pattern": [50, 103], "threshold": null}, {"pattern": [24, 86], "threshold": null}, {"pattern": [212, 87], "threshold": null}, {"pattern": [45], "threshold": null}, {"pattern": [93], "threshold": null}, {"pattern": [54], "threshold": null}, {"pattern": [61, 158], "threshold": null}, {"pattern": [190, 87], "threshold": null}, {"pattern": [90, 188], "threshold": null}, {"pattern": [86], "threshold": null}, {"pattern": [180, 63], "threshold": null}, {"pattern": [25, 196], "threshold": null}, {"pattern": [202, 86], "threshold": null}, {"pattern": [13], "threshold": null}, {"pattern": [25], "threshold": null}, {"pattern": [212], "threshold": null}, {"pattern": [196, 180], "threshold": null}, {"pattern": [177, 188], "threshold": null}, {"pattern": [25, 103], "threshold": null}, {"pattern": [69, 71], "threshold": null}, {"pattern": [81, 212], "threshold": null}, {"pattern": [237], "threshold": null}, {"pattern": [193, 244], "threshold": null}, {"pattern": [34, 132], "threshold": null}, {"pattern": [188], "threshold": null}, {"pattern": [132, 103], "threshold": null}, {"pattern": [196, 164], "threshold": null}, {"pattern": [132], "threshold": null}, {"pattern": [88, 158], "threshold": null}, {"pattern": [77, 134], "threshold": null}, {"pattern": [25, 215], "threshold": null}, {"pattern": [103], "threshold": null}, {"pattern": [25, 90], "threshold": null}, {"pattern": [27, 158], "threshold": null}]}, {"config": {"code_name": "[CS CM CC][SSize MFit CAtom][GNone]", "population_size": 100, "evaluation_budget": 10000, "cluster_info_file_name": "C:\\Users\\gac8\\PycharmProjects\\PSSearch\\retail_forecasting_data_collection\\data\\cluster_info_250_random.pkl", "use_custom_sampling_operator": true, "use_custom_mutation_operator": true, "use_custom_crossover_operator": true, "use_custom_atomicity": true, "genome_threshold": null, "include_ps_len": false, "include_sample_quantity": true, "include_wasserstein_distance": false, "include_diff_median": false, "include_atomicity": true, "include_p_value": false, "include_mean_fitness": true, "include_variance": false}, "results": [{"pattern": [158, 134], "threshold": null}, {"pattern": [188], "threshold": null}, {"pattern": [188, 132], "threshold": null}, {"pattern": [34, 116], "threshold": null}, {"pattern": [237, 158], "threshold": null}, {"pattern": [13], "threshold": null}, {"pattern": [204, 116], "threshold": null}, {"pattern": [132], "threshold": null}, {"pattern": [51, 215], "threshold": null}, {"pattern": [202, 212, 215], "threshold": null}, {"pattern": [88, 158], "threshold": null}, {"pattern": [196, 237], "threshold": null}, {"pattern": [52, 215], "threshold": null}, {"pattern": [82, 109], "threshold": null}, {"pattern": [18, 63], "threshold": null}, {"pattern": [132, 86], "threshold": null}, {"pattern": [86], "threshold": null}, {"pattern": [88], "threshold": null}, {"pattern": [212], "threshold": null}, {"pattern": [34, 87, 63], "threshold": null}, {"pattern": [86, 167], "threshold": null}, {"pattern": [69, 63], "threshold": null}, {"pattern": [90, 55], "threshold": null}, {"pattern": [241, 180], "threshold": null}, {"pattern": [116, 197], "threshold": null}, {"pattern": [212, 13, 158], "threshold": null}, {"pattern": [65], "threshold": null}, {"pattern": [103], "threshold": null}, {"pattern": [202, 196], "threshold": null}, {"pattern": [88, 237], "threshold": null}, {"pattern": [212, 158], "threshold": null}, {"pattern": [155, 63], "threshold": null}, {"pattern": [50, 92], "threshold": null}, {"pattern": [235, 204], "threshold": null}, {"pattern": [212, 103], "threshold": null}, {"pattern": [226, 171], "threshold": null}, {"pattern": [74, 63], "threshold": null}, {"pattern": [237, 63], "threshold": null}, {"pattern": [17, 134], "threshold": null}, {"pattern": [221, 55], "threshold": null}, {"pattern": [66, 63], "threshold": null}]}, {"config": {"code_name": "[CS CM CC][Len MFit CAtom][GNone]", "population_size": 100, "evaluation_budget": 10000, "cluster_info_file_name": "C:\\Users\\gac8\\PycharmProjects\\PSSearch\\retail_forecasting_data_collection\\data\\cluster_info_250_random.pkl", "use_custom_sampling_operator": true, "use_custom_mutation_operator": true, "use_custom_crossover_operator": true, "use_custom_atomicity": true, "genome_threshold": null, "include_ps_len": true, "include_sample_quantity": false, "include_wasserstein_distance": false, "include_diff_median": false, "include_atomicity": true, "include_p_value": false, "include_mean_fitness": true, "include_variance": false}, "results": [{"pattern": [0, 1], "threshold": null}, {"pattern": [204, 237], "threshold": null}, {"pattern": [81, 235], "threshold": null}, {"pattern": [146, 239], "threshold": null}, {"pattern": [83, 151], "threshold": null}, {"pattern": [88, 134], "threshold": null}, {"pattern": [120], "threshold": null}, {"pattern": [93, 86], "threshold": null}, {"pattern": [211, 134], "threshold": null}, {"pattern": [172, 116], "threshold": null}, {"pattern": [49, 13], "threshold": null}, {"pattern": [137, 63], "threshold": null}, {"pattern": [155, 63], "threshold": null}]}, {"config": {"code_name": "[CS CM CC][Len SSize CAtom][GNone]", "population_size": 100, "evaluation_budget": 10000, "cluster_info_file_name": "C:\\Users\\gac8\\PycharmProjects\\PSSearch\\retail_forecasting_data_collection\\data\\cluster_info_250_random.pkl", "use_custom_sampling_operator": true, "use_custom_mutation_operator": true, "use_custom_crossover_operator": true, "use_custom_atomicity": true, "genome_threshold": null, "include_ps_len": true, "include_sample_quantity": true, "include_wasserstein_distance": false, "include_diff_median": false, "include_atomicity": true, "include_p_value": false, "include_mean_fitness": false, "include_variance": false}, "results": [{"pattern": [122, 205], "threshold": null}, {"pattern": [38, 87], "threshold": null}, {"pattern": [158, 215], "threshold": null}, {"pattern": [160, 188], "threshold": null}, {"pattern": [188], "threshold": null}, {"pattern": [134, 103], "threshold": null}, {"pattern": [212, 244], "threshold": null}, {"pattern": [232, 188], "threshold": null}, {"pattern": [4, 63], "threshold": null}]}, {"config": {"code_name": "[CS CM CC][Len SSize MFit][GNone]", "population_size": 100, "evaluation_budget": 10000, "cluster_info_file_name": "C:\\Users\\gac8\\PycharmProjects\\PSSearch\\retail_forecasting_data_collection\\data\\cluster_info_250_random.pkl", "use_custom_sampling_operator": true, "use_custom_mutation_operator": true, "use_custom_crossover_operator": true, "use_custom_atomicity": true, "genome_threshold": null, "include_ps_len": true, "include_sample_quantity": true, "include_wasserstein_distance": false, "include_diff_median": false, "include_atomicity": false, "include_p_value": false, "include_mean_fitness": true, "include_variance": false}, "results": [{"pattern": [230], "threshold": null}, {"pattern": [93], "threshold": null}, {"pattern": [25, 196], "threshold": null}, {"pattern": [65], "threshold": null}, {"pattern": [158], "threshold": null}, {"pattern": [224, 180], "threshold": null}, {"pattern": [103], "threshold": null}, {"pattern": [25], "threshold": null}, {"pattern": [196, 116], "threshold": null}, {"pattern": [45], "threshold": null}, {"pattern": [16, 202], "threshold": null}, {"pattern": [196, 173], "threshold": null}, {"pattern": [212], "threshold": null}, {"pattern": [182, 158], "threshold": null}, {"pattern": [132], "threshold": null}, {"pattern": [86, 47], "threshold": null}, {"pattern": [188], "threshold": null}, {"pattern": [88], "threshold": null}, {"pattern": [188, 86], "threshold": null}, {"pattern": [54], "threshold": null}, {"pattern": [188, 134], "threshold": null}, {"pattern": [116, 86], "threshold": null}, {"pattern": [16, 103], "threshold": null}, {"pattern": [25, 212], "threshold": null}, {"pattern": [120], "threshold": null}, {"pattern": [13], "threshold": null}, {"pattern": [86], "threshold": null}, {"pattern": [237], "threshold": null}, {"pattern": [211, 188], "threshold": null}]}, {"config": {"code_name": "[OS CM CC][Len SSize MFit CAtom][GNone]", "population_size": 100, "evaluation_budget": 10000, "cluster_info_file_name": "C:\\Users\\gac8\\PycharmProjects\\PSSearch\\retail_forecasting_data_collection\\data\\cluster_info_250_random.pkl", "use_custom_sampling_operator": false, "use_custom_mutation_operator": true, "use_custom_crossover_operator": true, "use_custom_atomicity": true, "genome_threshold": null, "include_ps_len": true, "include_sample_quantity": true, "include_wasserstein_distance": false, "include_diff_median": false, "include_atomicity": true, "include_p_value": false, "include_mean_fitness": true, "include_variance": false}, "results": [{"pattern": [155, 86], "threshold": null}, {"pattern": [90, 158], "threshold": null}, {"pattern": [164, 134], "threshold": null}, {"pattern": [211, 196], "threshold": null}, {"pattern": [88], "threshold": null}, {"pattern": [134, 95], "threshold": null}, {"pattern": [241, 63], "threshold": null}, {"pattern": [224, 132], "threshold": null}, {"pattern": [109, 87], "threshold": null}, {"pattern": [27, 171], "threshold": null}, {"pattern": [196, 132], "threshold": null}, {"pattern": [120], "threshold": null}, {"pattern": [49, 86], "threshold": null}, {"pattern": [180, 13, 215], "threshold": null}, {"pattern": [232, 30], "threshold": null}, {"pattern": [137, 212], "threshold": null}, {"pattern": [230], "threshold": null}, {"pattern": [33, 74], "threshold": null}, {"pattern": [186, 221], "threshold": null}, {"pattern": [158], "threshold": null}, {"pattern": [235, 212], "threshold": null}, {"pattern": [65], "threshold": null}, {"pattern": [45], "threshold": null}, {"pattern": [122, 188], "threshold": null}, {"pattern": [93], "threshold": null}, {"pattern": [54], "threshold": null}, {"pattern": [34, 87], "threshold": null}, {"pattern": [173, 158], "threshold": null}, {"pattern": [86], "threshold": null}, {"pattern": [134, 87], "threshold": null}, {"pattern": [217, 196], "threshold": null}, {"pattern": [50, 212], "threshold": null}, {"pattern": [13], "threshold": null}, {"pattern": [103, 87], "threshold": null}, {"pattern": [209, 188], "threshold": null}, {"pattern": [25], "threshold": null}, {"pattern": [212], "threshold": null}, {"pattern": [27, 196], "threshold": null}, {"pattern": [196, 157], "threshold": null}, {"pattern": [188, 55], "threshold": null}, {"pattern": [35, 68], "threshold": null}, {"pattern": [237], "threshold": null}, {"pattern": [64, 117], "threshold": null}, {"pattern": [86, 78], "threshold": null}, {"pattern": [37, 38], "threshold": null}, {"pattern": [74, 212], "threshold": null}, {"pattern": [224, 42], "threshold": null}, {"pattern": [65, 158], "threshold": null}, {"pattern": [188], "threshold": null}, {"pattern": [132], "threshold": null}, {"pattern": [1, 171], "threshold": null}, {"pattern": [132, 69], "threshold": null}, {"pattern": [16, 190], "threshold": null}, {"pattern": [103], "threshold": null}, {"pattern": [18, 63], "threshold": null}]}, {"config": {"code_name": "[CS OM CC][Len SSize MFit CAtom][GNone]", "population_size": 100, "evaluation_budget": 10000, "cluster_info_file_name": "C:\\Users\\gac8\\PycharmProjects\\PSSearch\\retail_forecasting_data_collection\\data\\cluster_info_250_random.pkl", "use_custom_sampling_operator": true, "use_custom_mutation_operator": false, "use_custom_crossover_operator": true, "use_custom_atomicity": true, "genome_threshold": null, "include_ps_len": true, "include_sample_quantity": true, "include_wasserstein_distance": false, "include_diff_median": false, "include_atomicity": true, "include_p_value": false, "include_mean_fitness": true, "include_variance": false}, "results": [{"pattern": [164, 63], "threshold": null}, {"pattern": [81, 215], "threshold": null}, {"pattern": [202, 221], "threshold": null}, {"pattern": [65, 202, 212, 86], "threshold": null}, {"pattern": [132, 27, 188, 13], "threshold": null}, {"pattern": [90, 215], "threshold": null}, {"pattern": [248, 63], "threshold": null}, {"pattern": [202, 188, 90], "threshold": null}, {"pattern": [13, 215], "threshold": null}, {"pattern": [56, 34], "threshold": null}, {"pattern": [241, 34], "threshold": null}, {"pattern": [13, 158], "threshold": null}, {"pattern": [162, 215], "threshold": null}, {"pattern": [202, 142], "threshold": null}, {"pattern": [237], "threshold": null}, {"pattern": [90, 212, 245], "threshold": null}, {"pattern": [202, 212, 86], "threshold": null}, {"pattern": [188, 86], "threshold": null}, {"pattern": [158, 63], "threshold": null}, {"pattern": [208, 141], "threshold": null}, {"pattern": [164], "threshold": null}, {"pattern": [34, 63], "threshold": null}, {"pattern": [132, 188, 13], "threshold": null}, {"pattern": [65, 132, 215], "threshold": null}, {"pattern": [171, 132, 215], "threshold": null}, {"pattern": [208, 171], "threshold": null}, {"pattern": [188, 245, 158], "threshold": null}, {"pattern": [63, 215], "threshold": null}, {"pattern": [63, 13, 215], "threshold": null}, {"pattern": [132, 202, 212, 13], "threshold": null}, {"pattern": [34], "threshold": null}, {"pattern": [49, 13], "threshold": null}, {"pattern": [34, 37], "threshold": null}, {"pattern": [202, 132, 13], "threshold": null}, {"pattern": [221, 53], "threshold": null}, {"pattern": [202, 53], "threshold": null}, {"pattern": [177, 202, 215], "threshold": null}, {"pattern": [53, 215], "threshold": null}, {"pattern": [160, 82], "threshold": null}, {"pattern": [202, 212, 13], "threshold": null}, {"pattern": [188, 165], "threshold": null}, {"pattern": [237, 13], "threshold": null}, {"pattern": [202, 215], "threshold": null}, {"pattern": [215], "threshold": null}, {"pattern": [202, 188], "threshold": null}, {"pattern": [208], "threshold": null}, {"pattern": [56, 237], "threshold": null}, {"pattern": [188, 103], "threshold": null}, {"pattern": [235, 212, 215], "threshold": null}, {"pattern": [164, 215], "threshold": null}, {"pattern": [202], "threshold": null}, {"pattern": [162, 74], "threshold": null}, {"pattern": [88, 63], "threshold": null}, {"pattern": [202, 13, 158], "threshold": null}, {"pattern": [204, 116], "threshold": null}, {"pattern": [202, 90, 221], "threshold": null}, {"pattern": [202, 132, 215], "threshold": null}, {"pattern": [180, 188, 103], "threshold": null}, {"pattern": [215, 188, 103], "threshold": null}, {"pattern": [202, 13, 215], "threshold": null}, {"pattern": [16, 25, 188], "threshold": null}, {"pattern": [132, 215], "threshold": null}, {"pattern": [188, 196, 164], "threshold": null}, {"pattern": [202, 212, 13, 86], "threshold": null}, {"pattern": [13, 38], "threshold": null}, {"pattern": [241, 63], "threshold": null}, {"pattern": [65, 202, 215], "threshold": null}, {"pattern": [235, 215], "threshold": null}, {"pattern": [202, 196, 221], "threshold": null}, {"pattern": [25, 188], "threshold": null}, {"pattern": [56, 63], "threshold": null}, {"pattern": [188, 204, 215], "threshold": null}, {"pattern": [61, 215], "threshold": null}, {"pattern": [202, 182], "threshold": null}, {"pattern": [74, 215], "threshold": null}, {"pattern": [13], "threshold": null}, {"pattern": [171, 188], "threshold": null}, {"pattern": [93, 215], "threshold": null}, {"pattern": [188], "threshold": null}, {"pattern": [196, 164], "threshold": null}]}, {"config": {"code_name": "[CS CM OC][Len SSize MFit CAtom][GNone]", "population_size": 100, "evaluation_budget": 10000, "cluster_info_file_name": "C:\\Users\\gac8\\PycharmProjects\\PSSearch\\retail_forecasting_data_collection\\data\\cluster_info_250_random.pkl", "use_custom_sampling_operator": true, "use_custom_mutation_operator": true, "use_custom_crossover_operator": false, "use_custom_atomicity": true, "genome_threshold": null, "include_ps_len": true, "include_sample_quantity": true, "include_wasserstein_distance": false, "include_diff_median": false, "include_atomicity": true, "include_p_value": false, "include_mean_fitness": true, "include_variance": false}, "results": [{"pattern": [81, 173], "threshold": null}, {"pattern": [16, 37], "threshold": null}, {"pattern": [88], "threshold": null}, {"pattern": [89, 132], "threshold": null}, {"pattern": [75, 13], "threshold": null}, {"pattern": [232, 25], "threshold": null}, {"pattern": [160, 82], "threshold": null}, {"pattern": [38, 119], "threshold": null}, {"pattern": [212, 188], "threshold": null}, {"pattern": [226, 131], "threshold": null}, {"pattern": [43, 101], "threshold": null}, {"pattern": [91, 188], "threshold": null}, {"pattern": [16, 134], "threshold": null}, {"pattern": [120], "threshold": null}, {"pattern": [180, 237], "threshold": null}, {"pattern": [162, 158], "threshold": null}, {"pattern": [81, 74], "threshold": null}, {"pattern": [202, 19], "threshold": null}, {"pattern": [232, 52], "threshold": null}, {"pattern": [230], "threshold": null}, {"pattern": [158], "threshold": null}, {"pattern": [211, 134], "threshold": null}, {"pattern": [56, 205], "threshold": null}, {"pattern": [212, 119], "threshold": null}, {"pattern": [205, 77], "threshold": null}, {"pattern": [65], "threshold": null}, {"pattern": [45], "threshold": null}, {"pattern": [93], "threshold": null}, {"pattern": [54], "threshold": null}, {"pattern": [237, 134], "threshold": null}, {"pattern": [241, 50], "threshold": null}, {"pattern": [86], "threshold": null}, {"pattern": [217, 116], "threshold": null}, {"pattern": [27, 13], "threshold": null}, {"pattern": [88, 27], "threshold": null}, {"pattern": [50, 196], "threshold": null}, {"pattern": [13], "threshold": null}, {"pattern": [221, 206], "threshold": null}, {"pattern": [25], "threshold": null}, {"pattern": [212], "threshold": null}, {"pattern": [180, 86], "threshold": null}, {"pattern": [18, 92], "threshold": null}, {"pattern": [65, 188, 86], "threshold": null}, {"pattern": [34, 76], "threshold": null}, {"pattern": [10, 82], "threshold": null}, {"pattern": [237], "threshold": null}, {"pattern": [204, 63], "threshold": null}, {"pattern": [188], "threshold": null}, {"pattern": [211, 212], "threshold": null}, {"pattern": [65, 237], "threshold": null}, {"pattern": [132], "threshold": null}, {"pattern": [162, 13], "threshold": null}, {"pattern": [103], "threshold": null}, {"pattern": [25, 90], "threshold": null}]}]}