{"extra_info": {"version": "fallback_v1", "seed": 53}, "data": [{"config": {"code_name": "[CS CM CC][Len SSize MFit CAtom][GNone]", "population_size": 100, "evaluation_budget": 10000, "cluster_info_file_name": "C:\\Users\\gac8\\PycharmProjects\\PSSearch\\retail_forecasting_data_collection\\data\\cluster_info_250_random.pkl", "use_custom_sampling_operator": true, "use_custom_mutation_operator": true, "use_custom_crossover_operator": true, "use_custom_atomicity": true, "genome_threshold": null, "include_ps_len": true, "include_sample_quantity": true, "include_wasserstein_distance": false, "include_diff_median": false, "include_atomicity": true, "include_p_value": false, "include_mean_fitness": true, "include_variance": false}, "results": [{"pattern": [120], "threshold": null}, {"pattern": [160, 245], "threshold": null}, {"pattern": [88], "threshold": null}, {"pattern": [158], "threshold": null}, {"pattern": [196, 132, 244], "threshold": null}, {"pattern": [90, 27], "threshold": null}, {"pattern": [132, 190], "threshold": null}, {"pattern": [205, 37], "threshold": null}, {"pattern": [25], "threshold": null}, {"pattern": [116, 134], "threshold": null}, {"pattern": [241, 245], "threshold": null}, {"pattern": [13], "threshold": null}, {"pattern": [190, 87], "threshold": null}, {"pattern": [86, 167], "threshold": null}, {"pattern": [65], "threshold": null}, {"pattern": [202, 162], "threshold": null}, {"pattern": [91, 47], "threshold": null}, {"pattern": [245, 103], "threshold": null}, {"pattern": [132], "threshold": null}, {"pattern": [196, 132], "threshold": null}, {"pattern": [230], "threshold": null}, {"pattern": [180, 132], "threshold": null}, {"pattern": [237], "threshold": null}, {"pattern": [77, 38], "threshold": null}, {"pattern": [248, 235], "threshold": null}, {"pattern": [188], "threshold": null}, {"pattern": [88, 158], "threshold": null}, {"pattern": [241, 180], "threshold": null}, {"pattern": [146, 195], "threshold": null}, {"pattern": [245, 134], "threshold": null}, {"pattern": [54], "threshold": null}, {"pattern": [139, 38], "threshold": null}, {"pattern": [190, 158], "threshold": null}, {"pattern": [122, 205], "threshold": null}, {"pattern": [103], "threshold": null}, {"pattern": [212], "threshold": null}, {"pattern": [157, 134], "threshold": null}, {"pattern": [232, 116], "threshold": null}, {"pattern": [181, 86], "threshold": null}, {"pattern": [212, 61], "threshold": null}, {"pattern": [86], "threshold": null}, {"pattern": [224, 188], "threshold": null}, {"pattern": [196], "threshold": null}, {"pattern": [184, 86], "threshold": null}, {"pattern": [195, 101], "threshold": null}, {"pattern": [1, 171], "threshold": null}, {"pattern": [212, 69], "threshold": null}, {"pattern": [88, 63], "threshold": null}, {"pattern": [160, 34], "threshold": null}, {"pattern": [45], "threshold": null}, {"pattern": [165, 47], "threshold": null}, {"pattern": [50, 245], "threshold": null}, {"pattern": [18, 158], "threshold": null}, {"pattern": [212, 116], "threshold": null}, {"pattern": [217], "threshold": null}, {"pattern": [81, 165], "threshold": null}, {"pattern": [212, 204], "threshold": null}]}, {"config": {"code_name": "[CS CM CC][SSize MFit CAtom][GNone]", "population_size": 100, "evaluation_budget": 10000, "cluster_info_file_name": "C:\\Users\\gac8\\PycharmProjects\\PSSearch\\retail_forecasting_data_collection\\data\\cluster_info_250_random.pkl", "use_custom_sampling_operator": true, "use_custom_mutation_operator": true, "use_custom_crossover_operator": true, "use_custom_atomicity": true, "genome_threshold": null, "include_ps_len": false, "include_sample_quantity": true, "include_wasserstein_distance": false, "include_diff_median": false, "include_atomicity": true, "include_p_value": false, "include_mean_fitness": true, "include_variance": false}, "results": [{"pattern": [93, 103], "threshold": null}, {"pattern": [202, 134], "threshold": null}, {"pattern": [188, 134], "threshold": null}, {"pattern": [202, 103], "threshold": null}, {"pattern": [27, 221], "threshold": null}, {"pattern": [224, 188], "threshold": null}, {"pattern": [19, 134], "threshold": null}, {"pattern": [232, 87], "threshold": null}, {"pattern": [180, 173], "threshold": null}, {"pattern": [248, 34], "threshold": null}, {"pattern": [217, 188, 134], "threshold": null}, {"pattern": [188], "threshold": null}, {"pattern": [88, 215], "threshold": null}, {"pattern": [139, 158], "threshold": null}, {"pattern": [25], "threshold": null}, {"pattern": [134, 38], "threshold": null}, {"pattern": [196, 173], "threshold": null}, {"pattern": [13], "threshold": null}, {"pattern": [132], "threshold": null}, {"pattern": [65, 158], "threshold": null}, {"pattern": [158], "threshold": null}, {"pattern": [103], "threshold": null}, {"pattern": [146, 239], "threshold": null}, {"pattern": [212], "threshold": null}, {"pattern": [211, 212], "threshold": null}, {"pattern": [103, 63], "threshold": null}, {"pattern": [217, 158], "threshold": null}, {"pattern": [35, 68], "threshold": null}, {"pattern": [25, 171], "threshold": null}, {"pattern": [90, 164], "threshold": null}, {"pattern": [88, 193], "threshold": null}, {"pattern": [86, 95], "threshold": null}, {"pattern": [193, 27], "threshold": null}, {"pattern": [180, 116], "threshold": null}, {"pattern": [27, 55], "threshold": null}, {"pattern": [88], "threshold": null}, {"pattern": [188, 127], "threshold": null}, {"pattern": [88, 13], "threshold": null}, {"pattern": [81, 235], "threshold": null}, {"pattern": [190, 63], "threshold": null}, {"pattern": [65], "threshold": null}, {"pattern": [188, 190], "threshold": null}, {"pattern": [86], "threshold": null}, {"pattern": [196], "threshold": null}, {"pattern": [50, 134], "threshold": null}]}, {"config": {"code_name": "[CS CM CC][Len MFit CAtom][GNone]", "population_size": 100, "evaluation_budget": 10000, "cluster_info_file_name": "C:\\Users\\gac8\\PycharmProjects\\PSSearch\\retail_forecasting_data_collection\\data\\cluster_info_250_random.pkl", "use_custom_sampling_operator": true, "use_custom_mutation_operator": true, "use_custom_crossover_operator": true, "use_custom_atomicity": true, "genome_threshold": null, "include_ps_len": true, "include_sample_quantity": false, "include_wasserstein_distance": false, "include_diff_median": false, "include_atomicity": true, "include_p_value": false, "include_mean_fitness": true, "include_variance": false}, "results": [{"pattern": [48, 222], "threshold": null}, {"pattern": [190, 103], "threshold": null}, {"pattern": [56, 237], "threshold": null}, {"pattern": [120], "threshold": null}, {"pattern": [61, 190], "threshold": null}, {"pattern": [105, 119], "threshold": null}, {"pattern": [232, 87], "threshold": null}, {"pattern": [34, 237], "threshold": null}]}, {"config": {"code_name": "[CS CM CC][Len SSize CAtom][GNone]", "population_size": 100, "evaluation_budget": 10000, "cluster_info_file_name": "C:\\Users\\gac8\\PycharmProjects\\PSSearch\\retail_forecasting_data_collection\\data\\cluster_info_250_random.pkl", "use_custom_sampling_operator": true, "use_custom_mutation_operator": true, "use_custom_crossover_operator": true, "use_custom_atomicity": true, "genome_threshold": null, "include_ps_len": true, "include_sample_quantity": true, "include_wasserstein_distance": false, "include_diff_median": false, "include_atomicity": true, "include_p_value": false, "include_mean_fitness": false, "include_variance": false}, "results": [{"pattern": [50, 151], "threshold": null}, {"pattern": [16, 151], "threshold": null}, {"pattern": [212, 158], "threshold": null}, {"pattern": [122, 11], "threshold": null}, {"pattern": [188, 215], "threshold": null}, {"pattern": [188], "threshold": null}, {"pattern": [220, 135], "threshold": null}, {"pattern": [101, 135], "threshold": null}, {"pattern": [205, 109], "threshold": null}]}, {"config": {"code_name": "[CS CM CC][Len SSize MFit][GNone]", "population_size": 100, "evaluation_budget": 10000, "cluster_info_file_name": "C:\\Users\\gac8\\PycharmProjects\\PSSearch\\retail_forecasting_data_collection\\data\\cluster_info_250_random.pkl", "use_custom_sampling_operator": true, "use_custom_mutation_operator": true, "use_custom_crossover_operator": true, "use_custom_atomicity": true, "genome_threshold": null, "include_ps_len": true, "include_sample_quantity": true, "include_wasserstein_distance": false, "include_diff_median": false, "include_atomicity": false, "include_p_value": false, "include_mean_fitness": true, "include_variance": false}, "results": [{"pattern": [158], "threshold": null}, {"pattern": [188, 134], "threshold": null}, {"pattern": [217], "threshold": null}, {"pattern": [188], "threshold": null}, {"pattern": [45], "threshold": null}, {"pattern": [103], "threshold": null}, {"pattern": [180, 86], "threshold": null}, {"pattern": [91, 13], "threshold": null}, {"pattern": [184, 212], "threshold": null}, {"pattern": [188, 86], "threshold": null}, {"pattern": [25], "threshold": null}, {"pattern": [120], "threshold": null}, {"pattern": [132], "threshold": null}, {"pattern": [196], "threshold": null}, {"pattern": [54], "threshold": null}, {"pattern": [230], "threshold": null}, {"pattern": [158, 63], "threshold": null}, {"pattern": [211, 63], "threshold": null}, {"pattern": [237], "threshold": null}, {"pattern": [13], "threshold": null}, {"pattern": [86], "threshold": null}, {"pattern": [196, 61], "threshold": null}, {"pattern": [65], "threshold": null}, {"pattern": [88], "threshold": null}, {"pattern": [25, 245], "threshold": null}, {"pattern": [212, 180], "threshold": null}, {"pattern": [212], "threshold": null}, {"pattern": [25, 132], "threshold": null}, {"pattern": [13, 215], "threshold": null}]}, {"config": {"code_name": "[OS CM CC][Len SSize MFit CAtom][GNone]", "population_size": 100, "evaluation_budget": 10000, "cluster_info_file_name": "C:\\Users\\gac8\\PycharmProjects\\PSSearch\\retail_forecasting_data_collection\\data\\cluster_info_250_random.pkl", "use_custom_sampling_operator": false, "use_custom_mutation_operator": true, "use_custom_crossover_operator": true, "use_custom_atomicity": true, "genome_threshold": null, "include_ps_len": true, "include_sample_quantity": true, "include_wasserstein_distance": false, "include_diff_median": false, "include_atomicity": true, "include_p_value": false, "include_mean_fitness": true, "include_variance": false}, "results": [{"pattern": [188, 92], "threshold": null}, {"pattern": [120], "threshold": null}, {"pattern": [88], "threshold": null}, {"pattern": [158], "threshold": null}, {"pattern": [204, 116], "threshold": null}, {"pattern": [235, 204], "threshold": null}, {"pattern": [245, 87], "threshold": null}, {"pattern": [132, 244], "threshold": null}, {"pattern": [25], "threshold": null}, {"pattern": [202, 19], "threshold": null}, {"pattern": [241, 245], "threshold": null}, {"pattern": [13], "threshold": null}, {"pattern": [88, 65], "threshold": null}, {"pattern": [217, 13], "threshold": null}, {"pattern": [65], "threshold": null}, {"pattern": [208, 158], "threshold": null}, {"pattern": [147, 38], "threshold": null}, {"pattern": [25, 196], "threshold": null}, {"pattern": [116, 13], "threshold": null}, {"pattern": [132], "threshold": null}, {"pattern": [139, 132], "threshold": null}, {"pattern": [188, 245], "threshold": null}, {"pattern": [230], "threshold": null}, {"pattern": [237], "threshold": null}, {"pattern": [74, 215], "threshold": null}, {"pattern": [212, 215], "threshold": null}, {"pattern": [193, 90], "threshold": null}, {"pattern": [212, 164], "threshold": null}, {"pattern": [86, 103], "threshold": null}, {"pattern": [80, 52], "threshold": null}, {"pattern": [188], "threshold": null}, {"pattern": [54], "threshold": null}, {"pattern": [205, 38], "threshold": null}, {"pattern": [212, 86], "threshold": null}, {"pattern": [103], "threshold": null}, {"pattern": [212], "threshold": null}, {"pattern": [184, 87], "threshold": null}, {"pattern": [86], "threshold": null}, {"pattern": [196], "threshold": null}, {"pattern": [24, 158], "threshold": null}, {"pattern": [248, 134], "threshold": null}, {"pattern": [248, 63], "threshold": null}, {"pattern": [90, 134], "threshold": null}, {"pattern": [137, 158], "threshold": null}, {"pattern": [232, 87], "threshold": null}, {"pattern": [155, 212], "threshold": null}, {"pattern": [196, 180], "threshold": null}, {"pattern": [66, 134], "threshold": null}, {"pattern": [16, 52], "threshold": null}, {"pattern": [45], "threshold": null}, {"pattern": [217, 103], "threshold": null}, {"pattern": [202, 53], "threshold": null}, {"pattern": [18, 158], "threshold": null}, {"pattern": [202, 90], "threshold": null}, {"pattern": [217], "threshold": null}, {"pattern": [184, 30], "threshold": null}]}, {"config": {"code_name": "[CS OM CC][Len SSize MFit CAtom][GNone]", "population_size": 100, "evaluation_budget": 10000, "cluster_info_file_name": "C:\\Users\\gac8\\PycharmProjects\\PSSearch\\retail_forecasting_data_collection\\data\\cluster_info_250_random.pkl", "use_custom_sampling_operator": true, "use_custom_mutation_operator": false, "use_custom_crossover_operator": true, "use_custom_atomicity": true, "genome_threshold": null, "include_ps_len": true, "include_sample_quantity": true, "include_wasserstein_distance": false, "include_diff_median": false, "include_atomicity": true, "include_p_value": false, "include_mean_fitness": true, "include_variance": false}, "results": [{"pattern": [139, 116], "threshold": null}, {"pattern": [90, 27], "threshold": null}, {"pattern": [202, 196, 215], "threshold": null}, {"pattern": [27], "threshold": null}, {"pattern": [177, 215], "threshold": null}, {"pattern": [132, 212, 86], "threshold": null}, {"pattern": [16, 116], "threshold": null}, {"pattern": [208, 86], "threshold": null}, {"pattern": [116, 37], "threshold": null}, {"pattern": [237], "threshold": null}, {"pattern": [50, 212], "threshold": null}, {"pattern": [241, 90], "threshold": null}, {"pattern": [196, 77], "threshold": null}, {"pattern": [241, 86], "threshold": null}, {"pattern": [177, 27], "threshold": null}, {"pattern": [196, 215], "threshold": null}, {"pattern": [241, 212, 86], "threshold": null}, {"pattern": [27, 103], "threshold": null}, {"pattern": [196, 86], "threshold": null}, {"pattern": [54], "threshold": null}, {"pattern": [172, 116], "threshold": null}, {"pattern": [241], "threshold": null}, {"pattern": [53, 86], "threshold": null}, {"pattern": [90, 76], "threshold": null}, {"pattern": [196, 237], "threshold": null}, {"pattern": [196, 245], "threshold": null}, {"pattern": [212, 86], "threshold": null}, {"pattern": [27, 196], "threshold": null}, {"pattern": [116, 212, 86], "threshold": null}, {"pattern": [177, 53], "threshold": null}, {"pattern": [90, 77], "threshold": null}, {"pattern": [91, 27], "threshold": null}, {"pattern": [86], "threshold": null}, {"pattern": [212, 13, 86], "threshold": null}, {"pattern": [196], "threshold": null}, {"pattern": [177, 25], "threshold": null}, {"pattern": [155, 86], "threshold": null}, {"pattern": [116, 53], "threshold": null}, {"pattern": [122, 11], "threshold": null}, {"pattern": [137, 158], "threshold": null}, {"pattern": [196, 93], "threshold": null}, {"pattern": [212, 69], "threshold": null}, {"pattern": [27, 132], "threshold": null}, {"pattern": [164], "threshold": null}, {"pattern": [177, 86], "threshold": null}, {"pattern": [224, 158], "threshold": null}, {"pattern": [204, 86], "threshold": null}, {"pattern": [249, 43], "threshold": null}, {"pattern": [224, 196], "threshold": null}, {"pattern": [27, 196, 13], "threshold": null}, {"pattern": [50, 212, 158], "threshold": null}]}, {"config": {"code_name": "[CS CM OC][Len SSize MFit CAtom][GNone]", "population_size": 100, "evaluation_budget": 10000, "cluster_info_file_name": "C:\\Users\\gac8\\PycharmProjects\\PSSearch\\retail_forecasting_data_collection\\data\\cluster_info_250_random.pkl", "use_custom_sampling_operator": true, "use_custom_mutation_operator": true, "use_custom_crossover_operator": false, "use_custom_atomicity": true, "genome_threshold": null, "include_ps_len": true, "include_sample_quantity": true, "include_wasserstein_distance": false, "include_diff_median": false, "include_atomicity": true, "include_p_value": false, "include_mean_fitness": true, "include_variance": false}, "results": [{"pattern": [120], "threshold": null}, {"pattern": [171, 86], "threshold": null}, {"pattern": [160, 245], "threshold": null}, {"pattern": [158], "threshold": null}, {"pattern": [88], "threshold": null}, {"pattern": [90, 27], "threshold": null}, {"pattern": [119, 87], "threshold": null}, {"pattern": [245, 87], "threshold": null}, {"pattern": [90, 55], "threshold": null}, {"pattern": [25], "threshold": null}, {"pattern": [13], "threshold": null}, {"pattern": [65], "threshold": null}, {"pattern": [188, 134], "threshold": null}, {"pattern": [16, 116], "threshold": null}, {"pattern": [116, 87], "threshold": null}, {"pattern": [132], "threshold": null}, {"pattern": [230], "threshold": null}, {"pattern": [237], "threshold": null}, {"pattern": [180, 63], "threshold": null}, {"pattern": [158, 134], "threshold": null}, {"pattern": [88, 212], "threshold": null}, {"pattern": [196, 215], "threshold": null}, {"pattern": [188], "threshold": null}, {"pattern": [16, 13], "threshold": null}, {"pattern": [56, 38], "threshold": null}, {"pattern": [54], "threshold": null}, {"pattern": [232, 139], "threshold": null}, {"pattern": [103], "threshold": null}, {"pattern": [25, 134], "threshold": null}, {"pattern": [212], "threshold": null}, {"pattern": [86], "threshold": null}, {"pattern": [196], "threshold": null}, {"pattern": [26, 196], "threshold": null}, {"pattern": [88, 27], "threshold": null}, {"pattern": [196, 63], "threshold": null}, {"pattern": [45], "threshold": null}, {"pattern": [88, 188], "threshold": null}, {"pattern": [232, 119], "threshold": null}, {"pattern": [215, 55], "threshold": null}, {"pattern": [184, 221], "threshold": null}, {"pattern": [81, 235], "threshold": null}, {"pattern": [34, 237], "threshold": null}, {"pattern": [217], "threshold": null}, {"pattern": [180, 215], "threshold": null}, {"pattern": [221, 55], "threshold": null}, {"pattern": [56, 86], "threshold": null}]}]}