{"extra_info": {"version": "fallback_v1", "seed": 51}, "data": [{"config": {"code_name": "[CS CM CC][Len SSize MFit CAtom][GNone]", "population_size": 100, "evaluation_budget": 10000, "cluster_info_file_name": "C:\\Users\\gac8\\PycharmProjects\\PSSearch\\retail_forecasting_data_collection\\data\\cluster_info_250_random.pkl", "use_custom_sampling_operator": true, "use_custom_mutation_operator": true, "use_custom_crossover_operator": true, "use_custom_atomicity": true, "genome_threshold": null, "include_ps_len": true, "include_sample_quantity": true, "include_wasserstein_distance": false, "include_diff_median": false, "include_atomicity": true, "include_p_value": false, "include_mean_fitness": true, "include_variance": false}, "results": [{"pattern": [13], "threshold": null}, {"pattern": [134, 86], "threshold": null}, {"pattern": [241, 90], "threshold": null}, {"pattern": [196, 180], "threshold": null}, {"pattern": [235, 204], "threshold": null}, {"pattern": [120], "threshold": null}, {"pattern": [25], "threshold": null}, {"pattern": [248, 158], "threshold": null}, {"pattern": [163, 173], "threshold": null}, {"pattern": [11, 119], "threshold": null}, {"pattern": [80, 229], "threshold": null}, {"pattern": [86], "threshold": null}, {"pattern": [65, 196], "threshold": null}, {"pattern": [18, 116], "threshold": null}, {"pattern": [196, 93], "threshold": null}, {"pattern": [245, 190], "threshold": null}, {"pattern": [132], "threshold": null}, {"pattern": [217, 13], "threshold": null}, {"pattern": [248, 190], "threshold": null}, {"pattern": [188, 103], "threshold": null}, {"pattern": [83, 151], "threshold": null}, {"pattern": [76, 190], "threshold": null}, {"pattern": [211, 132], "threshold": null}, {"pattern": [54], "threshold": null}, {"pattern": [188], "threshold": null}, {"pattern": [212, 13], "threshold": null}, {"pattern": [158], "threshold": null}, {"pattern": [202, 158], "threshold": null}, {"pattern": [248, 76], "threshold": null}, {"pattern": [24, 27], "threshold": null}, {"pattern": [16, 167], "threshold": null}, {"pattern": [109, 87], "threshold": null}, {"pattern": [132, 86], "threshold": null}, {"pattern": [212], "threshold": null}, {"pattern": [232, 158], "threshold": null}, {"pattern": [132, 103], "threshold": null}, {"pattern": [241, 158], "threshold": null}, {"pattern": [196], "threshold": null}, {"pattern": [88], "threshold": null}, {"pattern": [237], "threshold": null}, {"pattern": [65], "threshold": null}, {"pattern": [45], "threshold": null}, {"pattern": [64, 117], "threshold": null}, {"pattern": [90, 63], "threshold": null}, {"pattern": [103], "threshold": null}]}, {"config": {"code_name": "[CS CM CC][SSize MFit CAtom][GNone]", "population_size": 100, "evaluation_budget": 10000, "cluster_info_file_name": "C:\\Users\\gac8\\PycharmProjects\\PSSearch\\retail_forecasting_data_collection\\data\\cluster_info_250_random.pkl", "use_custom_sampling_operator": true, "use_custom_mutation_operator": true, "use_custom_crossover_operator": true, "use_custom_atomicity": true, "genome_threshold": null, "include_ps_len": false, "include_sample_quantity": true, "include_wasserstein_distance": false, "include_diff_median": false, "include_atomicity": true, "include_p_value": false, "include_mean_fitness": true, "include_variance": false}, "results": [{"pattern": [56, 63], "threshold": null}, {"pattern": [184, 132], "threshold": null}, {"pattern": [43, 149], "threshold": null}, {"pattern": [86], "threshold": null}, {"pattern": [16, 197], "threshold": null}, {"pattern": [24, 101], "threshold": null}, {"pattern": [245, 215], "threshold": null}, {"pattern": [201, 101], "threshold": null}, {"pattern": [179, 71], "threshold": null}, {"pattern": [88], "threshold": null}, {"pattern": [212, 190], "threshold": null}, {"pattern": [61, 134], "threshold": null}, {"pattern": [237], "threshold": null}, {"pattern": [76, 61], "threshold": null}, {"pattern": [65], "threshold": null}, {"pattern": [232, 158], "threshold": null}, {"pattern": [235, 55], "threshold": null}, {"pattern": [25, 86], "threshold": null}, {"pattern": [137, 63], "threshold": null}, {"pattern": [53, 103], "threshold": null}, {"pattern": [13], "threshold": null}, {"pattern": [196], "threshold": null}, {"pattern": [212, 158], "threshold": null}, {"pattern": [147, 77], "threshold": null}, {"pattern": [212], "threshold": null}, {"pattern": [192, 101], "threshold": null}, {"pattern": [171, 215], "threshold": null}, {"pattern": [202, 196], "threshold": null}, {"pattern": [177, 90], "threshold": null}, {"pattern": [212, 13], "threshold": null}, {"pattern": [241, 34], "threshold": null}, {"pattern": [56, 155], "threshold": null}, {"pattern": [26, 215], "threshold": null}, {"pattern": [103], "threshold": null}, {"pattern": [248, 151], "threshold": null}, {"pattern": [90, 146], "threshold": null}, {"pattern": [195, 13], "threshold": null}, {"pattern": [132, 190], "threshold": null}, {"pattern": [116, 158], "threshold": null}, {"pattern": [248, 34], "threshold": null}, {"pattern": [82, 37], "threshold": null}, {"pattern": [132], "threshold": null}, {"pattern": [188], "threshold": null}, {"pattern": [158], "threshold": null}, {"pattern": [204, 86], "threshold": null}, {"pattern": [188, 13, 158], "threshold": null}, {"pattern": [132, 181], "threshold": null}, {"pattern": [71, 47], "threshold": null}]}, {"config": {"code_name": "[CS CM CC][Len MFit CAtom][GNone]", "population_size": 100, "evaluation_budget": 10000, "cluster_info_file_name": "C:\\Users\\gac8\\PycharmProjects\\PSSearch\\retail_forecasting_data_collection\\data\\cluster_info_250_random.pkl", "use_custom_sampling_operator": true, "use_custom_mutation_operator": true, "use_custom_crossover_operator": true, "use_custom_atomicity": true, "genome_threshold": null, "include_ps_len": true, "include_sample_quantity": false, "include_wasserstein_distance": false, "include_diff_median": false, "include_atomicity": true, "include_p_value": false, "include_mean_fitness": true, "include_variance": false}, "results": [{"pattern": [249, 195], "threshold": null}, {"pattern": [80, 52], "threshold": null}, {"pattern": [241, 171, 212], "threshold": null}, {"pattern": [120], "threshold": null}, {"pattern": [49, 13], "threshold": null}, {"pattern": [218, 51], "threshold": null}, {"pattern": [35, 52], "threshold": null}, {"pattern": [190, 134], "threshold": null}, {"pattern": [132, 93], "threshold": null}, {"pattern": [38, 63], "threshold": null}, {"pattern": [235, 103], "threshold": null}, {"pattern": [211, 103], "threshold": null}, {"pattern": [184, 221], "threshold": null}, {"pattern": [37, 38], "threshold": null}, {"pattern": [202, 235], "threshold": null}, {"pattern": [155, 86], "threshold": null}, {"pattern": [196, 93], "threshold": null}]}, {"config": {"code_name": "[CS CM CC][Len SSize CAtom][GNone]", "population_size": 100, "evaluation_budget": 10000, "cluster_info_file_name": "C:\\Users\\gac8\\PycharmProjects\\PSSearch\\retail_forecasting_data_collection\\data\\cluster_info_250_random.pkl", "use_custom_sampling_operator": true, "use_custom_mutation_operator": true, "use_custom_crossover_operator": true, "use_custom_atomicity": true, "genome_threshold": null, "include_ps_len": true, "include_sample_quantity": true, "include_wasserstein_distance": false, "include_diff_median": false, "include_atomicity": true, "include_p_value": false, "include_mean_fitness": false, "include_variance": false}, "results": [{"pattern": [132, 103], "threshold": null}, {"pattern": [177, 212], "threshold": null}, {"pattern": [16, 116], "threshold": null}, {"pattern": [188], "threshold": null}, {"pattern": [171, 188], "threshold": null}, {"pattern": [249, 146, 195], "threshold": null}, {"pattern": [212, 103], "threshold": null}, {"pattern": [65, 188], "threshold": null}, {"pattern": [4, 63], "threshold": null}]}, {"config": {"code_name": "[CS CM CC][Len SSize MFit][GNone]", "population_size": 100, "evaluation_budget": 10000, "cluster_info_file_name": "C:\\Users\\gac8\\PycharmProjects\\PSSearch\\retail_forecasting_data_collection\\data\\cluster_info_250_random.pkl", "use_custom_sampling_operator": true, "use_custom_mutation_operator": true, "use_custom_crossover_operator": true, "use_custom_atomicity": true, "genome_threshold": null, "include_ps_len": true, "include_sample_quantity": true, "include_wasserstein_distance": false, "include_diff_median": false, "include_atomicity": false, "include_p_value": false, "include_mean_fitness": true, "include_variance": false}, "results": [{"pattern": [45], "threshold": null}, {"pattern": [13], "threshold": null}, {"pattern": [132, 103], "threshold": null}, {"pattern": [188, 132], "threshold": null}, {"pattern": [88, 217], "threshold": null}, {"pattern": [27, 188, 215], "threshold": null}, {"pattern": [86], "threshold": null}, {"pattern": [120], "threshold": null}, {"pattern": [65], "threshold": null}, {"pattern": [25], "threshold": null}, {"pattern": [86, 103], "threshold": null}, {"pattern": [103], "threshold": null}, {"pattern": [188], "threshold": null}, {"pattern": [132, 237], "threshold": null}, {"pattern": [158], "threshold": null}, {"pattern": [65, 188, 61], "threshold": null}, {"pattern": [54], "threshold": null}, {"pattern": [212], "threshold": null}, {"pattern": [25, 188], "threshold": null}, {"pattern": [237], "threshold": null}, {"pattern": [34, 196], "threshold": null}, {"pattern": [132], "threshold": null}, {"pattern": [196], "threshold": null}, {"pattern": [158, 134], "threshold": null}, {"pattern": [88], "threshold": null}, {"pattern": [248, 158], "threshold": null}]}, {"config": {"code_name": "[OS CM CC][Len SSize MFit CAtom][GNone]", "population_size": 100, "evaluation_budget": 10000, "cluster_info_file_name": "C:\\Users\\gac8\\PycharmProjects\\PSSearch\\retail_forecasting_data_collection\\data\\cluster_info_250_random.pkl", "use_custom_sampling_operator": false, "use_custom_mutation_operator": true, "use_custom_crossover_operator": true, "use_custom_atomicity": true, "genome_threshold": null, "include_ps_len": true, "include_sample_quantity": true, "include_wasserstein_distance": false, "include_diff_median": false, "include_atomicity": true, "include_p_value": false, "include_mean_fitness": true, "include_variance": false}, "results": [{"pattern": [13], "threshold": null}, {"pattern": [42, 151], "threshold": null}, {"pattern": [103, 55], "threshold": null}, {"pattern": [120], "threshold": null}, {"pattern": [37, 182], "threshold": null}, {"pattern": [25, 177], "threshold": null}, {"pattern": [235, 134], "threshold": null}, {"pattern": [160, 245], "threshold": null}, {"pattern": [25], "threshold": null}, {"pattern": [86], "threshold": null}, {"pattern": [180, 63], "threshold": null}, {"pattern": [235, 119], "threshold": null}, {"pattern": [196, 29], "threshold": null}, {"pattern": [177, 53], "threshold": null}, {"pattern": [218, 51], "threshold": null}, {"pattern": [212, 237], "threshold": null}, {"pattern": [33, 75], "threshold": null}, {"pattern": [241, 164], "threshold": null}, {"pattern": [27, 13], "threshold": null}, {"pattern": [132], "threshold": null}, {"pattern": [54], "threshold": null}, {"pattern": [11, 205], "threshold": null}, {"pattern": [188], "threshold": null}, {"pattern": [158], "threshold": null}, {"pattern": [169, 215], "threshold": null}, {"pattern": [139, 165], "threshold": null}, {"pattern": [212], "threshold": null}, {"pattern": [237], "threshold": null}, {"pattern": [169, 235], "threshold": null}, {"pattern": [248, 188], "threshold": null}, {"pattern": [88], "threshold": null}, {"pattern": [241, 212], "threshold": null}, {"pattern": [221, 103], "threshold": null}, {"pattern": [16, 248], "threshold": null}, {"pattern": [235, 132], "threshold": null}, {"pattern": [65], "threshold": null}, {"pattern": [208, 158], "threshold": null}, {"pattern": [45], "threshold": null}, {"pattern": [196], "threshold": null}, {"pattern": [103], "threshold": null}]}, {"config": {"code_name": "[CS OM CC][Len SSize MFit CAtom][GNone]", "population_size": 100, "evaluation_budget": 10000, "cluster_info_file_name": "C:\\Users\\gac8\\PycharmProjects\\PSSearch\\retail_forecasting_data_collection\\data\\cluster_info_250_random.pkl", "use_custom_sampling_operator": true, "use_custom_mutation_operator": false, "use_custom_crossover_operator": true, "use_custom_atomicity": true, "genome_threshold": null, "include_ps_len": true, "include_sample_quantity": true, "include_wasserstein_distance": false, "include_diff_median": false, "include_atomicity": true, "include_p_value": false, "include_mean_fitness": true, "include_variance": false}, "results": [{"pattern": [248, 90], "threshold": null}, {"pattern": [65, 212, 13, 215], "threshold": null}, {"pattern": [146, 86], "threshold": null}, {"pattern": [217, 86], "threshold": null}, {"pattern": [65, 212, 63], "threshold": null}, {"pattern": [104, 47], "threshold": null}, {"pattern": [65, 196, 212, 86, 188], "threshold": null}, {"pattern": [65, 90, 212, 86], "threshold": null}, {"pattern": [180, 188], "threshold": null}, {"pattern": [217], "threshold": null}, {"pattern": [65, 188, 212, 86], "threshold": null}, {"pattern": [91, 196], "threshold": null}, {"pattern": [86], "threshold": null}, {"pattern": [65, 212, 13], "threshold": null}, {"pattern": [153, 196], "threshold": null}, {"pattern": [65, 212, 86], "threshold": null}, {"pattern": [19, 171], "threshold": null}, {"pattern": [65, 196], "threshold": null}, {"pattern": [188, 205], "threshold": null}, {"pattern": [237, 86], "threshold": null}, {"pattern": [155, 86], "threshold": null}, {"pattern": [16, 232], "threshold": null}, {"pattern": [11, 77], "threshold": null}, {"pattern": [66, 116], "threshold": null}, {"pattern": [177, 196], "threshold": null}, {"pattern": [65, 212], "threshold": null}, {"pattern": [65, 212, 167], "threshold": null}, {"pattern": [16, 182], "threshold": null}, {"pattern": [89, 196], "threshold": null}, {"pattern": [202, 47], "threshold": null}, {"pattern": [65, 212, 221, 215], "threshold": null}, {"pattern": [212, 181], "threshold": null}, {"pattern": [66, 188], "threshold": null}, {"pattern": [105, 188, 205], "threshold": null}, {"pattern": [65, 212, 221], "threshold": null}, {"pattern": [65, 212, 13, 86], "threshold": null}, {"pattern": [232, 212], "threshold": null}, {"pattern": [217, 134], "threshold": null}, {"pattern": [188, 202, 171, 196], "threshold": null}, {"pattern": [188, 173], "threshold": null}, {"pattern": [196, 237], "threshold": null}, {"pattern": [193, 86], "threshold": null}, {"pattern": [19, 158], "threshold": null}, {"pattern": [188, 182, 215], "threshold": null}, {"pattern": [65, 134], "threshold": null}, {"pattern": [202, 171], "threshold": null}, {"pattern": [65, 212, 134], "threshold": null}, {"pattern": [171, 134], "threshold": null}, {"pattern": [188], "threshold": null}, {"pattern": [202, 171, 196], "threshold": null}, {"pattern": [153, 100], "threshold": null}, {"pattern": [158], "threshold": null}, {"pattern": [208, 171], "threshold": null}, {"pattern": [65, 188, 212], "threshold": null}, {"pattern": [53, 86], "threshold": null}, {"pattern": [181], "threshold": null}, {"pattern": [65, 180, 212, 13], "threshold": null}, {"pattern": [65, 196, 212, 86], "threshold": null}, {"pattern": [65, 90, 212, 215], "threshold": null}, {"pattern": [65, 202], "threshold": null}, {"pattern": [65, 90, 212, 13], "threshold": null}, {"pattern": [65, 90, 212], "threshold": null}, {"pattern": [196], "threshold": null}, {"pattern": [16, 52], "threshold": null}, {"pattern": [181, 158], "threshold": null}, {"pattern": [16, 87], "threshold": null}, {"pattern": [65], "threshold": null}, {"pattern": [171, 196], "threshold": null}, {"pattern": [65, 13, 86], "threshold": null}, {"pattern": [188, 92], "threshold": null}, {"pattern": [65, 212, 86, 171, 188], "threshold": null}]}, {"config": {"code_name": "[CS CM OC][Len SSize MFit CAtom][GNone]", "population_size": 100, "evaluation_budget": 10000, "cluster_info_file_name": "C:\\Users\\gac8\\PycharmProjects\\PSSearch\\retail_forecasting_data_collection\\data\\cluster_info_250_random.pkl", "use_custom_sampling_operator": true, "use_custom_mutation_operator": true, "use_custom_crossover_operator": false, "use_custom_atomicity": true, "genome_threshold": null, "include_ps_len": true, "include_sample_quantity": true, "include_wasserstein_distance": false, "include_diff_median": false, "include_atomicity": true, "include_p_value": false, "include_mean_fitness": true, "include_variance": false}, "results": [{"pattern": [88, 90], "threshold": null}, {"pattern": [13], "threshold": null}, {"pattern": [103], "threshold": null}, {"pattern": [155, 134], "threshold": null}, {"pattern": [120], "threshold": null}, {"pattern": [101, 149], "threshold": null}, {"pattern": [90, 235], "threshold": null}, {"pattern": [25], "threshold": null}, {"pattern": [86], "threshold": null}, {"pattern": [45], "threshold": null}, {"pattern": [177, 188], "threshold": null}, {"pattern": [25, 13], "threshold": null}, {"pattern": [25, 116], "threshold": null}, {"pattern": [212, 181], "threshold": null}, {"pattern": [182, 158], "threshold": null}, {"pattern": [188, 215], "threshold": null}, {"pattern": [132, 181], "threshold": null}, {"pattern": [232, 109], "threshold": null}, {"pattern": [132], "threshold": null}, {"pattern": [196, 188, 215], "threshold": null}, {"pattern": [188, 103], "threshold": null}, {"pattern": [76, 190], "threshold": null}, {"pattern": [205, 77], "threshold": null}, {"pattern": [245, 215], "threshold": null}, {"pattern": [54], "threshold": null}, {"pattern": [132, 55], "threshold": null}, {"pattern": [188], "threshold": null}, {"pattern": [86, 215], "threshold": null}, {"pattern": [158], "threshold": null}, {"pattern": [193, 215], "threshold": null}, {"pattern": [16, 204], "threshold": null}, {"pattern": [16, 167], "threshold": null}, {"pattern": [34, 4], "threshold": null}, {"pattern": [16, 157], "threshold": null}, {"pattern": [212], "threshold": null}, {"pattern": [202, 235], "threshold": null}, {"pattern": [237], "threshold": null}, {"pattern": [132, 63], "threshold": null}, {"pattern": [29, 13], "threshold": null}, {"pattern": [88], "threshold": null}, {"pattern": [235, 132], "threshold": null}, {"pattern": [65], "threshold": null}, {"pattern": [177, 244], "threshold": null}, {"pattern": [196], "threshold": null}, {"pattern": [212, 182, 215], "threshold": null}]}]}